WKT,Name,OBJECTID,UKATEGORIE,UTYP1,UART,UMONAT,USTUNDE,UWOCHENTAG,STRZUSTAND,ULICHTVERH,ISTRAD,ISTPKW,ISTFUSS,ISTKRAD,ISTGKFZ,ISTSONSTIG
"POINT (10.928983531000000 48.378541757999997)",Unfall 60696 (2016) Kat:3, Licht: 2,60696,3,1,9,01,23,7,,2,0,1,0,0,0,0
"POINT (10.907456184999999 48.337369142999997)",Unfall 61025 (2016) Kat:3, Licht: 0,61025,3,1,0,01,16,4,,0,1,0,0,0,0,0
"POINT (10.848627655000000 48.374463755000001)",Unfall 61063 (2016) Kat:3, Licht: 0,61063,3,6,1,01,11,5,,0,0,1,0,0,0,1
"POINT (10.914332341000000 48.375048208999999)",Unfall 61083 (2016) Kat:3, Licht: 0,61083,3,3,2,01,10,3,,0,0,1,0,0,0,0
"POINT (10.954424449999999 48.344327657000001)",Unfall 61125 (2016) Kat:3, Licht: 0,61125,3,2,2,01,12,5,,0,0,1,0,0,0,0
"POINT (10.910717958999999 48.357482189999999)",Unfall 61172 (2016) Kat:3, Licht: 2,61172,3,6,2,01,18,2,,2,0,1,0,0,0,0
"POINT (10.940640989000000 48.355024616999998)",Unfall 61182 (2016) Kat:3, Licht: 2,61182,3,6,2,01,18,2,,2,0,1,0,0,0,0
"POINT (10.907282511000000 48.385740667999997)",Unfall 61183 (2016) Kat:3, Licht: 0,61183,3,2,4,01,14,5,,0,0,1,0,0,0,0
"POINT (10.907238368000000 48.311452592999999)",Unfall 61200 (2016) Kat:3, Licht: 2,61200,3,2,4,01,22,3,,2,0,1,0,0,0,0
"POINT (10.885491387000000 48.385699121000002)",Unfall 61238 (2016) Kat:3, Licht: 2,61238,3,2,4,01,17,5,,2,0,1,0,0,0,0
"POINT (10.952945799000000 48.352306020999997)",Unfall 61298 (2016) Kat:2, Licht: 1,61298,2,4,6,01,20,2,,1,0,1,1,0,0,0
"POINT (10.949788569000001 48.355192957000000)",Unfall 61299 (2016) Kat:3, Licht: 0,61299,3,6,1,01,09,5,,0,0,1,0,0,0,0
"POINT (10.855600627999999 48.373544002999999)",Unfall 61367 (2016) Kat:3, Licht: 2,61367,3,6,2,01,17,2,,2,0,1,0,0,0,0
"POINT (10.920175952999999 48.412815952999999)",Unfall 61619 (2016) Kat:2, Licht: 0,61619,2,6,2,01,17,3,,0,0,1,0,0,1,0
"POINT (10.928562270000000 48.375687249999999)",Unfall 61808 (2016) Kat:3, Licht: 2,61808,3,3,5,01,17,5,,2,1,1,0,0,0,0
"POINT (10.920418247000001 48.405479903000000)",Unfall 61857 (2016) Kat:3, Licht: 2,61857,3,6,2,01,17,7,,2,0,1,0,0,0,0
"POINT (10.907178147000000 48.339201070000001)",Unfall 61899 (2016) Kat:3, Licht: 0,61899,3,6,2,01,14,5,,0,0,1,0,0,0,0
"POINT (10.936546852999999 48.388638268000001)",Unfall 62080 (2016) Kat:3, Licht: 0,62080,3,6,2,01,15,4,,0,0,1,0,0,0,0
"POINT (10.926224908000000 48.373331729999997)",Unfall 62205 (2016) Kat:3, Licht: 0,62205,3,6,3,01,10,4,,0,0,1,0,0,1,0
"POINT (10.849933856000000 48.379683966000002)",Unfall 62277 (2016) Kat:3, Licht: 0,62277,3,2,6,01,14,2,,0,0,1,1,0,0,0
"POINT (10.903330485000000 48.337432845000002)",Unfall 62409 (2016) Kat:3, Licht: 2,62409,3,6,2,01,18,5,,2,0,1,0,0,0,0
"POINT (10.888702067000001 48.335908603000000)",Unfall 62525 (2016) Kat:3, Licht: 0,62525,3,6,2,01,10,3,,0,0,1,0,0,0,0
"POINT (10.928841287999999 48.378971350999997)",Unfall 62640 (2016) Kat:3, Licht: 0,62640,3,7,0,01,14,4,,0,1,0,0,0,0,0
"POINT (10.883782063000000 48.385747621000000)",Unfall 62705 (2016) Kat:3, Licht: 0,62705,3,3,5,01,09,6,,0,1,1,0,0,0,0
"POINT (10.855611438000000 48.373542843999999)",Unfall 62813 (2016) Kat:3, Licht: 2,62813,3,4,6,01,22,7,,2,0,1,1,0,0,0
"POINT (10.948972359000001 48.355151368999998)",Unfall 62900 (2016) Kat:2, Licht: 0,62900,2,4,6,02,13,2,,0,0,1,1,0,0,0
"POINT (10.945902016000000 48.355070441000002)",Unfall 62989 (2016) Kat:3, Licht: 0,62989,3,6,2,02,13,5,,0,0,1,0,0,0,0
"POINT (10.902001191000000 48.412912953999999)",Unfall 63135 (2016) Kat:3, Licht: 2,63135,3,6,0,02,17,4,,2,0,1,0,0,1,0
"POINT (10.902387164000000 48.381845963000004)",Unfall 63212 (2016) Kat:3, Licht: 2,63212,3,3,5,02,20,3,,2,0,1,0,0,0,0
"POINT (10.887062456000001 48.324711160000000)",Unfall 63288 (2016) Kat:3, Licht: 0,63288,3,1,9,02,10,5,,0,0,1,0,0,0,0
"POINT (10.903888274000000 48.337294899000000)",Unfall 63472 (2016) Kat:3, Licht: 1,63472,3,3,5,02,17,4,,1,0,1,0,0,0,0
"POINT (10.909106023000000 48.318749077000000)",Unfall 63571 (2016) Kat:3, Licht: 0,63571,3,4,6,02,11,4,,0,0,1,1,0,0,0
"POINT (10.929180028999999 48.377311343000002)",Unfall 63636 (2016) Kat:3, Licht: 0,63636,3,3,5,02,11,2,,0,1,1,0,0,0,0
"POINT (10.925960992000000 48.408959174000003)",Unfall 63643 (2016) Kat:3, Licht: 0,63643,3,6,3,02,15,4,,0,0,1,0,0,1,0
"POINT (10.907850847000001 48.334414932000001)",Unfall 63685 (2016) Kat:3, Licht: 0,63685,3,2,5,02,16,1,,0,0,1,0,0,0,0
"POINT (10.931010036000000 48.380971412999997)",Unfall 63745 (2016) Kat:3, Licht: 0,63745,3,6,2,02,15,5,,0,0,1,0,0,0,0
"POINT (10.926173019000000 48.367525129999997)",Unfall 63778 (2016) Kat:3, Licht: 0,63778,3,4,6,02,14,4,,0,0,1,1,0,0,0
"POINT (10.855271034999999 48.373451803000002)",Unfall 63836 (2016) Kat:3, Licht: 0,63836,3,6,2,02,07,2,,0,0,1,0,0,0,0
"POINT (10.853274235000001 48.373649768999996)",Unfall 63883 (2016) Kat:3, Licht: 0,63883,3,6,0,02,14,4,,0,0,1,0,0,0,1
"POINT (10.887740349000000 48.323674189000002)",Unfall 64044 (2016) Kat:3, Licht: 0,64044,3,1,3,02,13,7,,0,0,1,0,0,0,0
"POINT (10.934594790000000 48.382069262999998)",Unfall 64169 (2016) Kat:3, Licht: 2,64169,3,6,2,02,18,6,,2,0,1,0,0,0,0
"POINT (10.920366602000000 48.401881811000003)",Unfall 64191 (2016) Kat:3, Licht: 0,64191,3,6,2,02,07,4,,0,0,1,0,0,0,0
"POINT (10.880609569000001 48.385664026000001)",Unfall 64307 (2016) Kat:3, Licht: 0,64307,3,2,6,02,07,5,,0,0,1,1,0,0,0
"POINT (10.903374453000000 48.350558882000001)",Unfall 64365 (2016) Kat:3, Licht: 0,64365,3,6,2,02,10,5,,0,0,1,0,0,0,0
"POINT (10.856352065999999 48.373458278000001)",Unfall 64410 (2016) Kat:3, Licht: 2,64410,3,3,5,03,19,6,,2,0,1,0,0,0,0
"POINT (10.899042312000001 48.337508219999997)",Unfall 64454 (2016) Kat:3, Licht: 0,64454,3,6,2,02,14,7,,0,0,1,0,0,0,0
"POINT (10.907449228999999 48.311834245999997)",Unfall 64620 (2016) Kat:3, Licht: 2,64620,3,2,5,02,20,1,,2,0,1,0,0,0,0
"POINT (10.936120640000000 48.382810206999999)",Unfall 64670 (2016) Kat:3, Licht: 0,64670,3,7,0,02,14,7,,0,0,1,0,0,0,0
"POINT (10.859492651000000 48.385817093000000)",Unfall 64699 (2016) Kat:3, Licht: 0,64699,3,6,2,02,13,6,,0,0,1,0,0,0,0
"POINT (10.896439365000001 48.308951407000002)",Unfall 64957 (2016) Kat:3, Licht: 0,64957,3,3,5,03,08,5,,0,0,1,0,0,0,0
"POINT (10.933027674000000 48.372987979000001)",Unfall 65009 (2016) Kat:3, Licht: 1,65009,3,3,5,03,06,4,,1,0,1,0,1,0,0
"POINT (10.919482495000000 48.355287726999997)",Unfall 65128 (2016) Kat:3, Licht: 0,65128,3,6,2,03,09,2,,0,0,1,0,0,0,0
"POINT (10.898927952999999 48.337645870999999)",Unfall 65195 (2016) Kat:3, Licht: 0,65195,3,2,4,03,06,5,,0,1,1,0,0,0,0
"POINT (10.868096985999999 48.348707535999999)",Unfall 65248 (2016) Kat:3, Licht: 0,65248,3,3,3,03,16,4,,0,0,1,0,0,1,0
"POINT (10.906493036000001 48.310103507999997)",Unfall 65368 (2016) Kat:3, Licht: 0,65368,3,2,4,03,17,4,,0,0,1,0,0,0,0
"POINT (10.868945856000000 48.398036499000000)",Unfall 65371 (2016) Kat:3, Licht: 0,65371,3,6,2,03,09,2,,0,0,1,0,0,1,0
"POINT (10.909105733000001 48.318751718999998)",Unfall 65451 (2016) Kat:3, Licht: 2,65451,3,3,5,03,18,7,,2,0,1,0,0,0,0
"POINT (10.868070173000000 48.339262595000001)",Unfall 65582 (2016) Kat:3, Licht: 0,65582,3,3,5,03,15,5,,0,0,1,0,1,0,0
"POINT (10.893635962999999 48.382566943000000)",Unfall 65637 (2016) Kat:3, Licht: 0,65637,3,2,4,03,15,5,,0,0,1,0,1,0,0
"POINT (10.904799660000000 48.346683564999999)",Unfall 65673 (2016) Kat:3, Licht: 0,65673,3,6,2,03,16,3,,0,0,1,0,0,0,0
"POINT (10.889306830000001 48.340297677000002)",Unfall 65728 (2016) Kat:3, Licht: 0,65728,3,3,3,03,11,3,,0,0,1,0,0,1,0
"POINT (10.887333189000000 48.385203877999999)",Unfall 65742 (2016) Kat:3, Licht: 0,65742,3,3,5,03,13,5,,0,1,1,0,0,0,0
"POINT (10.904986315000000 48.382668653000003)",Unfall 65932 (2016) Kat:3, Licht: 2,65932,3,6,2,03,01,7,,2,1,0,0,0,0,0
"POINT (10.909995116999999 48.364487949999997)",Unfall 66007 (2016) Kat:3, Licht: 0,66007,3,4,6,03,16,1,,0,0,0,1,1,0,0
"POINT (10.927279868999999 48.355180322000002)",Unfall 66077 (2016) Kat:3, Licht: 0,66077,3,6,2,03,06,6,,0,0,1,0,0,0,0
"POINT (10.898676262000000 48.379603949000000)",Unfall 66112 (2016) Kat:3, Licht: 0,66112,3,6,2,03,12,7,,0,0,1,0,0,0,0
"POINT (10.883785573999999 48.310173685999999)",Unfall 66136 (2016) Kat:3, Licht: 0,66136,3,7,0,03,10,6,,0,0,1,0,0,0,0
"POINT (10.908541361999999 48.354861616999997)",Unfall 66143 (2016) Kat:2, Licht: 2,66143,2,2,5,03,19,4,,2,0,1,0,0,0,0
"POINT (10.915497007000001 48.355940875999998)",Unfall 66260 (2016) Kat:3, Licht: 0,66260,3,2,5,03,09,7,,0,0,1,0,0,0,0
"POINT (10.919324853000001 48.368173966000001)",Unfall 66408 (2016) Kat:3, Licht: 0,66408,3,2,3,03,15,7,,0,1,1,0,0,0,0
"POINT (10.884312224000000 48.311466926000001)",Unfall 66436 (2016) Kat:3, Licht: 0,66436,3,6,2,03,13,4,,0,0,1,0,0,1,0
"POINT (10.868715651000000 48.342099501000000)",Unfall 66457 (2016) Kat:3, Licht: 1,66457,3,2,3,03,18,3,,1,0,1,0,1,0,0
"POINT (10.893899086999999 48.309209750999997)",Unfall 66463 (2016) Kat:3, Licht: 0,66463,3,3,5,03,11,2,,0,0,1,0,0,0,0
"POINT (10.856778823000001 48.376974249000000)",Unfall 66500 (2016) Kat:3, Licht: 0,66500,3,6,3,03,14,5,,0,0,1,0,0,0,0
"POINT (10.908300603000001 48.354649866000003)",Unfall 66541 (2016) Kat:3, Licht: 0,66541,3,6,3,03,10,5,,0,0,1,0,0,1,0
"POINT (10.920923175000000 48.398785111000002)",Unfall 66610 (2016) Kat:3, Licht: 0,66610,3,3,5,04,13,7,,0,0,1,0,0,0,0
"POINT (10.849843845000001 48.379765534999997)",Unfall 66615 (2016) Kat:3, Licht: 2,66615,3,1,0,03,22,3,,2,0,0,0,1,0,0
"POINT (10.901747635000000 48.308378617999999)",Unfall 66636 (2016) Kat:3, Licht: 2,66636,3,3,5,03,18,3,,2,1,1,0,0,0,0
"POINT (10.942804281000001 48.354887196000000)",Unfall 66691 (2016) Kat:3, Licht: 0,66691,3,2,0,03,11,5,,0,1,1,0,0,0,0
"POINT (10.907433353000000 48.338310241000002)",Unfall 66695 (2016) Kat:3, Licht: 0,66695,3,6,2,03,07,4,,0,0,1,0,0,0,0
"POINT (10.856035064000000 48.372070155000003)",Unfall 66724 (2016) Kat:3, Licht: 0,66724,3,6,2,03,14,5,,0,0,1,0,0,0,0
"POINT (10.890104021999999 48.383513379999997)",Unfall 66757 (2016) Kat:3, Licht: 1,66757,3,2,4,03,06,5,,1,0,1,0,1,0,0
"POINT (10.944415967999999 48.354993143999998)",Unfall 66829 (2016) Kat:3, Licht: 0,66829,3,7,0,04,18,7,,0,0,1,0,0,0,0
"POINT (10.887157537000000 48.324760730000001)",Unfall 66991 (2016) Kat:3, Licht: 2,66991,3,1,9,04,22,4,,2,0,1,0,0,0,0
"POINT (10.853444330000000 48.305217505999998)",Unfall 67013 (2016) Kat:3, Licht: 0,67013,3,1,8,04,14,4,,0,0,0,0,1,0,0
"POINT (10.937606764000000 48.384466998999997)",Unfall 67027 (2016) Kat:3, Licht: 0,67027,3,2,2,04,16,3,,0,0,1,0,0,0,0
"POINT (10.918283541999999 48.355486307000000)",Unfall 67070 (2016) Kat:3, Licht: 0,67070,3,6,2,04,17,2,,0,0,1,0,0,0,0
"POINT (10.868790269000000 48.397890900000000)",Unfall 67124 (2016) Kat:2, Licht: 2,67124,2,1,0,04,21,1,,2,0,0,0,1,0,0
"POINT (10.929296695000000 48.377406178999998)",Unfall 67177 (2016) Kat:3, Licht: 2,67177,3,2,3,04,05,4,,2,1,1,0,0,0,0
"POINT (10.936426386999999 48.383232939999999)",Unfall 67191 (2016) Kat:3, Licht: 0,67191,3,6,2,04,09,3,,0,0,1,0,0,0,0
"POINT (10.874199608000000 48.388052064999997)",Unfall 67232 (2016) Kat:2, Licht: 0,67232,2,2,3,04,15,2,,0,1,0,0,0,0,1
"POINT (10.909172321000000 48.318482772000003)",Unfall 67369 (2016) Kat:2, Licht: 0,67369,2,3,5,04,15,2,,0,1,0,0,1,0,0
"POINT (10.919966658000000 48.420771498999997)",Unfall 67439 (2016) Kat:3, Licht: 2,67439,3,3,5,04,22,2,,2,0,1,0,0,0,0
"POINT (10.933461684999999 48.381765637000001)",Unfall 67469 (2016) Kat:3, Licht: 0,67469,3,6,3,04,15,4,,0,0,1,0,0,1,0
"POINT (10.899718497000000 48.327809385999998)",Unfall 67563 (2016) Kat:3, Licht: 0,67563,3,3,5,04,07,2,,0,0,1,0,1,0,0
"POINT (10.939734248000001 48.370049809999998)",Unfall 67627 (2016) Kat:3, Licht: 0,67627,3,2,4,04,07,2,,0,1,0,0,1,0,0
"POINT (10.880799269000001 48.385668553999999)",Unfall 67644 (2016) Kat:3, Licht: 0,67644,3,3,5,04,18,3,,0,1,1,0,0,0,0
"POINT (10.936630511000001 48.383472971000003)",Unfall 67725 (2016) Kat:2, Licht: 0,67725,2,4,6,04,18,2,,0,0,1,1,0,0,0
"POINT (10.915098821000001 48.264531339000001)",Unfall 67769 (2016) Kat:3, Licht: 0,67769,3,1,4,04,15,6,,0,0,1,0,0,0,0
"POINT (10.885667330000000 48.325940697000000)",Unfall 67810 (2016) Kat:3, Licht: 0,67810,3,6,3,04,14,7,,0,1,0,0,0,0,0
"POINT (10.872435354000000 48.403257940000003)",Unfall 67930 (2016) Kat:3, Licht: 0,67930,3,6,2,04,12,1,,0,0,1,0,0,0,0
"POINT (10.929320084000000 48.364137599000003)",Unfall 67938 (2016) Kat:2, Licht: 0,67938,2,6,2,04,12,7,,0,1,1,0,0,0,0
"POINT (10.872955544000000 48.388878853000001)",Unfall 68133 (2016) Kat:3, Licht: 0,68133,3,6,2,04,17,3,,0,0,1,0,0,0,0
"POINT (10.870714648000000 48.332572376999998)",Unfall 68139 (2016) Kat:3, Licht: 2,68139,3,3,5,04,21,7,,2,0,1,0,0,0,0
"POINT (10.865628572000000 48.349431650000000)",Unfall 68166 (2016) Kat:3, Licht: 0,68166,3,6,2,04,13,6,,0,0,1,0,0,0,0
"POINT (10.906487353999999 48.310093221000002)",Unfall 68337 (2016) Kat:3, Licht: 0,68337,3,2,4,04,17,4,,0,0,1,0,0,0,0
"POINT (10.887231442999999 48.325785924999998)",Unfall 68471 (2016) Kat:3, Licht: 0,68471,3,7,0,04,16,3,,0,0,0,0,1,0,0
"POINT (10.933708942000001 48.357766863000002)",Unfall 68723 (2016) Kat:3, Licht: 0,68723,3,7,9,04,18,5,,0,0,1,0,0,0,0
"POINT (10.869174116000000 48.342760959000003)",Unfall 68788 (2016) Kat:3, Licht: 0,68788,3,6,1,04,16,6,,0,0,1,0,0,0,0
"POINT (10.926345614000001 48.367352527000001)",Unfall 68875 (2016) Kat:3, Licht: 0,68875,3,6,2,04,14,6,,0,0,1,0,1,0,0
"POINT (10.916174313999999 48.355832919999997)",Unfall 68975 (2016) Kat:3, Licht: 0,68975,3,6,2,04,17,7,,0,0,1,0,1,0,0
"POINT (10.944566439999999 48.355008742000003)",Unfall 69040 (2016) Kat:3, Licht: 0,69040,3,4,6,05,13,4,,0,0,1,1,0,0,0
"POINT (10.885479766000000 48.385699989000003)",Unfall 69169 (2016) Kat:2, Licht: 0,69169,2,2,4,04,13,7,,0,0,1,0,1,0,0
"POINT (10.866976608000000 48.335510747999997)",Unfall 69219 (2016) Kat:3, Licht: 0,69219,3,6,1,04,12,7,,0,1,1,0,0,0,0
"POINT (10.955889884999999 48.338142584000003)",Unfall 69257 (2016) Kat:3, Licht: 2,69257,3,2,4,04,21,5,,2,0,1,0,0,0,0
"POINT (10.895877092999999 48.413623176000002)",Unfall 69281 (2016) Kat:3, Licht: 0,69281,3,6,2,05,17,4,,0,0,1,0,0,0,0
"POINT (10.927238957000000 48.355179636999999)",Unfall 69376 (2016) Kat:2, Licht: 0,69376,2,1,8,04,15,7,,0,0,1,0,0,0,0
"POINT (10.936760152000000 48.383612137000000)",Unfall 69399 (2016) Kat:3, Licht: 0,69399,3,6,2,05,16,4,,0,0,1,0,1,0,0
"POINT (10.868032732000000 48.339801000999998)",Unfall 69422 (2016) Kat:3, Licht: 0,69422,3,7,0,05,19,5,,0,1,1,0,0,0,0
"POINT (10.856466090000000 48.373443962000003)",Unfall 69444 (2016) Kat:3, Licht: 0,69444,3,6,2,05,17,6,,0,0,1,0,0,0,0
"POINT (10.945966695999999 48.355071707999997)",Unfall 69479 (2016) Kat:2, Licht: 2,69479,2,5,1,05,02,7,,2,0,1,0,0,0,0
"POINT (10.874179680999999 48.388061798999999)",Unfall 69553 (2016) Kat:3, Licht: 0,69553,3,2,5,05,17,6,,0,1,1,0,0,0,0
"POINT (10.936395511000001 48.388816937000001)",Unfall 69587 (2016) Kat:3, Licht: 0,69587,3,2,4,05,17,7,,0,0,1,0,0,0,0
"POINT (10.875875412999999 48.346746482000000)",Unfall 69604 (2016) Kat:3, Licht: 0,69604,3,6,2,05,14,6,,0,0,1,0,0,0,0
"POINT (10.903841090000000 48.412615234999997)",Unfall 69642 (2016) Kat:3, Licht: 0,69642,3,3,3,05,17,7,,0,0,1,0,0,0,1
"POINT (10.867428969000001 48.336426760000002)",Unfall 69658 (2016) Kat:3, Licht: 0,69658,3,3,5,05,13,7,,0,0,1,0,0,0,0
"POINT (10.849970063000001 48.379647761000001)",Unfall 69671 (2016) Kat:3, Licht: 0,69671,3,3,5,05,06,6,,0,0,1,0,0,0,0
"POINT (10.930286926000001 48.380721143999999)",Unfall 70058 (2016) Kat:3, Licht: 0,70058,3,6,4,05,17,5,,0,0,1,0,0,0,0
"POINT (10.907635513000001 48.385761363000000)",Unfall 70060 (2016) Kat:3, Licht: 0,70060,3,2,4,05,11,3,,0,0,1,0,0,0,0
"POINT (10.896010907999999 48.337853383999999)",Unfall 70205 (2016) Kat:2, Licht: 0,70205,2,6,2,05,08,4,,0,0,1,0,1,0,0
"POINT (10.907239052000000 48.311453829999998)",Unfall 70233 (2016) Kat:3, Licht: 0,70233,3,6,3,05,18,6,,0,0,1,0,0,0,0
"POINT (10.927807205000001 48.374775913999997)",Unfall 70256 (2016) Kat:3, Licht: 0,70256,3,6,2,05,19,5,,0,0,1,0,0,0,0
"POINT (10.893395373000001 48.382631521000000)",Unfall 70353 (2016) Kat:3, Licht: 0,70353,3,7,6,05,15,7,,0,0,1,1,0,0,0
"POINT (10.931004621000000 48.380969538999999)",Unfall 70512 (2016) Kat:3, Licht: 0,70512,3,6,1,05,12,5,,0,0,1,0,0,1,0
"POINT (10.859713138000000 48.315781418999997)",Unfall 70616 (2016) Kat:3, Licht: 0,70616,3,7,0,05,14,4,,0,0,0,0,1,0,0
"POINT (10.903903215000000 48.337294679999999)",Unfall 70700 (2016) Kat:3, Licht: 0,70700,3,3,5,05,14,3,,0,1,1,0,0,0,0
"POINT (10.918252187000000 48.355491477000001)",Unfall 70726 (2016) Kat:3, Licht: 2,70726,3,1,4,05,01,7,,2,0,1,0,0,0,0
"POINT (10.888510946000000 48.335474818999998)",Unfall 70786 (2016) Kat:3, Licht: 0,70786,3,6,2,05,16,3,,0,0,1,0,0,0,0
"POINT (10.898887339000000 48.337522612999997)",Unfall 70808 (2016) Kat:3, Licht: 0,70808,3,7,5,05,17,3,,0,1,1,0,0,0,0
"POINT (10.915520702000000 48.355937361999999)",Unfall 70822 (2016) Kat:3, Licht: 0,70822,3,2,3,05,14,1,,0,1,1,0,0,0,0
"POINT (10.936949218000001 48.381744754000003)",Unfall 70875 (2016) Kat:3, Licht: 0,70875,3,2,4,05,12,3,,0,0,1,0,0,0,0
"POINT (10.847224047999999 48.382075655000001)",Unfall 70888 (2016) Kat:3, Licht: 0,70888,3,6,3,05,14,2,,0,0,0,0,0,1,1
"POINT (10.881825513000001 48.310224071000000)",Unfall 70985 (2016) Kat:3, Licht: 0,70985,3,2,4,05,16,3,,0,0,1,0,0,0,0
"POINT (10.906949972000000 48.340014824000001)",Unfall 70991 (2016) Kat:3, Licht: 0,70991,3,1,0,05,13,7,,0,0,0,0,1,0,0
"POINT (10.907211057000000 48.337557552000000)",Unfall 71000 (2016) Kat:3, Licht: 0,71000,3,6,3,05,19,1,,0,0,1,0,1,0,0
"POINT (10.880801700999999 48.385668619999997)",Unfall 71050 (2016) Kat:3, Licht: 0,71050,3,7,6,05,14,3,,0,0,1,1,0,0,0
"POINT (10.871762398000000 48.347815224999998)",Unfall 71055 (2016) Kat:3, Licht: 0,71055,3,6,2,05,12,7,,0,0,1,0,0,0,0
"POINT (10.898393105000000 48.379515417000000)",Unfall 71073 (2016) Kat:3, Licht: 0,71073,3,2,3,05,13,3,,0,0,1,0,0,0,0
"POINT (10.887504093000000 48.333618665000003)",Unfall 71087 (2016) Kat:3, Licht: 2,71087,3,1,9,05,20,1,,2,0,1,0,0,0,0
"POINT (10.872938155000000 48.347432875000003)",Unfall 71089 (2016) Kat:3, Licht: 0,71089,3,6,2,05,17,1,,0,0,1,0,0,0,0
"POINT (10.868041869000001 48.340116993000002)",Unfall 71155 (2016) Kat:3, Licht: 0,71155,3,1,0,05,08,1,,0,1,0,0,0,0,0
"POINT (10.920195591000001 48.397023630000000)",Unfall 71217 (2016) Kat:2, Licht: 0,71217,2,2,4,05,17,5,,0,0,1,0,1,0,0
"POINT (10.891861803999999 48.413966715999997)",Unfall 71241 (2016) Kat:3, Licht: 0,71241,3,6,2,05,17,4,,0,0,1,0,0,0,0
"POINT (10.857575084000000 48.352155515000000)",Unfall 71323 (2016) Kat:2, Licht: 0,71323,2,6,2,05,10,5,,0,0,1,0,1,0,0
"POINT (10.924550218000000 48.371916696000000)",Unfall 71369 (2016) Kat:3, Licht: 0,71369,3,1,3,05,12,4,,0,0,1,0,0,1,0
"POINT (10.882363934000001 48.385726190000000)",Unfall 71419 (2016) Kat:3, Licht: 0,71419,3,6,2,05,13,7,,0,0,1,0,1,0,0
"POINT (10.864389259999999 48.349795440999998)",Unfall 71519 (2016) Kat:3, Licht: 0,71519,3,6,2,05,10,5,,0,0,1,0,0,0,0
"POINT (10.949606820000000 48.383835943000001)",Unfall 71536 (2016) Kat:3, Licht: 0,71536,3,2,1,05,19,4,,0,0,1,0,0,0,0
"POINT (10.885063788000000 48.385728550000003)",Unfall 71616 (2016) Kat:3, Licht: 0,71616,3,7,0,05,16,3,,0,1,0,0,0,0,0
"POINT (10.887667683000000 48.324226285000002)",Unfall 71734 (2016) Kat:3, Licht: 0,71734,3,6,2,06,16,4,,0,0,1,0,0,0,0
"POINT (10.918782190000000 48.355404084000000)",Unfall 71942 (2016) Kat:3, Licht: 0,71942,3,6,2,06,18,5,,0,0,1,0,0,0,0
"POINT (10.928270036000001 48.375052062999998)",Unfall 71954 (2016) Kat:3, Licht: 0,71954,3,7,2,06,15,7,,0,0,1,0,0,0,0
"POINT (10.909268632000000 48.318235297000001)",Unfall 72020 (2016) Kat:3, Licht: 0,72020,3,7,0,05,13,2,,0,1,0,0,0,0,0
"POINT (10.893498569000000 48.382603822000000)",Unfall 72126 (2016) Kat:3, Licht: 0,72126,3,2,3,06,05,3,,0,1,1,0,0,0,0
"POINT (10.895881684000001 48.413622687000000)",Unfall 72156 (2016) Kat:2, Licht: 0,72156,2,6,2,06,15,6,,0,0,1,0,0,0,0
"POINT (10.920164262000000 48.413283505000003)",Unfall 72192 (2016) Kat:3, Licht: 0,72192,3,6,2,06,14,3,,0,0,1,0,1,0,0
"POINT (10.923334794000001 48.370832759000002)",Unfall 72278 (2016) Kat:3, Licht: 0,72278,3,3,1,06,10,3,,0,0,1,0,1,0,0
"POINT (10.938370151999999 48.406771681999999)",Unfall 72279 (2016) Kat:3, Licht: 0,72279,3,1,2,06,17,2,,0,0,1,0,0,1,1
"POINT (10.905941928000001 48.343218250000000)",Unfall 72308 (2016) Kat:3, Licht: 0,72308,3,6,2,06,08,2,,0,0,1,0,0,1,0
"POINT (10.904033836000000 48.348803595000000)",Unfall 72373 (2016) Kat:3, Licht: 0,72373,3,6,3,06,07,4,,0,0,1,0,0,0,1
"POINT (10.898676262000000 48.379603948000003)",Unfall 72377 (2016) Kat:3, Licht: 0,72377,3,1,2,06,14,6,,0,0,1,0,0,0,1
"POINT (10.894942803999999 48.309112042000002)",Unfall 72389 (2016) Kat:2, Licht: 0,72389,2,7,5,06,17,4,,0,1,1,0,0,0,0
"POINT (10.904831293999999 48.352765793000003)",Unfall 72537 (2016) Kat:2, Licht: 1,72537,2,1,0,06,19,3,,1,0,0,0,1,0,0
"POINT (10.939240087000000 48.382129052000003)",Unfall 72538 (2016) Kat:3, Licht: 0,72538,3,1,0,06,19,2,,0,0,0,0,1,0,0
"POINT (10.911940123000001 48.376130007999997)",Unfall 72610 (2016) Kat:3, Licht: 0,72610,3,2,3,06,17,6,,0,1,1,0,0,0,0
"POINT (10.896444432999999 48.380634436000001)",Unfall 72645 (2016) Kat:3, Licht: 0,72645,3,2,0,06,06,2,,0,1,1,0,0,0,0
"POINT (10.927745561000000 48.365929590000000)",Unfall 72663 (2016) Kat:3, Licht: 0,72663,3,6,3,06,11,7,,0,0,1,0,0,0,1
"POINT (10.910347566000000 48.411410963000002)",Unfall 72845 (2016) Kat:3, Licht: 0,72845,3,6,9,06,18,6,,0,0,1,0,0,0,0
"POINT (10.929114353999999 48.377456915000003)",Unfall 72872 (2016) Kat:2, Licht: 0,72872,2,2,5,06,11,2,,0,1,1,0,0,0,0
"POINT (10.946057057000001 48.366798975999998)",Unfall 72928 (2016) Kat:3, Licht: 0,72928,3,2,2,06,12,7,,0,0,1,0,0,0,0
"POINT (10.868083279000000 48.338297392999998)",Unfall 73010 (2016) Kat:3, Licht: 0,73010,3,6,2,06,15,6,,0,0,1,0,0,0,0