WKT,Name,OBJECTID,UKATEGORIE,UTYP1,UART,UMONAT,USTUNDE,UWOCHENTAG,STRZUSTAND,ULICHTVERH,ISTRAD,ISTPKW,ISTFUSS,ISTKRAD,ISTGKFZ,ISTSONSTIG
"POINT (10.860013400000000 48.386458648999998)",Unfall 87916 (2016) Kat:3, Licht: 0,87916,3,6,2,11,10,2,,0,0,1,0,0,0,1
"POINT (10.936983343000000 48.381742510000002)",Unfall 88068 (2016) Kat:3, Licht: 2,88068,3,6,0,11,17,3,,2,0,1,0,0,0,0
"POINT (10.909517222000000 48.316645055999999)",Unfall 88090 (2016) Kat:3, Licht: 2,88090,3,6,3,11,17,5,,2,0,1,0,0,0,0
"POINT (10.857585235000000 48.380054284000003)",Unfall 88345 (2016) Kat:3, Licht: 2,88345,3,6,2,12,17,2,,2,0,1,0,0,0,1
"POINT (10.936366047000000 48.355153649999998)",Unfall 88399 (2016) Kat:3, Licht: 0,88399,3,6,1,12,14,5,,0,0,1,0,0,0,0
"POINT (10.908348316000000 48.327647659999997)",Unfall 88400 (2016) Kat:2, Licht: 2,88400,2,4,6,12,17,4,,2,0,1,1,0,0,0
"POINT (10.870664047000000 48.332587416999999)",Unfall 88432 (2016) Kat:3, Licht: 2,88432,3,3,5,12,21,7,,2,0,1,0,0,0,0
"POINT (10.904912812999999 48.382500182000001)",Unfall 88455 (2016) Kat:3, Licht: 2,88455,3,7,0,12,21,7,,2,1,0,0,0,0,0
"POINT (10.855508751000000 48.373426344999999)",Unfall 88457 (2016) Kat:3, Licht: 1,88457,3,6,2,12,15,2,,1,0,1,0,0,0,0
"POINT (10.904318153000000 48.348180167999999)",Unfall 88482 (2016) Kat:3, Licht: 2,88482,3,6,2,12,18,2,,2,0,1,0,0,0,0
"POINT (10.923394802000001 48.370790221000000)",Unfall 88575 (2016) Kat:3, Licht: 0,88575,3,3,5,12,12,3,,0,0,1,0,0,0,0
"POINT (10.920335614000001 48.408168361999998)",Unfall 88697 (2016) Kat:3, Licht: 2,88697,3,6,3,12,16,5,,2,0,1,0,1,0,0
"POINT (10.917881363999999 48.373442812999997)",Unfall 88812 (2016) Kat:3, Licht: 2,88812,3,3,5,12,22,5,,2,1,1,0,0,0,0
"POINT (10.915454879000000 48.355947123999997)",Unfall 88845 (2016) Kat:3, Licht: 1,88845,3,1,4,12,07,3,,1,0,1,0,0,0,0
"POINT (10.944434641999999 48.354995138000000)",Unfall 88913 (2016) Kat:3, Licht: 2,88913,3,3,4,12,20,7,,2,0,1,0,0,0,0
"POINT (10.880514694000000 48.385662093000001)",Unfall 88936 (2016) Kat:3, Licht: 2,88936,3,2,4,12,01,1,,2,0,1,0,0,0,0
"POINT (10.938316244999999 48.355125323000003)",Unfall 89023 (2016) Kat:3, Licht: 0,89023,3,7,0,12,11,7,,0,0,1,0,0,0,1
"POINT (10.860336912999999 48.387527370999997)",Unfall 89076 (2016) Kat:3, Licht: 0,89076,3,6,2,12,15,6,,0,0,1,0,0,0,0
"POINT (10.906931386000000 48.340073527999998)",Unfall 89173 (2016) Kat:3, Licht: 0,89173,3,2,6,12,14,4,,0,0,1,1,0,0,0
"POINT (10.925800633000000 48.372971196999998)",Unfall 89179 (2016) Kat:3, Licht: 0,89179,3,6,2,12,16,3,,0,0,1,0,0,0,0
"POINT (10.855691382000000 48.373341662000001)",Unfall 89219 (2016) Kat:3, Licht: 0,89219,3,6,1,12,15,4,,0,0,1,0,0,0,0
"POINT (10.862799440000000 48.393465622999997)",Unfall 89323 (2016) Kat:3, Licht: 2,89323,3,6,2,12,16,5,,2,0,1,0,0,0,0
"POINT (10.904601830000001 48.347308228000003)",Unfall 89354 (2016) Kat:3, Licht: 0,89354,3,6,3,12,08,2,,0,0,1,0,0,0,0
"POINT (10.908554452000001 48.354874492000000)",Unfall 89365 (2016) Kat:3, Licht: 2,89365,3,1,8,12,05,3,,2,0,1,0,0,0,0
"POINT (10.899066727999999 48.337633052000001)",Unfall 89434 (2016) Kat:3, Licht: 2,89434,3,3,5,12,01,1,,2,0,1,0,0,0,0
"POINT (10.905632291000000 48.382781039999998)",Unfall 89454 (2016) Kat:2, Licht: 0,89454,2,1,0,12,15,6,,0,1,0,0,0,0,0
"POINT (10.882174457000000 48.385721115000003)",Unfall 89792 (2016) Kat:3, Licht: 2,89792,3,6,2,12,20,2,,2,0,1,0,0,0,1
"POINT (10.909692411000000 48.356193527999999)",Unfall 90024 (2016) Kat:3, Licht: 2,90024,3,3,5,12,18,2,,2,0,1,0,0,0,0
"POINT (10.938413768000000 48.406894168999997)",Unfall 90148 (2016) Kat:3, Licht: 1,90148,3,6,2,12,16,6,,1,0,1,0,0,0,0
"POINT (10.908910279000001 48.320756199999998)",Unfall 90428 (2016) Kat:3, Licht: 0,90428,3,6,2,12,11,5,,0,0,1,0,0,0,0
"POINT (10.916136533000000 48.387746714999999)",Unfall 131013 (2016) Kat:3, Licht: 1,131013,3,2,4,01,17,5,,1,0,1,0,0,0,0
"POINT (10.915272767999999 48.397300072999997)",Unfall 131070 (2016) Kat:3, Licht: 2,131070,3,3,5,01,17,2,,2,1,1,0,0,0,0
"POINT (10.914678055000000 48.378659102000000)",Unfall 131112 (2016) Kat:3, Licht: 2,131112,3,3,5,01,18,7,,2,0,1,0,0,0,0
"POINT (10.900605200999999 48.370669347000003)",Unfall 131134 (2016) Kat:3, Licht: 2,131134,3,3,5,01,19,7,,2,0,1,0,0,0,0
"POINT (10.949420992000000 48.359883881000002)",Unfall 131175 (2016) Kat:3, Licht: 1,131175,3,3,5,01,07,2,,1,1,1,0,0,0,0
"POINT (10.874696742999999 48.343593679000001)",Unfall 131185 (2016) Kat:3, Licht: 2,131185,3,6,2,01,17,5,,2,0,1,0,0,0,0
"POINT (10.921377541000000 48.387948268999999)",Unfall 131225 (2016) Kat:2, Licht: 0,131225,2,7,8,01,16,2,,0,0,1,0,0,0,0
"POINT (10.873690220000000 48.363674527999997)",Unfall 131237 (2016) Kat:3, Licht: 0,131237,3,7,0,01,10,5,,0,1,1,0,0,0,0
"POINT (10.943367081000000 48.347429542000000)",Unfall 131258 (2016) Kat:2, Licht: 0,131258,2,1,0,01,08,6,,0,1,0,0,0,0,0
"POINT (10.898069838000000 48.306293857999997)",Unfall 131260 (2016) Kat:3, Licht: 0,131260,3,1,0,01,09,6,,0,1,0,0,0,0,0
"POINT (10.910442627000000 48.360959971000000)",Unfall 131268 (2016) Kat:2, Licht: 0,131268,2,1,0,01,10,6,,0,1,0,0,0,0,0
"POINT (10.857127534000000 48.391456963000003)",Unfall 131278 (2016) Kat:3, Licht: 0,131278,3,4,6,01,16,2,,0,0,1,1,0,0,0
"POINT (10.876162887000000 48.350315922000000)",Unfall 131290 (2016) Kat:3, Licht: 0,131290,3,7,6,01,10,2,,0,0,0,1,0,0,1
"POINT (10.898530185000000 48.355075149000001)",Unfall 131293 (2016) Kat:2, Licht: 0,131293,2,1,0,01,09,4,,0,1,0,0,0,0,0
"POINT (10.913731755000001 48.376735396000001)",Unfall 131296 (2016) Kat:3, Licht: 2,131296,3,6,2,01,20,7,,2,0,1,0,0,0,0
"POINT (10.896653713999999 48.373339537000000)",Unfall 131360 (2016) Kat:3, Licht: 0,131360,3,6,4,01,12,3,,0,0,1,0,0,0,0
"POINT (10.889088553000001 48.367468269000000)",Unfall 131448 (2016) Kat:3, Licht: 0,131448,3,2,6,01,09,4,,0,0,0,1,0,0,1
"POINT (10.868182552000000 48.367599302000002)",Unfall 131493 (2016) Kat:2, Licht: 0,131493,2,1,0,01,08,6,,0,1,0,0,0,0,0
"POINT (10.914805891000000 48.380490731000002)",Unfall 131497 (2016) Kat:3, Licht: 0,131497,3,7,0,01,12,6,,0,1,0,0,0,0,0
"POINT (10.852145311999999 48.378624704000003)",Unfall 131518 (2016) Kat:3, Licht: 0,131518,3,7,0,01,16,4,,0,1,0,0,0,0,0
"POINT (10.887427794000001 48.357814646000001)",Unfall 131522 (2016) Kat:3, Licht: 2,131522,3,4,6,01,06,2,,2,0,1,1,0,0,0
"POINT (10.928619758000000 48.377555184999999)",Unfall 131552 (2016) Kat:3, Licht: 2,131552,3,1,0,01,06,7,,2,1,0,0,0,0,0
"POINT (10.879035104000000 48.368960242000000)",Unfall 131564 (2016) Kat:3, Licht: 0,131564,3,6,1,01,12,5,,0,0,1,0,0,0,0
"POINT (10.896357975000001 48.374196992999998)",Unfall 131568 (2016) Kat:3, Licht: 1,131568,3,2,6,01,07,4,,1,0,1,1,0,0,0
"POINT (10.896703158999999 48.323355049000000)",Unfall 131571 (2016) Kat:3, Licht: 0,131571,3,2,4,01,16,5,,0,0,1,0,0,0,0
"POINT (10.891817557000000 48.369250503000004)",Unfall 131572 (2016) Kat:3, Licht: 0,131572,3,1,0,01,11,2,,0,0,0,0,1,0,0
"POINT (10.888455994999999 48.371013970000000)",Unfall 131653 (2016) Kat:3, Licht: 0,131653,3,6,3,01,14,3,,0,0,1,0,0,0,0
"POINT (10.879523871000000 48.381193989000003)",Unfall 131675 (2016) Kat:3, Licht: 0,131675,3,3,5,01,15,4,,0,0,1,0,1,0,0
"POINT (10.888456400000001 48.360768200000003)",Unfall 131723 (2016) Kat:3, Licht: 0,131723,3,6,3,01,15,6,,0,0,1,0,1,0,0
"POINT (10.841338782999999 48.382328225000002)",Unfall 131759 (2016) Kat:3, Licht: 0,131759,3,2,5,01,10,3,,0,0,1,0,0,0,1
"POINT (10.876326004999999 48.374191338000003)",Unfall 131788 (2016) Kat:2, Licht: 2,131788,2,1,8,01,06,1,,2,0,1,0,0,0,0
"POINT (10.885769174000000 48.345241750000000)",Unfall 131837 (2016) Kat:3, Licht: 0,131837,3,3,5,01,12,3,,0,0,1,0,0,0,0
"POINT (10.891309948000000 48.369001091000001)",Unfall 131880 (2016) Kat:3, Licht: 0,131880,3,6,2,01,16,3,,0,0,1,0,0,0,0
"POINT (10.912731165000000 48.368371260000004)",Unfall 131909 (2016) Kat:3, Licht: 0,131909,3,2,5,01,07,2,,0,0,1,1,0,0,0
"POINT (10.909734212000000 48.370958580999996)",Unfall 131968 (2016) Kat:2, Licht: 2,131968,2,4,6,01,19,5,,2,0,0,1,0,0,1
"POINT (10.868307134000000 48.372256253000003)",Unfall 131973 (2016) Kat:3, Licht: 0,131973,3,2,6,01,11,7,,0,0,1,1,0,0,0
"POINT (10.915170657999999 48.364738527999997)",Unfall 131980 (2016) Kat:3, Licht: 0,131980,3,4,6,01,14,5,,0,0,1,1,0,0,0
"POINT (10.868385041000000 48.371156552999999)",Unfall 131984 (2016) Kat:3, Licht: 2,131984,3,3,5,01,19,7,,2,0,1,0,0,0,0
"POINT (10.864360739000000 48.335106758999999)",Unfall 132005 (2016) Kat:3, Licht: 0,132005,3,7,0,01,15,2,,0,1,0,0,0,0,0
"POINT (10.944487321000000 48.354573825999999)",Unfall 132032 (2016) Kat:3, Licht: 0,132032,3,4,6,01,15,4,,0,1,0,1,0,0,0
"POINT (10.892730338000000 48.373169255999997)",Unfall 132038 (2016) Kat:3, Licht: 0,132038,3,4,6,01,12,1,,0,0,1,1,0,0,0
"POINT (10.903319107000000 48.403851596999999)",Unfall 132074 (2016) Kat:3, Licht: 0,132074,3,3,5,01,07,6,,0,1,1,0,0,0,0
"POINT (10.884598360000000 48.360846948999999)",Unfall 132076 (2016) Kat:3, Licht: 0,132076,3,6,1,01,12,6,,0,0,1,0,1,0,0
"POINT (10.882312712999999 48.378706151999999)",Unfall 132088 (2016) Kat:3, Licht: 2,132088,3,1,0,01,23,6,,2,0,1,0,0,0,0
"POINT (10.908463480000000 48.370566695000001)",Unfall 132090 (2016) Kat:3, Licht: 0,132090,3,6,0,01,10,6,,0,0,0,0,1,0,0
"POINT (10.868500745000000 48.374708849000001)",Unfall 132224 (2016) Kat:3, Licht: 2,132224,3,6,4,01,23,7,,2,1,1,0,0,0,0
"POINT (10.895582439000000 48.375117260000003)",Unfall 132237 (2016) Kat:3, Licht: 0,132237,3,5,1,02,12,2,,0,1,1,0,0,0,0
"POINT (10.878923060000000 48.370564700000003)",Unfall 132258 (2016) Kat:3, Licht: 0,132258,3,2,4,01,16,5,,0,1,1,0,0,0,0
"POINT (10.909630157000000 48.370722149000002)",Unfall 132286 (2016) Kat:3, Licht: 0,132286,3,7,0,02,17,2,,0,0,0,0,0,0,1
"POINT (10.897573696000000 48.350945500999998)",Unfall 132306 (2016) Kat:3, Licht: 0,132306,3,3,5,02,10,1,,0,0,1,0,0,0,1
"POINT (10.900575733000000 48.378534092999999)",Unfall 132317 (2016) Kat:3, Licht: 2,132317,3,1,8,02,05,1,,2,0,1,0,0,0,0
"POINT (10.936949218000001 48.381744754000003)",Unfall 132328 (2016) Kat:3, Licht: 0,132328,3,2,5,02,09,2,,0,0,1,0,0,0,0
"POINT (10.913989334000000 48.377696473999997)",Unfall 132332 (2016) Kat:3, Licht: 0,132332,3,2,6,02,12,6,,0,0,1,1,0,0,0
"POINT (10.897191804000000 48.357654648000000)",Unfall 132334 (2016) Kat:3, Licht: 2,132334,3,3,5,02,19,6,,2,1,1,0,0,0,0
"POINT (10.872171452000000 48.362255318999999)",Unfall 132385 (2016) Kat:3, Licht: 0,132385,3,3,6,02,11,2,,0,0,1,1,0,0,0
"POINT (10.878295706999999 48.370128645000001)",Unfall 132419 (2016) Kat:3, Licht: 0,132419,3,6,2,02,15,4,,0,0,1,0,0,0,0
"POINT (10.937221395000000 48.364625027999999)",Unfall 132447 (2016) Kat:3, Licht: 2,132447,3,2,6,02,20,4,,2,0,1,1,0,0,0
"POINT (10.885783456000000 48.355649425000003)",Unfall 132457 (2016) Kat:3, Licht: 1,132457,3,6,2,02,06,4,,1,0,1,0,0,0,0
"POINT (10.866803502000000 48.335291877000003)",Unfall 132493 (2016) Kat:3, Licht: 2,132493,3,3,5,02,07,4,,2,1,1,0,0,0,0
"POINT (10.891697925000001 48.370107547000003)",Unfall 132509 (2016) Kat:3, Licht: 2,132509,3,6,1,02,20,5,,2,0,1,0,0,0,0
"POINT (10.927707168000000 48.357242853000002)",Unfall 132572 (2016) Kat:3, Licht: 0,132572,3,7,0,02,15,3,,0,0,1,0,0,0,1
"POINT (10.889750703000001 48.353792550999998)",Unfall 132601 (2016) Kat:3, Licht: 2,132601,3,2,5,02,21,3,,2,1,1,0,0,0,0
"POINT (10.901612235000000 48.300525528999998)",Unfall 132613 (2016) Kat:3, Licht: 0,132613,3,7,2,02,10,3,,0,0,1,0,0,0,0
"POINT (10.885913300000000 48.373354919999997)",Unfall 132629 (2016) Kat:3, Licht: 0,132629,3,1,0,02,14,3,,0,1,0,0,0,0,0
"POINT (10.847621472000000 48.385264907000000)",Unfall 132657 (2016) Kat:3, Licht: 0,132657,3,3,5,02,14,6,,0,0,1,0,0,0,0
"POINT (10.892158010999999 48.368007399000000)",Unfall 132666 (2016) Kat:3, Licht: 0,132666,3,1,0,02,12,6,,0,1,0,0,0,0,0
"POINT (10.880365788000001 48.392747526999997)",Unfall 132674 (2016) Kat:3, Licht: 2,132674,3,3,5,02,20,7,,2,0,1,0,0,0,0
"POINT (10.878548610999999 48.369936537999997)",Unfall 132768 (2016) Kat:3, Licht: 0,132768,3,2,5,02,14,4,,0,1,1,0,0,0,0
"POINT (10.873268232999999 48.349827611000002)",Unfall 132783 (2016) Kat:3, Licht: 2,132783,3,3,5,02,06,2,,2,1,1,0,0,0,0
"POINT (10.881335229999999 48.379373579999999)",Unfall 132821 (2016) Kat:3, Licht: 0,132821,3,6,1,02,13,4,,0,0,1,0,0,1,0
"POINT (10.881760101999999 48.393537887000001)",Unfall 132838 (2016) Kat:3, Licht: 0,132838,3,2,6,02,12,3,,0,0,1,1,0,0,0
"POINT (10.874924817000000 48.371022850999999)",Unfall 132860 (2016) Kat:3, Licht: 0,132860,3,3,5,02,11,3,,0,1,0,0,0,0,1
"POINT (10.899438239000000 48.327891510000001)",Unfall 132888 (2016) Kat:3, Licht: 2,132888,3,3,5,02,19,5,,2,1,1,0,0,0,0
"POINT (10.900605200999999 48.370669347000003)",Unfall 132892 (2016) Kat:2, Licht: 2,132892,2,4,6,02,01,1,,2,0,1,1,0,0,0
"POINT (10.889189493000000 48.371637792999998)",Unfall 132922 (2016) Kat:3, Licht: 0,132922,3,2,3,02,15,2,,0,0,1,0,0,0,0
"POINT (10.896377552000001 48.355717779999999)",Unfall 132925 (2016) Kat:3, Licht: 0,132925,3,3,5,02,15,3,,0,0,1,0,0,0,1
"POINT (10.910188522000000 48.371001350000000)",Unfall 132973 (2016) Kat:3, Licht: 0,132973,3,7,0,02,12,3,,0,1,0,0,0,0,0
"POINT (10.848840238999999 48.314777810000002)",Unfall 132993 (2016) Kat:3, Licht: 0,132993,3,1,0,02,14,5,,0,1,0,0,0,0,0
"POINT (10.869977271000000 48.371891267000002)",Unfall 133012 (2016) Kat:3, Licht: 0,133012,3,3,5,02,16,3,,0,0,1,0,0,0,0
"POINT (10.868580048000000 48.377308929999998)",Unfall 133045 (2016) Kat:2, Licht: 1,133045,2,4,6,02,17,5,,1,1,0,1,0,0,0
"POINT (10.870017321000001 48.381336763999997)",Unfall 133052 (2016) Kat:3, Licht: 1,133052,3,2,5,02,17,5,,1,0,1,0,0,0,0
"POINT (10.937909919999999 48.370961258000001)",Unfall 133061 (2016) Kat:3, Licht: 2,133061,3,3,0,02,05,6,,2,1,0,0,0,0,0
"POINT (10.857405118000001 48.380119559000001)",Unfall 133063 (2016) Kat:3, Licht: 0,133063,3,3,6,02,15,3,,0,0,1,1,0,0,0
"POINT (10.878414090000000 48.370129159000001)",Unfall 133065 (2016) Kat:3, Licht: 0,133065,3,6,2,02,16,5,,0,0,1,0,0,0,0
"POINT (10.898822650000000 48.360834293000003)",Unfall 133076 (2016) Kat:3, Licht: 0,133076,3,3,5,02,07,3,,0,1,0,0,0,0,1
"POINT (10.877490073000001 48.379656050999998)",Unfall 133079 (2016) Kat:3, Licht: 0,133079,3,7,0,02,15,5,,0,1,0,0,0,0,0
"POINT (10.910378118000001 48.423064982000000)",Unfall 133084 (2016) Kat:3, Licht: 0,133084,3,3,5,02,16,5,,0,0,1,0,0,0,0
"POINT (10.931032050000001 48.395598309000000)",Unfall 133088 (2016) Kat:3, Licht: 0,133088,3,2,4,02,12,5,,0,0,1,0,0,0,0
"POINT (10.905848031000000 48.404244890000001)",Unfall 133092 (2016) Kat:3, Licht: 0,133092,3,4,6,02,13,5,,0,0,1,1,0,0,0
"POINT (10.897706934000000 48.370547299999998)",Unfall 133100 (2016) Kat:3, Licht: 0,133100,3,4,6,02,13,6,,0,0,1,1,0,0,0
"POINT (10.888359502000000 48.365881692999999)",Unfall 133108 (2016) Kat:3, Licht: 2,133108,3,7,6,02,19,6,,2,0,0,1,0,0,1
"POINT (10.873418844000000 48.350398912000003)",Unfall 133148 (2016) Kat:3, Licht: 0,133148,3,2,6,02,12,2,,0,0,1,1,0,0,0
"POINT (10.899091803999999 48.332756803000002)",Unfall 133158 (2016) Kat:2, Licht: 2,133158,2,2,6,02,00,7,,2,0,1,1,0,0,0
"POINT (10.873184935999999 48.381469471000003)",Unfall 133184 (2016) Kat:3, Licht: 0,133184,3,7,0,02,07,5,,0,1,0,0,0,0,0
"POINT (10.885201273000000 48.354951743000001)",Unfall 133189 (2016) Kat:3, Licht: 0,133189,3,3,5,02,10,5,,0,0,1,0,0,0,0
"POINT (10.887552664999999 48.365815847999997)",Unfall 133201 (2016) Kat:3, Licht: 0,133201,3,4,6,02,16,2,,0,0,1,1,0,0,0
"POINT (10.903779671000001 48.389923883999998)",Unfall 133270 (2016) Kat:3, Licht: 0,133270,3,3,5,02,07,6,,0,1,1,0,0,0,0
"POINT (10.913228160999999 48.378225204000003)",Unfall 133282 (2016) Kat:3, Licht: 0,133282,3,4,6,02,16,6,,0,0,1,1,0,0,0
"POINT (10.899287320999999 48.365238883000004)",Unfall 133306 (2016) Kat:3, Licht: 0,133306,3,3,5,02,15,2,,0,1,1,0,0,0,0
"POINT (10.885638925000000 48.345283784000003)",Unfall 133335 (2016) Kat:3, Licht: 0,133335,3,6,1,02,11,6,,0,0,1,0,0,0,0
"POINT (10.889578119999999 48.371515737999999)",Unfall 133349 (2016) Kat:3, Licht: 0,133349,3,6,2,02,11,6,,0,0,1,0,0,0,0
"POINT (10.885906131000000 48.379946443999998)",Unfall 133387 (2016) Kat:3, Licht: 0,133387,3,3,5,03,16,6,,0,0,1,0,0,0,0
"POINT (10.915286872999999 48.380288243999999)",Unfall 133402 (2016) Kat:3, Licht: 2,133402,3,3,5,03,03,1,,2,0,1,0,0,0,0
"POINT (10.903241359000001 48.376521996000001)",Unfall 133436 (2016) Kat:3, Licht: 0,133436,3,3,5,03,08,5,,0,0,1,0,0,0,0
"POINT (10.869896480000000 48.372035801999999)",Unfall 133463 (2016) Kat:3, Licht: 2,133463,3,3,4,03,22,7,,2,0,1,0,0,0,0
"POINT (10.886282963999999 48.376417703999998)",Unfall 133475 (2016) Kat:2, Licht: 0,133475,2,1,0,03,07,5,,0,1,0,0,0,0,0
"POINT (10.881883019000000 48.340488045000001)",Unfall 133557 (2016) Kat:3, Licht: 0,133557,3,3,5,03,14,4,,0,0,1,0,0,0,0
"POINT (10.878626156999999 48.350561120999998)",Unfall 133566 (2016) Kat:3, Licht: 0,133566,3,6,2,03,13,4,,0,0,1,0,0,0,0
"POINT (10.915655589000000 48.395597641000002)",Unfall 133618 (2016) Kat:3, Licht: 0,133618,3,3,5,03,16,7,,0,1,1,0,0,0,0
"POINT (10.881423134000000 48.388594759999997)",Unfall 133626 (2016) Kat:3, Licht: 0,133626,3,3,5,03,13,4,,0,0,1,0,0,0,0
"POINT (10.889907797999999 48.370162585000003)",Unfall 133631 (2016) Kat:3, Licht: 2,133631,3,6,2,03,19,7,,2,0,1,0,0,0,0
"POINT (10.896298165999999 48.370198289999998)",Unfall 133633 (2016) Kat:3, Licht: 0,133633,3,4,6,03,10,2,,0,0,1,1,0,0,0
"POINT (10.889721680999999 48.360374776000000)",Unfall 133638 (2016) Kat:3, Licht: 0,133638,3,6,2,03,12,4,,0,0,1,0,0,0,0
"POINT (10.889803254000000 48.353774223000002)",Unfall 133675 (2016) Kat:3, Licht: 2,133675,3,1,1,03,23,4,,2,0,1,0,0,0,0
"POINT (10.909507065000000 48.370499664000000)",Unfall 133678 (2016) Kat:3, Licht: 0,133678,3,4,6,03,16,4,,0,0,0,1,0,0,1
"POINT (10.868595829000000 48.348136175999997)",Unfall 133710 (2016) Kat:3, Licht: 0,133710,3,1,0,03,15,2,,0,1,0,0,0,0,0
"POINT (10.852564285000000 48.385596378999999)",Unfall 133769 (2016) Kat:3, Licht: 0,133769,3,6,2,03,07,5,,0,0,1,0,0,0,0
"POINT (10.849572636000000 48.406565245000003)",Unfall 133783 (2016) Kat:3, Licht: 0,133783,3,2,3,03,07,5,,0,0,1,0,0,0,0
"POINT (10.913917605000000 48.377077204999999)",Unfall 133790 (2016) Kat:3, Licht: 0,133790,3,7,3,03,11,7,,0,0,1,0,0,0,1
"POINT (10.885493979000000 48.373688870999999)",Unfall 133805 (2016) Kat:3, Licht: 0,133805,3,3,0,03,07,2,,0,1,1,0,0,0,0
"POINT (10.898522623000000 48.297131677000003)",Unfall 133816 (2016) Kat:3, Licht: 0,133816,3,7,5,03,14,2,,0,0,1,0,0,0,1
"POINT (10.916134610000000 48.387749788999997)",Unfall 133837 (2016) Kat:3, Licht: 0,133837,3,2,4,03,13,7,,0,0,1,0,0,0,0
"POINT (10.873873885000000 48.381500830000000)",Unfall 133860 (2016) Kat:3, Licht: 2,133860,3,6,2,03,18,1,,2,0,1,0,0,0,0
"POINT (10.887707398000000 48.381037939999999)",Unfall 133864 (2016) Kat:3, Licht: 0,133864,3,3,5,03,15,2,,0,1,1,0,0,0,0
"POINT (10.881631952999999 48.365851497999998)",Unfall 133870 (2016) Kat:3, Licht: 0,133870,3,2,4,03,07,4,,0,1,1,0,0,0,0
"POINT (10.890057843999999 48.370253210999998)",Unfall 133889 (2016) Kat:3, Licht: 2,133889,3,2,4,03,22,6,,2,0,1,0,0,0,0
"POINT (10.868381169999999 48.371632949000002)",Unfall 133974 (2016) Kat:3, Licht: 0,133974,3,3,5,03,14,4,,0,0,1,0,0,0,0
"POINT (10.950377315000001 48.339459439999999)",Unfall 133981 (2016) Kat:3, Licht: 0,133981,3,1,0,03,07,4,,0,1,0,0,0,0,0
"POINT (10.847149827000001 48.386065733999999)",Unfall 133985 (2016) Kat:3, Licht: 0,133985,3,6,2,03,12,6,,0,0,1,0,0,0,0
"POINT (10.885901828000000 48.367745028999998)",Unfall 133992 (2016) Kat:2, Licht: 2,133992,2,7,6,03,20,4,,2,1,0,1,0,0,0
"POINT (10.881422535000000 48.389632921999997)",Unfall 133995 (2016) Kat:3, Licht: 0,133995,3,6,2,03,11,6,,0,0,1,0,0,0,0
"POINT (10.897863527000000 48.370510791000001)",Unfall 134029 (2016) Kat:3, Licht: 2,134029,3,2,4,03,19,1,,2,0,1,0,0,0,0
"POINT (10.906751640000000 48.386550329000002)",Unfall 134047 (2016) Kat:3, Licht: 0,134047,3,6,2,03,12,6,,0,0,1,0,0,0,0
"POINT (10.912692518000000 48.368325951999999)",Unfall 134054 (2016) Kat:3, Licht: 1,134054,3,1,0,03,07,6,,1,0,0,0,1,0,0
"POINT (10.863779518999999 48.362733065999997)",Unfall 134076 (2016) Kat:3, Licht: 0,134076,3,6,2,03,07,5,,0,0,1,0,0,0,0
"POINT (10.919857816000000 48.380306439999998)",Unfall 134086 (2016) Kat:3, Licht: 0,134086,3,3,5,03,15,5,,0,1,1,0,0,0,0
"POINT (10.915640612000001 48.355970284000001)",Unfall 134090 (2016) Kat:3, Licht: 0,134090,3,1,5,03,08,5,,0,1,1,0,0,0,0
"POINT (10.886715463000000 48.360769396999999)",Unfall 134098 (2016) Kat:3, Licht: 0,134098,3,6,4,03,13,5,,0,0,1,0,0,0,0
"POINT (10.878601988000000 48.403376776999998)",Unfall 134101 (2016) Kat:2, Licht: 1,134101,2,2,5,03,06,3,,1,0,1,0,0,0,0
"POINT (10.890078283999999 48.360480746000000)",Unfall 134105 (2016) Kat:3, Licht: 0,134105,3,6,2,03,08,6,,0,0,1,0,0,0,0
"POINT (10.903195748000000 48.304114210000002)",Unfall 134108 (2016) Kat:3, Licht: 0,134108,3,2,4,03,13,3,,0,0,1,0,0,0,0
"POINT (10.914203534000000 48.359973404999998)",Unfall 134114 (2016) Kat:3, Licht: 1,134114,3,3,5,03,07,3,,1,1,1,0,0,0,0
"POINT (10.888672969000000 48.354156697999997)",Unfall 134136 (2016) Kat:3, Licht: 0,134136,3,2,5,03,17,1,,0,1,1,0,0,0,0
"POINT (10.884582712000000 48.395451098000002)",Unfall 134170 (2016) Kat:3, Licht: 2,134170,3,5,1,03,21,2,,2,1,1,0,0,0,0
"POINT (10.885484459000001 48.355270544000000)",Unfall 134206 (2016) Kat:3, Licht: 0,134206,3,2,4,03,14,7,,0,1,1,0,0,0,0
"POINT (10.891856760000000 48.368774096999999)",Unfall 134214 (2016) Kat:3, Licht: 2,134214,3,6,1,03,22,7,,2,0,1,0,0,0,0
"POINT (10.930788721000001 48.377153698999997)",Unfall 134276 (2016) Kat:3, Licht: 0,134276,3,3,5,03,07,5,,0,1,1,0,0,0,0
"POINT (10.891324380000000 48.317130151999997)",Unfall 134279 (2016) Kat:3, Licht: 0,134279,3,4,6,03,12,5,,0,0,1,1,0,0,0