WKT,Name,OBJECTID,UKATEGORIE,UTYP1,UART,UMONAT,USTUNDE,UWOCHENTAG,STRZUSTAND,ULICHTVERH,ISTRAD,ISTPKW,ISTFUSS,ISTKRAD,ISTGKFZ,ISTSONSTIG
"POINT (10.884948164000001 48.368708947999998)",Unfall 134287 (2016) Kat:2, Licht: 0,134287,2,7,0,03,16,5,,0,1,0,0,0,0,0
"POINT (10.919642788000001 48.377659809999997)",Unfall 134332 (2016) Kat:3, Licht: 0,134332,3,3,5,03,14,4,,0,1,1,0,0,0,0
"POINT (10.884067845000001 48.392209475000001)",Unfall 134343 (2016) Kat:3, Licht: 0,134343,3,7,6,03,13,4,,0,0,1,1,0,0,0
"POINT (10.937591694000000 48.378274570000002)",Unfall 134346 (2016) Kat:3, Licht: 0,134346,3,7,0,03,07,4,,0,0,0,0,1,0,0
"POINT (10.915688324000000 48.360952361000002)",Unfall 134352 (2016) Kat:3, Licht: 2,134352,3,6,2,03,20,6,,2,1,1,0,0,0,0
"POINT (10.881069167000000 48.380198272000001)",Unfall 134366 (2016) Kat:2, Licht: 0,134366,2,3,5,03,17,2,,0,1,1,0,0,0,0
"POINT (10.898949720999999 48.394535343999998)",Unfall 134394 (2016) Kat:3, Licht: 0,134394,3,7,0,03,10,3,,0,1,0,0,0,0,0
"POINT (10.858744370000000 48.365368199999999)",Unfall 134427 (2016) Kat:3, Licht: 0,134427,3,3,5,03,18,4,,0,0,1,0,0,0,0
"POINT (10.864945837000000 48.380952722000004)",Unfall 134435 (2016) Kat:3, Licht: 0,134435,3,3,5,03,14,4,,0,1,1,0,0,0,0
"POINT (10.873284727000000 48.381477406999998)",Unfall 134447 (2016) Kat:3, Licht: 0,134447,3,4,6,03,08,4,,0,0,1,1,0,0,0
"POINT (10.901290737000000 48.372650546000003)",Unfall 134455 (2016) Kat:3, Licht: 0,134455,3,7,1,03,14,4,,0,1,1,0,0,0,0
"POINT (10.907179055000000 48.370237604000003)",Unfall 134458 (2016) Kat:3, Licht: 0,134458,3,7,0,03,13,4,,0,0,1,0,0,0,1
"POINT (10.903470894000000 48.366507957000003)",Unfall 134469 (2016) Kat:3, Licht: 0,134469,3,7,0,04,15,7,,0,0,0,0,0,0,1
"POINT (10.902246343000000 48.356865679999999)",Unfall 134477 (2016) Kat:3, Licht: 0,134477,3,6,1,03,16,3,,0,0,1,0,0,0,0
"POINT (10.898829306000000 48.332816860999998)",Unfall 134485 (2016) Kat:3, Licht: 0,134485,3,3,5,03,12,3,,0,0,0,0,0,1,1
"POINT (10.879328837999999 48.378085900000002)",Unfall 134583 (2016) Kat:2, Licht: 0,134583,2,1,0,04,18,1,,0,0,0,0,1,0,0
"POINT (10.889706525999999 48.360384328000002)",Unfall 134599 (2016) Kat:3, Licht: 2,134599,3,2,5,04,02,1,,2,0,1,0,0,0,0
"POINT (10.946349709000000 48.360781285999998)",Unfall 134601 (2016) Kat:3, Licht: 0,134601,3,3,5,03,10,5,,0,0,1,0,0,0,0
"POINT (10.848600677000000 48.379554028000001)",Unfall 134614 (2016) Kat:3, Licht: 0,134614,3,3,5,03,11,5,,0,1,1,0,0,0,0
"POINT (10.888466054000000 48.360767555000002)",Unfall 134619 (2016) Kat:3, Licht: 2,134619,3,7,5,03,20,5,,2,1,1,0,0,0,0
"POINT (10.898120790000000 48.352735742999997)",Unfall 134623 (2016) Kat:3, Licht: 2,134623,3,3,5,03,04,5,,2,0,1,0,0,0,0
"POINT (10.916378505999999 48.381601930999999)",Unfall 134691 (2016) Kat:3, Licht: 0,134691,3,2,1,04,13,2,,0,0,1,0,0,0,0
"POINT (10.902605911000000 48.391004348999999)",Unfall 134694 (2016) Kat:3, Licht: 0,134694,3,3,5,04,17,2,,0,1,1,0,0,0,0
"POINT (10.881706954000000 48.365736079000001)",Unfall 134703 (2016) Kat:3, Licht: 0,134703,3,3,6,04,10,2,,0,0,1,1,0,0,0
"POINT (10.879634486000000 48.365356665999997)",Unfall 134704 (2016) Kat:3, Licht: 0,134704,3,2,5,04,16,3,,0,1,1,0,0,0,0
"POINT (10.888475200000000 48.369262399000000)",Unfall 134713 (2016) Kat:3, Licht: 1,134713,3,3,5,04,05,2,,1,0,1,0,1,0,0
"POINT (10.901010617000001 48.370738119999999)",Unfall 134716 (2016) Kat:2, Licht: 0,134716,2,2,3,04,09,2,,0,1,0,0,0,1,0
"POINT (10.880541646999999 48.379334002000000)",Unfall 134717 (2016) Kat:2, Licht: 0,134717,2,6,3,04,16,3,,0,1,1,0,0,0,0
"POINT (10.902237210999999 48.364363195999999)",Unfall 134723 (2016) Kat:2, Licht: 0,134723,2,3,5,04,08,2,,0,1,1,0,0,0,0
"POINT (10.876971973000000 48.382609975000001)",Unfall 134725 (2016) Kat:3, Licht: 0,134725,3,4,6,04,14,3,,0,0,1,1,0,0,0
"POINT (10.897202019000000 48.349967204999999)",Unfall 134728 (2016) Kat:3, Licht: 0,134728,3,6,5,04,16,3,,0,0,1,0,0,0,0
"POINT (10.887485375000001 48.357704728000002)",Unfall 134730 (2016) Kat:3, Licht: 0,134730,3,3,5,04,07,3,,0,1,1,0,0,0,0
"POINT (10.911972290000000 48.373659093000001)",Unfall 134737 (2016) Kat:3, Licht: 2,134737,3,6,4,04,22,3,,2,1,0,0,0,0,0
"POINT (10.876129061000000 48.364329243000000)",Unfall 134823 (2016) Kat:3, Licht: 1,134823,3,1,0,04,19,5,,1,1,0,0,0,0,0
"POINT (10.880498908000000 48.393747933999997)",Unfall 134836 (2016) Kat:3, Licht: 0,134836,3,2,6,04,10,5,,0,0,1,1,0,0,0
"POINT (10.880503541000000 48.379346689000002)",Unfall 134849 (2016) Kat:3, Licht: 0,134849,3,4,6,04,14,5,,0,0,1,1,0,0,0
"POINT (10.879565955000000 48.368413070999999)",Unfall 134872 (2016) Kat:3, Licht: 0,134872,3,3,5,04,17,4,,0,1,1,0,0,0,0
"POINT (10.905479219000000 48.388007098000003)",Unfall 134884 (2016) Kat:2, Licht: 0,134884,2,4,6,04,07,5,,0,0,1,1,0,0,0
"POINT (10.939965763000000 48.397768563000000)",Unfall 134885 (2016) Kat:3, Licht: 2,134885,3,1,9,04,20,4,,2,0,1,0,0,0,0
"POINT (10.916484341000000 48.383116719999997)",Unfall 134893 (2016) Kat:3, Licht: 0,134893,3,4,0,04,12,5,,0,1,0,1,0,0,0
"POINT (10.884031888999999 48.366866962000003)",Unfall 134894 (2016) Kat:3, Licht: 0,134894,3,6,2,04,16,4,,0,0,1,0,0,0,0
"POINT (10.910091110000000 48.369266760000002)",Unfall 134897 (2016) Kat:3, Licht: 0,134897,3,6,2,04,16,5,,0,0,1,0,0,0,0
"POINT (10.897635413000000 48.367122227999999)",Unfall 134898 (2016) Kat:3, Licht: 0,134898,3,7,0,04,14,4,,0,1,0,0,0,0,0
"POINT (10.856563512999999 48.373433779999999)",Unfall 134904 (2016) Kat:3, Licht: 0,134904,3,6,2,04,17,2,,0,0,1,0,0,1,0
"POINT (10.870691806000000 48.365263104999997)",Unfall 134950 (2016) Kat:3, Licht: 0,134950,3,3,5,04,08,2,,0,0,1,0,0,0,0
"POINT (10.903214376999999 48.304112547999999)",Unfall 134957 (2016) Kat:3, Licht: 2,134957,3,2,5,04,21,1,,2,0,1,0,0,0,0
"POINT (10.898159741000001 48.369471183000002)",Unfall 134964 (2016) Kat:3, Licht: 0,134964,3,1,0,04,18,1,,0,1,0,0,0,0,0
"POINT (10.936142675999999 48.365802283999997)",Unfall 134969 (2016) Kat:3, Licht: 0,134969,3,7,0,04,08,6,,0,1,0,0,0,0,0
"POINT (10.915516100000000 48.355545509999999)",Unfall 134972 (2016) Kat:3, Licht: 0,134972,3,2,3,04,15,6,,0,1,1,0,0,0,0
"POINT (10.907648090000000 48.373594783999998)",Unfall 134981 (2016) Kat:3, Licht: 0,134981,3,5,1,04,14,6,,0,1,1,0,0,0,0
"POINT (10.880845850000000 48.373316357000000)",Unfall 134991 (2016) Kat:3, Licht: 1,134991,3,3,5,04,16,6,,1,1,1,0,0,0,0
"POINT (10.900689570000001 48.346070329000000)",Unfall 135052 (2016) Kat:3, Licht: 0,135052,3,1,0,04,16,2,,0,1,0,0,0,0,0
"POINT (10.880595107000000 48.381825890999998)",Unfall 135081 (2016) Kat:3, Licht: 0,135081,3,6,2,04,17,3,,0,0,1,0,0,0,0
"POINT (10.952650222999999 48.350884354999998)",Unfall 135093 (2016) Kat:3, Licht: 0,135093,3,6,0,04,15,3,,0,1,1,0,0,0,0
"POINT (10.901649330000000 48.300294125999997)",Unfall 135103 (2016) Kat:2, Licht: 0,135103,2,3,5,04,14,3,,0,1,0,0,0,0,0
"POINT (10.868396730000001 48.372272303999999)",Unfall 135210 (2016) Kat:3, Licht: 2,135210,3,3,5,04,05,6,,2,0,1,0,0,0,1
"POINT (10.850835457000001 48.384928156999997)",Unfall 135221 (2016) Kat:3, Licht: 0,135221,3,7,6,04,10,7,,0,0,1,1,0,0,0
"POINT (10.922961633000000 48.396773959999997)",Unfall 135223 (2016) Kat:2, Licht: 0,135223,2,2,4,04,07,6,,0,0,1,0,0,0,0
"POINT (10.875256587000001 48.381127870000000)",Unfall 135227 (2016) Kat:3, Licht: 2,135227,3,6,2,04,19,7,,2,0,1,0,0,0,0
"POINT (10.897807746000000 48.304595540999998)",Unfall 135239 (2016) Kat:3, Licht: 0,135239,3,3,5,04,13,6,,0,0,1,0,0,0,0
"POINT (10.871272233999999 48.398933990000003)",Unfall 135291 (2016) Kat:2, Licht: 0,135291,2,2,4,04,18,6,,0,0,1,0,1,0,0
"POINT (10.897777520000000 48.371243792999998)",Unfall 135296 (2016) Kat:3, Licht: 0,135296,3,3,5,04,11,5,,0,0,1,0,0,0,0
"POINT (10.915882933000001 48.388195052999997)",Unfall 135341 (2016) Kat:3, Licht: 0,135341,3,6,2,04,12,6,,0,0,1,0,0,0,0
"POINT (10.869139173000001 48.381234120000002)",Unfall 135383 (2016) Kat:3, Licht: 0,135383,3,4,6,04,10,4,,0,0,1,1,0,0,0
"POINT (10.890773983000001 48.370811541999998)",Unfall 135388 (2016) Kat:3, Licht: 0,135388,3,3,5,04,10,6,,0,0,1,0,0,0,0
"POINT (10.900904546000000 48.377205887000002)",Unfall 135400 (2016) Kat:3, Licht: 0,135400,3,1,9,04,13,5,,0,1,0,0,0,0,0
"POINT (10.932888525999999 48.369641555999998)",Unfall 135441 (2016) Kat:3, Licht: 0,135441,3,3,5,04,19,6,,0,1,1,0,0,0,0
"POINT (10.876639863999999 48.384933795000002)",Unfall 135453 (2016) Kat:3, Licht: 0,135453,3,6,2,04,13,5,,0,0,1,0,0,0,0
"POINT (10.880965639999999 48.380544035000000)",Unfall 135459 (2016) Kat:3, Licht: 0,135459,3,2,5,04,18,1,,0,0,1,0,0,0,0
"POINT (10.891355579000001 48.370330844000001)",Unfall 135512 (2016) Kat:3, Licht: 0,135512,3,6,2,04,18,5,,0,0,1,0,0,0,0
"POINT (10.931562640999999 48.371158907000002)",Unfall 135532 (2016) Kat:3, Licht: 0,135532,3,7,2,04,15,4,,0,0,1,0,0,0,1
"POINT (10.929544775000000 48.371988578000000)",Unfall 135537 (2016) Kat:3, Licht: 0,135537,3,4,6,04,14,4,,0,0,1,1,0,0,0
"POINT (10.887784548999999 48.374531941000001)",Unfall 135602 (2016) Kat:3, Licht: 0,135602,3,5,1,04,19,5,,0,1,1,0,0,0,0
"POINT (10.902515480000000 48.357756608000003)",Unfall 135634 (2016) Kat:3, Licht: 2,135634,3,3,5,04,23,4,,2,1,1,0,0,0,0
"POINT (10.878926929000000 48.370834977000001)",Unfall 135638 (2016) Kat:2, Licht: 0,135638,2,3,5,04,07,4,,0,1,1,0,0,0,0
"POINT (10.882903023000001 48.378497279999998)",Unfall 135666 (2016) Kat:3, Licht: 0,135666,3,5,1,04,14,5,,0,1,1,0,0,0,0
"POINT (10.921621848999999 48.358200985000003)",Unfall 135685 (2016) Kat:3, Licht: 0,135685,3,3,0,04,09,4,,0,0,0,0,0,0,1
"POINT (10.915541480000000 48.395928136999999)",Unfall 135690 (2016) Kat:3, Licht: 0,135690,3,6,0,04,19,4,,0,0,1,0,1,0,0
"POINT (10.858148098999999 48.395926170999999)",Unfall 135702 (2016) Kat:3, Licht: 0,135702,3,2,5,04,17,5,,0,1,1,0,0,0,0
"POINT (10.908382584000000 48.367250892999998)",Unfall 135706 (2016) Kat:3, Licht: 0,135706,3,7,6,04,16,2,,0,0,1,1,0,0,0
"POINT (10.881269892000001 48.379160042000002)",Unfall 135743 (2016) Kat:3, Licht: 0,135743,3,6,1,04,18,7,,0,0,1,0,0,0,1
"POINT (10.863797741999999 48.381335114999999)",Unfall 135755 (2016) Kat:3, Licht: 2,135755,3,7,8,04,23,1,,2,0,1,0,0,0,0
"POINT (10.915384703999999 48.396903668999997)",Unfall 135781 (2016) Kat:3, Licht: 0,135781,3,2,2,04,17,1,,0,0,1,0,0,0,0
"POINT (10.898993824000000 48.370075796000002)",Unfall 135794 (2016) Kat:3, Licht: 0,135794,3,7,6,04,10,7,,0,0,1,1,0,0,0
"POINT (10.858560170000001 48.380221863999999)",Unfall 135797 (2016) Kat:3, Licht: 0,135797,3,4,6,04,11,2,,0,0,1,1,0,0,0
"POINT (10.902526929000000 48.370547944000002)",Unfall 135810 (2016) Kat:3, Licht: 0,135810,3,7,3,04,16,3,,0,0,1,0,0,0,1
"POINT (10.874011963999999 48.380867019999997)",Unfall 135826 (2016) Kat:2, Licht: 2,135826,2,7,6,04,21,6,,2,0,1,1,0,0,0
"POINT (10.935335781999999 48.390137807999999)",Unfall 135836 (2016) Kat:3, Licht: 0,135836,3,6,0,04,11,6,,0,0,0,0,1,0,0
"POINT (10.854199863000000 48.379877235000002)",Unfall 135839 (2016) Kat:3, Licht: 2,135839,3,4,6,04,22,3,,2,0,1,1,0,0,0
"POINT (10.934624951000000 48.396365095999997)",Unfall 135865 (2016) Kat:3, Licht: 0,135865,3,3,5,04,09,2,,0,0,1,0,0,0,0
"POINT (10.881433501000000 48.389804367000004)",Unfall 135899 (2016) Kat:3, Licht: 0,135899,3,6,2,04,16,7,,0,0,1,0,0,0,0
"POINT (10.868382173000001 48.369508879999998)",Unfall 135902 (2016) Kat:3, Licht: 0,135902,3,6,3,04,15,2,,0,1,1,0,0,0,0
"POINT (10.885594591000000 48.344232511999998)",Unfall 135917 (2016) Kat:3, Licht: 0,135917,3,2,6,04,16,3,,0,0,1,1,0,0,0
"POINT (10.892449013000000 48.369644317999999)",Unfall 135952 (2016) Kat:3, Licht: 0,135952,3,2,4,04,11,7,,0,1,1,0,0,0,0
"POINT (10.946093175000000 48.342618569999999)",Unfall 135972 (2016) Kat:3, Licht: 2,135972,3,3,0,04,21,2,,2,1,1,0,0,0,0
"POINT (10.852265728000001 48.379796388000003)",Unfall 136014 (2016) Kat:3, Licht: 0,136014,3,1,0,04,12,7,,0,1,0,0,0,0,0
"POINT (10.915477360000001 48.395509900999997)",Unfall 136041 (2016) Kat:3, Licht: 0,136041,3,3,5,04,18,7,,0,1,1,0,0,0,0
"POINT (10.900878504000000 48.370677381999997)",Unfall 136043 (2016) Kat:3, Licht: 0,136043,3,7,0,05,18,1,,0,1,0,1,0,0,0
"POINT (10.905673929000001 48.414500564999997)",Unfall 136052 (2016) Kat:2, Licht: 0,136052,2,7,0,04,13,7,,0,1,0,0,0,0,0
"POINT (10.878978772000000 48.336306592000000)",Unfall 136136 (2016) Kat:3, Licht: 0,136136,3,3,5,04,14,5,,0,1,1,0,0,0,0
"POINT (10.888640600000000 48.354167846999999)",Unfall 136159 (2016) Kat:3, Licht: 0,136159,3,2,2,04,18,5,,0,1,1,0,1,0,0
"POINT (10.902084868999999 48.359568185999997)",Unfall 136212 (2016) Kat:3, Licht: 0,136212,3,6,2,04,08,6,,0,0,1,0,0,0,1
"POINT (10.888650851000000 48.376795706999999)",Unfall 136244 (2016) Kat:3, Licht: 0,136244,3,3,5,04,17,6,,0,1,1,0,0,0,0
"POINT (10.865677176000000 48.372385987000001)",Unfall 136262 (2016) Kat:3, Licht: 0,136262,3,6,1,05,18,4,,0,0,1,0,0,0,0
"POINT (10.864017059000000 48.372673345999999)",Unfall 136292 (2016) Kat:3, Licht: 0,136292,3,6,2,05,18,4,,0,0,1,0,0,0,0
"POINT (10.878429015000000 48.343276379999999)",Unfall 136294 (2016) Kat:3, Licht: 0,136294,3,3,5,05,18,5,,0,0,1,0,0,0,0
"POINT (10.870726393000000 48.371862387000000)",Unfall 136304 (2016) Kat:3, Licht: 0,136304,3,6,2,05,17,4,,0,0,1,0,0,0,0
"POINT (10.881545518999999 48.388594112000000)",Unfall 136316 (2016) Kat:3, Licht: 0,136316,3,1,0,05,12,4,,0,1,0,0,0,0,0
"POINT (10.873433357000000 48.351219516000000)",Unfall 136353 (2016) Kat:3, Licht: 0,136353,3,7,5,05,07,4,,0,1,1,0,0,0,0
"POINT (10.885512260000000 48.373711821000001)",Unfall 136364 (2016) Kat:3, Licht: 0,136364,3,3,5,05,16,4,,0,1,1,0,0,0,0
"POINT (10.845999312000000 48.382468109999998)",Unfall 136394 (2016) Kat:3, Licht: 0,136394,3,6,2,05,14,2,,0,0,1,0,0,0,0
"POINT (10.898746999000000 48.304657935000002)",Unfall 136422 (2016) Kat:3, Licht: 0,136422,3,1,0,05,16,2,,0,1,0,0,0,0,0
"POINT (10.901621113999999 48.374904823000001)",Unfall 136431 (2016) Kat:3, Licht: 0,136431,3,6,0,05,16,2,,0,0,1,0,0,0,1
"POINT (10.916532218000000 48.387075308999997)",Unfall 136513 (2016) Kat:3, Licht: 1,136513,3,4,6,05,20,3,,1,0,1,1,0,0,0
"POINT (10.886018600000000 48.351232293999999)",Unfall 136521 (2016) Kat:3, Licht: 0,136521,3,2,4,05,12,3,,0,1,1,0,0,0,0
"POINT (10.900755768000000 48.350434497999998)",Unfall 136523 (2016) Kat:3, Licht: 0,136523,3,1,0,05,12,3,,0,1,0,0,0,0,0
"POINT (10.881104694999999 48.380093467000002)",Unfall 136531 (2016) Kat:3, Licht: 0,136531,3,2,6,05,08,6,,0,0,1,1,0,0,0
"POINT (10.876638846000001 48.333510251000000)",Unfall 136537 (2016) Kat:3, Licht: 0,136537,3,3,5,05,17,6,,0,1,1,0,0,0,0
"POINT (10.880925845000000 48.363207570000000)",Unfall 136700 (2016) Kat:2, Licht: 0,136700,2,3,5,05,10,1,,0,0,1,0,1,0,0
"POINT (10.884978025000001 48.360906864999997)",Unfall 136717 (2016) Kat:3, Licht: 0,136717,3,6,1,05,12,1,,0,0,1,0,1,0,0
"POINT (10.917167324999999 48.382840936000001)",Unfall 136743 (2016) Kat:2, Licht: 0,136743,2,3,5,05,13,7,,0,1,1,0,0,0,0
"POINT (10.873675806000000 48.363670556000002)",Unfall 136797 (2016) Kat:3, Licht: 0,136797,3,6,3,05,15,6,,0,1,1,0,0,0,0
"POINT (10.854373738000000 48.336942553000000)",Unfall 136804 (2016) Kat:3, Licht: 0,136804,3,2,5,05,17,5,,0,0,1,0,0,0,0
"POINT (10.900731456000001 48.350290710000003)",Unfall 136820 (2016) Kat:3, Licht: 0,136820,3,4,6,05,07,5,,0,1,0,1,0,0,0
"POINT (10.877897160000000 48.349804288999998)",Unfall 136824 (2016) Kat:3, Licht: 0,136824,3,2,5,05,10,2,,0,0,1,0,0,0,0
"POINT (10.893874412000001 48.320625444999997)",Unfall 136858 (2016) Kat:3, Licht: 0,136858,3,2,5,05,16,5,,0,0,1,0,0,0,1
"POINT (10.897880254000000 48.371035249000002)",Unfall 136862 (2016) Kat:3, Licht: 0,136862,3,3,0,05,11,5,,0,0,0,0,1,0,1
"POINT (10.904597487000000 48.370220347000000)",Unfall 136873 (2016) Kat:3, Licht: 0,136873,3,3,5,05,08,5,,0,0,1,0,0,0,0
"POINT (10.878596364000000 48.369432701999997)",Unfall 136977 (2016) Kat:2, Licht: 0,136977,2,7,5,05,15,4,,0,1,0,0,0,0,1
"POINT (10.870149511999999 48.371854794999997)",Unfall 136985 (2016) Kat:2, Licht: 0,136985,2,3,5,05,07,4,,0,1,1,0,0,0,0
"POINT (10.890402558000000 48.365224329000000)",Unfall 136990 (2016) Kat:2, Licht: 0,136990,2,4,6,05,15,4,,0,0,1,1,0,0,0
"POINT (10.894563228000001 48.370165391999997)",Unfall 136998 (2016) Kat:3, Licht: 0,136998,3,3,5,05,15,4,,0,1,1,0,0,0,0
"POINT (10.868398046999999 48.372397182000000)",Unfall 137024 (2016) Kat:3, Licht: 0,137024,3,6,2,05,08,3,,0,0,1,0,0,0,0
"POINT (10.872178791000000 48.360990897999997)",Unfall 137034 (2016) Kat:3, Licht: 0,137034,3,2,5,05,10,3,,0,1,0,0,0,0,0
"POINT (10.869995581000000 48.381474386000001)",Unfall 137044 (2016) Kat:3, Licht: 0,137044,3,6,1,05,16,5,,0,0,1,0,0,0,0
"POINT (10.915503782000000 48.355580953999997)",Unfall 137050 (2016) Kat:3, Licht: 0,137050,3,3,5,05,17,3,,0,0,1,0,0,0,0
"POINT (10.876150084000001 48.380824248000003)",Unfall 137054 (2016) Kat:3, Licht: 0,137054,3,6,1,05,17,5,,0,0,1,0,0,0,1
"POINT (10.897778472000001 48.371235388000002)",Unfall 137061 (2016) Kat:3, Licht: 0,137061,3,1,0,05,16,3,,0,1,0,0,0,0,0
"POINT (10.917204905000000 48.376872644000002)",Unfall 137086 (2016) Kat:2, Licht: 0,137086,2,1,0,05,10,2,,0,1,0,0,0,0,0
"POINT (10.866287595999999 48.341398284000000)",Unfall 137094 (2016) Kat:3, Licht: 0,137094,3,3,5,05,20,2,,0,0,1,0,0,0,0
"POINT (10.899808124000000 48.352464298000001)",Unfall 137110 (2016) Kat:3, Licht: 0,137110,3,2,4,05,16,6,,0,1,1,0,0,0,0
"POINT (10.911082124000000 48.362125339000002)",Unfall 137114 (2016) Kat:3, Licht: 0,137114,3,1,0,05,14,6,,0,1,0,0,0,0,0
"POINT (10.871309109000000 48.343219028000000)",Unfall 137124 (2016) Kat:3, Licht: 0,137124,3,1,0,05,18,6,,0,0,0,0,1,0,0
"POINT (10.882269893000000 48.364429991999998)",Unfall 137134 (2016) Kat:3, Licht: 1,137134,3,6,2,05,18,7,,1,0,1,0,0,0,0
"POINT (10.886066852000001 48.351494439000000)",Unfall 137180 (2016) Kat:3, Licht: 2,137180,3,3,8,05,21,3,,2,0,1,0,0,0,0
"POINT (10.891721842000001 48.318668397000003)",Unfall 137185 (2016) Kat:3, Licht: 0,137185,3,3,1,05,14,3,,0,0,1,0,0,0,0
"POINT (10.907574718999999 48.370290632000000)",Unfall 137213 (2016) Kat:3, Licht: 0,137213,3,1,0,05,17,3,,0,1,0,0,0,0,0
"POINT (10.884965622999999 48.368704897999997)",Unfall 137225 (2016) Kat:3, Licht: 0,137225,3,6,2,05,09,3,,0,0,1,0,0,0,0
"POINT (10.915755558000001 48.380759849000000)",Unfall 137344 (2016) Kat:3, Licht: 0,137344,3,6,1,05,10,6,,0,0,1,0,0,0,1
"POINT (10.894309675000001 48.313628309999999)",Unfall 137350 (2016) Kat:3, Licht: 0,137350,3,1,1,05,14,7,,0,1,0,0,0,0,0
"POINT (10.907860147999999 48.370394998000002)",Unfall 137353 (2016) Kat:3, Licht: 2,137353,3,3,5,05,22,7,,2,0,1,0,1,0,0
"POINT (10.885918848999999 48.373351538999998)",Unfall 137360 (2016) Kat:3, Licht: 0,137360,3,6,3,05,14,6,,0,0,1,0,1,0,0
"POINT (10.864786358000000 48.382481513999998)",Unfall 137410 (2016) Kat:3, Licht: 0,137410,3,3,5,05,17,4,,0,0,1,0,0,0,0
"POINT (10.915504745000000 48.389021043000000)",Unfall 137420 (2016) Kat:3, Licht: 0,137420,3,2,2,05,19,4,,0,0,1,0,0,0,0
"POINT (10.896263576000001 48.336530046999997)",Unfall 137423 (2016) Kat:3, Licht: 2,137423,3,5,1,05,21,4,,2,0,1,0,0,0,0
"POINT (10.914741246000000 48.371602478000000)",Unfall 137426 (2016) Kat:3, Licht: 0,137426,3,3,5,05,10,4,,0,1,1,0,0,0,0
"POINT (10.873958367000000 48.380862061000002)",Unfall 137587 (2016) Kat:3, Licht: 2,137587,3,3,5,05,03,5,,2,0,1,0,0,0,0
"POINT (10.906813292000001 48.312243985999999)",Unfall 137596 (2016) Kat:3, Licht: 0,137596,3,7,6,05,08,7,,0,1,0,1,0,0,0
"POINT (10.898113495000000 48.352691129999997)",Unfall 137607 (2016) Kat:3, Licht: 0,137607,3,1,0,05,10,7,,0,1,0,0,0,0,0
"POINT (10.873566859000000 48.337752322999997)",Unfall 137617 (2016) Kat:3, Licht: 2,137617,3,3,5,05,01,5,,2,0,1,0,0,0,0
"POINT (10.868073626999999 48.367864097000002)",Unfall 137664 (2016) Kat:3, Licht: 0,137664,3,7,0,05,15,2,,0,0,0,0,1,0,0
"POINT (10.892172189000000 48.367862766000002)",Unfall 137668 (2016) Kat:3, Licht: 0,137668,3,7,2,05,12,2,,0,0,1,0,0,0,0
"POINT (10.909490159000001 48.370372942000003)",Unfall 137713 (2016) Kat:3, Licht: 0,137713,3,7,0,05,17,1,,0,0,0,0,0,0,1
"POINT (10.869088838000000 48.360802593000003)",Unfall 137724 (2016) Kat:2, Licht: 0,137724,2,6,1,05,11,4,,0,0,1,0,0,0,0
"POINT (10.885040661000000 48.360845371000003)",Unfall 137739 (2016) Kat:3, Licht: 0,137739,3,6,2,05,15,3,,0,0,1,0,0,0,0
"POINT (10.915306120000000 48.390334934999998)",Unfall 137773 (2016) Kat:3, Licht: 0,137773,3,3,5,05,16,3,,0,0,1,0,0,0,0
"POINT (10.905503637000001 48.336307605000002)",Unfall 137810 (2016) Kat:2, Licht: 0,137810,2,1,0,05,20,1,,0,0,0,0,1,0,0
"POINT (10.880383666000000 48.379386599999997)",Unfall 137813 (2016) Kat:3, Licht: 0,137813,3,7,1,05,17,1,,0,0,1,0,1,0,0
"POINT (10.931258514000000 48.395198014000002)",Unfall 137826 (2016) Kat:3, Licht: 0,137826,3,6,3,05,16,3,,0,0,1,0,0,0,0
"POINT (10.897436636000000 48.372904931000001)",Unfall 137864 (2016) Kat:3, Licht: 0,137864,3,1,0,05,17,7,,0,1,0,0,0,0,0
"POINT (10.900067993000000 48.363274889000003)",Unfall 137881 (2016) Kat:3, Licht: 2,137881,3,4,6,05,05,1,,2,0,0,1,0,0,1
"POINT (10.863686053000000 48.364135189999999)",Unfall 137891 (2016) Kat:3, Licht: 0,137891,3,6,1,05,10,7,,0,0,1,0,0,0,0
"POINT (10.892418914000000 48.320530319000000)",Unfall 137943 (2016) Kat:3, Licht: 0,137943,3,2,6,05,12,7,,0,0,1,1,0,0,0
"POINT (10.869231908000000 48.338041154000003)",Unfall 137984 (2016) Kat:3, Licht: 0,137984,3,1,0,05,11,1,,0,1,0,0,0,0,0
"POINT (10.939895247000001 48.354198770000004)",Unfall 137989 (2016) Kat:3, Licht: 0,137989,3,7,0,05,10,6,,0,1,0,0,0,0,0
"POINT (10.919078081000000 48.398846820000003)",Unfall 137994 (2016) Kat:3, Licht: 0,137994,3,7,6,05,18,6,,0,0,1,1,0,0,0
"POINT (10.892191565999999 48.367866526000000)",Unfall 138004 (2016) Kat:3, Licht: 2,138004,3,2,2,05,23,6,,2,0,1,0,1,0,0
"POINT (10.900587993000000 48.298105094999997)",Unfall 138046 (2016) Kat:3, Licht: 0,138046,3,7,6,05,17,7,,0,1,0,1,0,0,0