WKT,Name,OBJECTID,UKATEGORIE,UTYP1,UART,UMONAT,USTUNDE,UWOCHENTAG,STRZUSTAND,ULICHTVERH,ISTRAD,ISTPKW,ISTFUSS,ISTKRAD,ISTGKFZ,ISTSONSTIG
"POINT (10.861113375000000 48.398418065999998)",Unfall 138087 (2016) Kat:3, Licht: 0,138087,3,1,0,05,11,1,,0,0,0,0,1,0,0
"POINT (10.906615091999999 48.359462184000002)",Unfall 138094 (2016) Kat:3, Licht: 0,138094,3,3,5,05,15,7,,0,1,1,0,0,0,0
"POINT (10.913778436999999 48.376815297999997)",Unfall 138103 (2016) Kat:3, Licht: 0,138103,3,6,2,05,17,2,,0,0,1,0,0,0,0
"POINT (10.858593676000000 48.385027647999998)",Unfall 138114 (2016) Kat:3, Licht: 0,138114,3,6,1,05,18,3,,0,0,1,0,0,0,0
"POINT (10.910079648000000 48.364280950000001)",Unfall 138135 (2016) Kat:3, Licht: 0,138135,3,1,5,05,18,3,,0,1,1,0,0,0,0
"POINT (10.826985096000000 48.321222243999998)",Unfall 138140 (2016) Kat:3, Licht: 0,138140,3,7,0,06,10,6,,0,1,0,0,0,0,0
"POINT (10.892506379000000 48.367106595000003)",Unfall 138148 (2016) Kat:3, Licht: 0,138148,3,2,2,05,16,3,,0,0,1,0,1,0,0
"POINT (10.896046999999999 48.318076216000001)",Unfall 138167 (2016) Kat:3, Licht: 0,138167,3,3,5,06,17,4,,0,1,1,0,0,0,0
"POINT (10.863467204999999 48.363455074000001)",Unfall 138180 (2016) Kat:3, Licht: 0,138180,3,1,0,06,13,6,,0,0,0,0,1,0,0
"POINT (10.885712907000000 48.353928392999997)",Unfall 138232 (2016) Kat:3, Licht: 0,138232,3,6,4,06,16,6,,0,1,1,0,0,0,0
"POINT (10.885250605000000 48.354996088999997)",Unfall 138271 (2016) Kat:3, Licht: 0,138271,3,2,3,06,15,4,,0,1,1,0,0,0,0
"POINT (10.913686219000001 48.361089870000001)",Unfall 138284 (2016) Kat:3, Licht: 0,138284,3,4,6,06,11,5,,0,0,1,1,0,0,0
"POINT (10.896294901999999 48.368702014999997)",Unfall 138293 (2016) Kat:3, Licht: 0,138293,3,7,6,06,11,6,,0,0,1,1,0,0,0
"POINT (10.869987141999999 48.372796199000000)",Unfall 138324 (2016) Kat:3, Licht: 0,138324,3,3,5,06,13,4,,0,0,1,0,1,0,0
"POINT (10.911651687000001 48.319267160999999)",Unfall 138332 (2016) Kat:3, Licht: 0,138332,3,4,4,06,12,6,,0,0,1,1,0,0,0
"POINT (10.852548615000000 48.385529243999997)",Unfall 138423 (2016) Kat:3, Licht: 0,138423,3,6,2,06,12,2,,0,0,1,0,0,1,0
"POINT (10.856381614000000 48.385288877000001)",Unfall 138427 (2016) Kat:3, Licht: 0,138427,3,1,0,06,11,2,,0,1,0,0,0,0,0
"POINT (10.881438124000001 48.389876633999997)",Unfall 138435 (2016) Kat:3, Licht: 0,138435,3,6,2,06,14,2,,0,0,1,0,1,0,0
"POINT (10.937965030000001 48.378367890000000)",Unfall 138467 (2016) Kat:3, Licht: 0,138467,3,2,5,06,06,2,,0,1,1,0,0,0,0
"POINT (10.872118754000001 48.348137995999998)",Unfall 138481 (2016) Kat:2, Licht: 0,138481,2,6,3,06,12,2,,0,1,0,0,0,0,0
"POINT (10.883874543999999 48.347559183999998)",Unfall 138492 (2016) Kat:3, Licht: 0,138492,3,6,5,06,13,2,,0,1,1,0,0,0,0
"POINT (10.914332869000001 48.365971479000002)",Unfall 138615 (2016) Kat:3, Licht: 0,138615,3,3,5,06,16,7,,0,1,1,0,0,0,0
"POINT (10.879776990000000 48.379585173000002)",Unfall 138640 (2016) Kat:3, Licht: 0,138640,3,7,0,06,18,4,,0,1,0,0,0,0,0
"POINT (10.882937718999999 48.338529504000000)",Unfall 138643 (2016) Kat:3, Licht: 0,138643,3,3,5,06,14,4,,0,0,1,0,0,0,1
"POINT (10.895746811000000 48.362734998999997)",Unfall 138646 (2016) Kat:3, Licht: 0,138646,3,2,4,06,17,4,,0,0,1,0,1,0,0
"POINT (10.885578640000000 48.378674074000003)",Unfall 138652 (2016) Kat:3, Licht: 0,138652,3,3,5,06,13,4,,0,0,1,0,1,0,0
"POINT (10.892113302000000 48.362458617000001)",Unfall 138664 (2016) Kat:3, Licht: 0,138664,3,7,0,06,07,4,,0,1,0,0,0,0,0
"POINT (10.880873035000000 48.366900407999999)",Unfall 138666 (2016) Kat:3, Licht: 0,138666,3,6,2,06,14,5,,0,0,1,0,0,0,1
"POINT (10.893290961000000 48.364160611999999)",Unfall 138712 (2016) Kat:2, Licht: 0,138712,2,2,4,06,19,5,,0,1,1,0,0,0,0
"POINT (10.905843847000000 48.359869312000001)",Unfall 138720 (2016) Kat:3, Licht: 0,138720,3,6,2,06,15,3,,0,0,1,0,0,0,0
"POINT (10.884968896000000 48.373810063000001)",Unfall 138888 (2016) Kat:3, Licht: 0,138888,3,6,2,06,18,3,,0,0,1,0,0,0,0
"POINT (10.868397380999999 48.372334057000003)",Unfall 138895 (2016) Kat:3, Licht: 0,138895,3,3,5,06,13,3,,0,1,1,0,0,0,0
"POINT (10.858062566999999 48.388809819000002)",Unfall 138901 (2016) Kat:3, Licht: 0,138901,3,1,0,06,19,1,,0,1,0,0,0,0,0
"POINT (10.867295237000000 48.341741509000002)",Unfall 138910 (2016) Kat:3, Licht: 2,138910,3,1,0,06,01,1,,2,1,0,0,0,0,0
"POINT (10.872803091000000 48.349232471000001)",Unfall 138920 (2016) Kat:3, Licht: 2,138920,3,1,0,06,00,7,,2,1,0,0,0,0,0
"POINT (10.878366065000000 48.392290004000003)",Unfall 138951 (2016) Kat:3, Licht: 0,138951,3,6,2,06,15,3,,0,1,0,0,0,0,0
"POINT (10.859499611000000 48.381516875999999)",Unfall 138986 (2016) Kat:3, Licht: 0,138986,3,6,1,06,20,6,,0,0,1,0,1,0,0
"POINT (10.899180670000000 48.332820890999997)",Unfall 138991 (2016) Kat:3, Licht: 0,138991,3,1,4,06,13,3,,0,1,0,0,0,0,0
"POINT (10.874930257999999 48.371029913999998)",Unfall 139000 (2016) Kat:3, Licht: 0,139000,3,3,5,06,08,6,,0,1,1,0,0,0,0
"POINT (10.866473721000000 48.329951469000001)",Unfall 139004 (2016) Kat:3, Licht: 0,139004,3,6,1,06,15,3,,0,0,1,0,0,0,0
"POINT (10.909545644000000 48.370356074999997)",Unfall 139011 (2016) Kat:3, Licht: 0,139011,3,2,4,06,19,6,,0,0,1,0,0,0,0
"POINT (10.901016906000001 48.370576421000003)",Unfall 139037 (2016) Kat:3, Licht: 0,139037,3,2,3,06,15,6,,0,1,1,0,0,0,0
"POINT (10.891101419000000 48.369563905000000)",Unfall 139050 (2016) Kat:3, Licht: 0,139050,3,2,0,06,13,6,,0,1,1,0,0,0,0
"POINT (10.882483336000000 48.337749023000001)",Unfall 139054 (2016) Kat:3, Licht: 0,139054,3,2,3,06,12,3,,0,0,1,0,1,0,0
"POINT (10.868397792000000 48.330791337999997)",Unfall 139058 (2016) Kat:3, Licht: 0,139058,3,6,3,06,15,3,,0,0,1,0,0,0,1
"POINT (10.901604940000000 48.300509484000003)",Unfall 139084 (2016) Kat:3, Licht: 0,139084,3,6,2,06,18,2,,0,0,1,0,0,0,0
"POINT (10.899076266000000 48.377099221000002)",Unfall 139093 (2016) Kat:3, Licht: 0,139093,3,7,0,06,18,2,,0,1,0,0,0,0,0
"POINT (10.881661533000001 48.365930116999998)",Unfall 139107 (2016) Kat:3, Licht: 0,139107,3,7,0,06,08,3,,0,0,0,0,0,0,1
"POINT (10.897131593999999 48.366826498999998)",Unfall 139108 (2016) Kat:3, Licht: 0,139108,3,7,6,06,12,2,,0,0,0,1,0,0,1
"POINT (10.880697630000000 48.367084904000002)",Unfall 139263 (2016) Kat:3, Licht: 0,139263,3,6,3,06,08,4,,0,0,1,0,0,0,0
"POINT (10.885662630000001 48.386169527000000)",Unfall 139274 (2016) Kat:3, Licht: 0,139274,3,4,6,06,18,4,,0,0,1,1,0,0,0
"POINT (10.874631234000001 48.350392577999997)",Unfall 139276 (2016) Kat:3, Licht: 0,139276,3,6,3,06,20,4,,0,1,1,0,0,0,0
"POINT (10.894266983000000 48.360158570000003)",Unfall 139282 (2016) Kat:3, Licht: 0,139282,3,7,0,06,11,4,,0,1,0,0,0,0,0
"POINT (10.916243162000001 48.393842315000001)",Unfall 139327 (2016) Kat:3, Licht: 0,139327,3,3,5,06,16,6,,0,1,1,0,0,0,0
"POINT (10.909129696000001 48.379689855999999)",Unfall 139350 (2016) Kat:3, Licht: 0,139350,3,4,6,06,17,6,,0,1,0,1,0,0,0
"POINT (10.922990221999999 48.377223819999998)",Unfall 139352 (2016) Kat:3, Licht: 0,139352,3,3,5,06,15,6,,0,0,1,0,1,0,0
"POINT (10.892716907000001 48.353190673000000)",Unfall 139418 (2016) Kat:3, Licht: 0,139418,3,7,5,06,16,2,,0,1,0,0,0,1,0
"POINT (10.833131114000000 48.340137820000002)",Unfall 139426 (2016) Kat:3, Licht: 0,139426,3,6,4,06,06,2,,0,0,1,0,0,0,0
"POINT (10.887520411000001 48.365851722000002)",Unfall 139430 (2016) Kat:3, Licht: 0,139430,3,4,0,06,15,2,,0,0,0,1,0,0,1
"POINT (10.885681301000000 48.355180554000000)",Unfall 139542 (2016) Kat:3, Licht: 0,139542,3,6,1,06,12,3,,0,0,1,0,0,0,0
"POINT (10.872121888000001 48.385988056000002)",Unfall 139553 (2016) Kat:3, Licht: 0,139553,3,6,1,06,07,3,,0,1,0,0,0,0,0
"POINT (10.886913660999999 48.356763860999997)",Unfall 139565 (2016) Kat:3, Licht: 0,139565,3,1,5,06,07,3,,0,1,1,0,0,0,0
"POINT (10.916785796999999 48.372325175000000)",Unfall 139572 (2016) Kat:3, Licht: 0,139572,3,2,5,06,18,3,,0,0,1,0,1,0,0
"POINT (10.917838946000000 48.349812002000000)",Unfall 139586 (2016) Kat:3, Licht: 0,139586,3,1,0,06,12,3,,0,1,0,0,0,0,0
"POINT (10.898037531000000 48.369978093000000)",Unfall 139598 (2016) Kat:3, Licht: 0,139598,3,4,0,06,17,3,,0,1,0,1,0,0,0
"POINT (10.850294334000001 48.379700733999996)",Unfall 139612 (2016) Kat:2, Licht: 2,139612,2,7,0,06,02,1,,2,1,0,0,0,0,0
"POINT (10.889026345000000 48.354037507999998)",Unfall 139622 (2016) Kat:3, Licht: 0,139622,3,3,5,06,14,1,,0,1,1,0,0,0,0
"POINT (10.899595959999999 48.364847498000003)",Unfall 139632 (2016) Kat:3, Licht: 2,139632,3,7,6,06,23,1,,2,0,1,1,0,0,0
"POINT (10.881676057000000 48.391818596999997)",Unfall 139677 (2016) Kat:3, Licht: 0,139677,3,6,2,06,14,2,,0,0,1,0,0,0,0
"POINT (10.911669237000000 48.381380741000001)",Unfall 139680 (2016) Kat:3, Licht: 0,139680,3,3,5,06,09,6,,0,1,1,0,0,0,0
"POINT (10.854490854000000 48.337056938000003)",Unfall 139712 (2016) Kat:3, Licht: 0,139712,3,3,2,06,15,6,,0,0,1,0,1,0,0
"POINT (10.897582187999999 48.358539317999998)",Unfall 139721 (2016) Kat:3, Licht: 0,139721,3,5,1,06,13,5,,0,1,1,0,0,0,0
"POINT (10.885666075000000 48.345275022999999)",Unfall 139723 (2016) Kat:3, Licht: 1,139723,3,3,5,06,20,6,,1,1,1,0,0,0,0
"POINT (10.914886185000000 48.379331645000001)",Unfall 139732 (2016) Kat:3, Licht: 0,139732,3,7,1,06,17,5,,0,0,1,0,0,0,0
"POINT (10.893795000000001 48.364976063999997)",Unfall 139734 (2016) Kat:3, Licht: 0,139734,3,3,5,06,11,6,,0,0,1,0,1,0,0
"POINT (10.893976631999999 48.364932770000003)",Unfall 139748 (2016) Kat:3, Licht: 0,139748,3,2,6,06,13,5,,0,0,1,1,0,0,0
"POINT (10.878842466000000 48.370384264000002)",Unfall 139750 (2016) Kat:3, Licht: 0,139750,3,7,0,06,11,6,,0,1,0,0,0,0,0
"POINT (10.877128690999999 48.370347463000002)",Unfall 139772 (2016) Kat:3, Licht: 0,139772,3,1,0,06,14,4,,0,1,0,0,0,0,0
"POINT (10.861010052999999 48.356110420000000)",Unfall 139795 (2016) Kat:3, Licht: 0,139795,3,6,3,06,10,4,,0,1,1,0,0,0,0
"POINT (10.853488183000000 48.379802509999998)",Unfall 139825 (2016) Kat:2, Licht: 0,139825,2,2,5,06,10,4,,0,0,1,0,1,0,0
"POINT (10.904505388000000 48.358520460999998)",Unfall 139833 (2016) Kat:3, Licht: 0,139833,3,6,2,06,16,4,,0,0,1,0,0,0,0
"POINT (10.900015699000001 48.344455379000003)",Unfall 139847 (2016) Kat:3, Licht: 0,139847,3,6,4,06,18,4,,0,1,0,0,0,0,0
"POINT (10.875665798000000 48.345872192000002)",Unfall 139878 (2016) Kat:3, Licht: 0,139878,3,3,5,06,15,4,,0,1,1,0,0,0,0
"POINT (10.881433501000000 48.389804367000004)",Unfall 139917 (2016) Kat:3, Licht: 0,139917,3,6,1,06,11,6,,0,0,1,0,0,0,0
"POINT (10.939172340000001 48.361915822000000)",Unfall 139947 (2016) Kat:3, Licht: 0,139947,3,7,5,06,06,2,,0,1,1,0,0,0,0
"POINT (10.904306398999999 48.369888457000002)",Unfall 139950 (2016) Kat:3, Licht: 0,139950,3,5,1,06,16,2,,0,1,1,0,0,0,0
"POINT (10.902211434000000 48.352209328000001)",Unfall 139995 (2016) Kat:3, Licht: 0,139995,3,6,2,06,11,2,,0,0,1,0,0,0,0
"POINT (10.902098570000000 48.359603784999997)",Unfall 139998 (2016) Kat:3, Licht: 0,139998,3,6,2,06,15,2,,0,0,1,0,0,0,0
"POINT (10.878474547000000 48.370143212999999)",Unfall 140032 (2016) Kat:3, Licht: 2,140032,3,6,2,06,01,1,,2,0,1,0,0,0,0
"POINT (10.863665264000000 48.364058229000001)",Unfall 140050 (2016) Kat:3, Licht: 0,140050,3,6,2,06,17,2,,0,0,1,0,0,0,0
"POINT (10.914343877000000 48.365959666000002)",Unfall 140052 (2016) Kat:3, Licht: 0,140052,3,3,5,06,16,2,,0,1,1,0,0,0,0
"POINT (10.871928485000000 48.368927360000001)",Unfall 140059 (2016) Kat:3, Licht: 0,140059,3,1,1,06,11,7,,0,1,1,0,0,0,0
"POINT (10.908478257000001 48.354924388000001)",Unfall 140098 (2016) Kat:3, Licht: 0,140098,3,3,5,06,20,2,,0,1,1,0,0,0,0
"POINT (10.901395903999999 48.370686788000000)",Unfall 140101 (2016) Kat:3, Licht: 0,140101,3,6,2,06,17,2,,0,0,1,0,1,0,0
"POINT (10.916018274000001 48.387953668999998)",Unfall 140108 (2016) Kat:3, Licht: 0,140108,3,6,4,06,19,7,,0,0,1,0,0,0,0
"POINT (10.914698368000000 48.378654832999999)",Unfall 140112 (2016) Kat:3, Licht: 0,140112,3,7,4,06,13,7,,0,1,1,0,0,0,0
"POINT (10.875364160000000 48.345388374999999)",Unfall 140153 (2016) Kat:3, Licht: 0,140153,3,6,2,06,07,2,,0,0,1,0,0,0,1
"POINT (10.887416271999999 48.357818749000003)",Unfall 140159 (2016) Kat:3, Licht: 0,140159,3,3,2,06,17,7,,0,0,1,0,0,0,0
"POINT (10.893555502000000 48.364588601000001)",Unfall 140183 (2016) Kat:3, Licht: 0,140183,3,7,0,06,12,1,,0,1,0,0,0,0,0
"POINT (10.897268092999999 48.379212369000001)",Unfall 140197 (2016) Kat:2, Licht: 0,140197,2,7,0,06,17,7,,0,1,0,0,0,0,0
"POINT (10.882814513000000 48.377979041000003)",Unfall 140211 (2016) Kat:2, Licht: 0,140211,2,4,6,06,12,5,,0,0,1,1,0,0,0
"POINT (10.935854353000000 48.382539481999999)",Unfall 140252 (2016) Kat:3, Licht: 0,140252,3,6,3,06,16,3,,0,0,1,0,1,0,0
"POINT (10.873622211000001 48.340118857999997)",Unfall 140259 (2016) Kat:3, Licht: 0,140259,3,3,5,06,14,3,,0,0,1,0,0,0,0
"POINT (10.898595579000000 48.355455093000003)",Unfall 140267 (2016) Kat:3, Licht: 0,140267,3,1,0,06,11,3,,0,0,0,0,1,0,0
"POINT (10.915286025000000 48.349441407999997)",Unfall 140295 (2016) Kat:3, Licht: 0,140295,3,7,0,06,16,3,,0,1,0,0,0,0,0
"POINT (10.901520560000000 48.300323896999998)",Unfall 140308 (2016) Kat:3, Licht: 0,140308,3,2,4,06,12,3,,0,0,1,0,0,0,0
"POINT (10.890834248999999 48.360884532999997)",Unfall 140315 (2016) Kat:3, Licht: 0,140315,3,6,2,06,19,5,,0,0,1,0,0,0,0
"POINT (10.904676154000001 48.369768843000003)",Unfall 140331 (2016) Kat:3, Licht: 0,140331,3,4,6,06,07,4,,0,0,0,0,0,0,1
"POINT (10.869975779000001 48.381289893999998)",Unfall 140367 (2016) Kat:3, Licht: 0,140367,3,3,5,06,18,5,,0,0,1,0,0,0,0
"POINT (10.917160658000000 48.382830018000000)",Unfall 140414 (2016) Kat:2, Licht: 0,140414,2,3,5,06,14,5,,0,1,1,0,0,0,0
"POINT (10.904135420999999 48.358475708000000)",Unfall 140435 (2016) Kat:2, Licht: 0,140435,2,1,6,06,09,4,,0,1,0,1,0,0,0
"POINT (10.856946728000000 48.379828947000000)",Unfall 140483 (2016) Kat:3, Licht: 0,140483,3,5,1,07,19,2,,0,1,1,0,0,0,0
"POINT (10.854303101999999 48.393597274000001)",Unfall 140494 (2016) Kat:3, Licht: 2,140494,3,1,1,07,22,1,,2,1,1,0,0,0,0
"POINT (10.916145215000000 48.387732841000002)",Unfall 140504 (2016) Kat:3, Licht: 0,140504,3,2,5,07,07,6,,0,1,1,0,0,0,0
"POINT (10.878028784000000 48.349835145999997)",Unfall 140506 (2016) Kat:3, Licht: 0,140506,3,6,2,07,15,6,,0,0,1,0,0,0,0
"POINT (10.877430743000000 48.380379998000002)",Unfall 140516 (2016) Kat:3, Licht: 0,140516,3,7,5,07,20,7,,0,0,1,0,0,0,0
"POINT (10.869468213999999 48.343227247000002)",Unfall 140520 (2016) Kat:3, Licht: 2,140520,3,3,5,07,23,6,,2,1,1,0,0,0,0
"POINT (10.888188761000000 48.377845757999999)",Unfall 140532 (2016) Kat:3, Licht: 0,140532,3,6,2,07,19,6,,0,0,1,0,0,0,0
"POINT (10.893592257000000 48.360207232000000)",Unfall 140535 (2016) Kat:3, Licht: 0,140535,3,5,0,07,08,6,,0,1,1,0,0,0,0
"POINT (10.880566777000000 48.381937170000000)",Unfall 140548 (2016) Kat:3, Licht: 0,140548,3,3,5,07,07,2,,0,1,1,0,0,0,0
"POINT (10.904527374000001 48.370275665999998)",Unfall 140599 (2016) Kat:2, Licht: 0,140599,2,2,6,07,14,2,,0,0,1,1,0,0,0
"POINT (10.863635055000000 48.380746535000000)",Unfall 140652 (2016) Kat:3, Licht: 0,140652,3,6,2,07,18,2,,0,0,1,0,0,0,0
"POINT (10.900518017000000 48.298116084000000)",Unfall 140669 (2016) Kat:2, Licht: 0,140669,2,6,2,07,17,7,,0,0,1,0,0,0,0
"POINT (10.880529501000000 48.384969789000003)",Unfall 140704 (2016) Kat:3, Licht: 0,140704,3,3,5,07,05,2,,0,1,1,0,0,0,0
"POINT (10.886010623000001 48.380348026999997)",Unfall 140711 (2016) Kat:3, Licht: 0,140711,3,3,5,07,17,4,,0,0,1,0,0,0,1
"POINT (10.899845732999999 48.359617712999999)",Unfall 140762 (2016) Kat:2, Licht: 0,140762,2,3,5,07,12,4,,0,1,0,0,0,0,1
"POINT (10.878898249000001 48.370839533999998)",Unfall 140851 (2016) Kat:3, Licht: 0,140851,3,3,5,07,16,3,,0,1,1,0,0,0,0
"POINT (10.893757851000000 48.353156038000002)",Unfall 140870 (2016) Kat:3, Licht: 0,140870,3,7,0,07,15,4,,0,1,0,0,0,0,0
"POINT (10.856574391000001 48.373432641999997)",Unfall 140891 (2016) Kat:3, Licht: 0,140891,3,6,2,07,15,3,,0,0,1,0,0,0,0
"POINT (10.880481709000000 48.379353958000003)",Unfall 140903 (2016) Kat:3, Licht: 0,140903,3,6,2,07,18,3,,0,1,1,0,0,0,0
"POINT (10.930643427000000 48.355347465999998)",Unfall 140914 (2016) Kat:2, Licht: 2,140914,2,1,0,07,22,3,,2,1,0,0,0,0,0
"POINT (10.889655406999999 48.377147776000001)",Unfall 140941 (2016) Kat:3, Licht: 0,140941,3,3,5,07,16,3,,0,0,1,0,0,0,0
"POINT (10.860150376000000 48.380352532000003)",Unfall 140972 (2016) Kat:2, Licht: 0,140972,2,7,6,07,16,6,,0,0,1,1,0,0,0
"POINT (10.895834081000000 48.370851260999999)",Unfall 140976 (2016) Kat:3, Licht: 0,140976,3,5,1,07,17,5,,0,0,1,0,1,0,0
"POINT (10.878585996000000 48.369724539000003)",Unfall 140982 (2016) Kat:3, Licht: 0,140982,3,6,2,07,19,6,,0,0,1,0,0,0,0
"POINT (10.905469771000000 48.387878389999997)",Unfall 140997 (2016) Kat:2, Licht: 2,140997,2,2,5,07,22,6,,2,1,1,0,0,0,0
"POINT (10.862325922000000 48.338909610000002)",Unfall 141003 (2016) Kat:3, Licht: 0,141003,3,3,5,07,20,6,,0,1,0,0,0,0,0
"POINT (10.876204984999999 48.341150904999999)",Unfall 141010 (2016) Kat:3, Licht: 0,141010,3,6,1,07,15,7,,0,1,1,0,0,0,0
"POINT (10.898100470999999 48.352630413000000)",Unfall 141015 (2016) Kat:3, Licht: 0,141015,3,2,6,07,20,6,,0,0,1,1,0,0,0
"POINT (10.885748960999999 48.344806697999999)",Unfall 141023 (2016) Kat:3, Licht: 0,141023,3,6,1,07,15,6,,0,0,1,0,0,0,0
"POINT (10.893633664999999 48.365037035999997)",Unfall 141033 (2016) Kat:3, Licht: 0,141033,3,1,0,07,19,6,,0,1,0,0,0,0,0
"POINT (10.874469703000001 48.343325438000001)",Unfall 141050 (2016) Kat:3, Licht: 0,141050,3,3,5,07,12,7,,0,1,1,0,0,0,0
"POINT (10.878910974000000 48.370837512999998)",Unfall 141084 (2016) Kat:3, Licht: 0,141084,3,3,5,07,09,7,,0,1,1,0,0,0,0
"POINT (10.855542178000000 48.354295344000001)",Unfall 141174 (2016) Kat:3, Licht: 0,141174,3,6,2,07,17,7,,0,0,1,0,1,0,0
"POINT (10.882381083000000 48.378661864000001)",Unfall 141219 (2016) Kat:3, Licht: 0,141219,3,2,6,07,09,5,,0,0,1,1,0,0,0
"POINT (10.895564430000000 48.295788313000003)",Unfall 141239 (2016) Kat:3, Licht: 0,141239,3,3,5,07,15,2,,0,1,1,0,0,0,0
"POINT (10.878757450000000 48.350726920000000)",Unfall 141243 (2016) Kat:3, Licht: 0,141243,3,3,5,07,16,3,,0,0,1,0,0,0,1
"POINT (10.896263576000001 48.336530046999997)",Unfall 141252 (2016) Kat:3, Licht: 0,141252,3,7,0,07,10,2,,0,1,0,0,0,0,0
"POINT (10.884963436000000 48.373303622999998)",Unfall 141256 (2016) Kat:3, Licht: 2,141256,3,5,3,07,23,3,,2,1,1,0,0,0,0
"POINT (10.877443723000001 48.358294866999998)",Unfall 141262 (2016) Kat:3, Licht: 0,141262,3,6,2,07,17,2,,0,0,1,0,0,0,0
"POINT (10.901328948000000 48.369681180000001)",Unfall 141264 (2016) Kat:2, Licht: 2,141264,2,1,0,07,21,2,,2,1,0,0,0,0,0
"POINT (10.908670541999999 48.370529302000001)",Unfall 141270 (2016) Kat:3, Licht: 2,141270,3,6,2,07,21,4,,2,0,1,0,0,0,0
"POINT (10.915973567000000 48.369510265000002)",Unfall 141314 (2016) Kat:2, Licht: 0,141314,2,2,2,07,16,4,,0,1,0,0,1,0,0
"POINT (10.847146645000000 48.393586835999997)",Unfall 141339 (2016) Kat:3, Licht: 0,141339,3,7,6,07,13,1,,0,0,1,1,0,0,0
"POINT (10.909573490000000 48.317257525000002)",Unfall 141349 (2016) Kat:3, Licht: 0,141349,3,6,4,07,15,1,,0,1,0,0,0,0,0
"POINT (10.903661338999999 48.362137095999998)",Unfall 141381 (2016) Kat:3, Licht: 0,141381,3,5,0,07,06,4,,0,1,0,0,0,0,1
"POINT (10.904130230000000 48.371108790999997)",Unfall 141382 (2016) Kat:3, Licht: 0,141382,3,3,5,07,15,2,,0,0,1,0,0,0,0
"POINT (10.916752699000000 48.386702145000001)",Unfall 141466 (2016) Kat:3, Licht: 0,141466,3,2,4,07,16,3,,0,1,1,0,0,0,0
"POINT (10.932553165000000 48.355191173000001)",Unfall 141471 (2016) Kat:3, Licht: 0,141471,3,2,4,07,17,4,,0,1,1,0,0,0,0
"POINT (10.931501634000000 48.371131611999999)",Unfall 141473 (2016) Kat:3, Licht: 0,141473,3,3,5,07,16,3,,0,0,1,0,0,0,0
"POINT (10.898163052999999 48.369450079000003)",Unfall 141478 (2016) Kat:3, Licht: 1,141478,3,1,0,07,20,4,,1,1,0,0,0,0,0
"POINT (10.878540672000000 48.403527771999997)",Unfall 141479 (2016) Kat:3, Licht: 0,141479,3,6,1,07,16,2,,0,0,1,0,0,0,0
"POINT (10.937200881000001 48.397008489999997)",Unfall 141484 (2016) Kat:3, Licht: 0,141484,3,3,5,07,07,3,,0,0,1,0,0,1,0
"POINT (10.870198144000000 48.376022853999999)",Unfall 141491 (2016) Kat:2, Licht: 0,141491,2,6,2,07,06,2,,0,1,1,0,0,0,0
"POINT (10.909507100000001 48.370367793000000)",Unfall 141526 (2016) Kat:2, Licht: 0,141526,2,2,0,07,16,5,,0,0,0,0,0,0,1
"POINT (10.910265578000001 48.339381570000000)",Unfall 141542 (2016) Kat:3, Licht: 0,141542,3,6,3,07,14,6,,0,1,0,0,0,0,0
"POINT (10.868591408000000 48.386082125999998)",Unfall 141544 (2016) Kat:3, Licht: 0,141544,3,6,0,07,14,5,,0,0,1,0,0,0,1
"POINT (10.916161317000000 48.387706485000002)",Unfall 141547 (2016) Kat:3, Licht: 0,141547,3,3,5,07,11,5,,0,0,1,0,0,0,0
"POINT (10.931020110000000 48.395595368999999)",Unfall 141555 (2016) Kat:3, Licht: 0,141555,3,3,5,07,11,5,,0,0,1,0,0,1,0
"POINT (10.902270806000001 48.352205992999998)",Unfall 141556 (2016) Kat:3, Licht: 0,141556,3,2,5,07,07,5,,0,1,1,0,0,0,0
"POINT (10.903214376999999 48.304112547999999)",Unfall 141573 (2016) Kat:3, Licht: 0,141573,3,6,2,07,19,5,,0,0,1,0,0,0,0
"POINT (10.859001279999999 48.351881370999998)",Unfall 141578 (2016) Kat:2, Licht: 0,141578,2,1,0,07,11,7,,0,1,0,0,0,0,0
"POINT (10.882524313999999 48.378378540999996)",Unfall 141598 (2016) Kat:3, Licht: 0,141598,3,6,1,07,12,6,,0,0,1,0,0,0,0
"POINT (10.938399225000000 48.354501210999999)",Unfall 141609 (2016) Kat:3, Licht: 0,141609,3,1,0,07,14,7,,0,1,0,0,0,0,0
"POINT (10.917369204000000 48.351490656000003)",Unfall 141621 (2016) Kat:2, Licht: 2,141621,2,1,0,07,23,7,,2,1,0,0,0,0,0
"POINT (10.908662312000001 48.354861962999998)",Unfall 141635 (2016) Kat:3, Licht: 0,141635,3,2,5,07,19,7,,0,1,1,0,0,0,0
"POINT (10.871973390999999 48.365306302999997)",Unfall 141657 (2016) Kat:3, Licht: 0,141657,3,3,0,07,14,6,,0,1,0,0,0,0,0
"POINT (10.908546791999999 48.360958697999997)",Unfall 141662 (2016) Kat:3, Licht: 0,141662,3,1,0,07,18,7,,0,1,0,0,0,0,0