WKT,Name,OBJECTID,UKATEGORIE,UTYP1,UART,UMONAT,USTUNDE,UWOCHENTAG,STRZUSTAND,ULICHTVERH,ISTRAD,ISTPKW,ISTFUSS,ISTKRAD,ISTGKFZ,ISTSONSTIG
"POINT (10.869708427000001 48.346322886999999)",Unfall 141679 (2016) Kat:3, Licht: 0,141679,3,7,0,07,20,1,,0,1,0,0,0,0,0
"POINT (10.898300506000000 48.368325065999997)",Unfall 141684 (2016) Kat:3, Licht: 2,141684,3,7,6,07,05,1,,2,0,1,1,0,0,0
"POINT (10.894448225000000 48.341872451000000)",Unfall 141709 (2016) Kat:3, Licht: 0,141709,3,1,0,07,09,6,,0,1,0,0,0,0,0
"POINT (10.860869629000000 48.380414248000001)",Unfall 141781 (2016) Kat:3, Licht: 0,141781,3,1,0,07,09,4,,0,1,0,0,0,0,0
"POINT (10.877368415999999 48.370422673000000)",Unfall 141793 (2016) Kat:2, Licht: 0,141793,2,1,3,07,19,4,,0,0,1,0,1,0,0
"POINT (10.936975833000000 48.364739471000000)",Unfall 141798 (2016) Kat:3, Licht: 0,141798,3,6,0,07,12,2,,0,1,0,0,0,0,1
"POINT (10.917651799000000 48.373204745999999)",Unfall 141823 (2016) Kat:3, Licht: 0,141823,3,7,0,07,19,4,,0,0,1,0,1,0,0
"POINT (10.857139707000000 48.311194237000002)",Unfall 141834 (2016) Kat:3, Licht: 2,141834,3,1,0,07,22,4,,2,1,0,0,0,0,0
"POINT (10.902870334999999 48.310172450000003)",Unfall 141839 (2016) Kat:3, Licht: 0,141839,3,7,0,07,16,4,,0,1,0,0,0,0,0
"POINT (10.884492293999999 48.368816301000003)",Unfall 141868 (2016) Kat:3, Licht: 2,141868,3,5,3,07,01,2,,2,1,1,0,0,0,0
"POINT (10.885755752000000 48.355616793999999)",Unfall 141875 (2016) Kat:3, Licht: 0,141875,3,6,2,07,15,3,,0,0,1,0,0,0,0
"POINT (10.846714471000000 48.386108454999999)",Unfall 141892 (2016) Kat:3, Licht: 0,141892,3,3,5,07,07,3,,0,1,0,0,0,0,0
"POINT (10.913935949000001 48.377031326999997)",Unfall 141905 (2016) Kat:3, Licht: 0,141905,3,6,5,07,10,3,,0,0,0,0,0,1,1
"POINT (10.846767217000000 48.386103315000000)",Unfall 141908 (2016) Kat:3, Licht: 0,141908,3,3,5,07,08,2,,0,1,0,0,0,0,0
"POINT (10.899341687000000 48.339712145000000)",Unfall 141913 (2016) Kat:3, Licht: 0,141913,3,3,5,07,17,3,,0,1,1,0,0,0,0
"POINT (10.884730844000000 48.373726890999997)",Unfall 141916 (2016) Kat:3, Licht: 0,141916,3,6,1,07,11,3,,0,0,1,0,1,0,0
"POINT (10.904277174000001 48.358392273000000)",Unfall 141961 (2016) Kat:3, Licht: 0,141961,3,1,0,07,18,2,,0,1,0,0,0,0,0
"POINT (10.864949201000000 48.380940969999997)",Unfall 142006 (2016) Kat:3, Licht: 0,142006,3,3,5,07,13,4,,0,1,1,0,0,0,0
"POINT (10.851860350000001 48.385646735999998)",Unfall 142056 (2016) Kat:3, Licht: 0,142056,3,6,2,07,18,5,,0,0,1,0,0,0,0
"POINT (10.876176775999999 48.380128075999998)",Unfall 142058 (2016) Kat:3, Licht: 0,142058,3,1,0,07,16,5,,0,1,0,0,0,0,0
"POINT (10.877902713999999 48.349802439000001)",Unfall 142069 (2016) Kat:2, Licht: 0,142069,2,1,0,07,16,5,,0,1,0,0,0,0,0
"POINT (10.907543274000000 48.367333264000003)",Unfall 142082 (2016) Kat:3, Licht: 0,142082,3,6,3,07,14,5,,0,1,1,0,0,0,0
"POINT (10.903719274000000 48.370318748000003)",Unfall 142088 (2016) Kat:3, Licht: 0,142088,3,1,0,07,15,5,,0,0,0,0,1,0,0
"POINT (10.901474236000000 48.373325025000000)",Unfall 142091 (2016) Kat:3, Licht: 0,142091,3,6,2,07,09,5,,0,0,1,0,0,0,0
"POINT (10.903430287999999 48.384074327000000)",Unfall 142094 (2016) Kat:3, Licht: 0,142094,3,2,5,07,07,7,,0,1,0,0,0,0,0
"POINT (10.821155464000000 48.316939490000003)",Unfall 142106 (2016) Kat:2, Licht: 0,142106,2,7,0,07,20,7,,0,1,0,0,0,0,0
"POINT (10.903405772999999 48.304096682000001)",Unfall 142112 (2016) Kat:3, Licht: 0,142112,3,7,0,07,15,7,,0,0,0,0,0,0,1
"POINT (10.909444655000000 48.370422810999997)",Unfall 142122 (2016) Kat:3, Licht: 0,142122,3,7,9,07,15,7,,0,0,1,0,0,0,0
"POINT (10.924962038000000 48.356492529999997)",Unfall 142132 (2016) Kat:3, Licht: 0,142132,3,3,5,07,13,6,,0,1,1,0,0,0,0
"POINT (10.877897160000000 48.349804288999998)",Unfall 142140 (2016) Kat:3, Licht: 0,142140,3,6,2,07,13,6,,0,1,1,0,0,0,0
"POINT (10.888834371000000 48.376479662999998)",Unfall 142144 (2016) Kat:3, Licht: 2,142144,3,1,0,07,22,6,,2,1,0,0,0,0,0
"POINT (10.916370292000000 48.376207299999997)",Unfall 142340 (2016) Kat:3, Licht: 0,142340,3,2,4,07,16,4,,0,1,1,0,0,0,0
"POINT (10.850222736999999 48.385785132000002)",Unfall 142395 (2016) Kat:3, Licht: 0,142395,3,6,2,07,09,2,,0,0,1,0,1,0,0
"POINT (10.880873161000000 48.373437223000003)",Unfall 142422 (2016) Kat:3, Licht: 0,142422,3,6,2,07,12,3,,0,0,1,0,0,0,0
"POINT (10.853480398000000 48.379762178000000)",Unfall 142443 (2016) Kat:2, Licht: 0,142443,2,3,5,07,07,4,,0,1,1,0,0,0,0
"POINT (10.889707932000000 48.370047038000003)",Unfall 142454 (2016) Kat:3, Licht: 0,142454,3,1,0,07,15,1,,0,1,0,0,0,0,0
"POINT (10.921688463000001 48.379314135999998)",Unfall 142473 (2016) Kat:3, Licht: 0,142473,3,6,1,07,15,3,,0,0,1,0,1,0,0
"POINT (10.919304546999999 48.369070585000003)",Unfall 142524 (2016) Kat:3, Licht: 0,142524,3,3,5,07,07,3,,0,0,1,0,0,0,0
"POINT (10.851804764000001 48.382087753999997)",Unfall 142572 (2016) Kat:3, Licht: 1,142572,3,7,0,07,21,3,,1,1,0,0,0,0,0
"POINT (10.884950113000000 48.368816201999998)",Unfall 142594 (2016) Kat:3, Licht: 0,142594,3,7,0,07,07,7,,0,1,0,0,0,0,0
"POINT (10.867869247000000 48.384392949999999)",Unfall 142711 (2016) Kat:3, Licht: 2,142711,3,1,0,07,21,5,,2,1,0,0,0,0,0
"POINT (10.929625853999999 48.385266082000001)",Unfall 142717 (2016) Kat:2, Licht: 0,142717,2,3,5,07,07,5,,0,0,1,0,1,0,0
"POINT (10.893882625000000 48.369911369000000)",Unfall 142718 (2016) Kat:3, Licht: 0,142718,3,6,4,07,19,6,,0,0,1,0,1,0,0
"POINT (10.906425554000000 48.370131254999997)",Unfall 142749 (2016) Kat:3, Licht: 0,142749,3,7,3,07,18,7,,0,0,1,0,0,0,1
"POINT (10.885187192000000 48.354941437999997)",Unfall 142755 (2016) Kat:3, Licht: 0,142755,3,2,3,07,18,5,,0,0,1,0,0,0,1
"POINT (10.890526428999999 48.313915004000002)",Unfall 142766 (2016) Kat:3, Licht: 0,142766,3,1,0,07,06,5,,0,0,0,0,1,0,0
"POINT (10.902182421999999 48.355575192000003)",Unfall 142797 (2016) Kat:3, Licht: 2,142797,3,1,0,07,00,6,,2,1,0,0,0,0,0
"POINT (10.893498909000000 48.365152786000003)",Unfall 142819 (2016) Kat:3, Licht: 0,142819,3,3,5,07,14,6,,0,1,1,0,0,0,0
"POINT (10.874021117000000 48.386846216999999)",Unfall 142864 (2016) Kat:2, Licht: 0,142864,2,7,0,08,10,2,,0,1,0,0,0,0,0
"POINT (10.902598172999999 48.361957566000001)",Unfall 142878 (2016) Kat:3, Licht: 0,142878,3,7,0,08,10,3,,0,1,0,0,0,0,0
"POINT (10.881764604000001 48.392709285999999)",Unfall 142893 (2016) Kat:3, Licht: 0,142893,3,2,5,08,15,2,,0,1,1,0,0,0,0
"POINT (10.879213192000000 48.405329098000003)",Unfall 142897 (2016) Kat:3, Licht: 0,142897,3,2,5,08,17,2,,0,1,1,0,0,0,0
"POINT (10.856816445000000 48.373279957999998)",Unfall 142934 (2016) Kat:1, Licht: 0,142934,1,7,7,08,07,3,,0,0,0,0,1,0,0
"POINT (10.881424468000001 48.389663151999997)",Unfall 142939 (2016) Kat:3, Licht: 0,142939,3,6,1,08,10,2,,0,0,1,0,0,0,1
"POINT (10.914211523000001 48.394043566000001)",Unfall 142950 (2016) Kat:3, Licht: 0,142950,3,4,6,08,17,2,,0,1,0,1,0,0,0
"POINT (10.902634658000000 48.361959036000002)",Unfall 142987 (2016) Kat:3, Licht: 0,142987,3,7,0,08,10,3,,0,1,0,0,0,0,0
"POINT (10.859199375999999 48.373051957999998)",Unfall 142994 (2016) Kat:3, Licht: 0,142994,3,6,2,07,14,1,,0,0,1,0,0,0,0
"POINT (10.921689733999999 48.383558780000001)",Unfall 143001 (2016) Kat:3, Licht: 0,143001,3,5,1,08,08,2,,0,0,1,0,0,0,0
"POINT (10.868174288000001 48.365120810000001)",Unfall 143003 (2016) Kat:3, Licht: 0,143003,3,3,5,07,09,1,,0,0,1,0,0,0,0
"POINT (10.907550745000000 48.367336424999998)",Unfall 143006 (2016) Kat:3, Licht: 0,143006,3,1,0,08,11,2,,0,1,0,0,0,0,1
"POINT (10.897285780000001 48.359953685000001)",Unfall 143052 (2016) Kat:3, Licht: 0,143052,3,3,5,08,06,3,,0,0,1,0,0,0,0
"POINT (10.879331668000001 48.351389843000000)",Unfall 143090 (2016) Kat:3, Licht: 0,143090,3,2,4,08,19,3,,0,1,1,0,0,0,0
"POINT (10.915392213000001 48.390343301000001)",Unfall 143119 (2016) Kat:3, Licht: 0,143119,3,3,5,08,17,7,,0,1,1,0,0,0,0
"POINT (10.875730528000000 48.380758018999998)",Unfall 143161 (2016) Kat:3, Licht: 0,143161,3,5,1,08,19,6,,0,1,1,0,0,0,0
"POINT (10.915285972000000 48.399537457999998)",Unfall 143182 (2016) Kat:3, Licht: 0,143182,3,3,5,08,19,5,,0,1,1,0,0,0,0
"POINT (10.891759509000000 48.368995879000003)",Unfall 143189 (2016) Kat:3, Licht: 0,143189,3,6,2,08,07,5,,0,0,1,0,0,0,0
"POINT (10.869968926000000 48.372144972000001)",Unfall 143216 (2016) Kat:3, Licht: 0,143216,3,3,5,08,18,6,,0,1,1,0,0,0,0
"POINT (10.897864903000000 48.370506962000000)",Unfall 143229 (2016) Kat:3, Licht: 0,143229,3,3,5,08,07,1,,0,0,1,0,0,0,1
"POINT (10.853443754000001 48.396486228999997)",Unfall 143232 (2016) Kat:3, Licht: 0,143232,3,3,5,08,12,6,,0,0,1,0,0,0,0
"POINT (10.947983248000000 48.364706243999997)",Unfall 143454 (2016) Kat:2, Licht: 0,143454,2,7,0,08,12,5,,0,0,0,0,1,0,0
"POINT (10.872913705000000 48.379274017999997)",Unfall 143523 (2016) Kat:3, Licht: 0,143523,3,1,0,08,15,2,,0,1,0,0,0,0,0
"POINT (10.916245235000000 48.382380144000003)",Unfall 143527 (2016) Kat:3, Licht: 0,143527,3,3,0,08,07,2,,0,1,1,0,0,0,0
"POINT (10.926652179000000 48.397601672999997)",Unfall 143534 (2016) Kat:3, Licht: 0,143534,3,6,3,08,15,4,,0,0,1,0,0,0,0
"POINT (10.878898249000001 48.370839533999998)",Unfall 143567 (2016) Kat:3, Licht: 0,143567,3,3,5,08,13,4,,0,1,1,0,0,0,0
"POINT (10.886806617000000 48.356800921999998)",Unfall 143612 (2016) Kat:3, Licht: 0,143612,3,6,2,08,15,5,,0,0,1,0,0,0,0
"POINT (10.898159673000000 48.376930508000001)",Unfall 143620 (2016) Kat:3, Licht: 0,143620,3,6,2,08,16,3,,0,0,1,0,0,0,0
"POINT (10.872943812999999 48.398755719999997)",Unfall 143730 (2016) Kat:3, Licht: 0,143730,3,3,5,08,18,3,,0,1,1,0,0,0,0
"POINT (10.941139940999999 48.361253593999997)",Unfall 143810 (2016) Kat:2, Licht: 0,143810,2,3,5,08,16,2,,0,1,1,0,0,0,0
"POINT (10.903887381000001 48.370301703999999)",Unfall 143832 (2016) Kat:3, Licht: 0,143832,3,6,0,08,13,7,,0,0,0,0,1,0,0
"POINT (10.885517805999999 48.373718783000001)",Unfall 143835 (2016) Kat:3, Licht: 0,143835,3,3,0,08,12,7,,0,1,0,0,0,0,1
"POINT (10.820985425000000 48.320822532999998)",Unfall 143855 (2016) Kat:3, Licht: 2,143855,3,1,0,08,22,2,,2,1,0,0,0,0,0
"POINT (10.887336230000001 48.366056567000001)",Unfall 143861 (2016) Kat:3, Licht: 0,143861,3,1,3,08,16,2,,0,1,1,0,0,0,0
"POINT (10.847763520999999 48.385977177000001)",Unfall 143908 (2016) Kat:3, Licht: 0,143908,3,6,1,08,17,4,,0,0,1,0,0,0,0
"POINT (10.874210667000000 48.385669383000000)",Unfall 143910 (2016) Kat:3, Licht: 0,143910,3,6,1,08,16,6,,0,1,1,0,0,0,0
"POINT (10.897532366000000 48.371937731000003)",Unfall 143917 (2016) Kat:3, Licht: 0,143917,3,1,0,08,18,4,,0,1,0,0,0,0,0
"POINT (10.880875738000000 48.373347236999997)",Unfall 143954 (2016) Kat:2, Licht: 0,143954,2,3,5,08,11,6,,0,1,1,0,0,0,0
"POINT (10.872447876000001 48.348722004000003)",Unfall 143977 (2016) Kat:3, Licht: 0,143977,3,7,0,08,09,5,,0,1,0,0,0,0,0
"POINT (10.880683136000000 48.365588750999997)",Unfall 144158 (2016) Kat:3, Licht: 0,144158,3,7,1,08,17,4,,0,0,1,0,0,0,0
"POINT (10.892455905000000 48.367235129000001)",Unfall 144196 (2016) Kat:3, Licht: 0,144196,3,7,6,08,17,2,,0,1,0,1,0,0,0
"POINT (10.916453153000001 48.381726858000000)",Unfall 144199 (2016) Kat:3, Licht: 0,144199,3,3,5,08,15,4,,0,1,0,0,0,0,0
"POINT (10.868816981000000 48.352829442000001)",Unfall 144230 (2016) Kat:3, Licht: 0,144230,3,1,0,08,13,1,,0,1,0,0,0,0,0
"POINT (10.883805255000000 48.361097012999998)",Unfall 144239 (2016) Kat:3, Licht: 2,144239,3,1,9,08,04,1,,2,0,1,0,0,0,0
"POINT (10.898649563999999 48.358209788000003)",Unfall 144241 (2016) Kat:3, Licht: 0,144241,3,3,5,08,18,1,,0,1,1,0,0,0,0
"POINT (10.861939313000001 48.373136506999998)",Unfall 144278 (2016) Kat:3, Licht: 0,144278,3,3,5,08,14,3,,0,1,1,0,0,0,0
"POINT (10.926991050000000 48.375705228000001)",Unfall 144299 (2016) Kat:3, Licht: 0,144299,3,2,5,08,17,3,,0,1,1,0,0,0,0
"POINT (10.923518211999999 48.384984375999998)",Unfall 144302 (2016) Kat:2, Licht: 0,144302,2,2,6,08,19,3,,0,0,1,1,0,0,0
"POINT (10.881099949999999 48.353432720000001)",Unfall 144322 (2016) Kat:3, Licht: 0,144322,3,1,5,08,18,3,,0,1,1,0,0,0,0
"POINT (10.894222426000001 48.360161497000000)",Unfall 144331 (2016) Kat:3, Licht: 0,144331,3,7,0,08,16,3,,0,1,0,0,0,0,0
"POINT (10.904574021000000 48.369899281999999)",Unfall 144335 (2016) Kat:3, Licht: 0,144335,3,1,0,08,18,3,,0,1,0,0,0,0,0
"POINT (10.902683549000001 48.362646945999998)",Unfall 144501 (2016) Kat:3, Licht: 2,144501,3,1,1,08,01,7,,2,0,1,0,1,0,0
"POINT (10.902526518000000 48.367999773000001)",Unfall 144534 (2016) Kat:3, Licht: 0,144534,3,2,4,08,09,7,,0,1,1,0,0,0,0
"POINT (10.881438090000000 48.389876121000000)",Unfall 144608 (2016) Kat:2, Licht: 0,144608,2,4,6,08,15,5,,0,0,1,1,0,0,0
"POINT (10.871302871999999 48.398930917000001)",Unfall 144611 (2016) Kat:3, Licht: 0,144611,3,2,5,08,18,6,,0,1,1,0,0,0,0
"POINT (10.910023858000001 48.307669142999998)",Unfall 144619 (2016) Kat:2, Licht: 2,144619,2,7,0,08,22,6,,2,1,0,0,0,0,0
"POINT (10.901682391000000 48.361953718000002)",Unfall 144622 (2016) Kat:3, Licht: 0,144622,3,1,0,08,10,6,,0,1,0,0,0,0,0
"POINT (10.877273978000000 48.380434467999997)",Unfall 144629 (2016) Kat:2, Licht: 0,144629,2,6,4,08,12,5,,0,1,1,0,0,0,0
"POINT (10.924410625000000 48.377506738999998)",Unfall 144632 (2016) Kat:2, Licht: 2,144632,2,3,5,08,20,5,,2,1,0,0,0,0,1
"POINT (10.916482719999999 48.398183301000003)",Unfall 144635 (2016) Kat:3, Licht: 0,144635,3,1,0,08,13,5,,0,1,0,0,0,0,0
"POINT (10.877913819000000 48.349798737999997)",Unfall 144644 (2016) Kat:3, Licht: 0,144644,3,2,4,08,18,5,,0,1,0,0,0,0,1
"POINT (10.908292024000000 48.339775580999998)",Unfall 144656 (2016) Kat:3, Licht: 0,144656,3,1,0,08,12,5,,0,1,0,0,0,0,1
"POINT (10.881661204000000 48.339526395000000)",Unfall 144663 (2016) Kat:2, Licht: 0,144663,2,1,0,08,09,5,,0,0,0,0,1,0,0
"POINT (10.891969080999999 48.362354285999999)",Unfall 144670 (2016) Kat:3, Licht: 1,144670,3,3,5,08,20,5,,1,1,1,0,0,0,0
"POINT (10.892449106999999 48.351692125000000)",Unfall 144698 (2016) Kat:3, Licht: 0,144698,3,3,5,08,18,2,,0,1,1,0,0,0,0
"POINT (10.883235195999999 48.375990252999998)",Unfall 144704 (2016) Kat:3, Licht: 0,144704,3,4,6,08,16,3,,0,0,1,1,0,0,0
"POINT (10.911217058000000 48.400440908000000)",Unfall 144786 (2016) Kat:3, Licht: 0,144786,3,7,0,08,13,3,,0,1,0,0,0,0,0
"POINT (10.915811692000000 48.349540171999998)",Unfall 144797 (2016) Kat:3, Licht: 0,144797,3,2,4,08,17,1,,0,1,1,0,0,0,0
"POINT (10.881433501000000 48.389804367000004)",Unfall 144801 (2016) Kat:3, Licht: 0,144801,3,6,2,08,14,2,,0,0,1,0,0,0,0
"POINT (10.923140573000000 48.377307356000003)",Unfall 144806 (2016) Kat:2, Licht: 0,144806,2,2,1,08,17,3,,0,1,1,0,0,0,0
"POINT (10.911612190000000 48.373266295000001)",Unfall 144819 (2016) Kat:3, Licht: 2,144819,3,6,2,08,04,1,,2,1,1,0,0,0,0
"POINT (10.895832035000000 48.370182616000001)",Unfall 144832 (2016) Kat:3, Licht: 0,144832,3,2,4,08,17,1,,0,0,1,0,0,0,0
"POINT (10.854835122000001 48.357030567000002)",Unfall 144885 (2016) Kat:3, Licht: 2,144885,3,3,5,08,21,3,,2,1,0,0,0,0,0
"POINT (10.881446628999999 48.390002373000002)",Unfall 144972 (2016) Kat:3, Licht: 0,144972,3,6,1,09,15,5,,0,0,1,0,0,0,1
"POINT (10.915288434000001 48.394860193000000)",Unfall 144974 (2016) Kat:3, Licht: 0,144974,3,3,5,09,13,6,,0,1,1,0,0,0,0
"POINT (10.873778157000000 48.363698757999998)",Unfall 145001 (2016) Kat:3, Licht: 0,145001,3,7,0,09,17,5,,0,1,0,0,0,0,0
"POINT (10.908439158000000 48.390692948999998)",Unfall 145018 (2016) Kat:2, Licht: 0,145018,2,7,1,09,14,6,,0,1,1,0,0,0,0
"POINT (10.899143913000000 48.328619146999998)",Unfall 145025 (2016) Kat:3, Licht: 0,145025,3,6,4,09,14,5,,0,1,0,0,0,0,0
"POINT (10.899621109000000 48.370847022000000)",Unfall 145068 (2016) Kat:3, Licht: 0,145068,3,1,0,09,16,6,,0,1,0,0,0,0,0
"POINT (10.926855074000001 48.381940432999997)",Unfall 145078 (2016) Kat:3, Licht: 0,145078,3,2,3,09,13,6,,0,1,1,0,0,0,0
"POINT (10.885520304000000 48.373721918999998)",Unfall 145092 (2016) Kat:3, Licht: 0,145092,3,3,5,09,10,5,,0,1,1,0,0,0,0
"POINT (10.880483330000001 48.382243049000003)",Unfall 145127 (2016) Kat:2, Licht: 0,145127,2,7,0,09,15,5,,0,0,0,0,1,0,0
"POINT (10.924968293999999 48.356902753000000)",Unfall 145135 (2016) Kat:3, Licht: 0,145135,3,4,6,08,15,4,,0,0,1,1,0,0,0
"POINT (10.880886026000001 48.374814467000000)",Unfall 145140 (2016) Kat:3, Licht: 0,145140,3,7,0,08,07,4,,0,1,0,0,0,0,0
"POINT (10.887148355000001 48.357300430999999)",Unfall 145171 (2016) Kat:3, Licht: 0,145171,3,1,0,09,09,6,,0,1,0,0,0,0,0
"POINT (10.906248440000001 48.370110103000002)",Unfall 145177 (2016) Kat:3, Licht: 0,145177,3,6,2,09,19,5,,0,0,1,0,1,0,0
"POINT (10.858433376000001 48.396098182999999)",Unfall 145182 (2016) Kat:3, Licht: 0,145182,3,4,6,09,10,3,,0,0,1,1,0,0,0
"POINT (10.901420443999999 48.372969036999997)",Unfall 145184 (2016) Kat:3, Licht: 0,145184,3,5,0,09,12,4,,0,1,1,0,0,0,0
"POINT (10.896287373000000 48.370197496000003)",Unfall 145190 (2016) Kat:3, Licht: 0,145190,3,6,2,09,19,2,,0,0,1,0,0,0,0
"POINT (10.927889078000000 48.375269775000000)",Unfall 145216 (2016) Kat:3, Licht: 0,145216,3,2,0,09,18,2,,0,1,1,0,0,0,0
"POINT (10.879253626000001 48.392829114000001)",Unfall 145217 (2016) Kat:3, Licht: 2,145217,3,7,6,09,21,2,,2,0,1,1,0,0,0
"POINT (10.884149948999999 48.379769924999998)",Unfall 145232 (2016) Kat:3, Licht: 0,145232,3,6,2,09,17,3,,0,1,1,0,0,0,0
"POINT (10.944574380000001 48.352004889000000)",Unfall 145257 (2016) Kat:3, Licht: 0,145257,3,1,0,09,19,2,,0,1,0,0,0,0,0
"POINT (10.878614962000000 48.403294826000000)",Unfall 145291 (2016) Kat:3, Licht: 0,145291,3,6,2,09,17,3,,0,0,1,0,0,0,0
"POINT (10.892849161999999 48.371022865999997)",Unfall 145293 (2016) Kat:3, Licht: 0,145293,3,2,4,09,16,4,,0,1,1,0,0,0,0
"POINT (10.927622680000001 48.363363624999998)",Unfall 145337 (2016) Kat:3, Licht: 0,145337,3,7,0,09,17,3,,0,0,1,0,1,0,0
"POINT (10.853948409999999 48.382405087999999)",Unfall 145364 (2016) Kat:2, Licht: 0,145364,2,3,5,09,14,4,,0,1,1,0,0,0,0
"POINT (10.872194716999999 48.360993977000000)",Unfall 145378 (2016) Kat:3, Licht: 0,145378,3,3,5,09,17,3,,0,0,1,0,0,0,0
"POINT (10.873181911000000 48.381469211000002)",Unfall 145387 (2016) Kat:2, Licht: 0,145387,2,3,5,09,10,7,,0,0,1,0,0,0,0
"POINT (10.897957629000000 48.351801211999998)",Unfall 145396 (2016) Kat:2, Licht: 0,145396,2,3,5,09,16,4,,0,0,1,0,1,0,0
"POINT (10.927596348000000 48.378366319999998)",Unfall 145413 (2016) Kat:3, Licht: 0,145413,3,3,5,09,13,7,,0,1,1,0,0,0,0
"POINT (10.878438458000000 48.380041061000000)",Unfall 145451 (2016) Kat:3, Licht: 2,145451,3,6,1,09,00,7,,2,1,1,0,0,0,0
"POINT (10.825668044000000 48.320581431999997)",Unfall 145453 (2016) Kat:3, Licht: 0,145453,3,7,6,09,18,5,,0,1,0,1,0,0,0
"POINT (10.904581427000000 48.370314843999999)",Unfall 145488 (2016) Kat:3, Licht: 0,145488,3,2,4,09,07,6,,0,0,0,0,1,1,0
"POINT (10.911479542000000 48.318990173000003)",Unfall 145522 (2016) Kat:3, Licht: 0,145522,3,7,0,09,14,7,,0,1,1,0,0,0,0
"POINT (10.898288807000000 48.367474541999997)",Unfall 145524 (2016) Kat:3, Licht: 0,145524,3,1,0,09,07,5,,0,1,0,0,0,0,0
"POINT (10.915941710000000 48.362028191000000)",Unfall 145536 (2016) Kat:3, Licht: 0,145536,3,3,5,09,17,6,,0,1,1,0,0,0,0
"POINT (10.896095936000000 48.400831879000002)",Unfall 145558 (2016) Kat:3, Licht: 0,145558,3,3,5,09,15,5,,0,0,1,0,0,0,0
"POINT (10.900689520000000 48.392847127000003)",Unfall 145624 (2016) Kat:3, Licht: 0,145624,3,7,0,09,14,7,,0,1,0,0,0,0,0
"POINT (10.893553754999999 48.318244077000003)",Unfall 145626 (2016) Kat:3, Licht: 0,145626,3,3,5,09,13,5,,0,1,1,0,0,0,0
"POINT (10.893432459000000 48.369874664999998)",Unfall 145677 (2016) Kat:3, Licht: 2,145677,3,5,1,09,22,7,,2,0,1,0,0,0,0
"POINT (10.883672385000001 48.374675803000002)",Unfall 145689 (2016) Kat:3, Licht: 0,145689,3,7,0,09,14,6,,0,1,0,0,0,0,0
"POINT (10.909744733000000 48.383323032000000)",Unfall 145700 (2016) Kat:3, Licht: 0,145700,3,5,1,09,12,2,,0,1,1,0,0,0,0
"POINT (10.913961856000000 48.377171719000003)",Unfall 145708 (2016) Kat:3, Licht: 1,145708,3,2,6,09,20,1,,1,0,1,1,0,0,0
"POINT (10.914066491000000 48.376985241000000)",Unfall 145716 (2016) Kat:3, Licht: 0,145716,3,2,3,09,14,2,,0,1,1,0,0,0,0
"POINT (10.878169433000000 48.370083864000001)",Unfall 145729 (2016) Kat:3, Licht: 0,145729,3,7,2,09,12,3,,0,0,1,0,0,0,0
"POINT (10.884997501999999 48.373229739999999)",Unfall 145733 (2016) Kat:3, Licht: 0,145733,3,6,3,09,16,2,,0,1,1,0,0,0,0
"POINT (10.897107159999999 48.379291625000000)",Unfall 145753 (2016) Kat:3, Licht: 0,145753,3,6,2,09,12,2,,0,0,1,0,1,0,0
"POINT (10.900171067000000 48.352472558000002)",Unfall 145762 (2016) Kat:3, Licht: 0,145762,3,7,5,09,14,1,,0,1,1,0,0,0,0
"POINT (10.934062123000000 48.382013720000003)",Unfall 145782 (2016) Kat:3, Licht: 0,145782,3,3,5,09,16,3,,0,1,1,0,0,0,0
"POINT (10.871552975000000 48.398902962000001)",Unfall 145802 (2016) Kat:3, Licht: 0,145802,3,3,5,09,10,1,,0,1,1,0,0,0,0
"POINT (10.901394067000000 48.369686547000001)",Unfall 145834 (2016) Kat:3, Licht: 0,145834,3,3,5,09,07,3,,0,0,1,0,0,0,0
"POINT (10.942032391000000 48.378391501999999)",Unfall 145867 (2016) Kat:3, Licht: 0,145867,3,5,1,09,18,1,,0,1,1,0,0,0,0
"POINT (10.917607565000001 48.380905022000000)",Unfall 145888 (2016) Kat:3, Licht: 0,145888,3,2,4,09,18,3,,0,0,1,0,1,0,0
"POINT (10.913766667000001 48.376795152000000)",Unfall 145913 (2016) Kat:3, Licht: 0,145913,3,6,2,09,10,2,,0,0,1,0,1,0,0
"POINT (10.865086472000000 48.380571021999998)",Unfall 145916 (2016) Kat:3, Licht: 0,145916,3,6,2,09,16,2,,0,0,1,0,0,0,0
"POINT (10.880797423000001 48.380961700999997)",Unfall 145926 (2016) Kat:3, Licht: 0,145926,3,6,0,09,17,2,,0,1,1,0,0,0,0
"POINT (10.892339896999999 48.369503342999998)",Unfall 145943 (2016) Kat:3, Licht: 0,145943,3,6,2,09,17,3,,0,0,1,0,0,0,0
"POINT (10.845446716000000 48.389718944999998)",Unfall 145955 (2016) Kat:3, Licht: 2,145955,3,6,4,09,14,2,,2,0,1,0,0,0,0
"POINT (10.879040780000000 48.367285838999997)",Unfall 145996 (2016) Kat:3, Licht: 2,145996,3,3,5,09,20,5,,2,0,1,0,1,0,0