WKT,Name,OBJECTID,UKATEGORIE,UTYP1,UART,UMONAT,USTUNDE,UWOCHENTAG,STRZUSTAND,ULICHTVERH,ISTRAD,ISTPKW,ISTFUSS,ISTKRAD,ISTGKFZ,ISTSONSTIG
"POINT (10.897997021000000 48.367203371000002)",Unfall 149662 (2016) Kat:2, Licht: 0,149662,2,1,1,11,09,4,,0,1,0,0,0,0,1
"POINT (10.897932840999999 48.359830676999998)",Unfall 149668 (2016) Kat:3, Licht: 2,149668,3,2,4,11,16,3,,2,1,1,0,0,0,0
"POINT (10.898935096000001 48.370943670999999)",Unfall 149674 (2016) Kat:3, Licht: 0,149674,3,1,0,11,10,5,,0,1,0,0,0,0,0
"POINT (10.911494812999999 48.420249388999999)",Unfall 149710 (2016) Kat:3, Licht: 0,149710,3,3,0,11,10,2,,0,0,1,0,0,0,0
"POINT (10.870146135000001 48.403111488999997)",Unfall 149725 (2016) Kat:3, Licht: 0,149725,3,3,5,11,14,6,,0,0,1,0,0,0,0
"POINT (10.895364017000000 48.364381168000001)",Unfall 149736 (2016) Kat:3, Licht: 0,149736,3,4,6,11,13,6,,0,0,1,1,0,0,0
"POINT (10.892240363000001 48.362651563999997)",Unfall 149742 (2016) Kat:3, Licht: 0,149742,3,2,4,11,07,3,,0,1,1,0,0,0,0
"POINT (10.896308947000000 48.362701215000001)",Unfall 149782 (2016) Kat:3, Licht: 2,149782,3,5,1,11,17,3,,2,1,1,0,0,0,0
"POINT (10.868144967999999 48.365119147999998)",Unfall 149815 (2016) Kat:3, Licht: 0,149815,3,5,5,11,14,2,,0,1,1,0,0,0,0
"POINT (10.895863966000000 48.351966984999997)",Unfall 149865 (2016) Kat:3, Licht: 2,149865,3,3,5,11,19,2,,2,1,1,0,0,0,0
"POINT (10.884433769999999 48.354575726000000)",Unfall 149869 (2016) Kat:3, Licht: 0,149869,3,6,4,11,07,3,,0,1,0,0,0,0,0
"POINT (10.861342134999999 48.351866330999997)",Unfall 149877 (2016) Kat:2, Licht: 2,149877,2,1,8,11,03,7,,2,0,1,0,0,0,0
"POINT (10.913959287999999 48.377166232999997)",Unfall 149891 (2016) Kat:2, Licht: 2,149891,2,4,5,11,19,7,,2,0,1,1,0,0,0
"POINT (10.900454330000001 48.370663024000002)",Unfall 149899 (2016) Kat:3, Licht: 2,149899,3,6,0,11,18,3,,2,0,1,0,0,0,1
"POINT (10.909428569999999 48.316415890999998)",Unfall 149926 (2016) Kat:3, Licht: 0,149926,3,3,5,11,12,1,,0,1,1,0,0,0,0
"POINT (10.881693679000000 48.393661151000003)",Unfall 150004 (2016) Kat:2, Licht: 2,150004,2,4,6,11,05,6,,2,0,1,1,0,0,0
"POINT (10.902224865999999 48.352207946999997)",Unfall 150006 (2016) Kat:2, Licht: 0,150006,2,3,5,11,07,6,,0,1,1,0,0,0,0
"POINT (10.882561729000001 48.363779321999999)",Unfall 150014 (2016) Kat:3, Licht: 0,150014,3,6,2,11,07,6,,0,0,1,0,0,0,0
"POINT (10.909683185000000 48.316617485000002)",Unfall 150018 (2016) Kat:3, Licht: 0,150018,3,2,4,11,11,7,,0,0,1,0,0,0,0
"POINT (10.881671002999999 48.365819488000000)",Unfall 150024 (2016) Kat:3, Licht: 2,150024,3,2,4,11,21,2,,2,1,1,0,0,0,0
"POINT (10.913724971000001 48.361088688000002)",Unfall 150035 (2016) Kat:3, Licht: 0,150035,3,4,6,11,13,4,,0,0,1,1,0,0,0
"POINT (10.873435719000000 48.350440659999997)",Unfall 150039 (2016) Kat:3, Licht: 2,150039,3,2,6,11,22,4,,2,0,1,1,0,0,0
"POINT (10.883786452000001 48.378395849000000)",Unfall 150049 (2016) Kat:3, Licht: 2,150049,3,5,1,11,21,6,,2,0,1,0,0,0,1
"POINT (10.884369887000000 48.378326026000003)",Unfall 150062 (2016) Kat:3, Licht: 0,150062,3,5,1,11,01,6,,0,1,1,0,0,0,0
"POINT (10.882888597000001 48.378498901000000)",Unfall 150070 (2016) Kat:2, Licht: 2,150070,2,4,6,11,18,6,,2,0,1,1,0,0,0
"POINT (10.912669705000001 48.400418637000001)",Unfall 150117 (2016) Kat:3, Licht: 2,150117,3,3,5,11,18,5,,2,0,1,0,1,0,0
"POINT (10.914946169000000 48.379464769999998)",Unfall 150123 (2016) Kat:2, Licht: 0,150123,2,7,6,11,14,7,,0,0,1,1,0,0,0
"POINT (10.885939797000001 48.345638268999998)",Unfall 150141 (2016) Kat:3, Licht: 0,150141,3,3,5,11,12,5,,0,1,1,0,0,0,0
"POINT (10.905406036000000 48.371846466999997)",Unfall 150147 (2016) Kat:3, Licht: 0,150147,3,1,8,11,08,5,,0,0,0,0,1,0,0
"POINT (10.890005889999999 48.370219294999998)",Unfall 150158 (2016) Kat:3, Licht: 2,150158,3,2,4,11,05,5,,2,0,1,0,0,0,0
"POINT (10.901249194000000 48.361973315999997)",Unfall 150176 (2016) Kat:3, Licht: 0,150176,3,1,0,11,09,7,,0,1,0,0,0,0,0
"POINT (10.917787420000000 48.373345389999997)",Unfall 150211 (2016) Kat:2, Licht: 2,150211,2,7,6,11,05,4,,2,0,1,1,0,0,0
"POINT (10.879642184000000 48.390769695000003)",Unfall 150272 (2016) Kat:3, Licht: 2,150272,3,6,2,11,17,3,,2,0,1,0,1,0,0
"POINT (10.928813582000000 48.361692411999996)",Unfall 150278 (2016) Kat:3, Licht: 0,150278,3,6,3,12,14,6,,0,0,1,0,1,0,0
"POINT (10.929586155999999 48.373974175999997)",Unfall 150352 (2016) Kat:3, Licht: 2,150352,3,6,1,12,18,5,,2,0,1,0,0,0,0
"POINT (10.893854447000001 48.336766433000001)",Unfall 150379 (2016) Kat:2, Licht: 2,150379,2,2,4,12,17,5,,2,0,1,0,0,0,0
"POINT (10.902391974000000 48.352227919000001)",Unfall 150437 (2016) Kat:3, Licht: 0,150437,3,6,2,11,09,3,,0,0,1,0,0,0,0
"POINT (10.899028384999999 48.337551544000000)",Unfall 150439 (2016) Kat:3, Licht: 2,150439,3,3,5,12,01,7,,2,0,1,0,0,0,0
"POINT (10.901012552999999 48.370610268000000)",Unfall 150443 (2016) Kat:3, Licht: 2,150443,3,2,4,12,17,6,,2,0,1,0,0,0,0
"POINT (10.912683878999999 48.386739032000001)",Unfall 150466 (2016) Kat:2, Licht: 2,150466,2,4,6,11,06,4,,2,0,1,1,0,0,0
"POINT (10.900879579000000 48.350883625000002)",Unfall 150483 (2016) Kat:3, Licht: 1,150483,3,7,6,12,07,2,,1,0,1,1,0,0,0
"POINT (10.920087989000001 48.380355629000000)",Unfall 150511 (2016) Kat:3, Licht: 0,150511,3,2,0,12,07,3,,0,0,1,0,0,0,1
"POINT (10.893525398000000 48.364971015999998)",Unfall 150517 (2016) Kat:3, Licht: 0,150517,3,3,5,12,14,5,,0,0,1,0,0,0,0
"POINT (10.881392189000000 48.366532829000001)",Unfall 150520 (2016) Kat:3, Licht: 0,150520,3,2,5,12,15,2,,0,1,1,0,0,0,0
"POINT (10.906096206999999 48.368201716999998)",Unfall 150522 (2016) Kat:3, Licht: 2,150522,3,7,0,12,17,3,,2,0,0,0,1,0,0
"POINT (10.852545523000000 48.385515996000002)",Unfall 150529 (2016) Kat:3, Licht: 0,150529,3,3,5,12,13,4,,0,1,1,0,0,0,0
"POINT (10.893844378000001 48.336770280000003)",Unfall 150574 (2016) Kat:3, Licht: 0,150574,3,3,5,12,11,5,,0,0,1,0,0,0,0
"POINT (10.857228134000000 48.385152898000001)",Unfall 150594 (2016) Kat:3, Licht: 0,150594,3,6,2,12,11,2,,0,0,1,0,0,0,0
"POINT (10.871014196000001 48.337863532999997)",Unfall 150628 (2016) Kat:3, Licht: 2,150628,3,3,5,12,22,5,,2,0,1,0,0,0,0
"POINT (10.898730114999999 48.366505482000001)",Unfall 150643 (2016) Kat:3, Licht: 2,150643,3,3,5,12,22,2,,2,1,1,0,0,0,0
"POINT (10.904419118000000 48.387507116000002)",Unfall 150683 (2016) Kat:3, Licht: 1,150683,3,3,5,12,06,5,,1,1,1,0,0,0,0
"POINT (10.859851644000001 48.372981514999999)",Unfall 150698 (2016) Kat:3, Licht: 0,150698,3,6,2,12,06,2,,0,0,1,0,0,1,0
"POINT (10.903044500000000 48.304127704000003)",Unfall 150733 (2016) Kat:3, Licht: 0,150733,3,1,0,12,09,5,,0,1,0,0,0,0,0
"POINT (10.909579544000000 48.370609889999997)",Unfall 150750 (2016) Kat:3, Licht: 0,150750,3,6,1,12,12,3,,0,0,1,0,0,0,0
"POINT (10.910625807000001 48.384437824000003)",Unfall 150773 (2016) Kat:3, Licht: 2,150773,3,1,0,12,06,3,,2,1,0,0,0,0,0
"POINT (10.861055078000000 48.355235641000000)",Unfall 150774 (2016) Kat:3, Licht: 0,150774,3,3,5,12,08,2,,0,1,1,0,0,0,0
"POINT (10.865930527000000 48.384768547999997)",Unfall 150781 (2016) Kat:3, Licht: 2,150781,3,7,0,12,01,2,,2,0,0,0,1,0,0
"POINT (10.915289898999999 48.380136510000000)",Unfall 150788 (2016) Kat:2, Licht: 0,150788,2,7,5,12,11,2,,0,0,0,0,0,0,1
"POINT (10.914574796000000 48.378591389000000)",Unfall 150795 (2016) Kat:3, Licht: 0,150795,3,4,6,12,11,2,,0,0,1,1,0,0,0
"POINT (10.827574836000000 48.335143559000002)",Unfall 150809 (2016) Kat:2, Licht: 0,150809,2,7,9,12,13,2,,0,0,1,0,0,0,0
"POINT (10.911223308000000 48.372861598999997)",Unfall 150819 (2016) Kat:3, Licht: 0,150819,3,3,5,12,15,2,,0,1,1,0,0,0,0
"POINT (10.873668809000000 48.363668627999999)",Unfall 150849 (2016) Kat:3, Licht: 1,150849,3,7,0,12,16,3,,1,1,1,0,0,0,0
"POINT (10.868318846999999 48.371624255000000)",Unfall 150865 (2016) Kat:3, Licht: 1,150865,3,1,0,12,07,3,,1,0,0,0,1,0,0
"POINT (10.878895018000000 48.370840047999998)",Unfall 150873 (2016) Kat:3, Licht: 0,150873,3,3,5,12,12,6,,0,1,0,0,0,1,0
"POINT (10.856388963000001 48.385229860999999)",Unfall 150882 (2016) Kat:3, Licht: 2,150882,3,2,4,12,06,6,,2,0,1,0,1,0,0
"POINT (10.944497093000001 48.348583462000001)",Unfall 150895 (2016) Kat:3, Licht: 2,150895,3,2,0,12,05,6,,2,0,1,0,1,0,0
"POINT (10.901010009000000 48.370630052000003)",Unfall 150900 (2016) Kat:3, Licht: 0,150900,3,2,4,12,11,6,,0,0,1,0,1,0,0
"POINT (10.885586881000000 48.373553741999999)",Unfall 150904 (2016) Kat:2, Licht: 2,150904,2,4,6,12,01,6,,2,0,1,1,0,0,1
"POINT (10.929918679000000 48.358523474000002)",Unfall 150916 (2016) Kat:3, Licht: 0,150916,3,6,1,12,12,3,,0,0,1,0,1,0,0
"POINT (10.886029704000000 48.351516377999999)",Unfall 150922 (2016) Kat:3, Licht: 1,150922,3,6,2,12,16,3,,1,0,1,0,0,0,0
"POINT (10.879361984000001 48.402766786999997)",Unfall 150934 (2016) Kat:3, Licht: 2,150934,3,6,1,12,17,7,,2,0,1,0,1,0,0
"POINT (10.925641482000000 48.365569741999998)",Unfall 150945 (2016) Kat:3, Licht: 0,150945,3,1,8,12,15,7,,0,0,1,0,0,0,0
"POINT (10.919349848000000 48.366512037000000)",Unfall 150978 (2016) Kat:3, Licht: 0,150978,3,7,6,12,08,3,,0,0,1,1,0,0,0
"POINT (10.849950048000000 48.385029981999999)",Unfall 151067 (2016) Kat:3, Licht: 0,151067,3,3,5,12,11,4,,0,0,1,0,0,1,0
"POINT (10.938281346000000 48.354226402000002)",Unfall 151075 (2016) Kat:3, Licht: 0,151075,3,2,3,12,14,4,,0,1,1,0,0,0,0
"POINT (10.916476102000001 48.383085262999998)",Unfall 151084 (2016) Kat:3, Licht: 0,151084,3,3,5,12,13,2,,0,0,1,0,1,0,0
"POINT (10.894517935000000 48.358861480000002)",Unfall 151097 (2016) Kat:3, Licht: 2,151097,3,7,0,12,20,5,,2,1,0,0,0,0,0
"POINT (10.912670856000000 48.386790245000000)",Unfall 151112 (2016) Kat:3, Licht: 0,151112,3,3,5,12,11,2,,0,0,1,0,0,0,0
"POINT (10.863765769000000 48.364430306000003)",Unfall 151224 (2016) Kat:3, Licht: 0,151224,3,6,0,12,08,6,,0,1,0,0,1,0,0
"POINT (10.879893514999999 48.372564912999998)",Unfall 151239 (2016) Kat:3, Licht: 0,151239,3,1,0,12,12,6,,0,1,0,0,0,0,0
"POINT (10.877042068000000 48.348374935000002)",Unfall 151246 (2016) Kat:3, Licht: 0,151246,3,2,5,12,14,6,,0,0,1,0,0,0,0
"POINT (10.900084102999999 48.363075952999999)",Unfall 151267 (2016) Kat:3, Licht: 2,151267,3,7,0,12,20,7,,2,0,1,0,0,0,1
"POINT (10.923200868000000 48.375498659999998)",Unfall 151302 (2016) Kat:3, Licht: 1,151302,3,1,1,12,17,3,,1,0,1,0,0,0,1
"POINT (10.886005020000001 48.345634042999997)",Unfall 151315 (2016) Kat:3, Licht: 1,151315,3,3,5,12,07,3,,1,0,1,0,0,0,0
"POINT (10.915460767000001 48.396571471999998)",Unfall 151332 (2016) Kat:3, Licht: 2,151332,3,4,6,12,22,7,,2,0,1,1,0,0,0
"POINT (10.885179793000001 48.367421403000002)",Unfall 151347 (2016) Kat:3, Licht: 0,151347,3,7,0,12,16,7,,0,1,0,0,0,0,0
"POINT (10.856375816000000 48.385192447000001)",Unfall 151400 (2016) Kat:2, Licht: 2,151400,2,2,4,12,06,4,,2,0,1,0,0,0,1
"POINT (10.881264415000000 48.379591310999999)",Unfall 151409 (2016) Kat:3, Licht: 2,151409,3,6,2,12,17,4,,2,0,1,0,0,0,0
"POINT (10.913913785000000 48.377069046000003)",Unfall 151415 (2016) Kat:3, Licht: 1,151415,3,7,0,12,15,4,,1,0,1,0,0,0,1
"POINT (10.892317507000000 48.353277663999997)",Unfall 151427 (2016) Kat:3, Licht: 2,151427,3,4,6,12,18,4,,2,0,1,1,0,0,0
"POINT (10.885617015999999 48.344820122000002)",Unfall 151436 (2016) Kat:3, Licht: 1,151436,3,3,5,12,17,4,,1,0,1,0,0,0,0
"POINT (10.899466063000000 48.357291064000002)",Unfall 151449 (2016) Kat:3, Licht: 0,151449,3,4,6,12,13,4,,0,0,1,1,0,0,0
"POINT (10.946378023999999 48.360775152000002)",Unfall 151488 (2016) Kat:3, Licht: 0,151488,3,3,5,12,14,6,,0,0,1,0,0,0,0
"POINT (10.868501064000000 48.385928165000003)",Unfall 151489 (2016) Kat:3, Licht: 2,151489,3,6,2,12,17,5,,2,0,1,0,0,0,0
"POINT (10.883936858000000 48.373906734999998)",Unfall 151499 (2016) Kat:3, Licht: 2,151499,3,2,4,12,20,6,,2,0,1,0,0,0,0
"POINT (10.910462309000000 48.369046658999999)",Unfall 151500 (2016) Kat:3, Licht: 2,151500,3,6,2,12,16,5,,2,0,1,0,0,0,0
"POINT (10.888019924000000 48.358539716999999)",Unfall 151507 (2016) Kat:3, Licht: 0,151507,3,1,1,12,08,5,,0,0,1,0,0,0,1
"POINT (10.894473395000000 48.370189590999999)",Unfall 151515 (2016) Kat:3, Licht: 2,151515,3,7,0,12,20,5,,2,1,0,0,0,0,0
"POINT (10.930426009000000 48.377260796999998)",Unfall 151604 (2016) Kat:3, Licht: 0,151604,3,3,5,12,14,4,,0,0,1,0,0,0,0
"POINT (10.922179261000000 48.356366192000003)",Unfall 151607 (2016) Kat:3, Licht: 2,151607,3,3,5,12,16,4,,2,0,1,0,0,0,0
"POINT (10.909594115000001 48.370341340000003)",Unfall 151610 (2016) Kat:3, Licht: 0,151610,3,2,3,12,14,4,,0,1,1,0,0,0,0
"POINT (10.842568728000000 48.386435661999997)",Unfall 151646 (2016) Kat:3, Licht: 2,151646,3,3,5,12,21,5,,2,0,1,0,0,0,0
"POINT (10.897270162000000 48.359910368000001)",Unfall 151672 (2016) Kat:3, Licht: 2,151672,3,3,5,12,20,3,,2,0,1,0,0,0,0
"POINT (10.934510780000039 48.356907694000029)",Unfall 71397 (2017) Kat:2, Licht: 0,71397,2,6,0,01,15,1,2,0,0,1,0,0,,0
"POINT (10.880543836000072 48.385662687000035)",Unfall 71527 (2017) Kat:3, Licht: 0,71527,3,2,5,01,15,5,0,0,0,1,0,0,,0
"POINT (10.873525021000034 48.388560078000069)",Unfall 71791 (2017) Kat:3, Licht: 0,71791,3,6,2,01,12,5,1,0,0,1,0,0,,0
"POINT (10.882299099000022 48.345322886000076)",Unfall 71860 (2017) Kat:3, Licht: 0,71860,3,6,2,01,07,4,1,0,0,1,0,0,,0
"POINT (10.902462083000046 48.381637948000048)",Unfall 71952 (2017) Kat:3, Licht: 2,71952,3,6,2,01,19,3,2,2,0,1,0,0,,0
"POINT (10.902122868000049 48.381766328000026)",Unfall 72006 (2017) Kat:3, Licht: 0,72006,3,3,5,01,08,2,1,0,1,1,0,0,,0
"POINT (10.854508286000055 48.353572521000046)",Unfall 72026 (2017) Kat:3, Licht: 0,72026,3,7,9,01,16,4,0,0,0,1,0,0,,0
"POINT (10.882445028000063 48.385727923000047)",Unfall 72030 (2017) Kat:2, Licht: 0,72030,2,2,4,01,07,4,0,0,0,1,0,0,,0
"POINT (10.880361935000053 48.385666238000056)",Unfall 72105 (2017) Kat:3, Licht: 0,72105,3,4,6,01,15,3,1,0,0,1,1,0,,0
"POINT (10.877166272000068 48.388005702000044)",Unfall 72274 (2017) Kat:3, Licht: 0,72274,3,1,8,01,16,1,2,0,0,1,0,0,,0
"POINT (10.906981809000058 48.383802994000064)",Unfall 72346 (2017) Kat:3, Licht: 2,72346,3,1,8,01,05,7,2,2,0,1,0,0,,0
"POINT (10.848888900000077 48.380657118000045)",Unfall 72535 (2017) Kat:3, Licht: 0,72535,3,6,2,01,15,1,0,0,0,1,0,0,,0
"POINT (10.904489740000031 48.352182568000046)",Unfall 72536 (2017) Kat:3, Licht: 2,72536,3,6,4,01,05,1,0,2,0,1,0,0,,0
"POINT (10.848331301000030 48.374541741000030)",Unfall 72571 (2017) Kat:3, Licht: 0,72571,3,6,2,01,13,7,0,0,0,1,0,0,,0
"POINT (10.932215631000076 48.381378319000078)",Unfall 72572 (2017) Kat:3, Licht: 2,72572,3,7,2,01,17,7,1,2,0,1,0,0,,0
"POINT (10.887869956000031 48.324149711000075)",Unfall 72648 (2017) Kat:3, Licht: 0,72648,3,6,1,01,14,6,0,0,0,1,0,0,,0
"POINT (10.910291288000053 48.423074027000041)",Unfall 72743 (2017) Kat:3, Licht: 2,72743,3,3,5,01,17,5,0,2,0,1,0,0,,0
"POINT (10.896880332000023 48.325172065000061)",Unfall 72862 (2017) Kat:3, Licht: 0,72862,3,1,0,01,09,7,1,0,1,0,0,0,,0
"POINT (10.902440944000034 48.381662046000031)",Unfall 72863 (2017) Kat:3, Licht: 0,72863,3,3,5,01,15,7,1,0,1,1,0,0,,0
"POINT (10.865201504000026 48.396341105000033)",Unfall 72963 (2017) Kat:3, Licht: 0,72963,3,6,3,01,08,6,0,0,0,1,0,0,,1
"POINT (10.914993935000041 48.393511354000054)",Unfall 72967 (2017) Kat:3, Licht: 0,72967,3,3,5,01,09,6,0,0,0,1,0,0,,0
"POINT (10.907686756000032 48.385851574000071)",Unfall 72968 (2017) Kat:3, Licht: 0,72968,3,2,5,01,10,6,0,0,1,1,0,0,,0
"POINT (10.904971744000022 48.346202019000032)",Unfall 72997 (2017) Kat:3, Licht: 2,72997,3,6,2,01,19,3,1,2,0,1,0,0,,0
"POINT (10.930538386000023 48.374025127000039)",Unfall 73127 (2017) Kat:3, Licht: 2,73127,3,7,4,01,17,5,1,2,0,1,0,0,,0
"POINT (10.910385669000050 48.361661020000042)",Unfall 73137 (2017) Kat:3, Licht: 0,73137,3,6,2,01,08,5,1,0,0,1,0,0,,0
"POINT (10.906490031000033 48.310098066000080)",Unfall 73164 (2017) Kat:3, Licht: 0,73164,3,2,4,01,16,2,1,0,0,1,0,0,,0
"POINT (10.907440857000040 48.311819095000033)",Unfall 73207 (2017) Kat:3, Licht: 0,73207,3,2,5,01,09,3,1,0,0,1,0,0,,0
"POINT (10.885877245000074 48.310032072000070)",Unfall 73236 (2017) Kat:2, Licht: 0,73236,2,2,5,01,13,4,0,0,0,1,0,0,,1
"POINT (10.934057889000030 48.381931391000080)",Unfall 73575 (2017) Kat:3, Licht: 2,73575,3,6,1,02,18,5,0,2,0,1,0,0,,0
"POINT (10.856036948000053 48.373494647000030)",Unfall 73584 (2017) Kat:3, Licht: 0,73584,3,6,2,02,11,5,1,0,0,1,0,0,,0
"POINT (10.936027936000073 48.382694488000027)",Unfall 73586 (2017) Kat:3, Licht: 2,73586,3,6,3,02,18,5,0,2,0,1,0,0,,0
"POINT (10.909991043000048 48.362889198000062)",Unfall 73588 (2017) Kat:3, Licht: 0,73588,3,3,5,02,15,5,0,0,1,1,0,0,,0
"POINT (10.920693726000025 48.398341094000045)",Unfall 73773 (2017) Kat:3, Licht: 0,73773,3,6,2,02,13,4,0,0,0,1,0,0,,1
"POINT (10.950046430000043 48.355216156000040)",Unfall 73774 (2017) Kat:3, Licht: 0,73774,3,6,2,02,08,4,1,0,0,1,0,0,,0
"POINT (10.907563832000051 48.385633354000049)",Unfall 73953 (2017) Kat:3, Licht: 0,73953,3,2,4,02,07,2,1,0,0,1,0,0,,0
"POINT (10.904162245000066 48.381022323000082)",Unfall 74142 (2017) Kat:3, Licht: 0,74142,3,2,4,02,15,6,1,0,0,1,0,0,,0
"POINT (10.862089106000042 48.390535630000045)",Unfall 74198 (2017) Kat:3, Licht: 0,74198,3,6,2,02,16,6,0,0,0,1,0,0,,1
"POINT (10.904803389000051 48.346671819000051)",Unfall 74340 (2017) Kat:3, Licht: 0,74340,3,2,5,02,11,4,0,0,1,1,0,0,,0
"POINT (10.914203933000067 48.374983291000035)",Unfall 74394 (2017) Kat:3, Licht: 0,74394,3,3,5,02,15,3,1,0,0,1,0,1,,0
"POINT (10.904174638000029 48.381012718000079)",Unfall 74395 (2017) Kat:3, Licht: 1,74395,3,2,4,02,06,3,1,1,0,1,0,0,,0
"POINT (10.865996985000038 48.390068717000077)",Unfall 74449 (2017) Kat:3, Licht: 0,74449,3,6,2,02,07,2,1,0,0,1,0,0,,0
"POINT (10.936107628000059 48.382791889000032)",Unfall 74557 (2017) Kat:3, Licht: 0,74557,3,7,3,02,08,7,1,0,0,1,0,0,,0
"POINT (10.872197377000077 48.403263086000038)",Unfall 74616 (2017) Kat:3, Licht: 0,74616,3,6,2,02,17,2,0,0,0,1,0,0,,0
"POINT (10.898533583000074 48.379527937000034)",Unfall 74714 (2017) Kat:3, Licht: 0,74714,3,2,3,02,11,7,0,0,1,1,0,0,,0
"POINT (10.908420522000029 48.314055646000043)",Unfall 74842 (2017) Kat:3, Licht: 0,74842,3,7,5,02,14,5,0,0,0,1,0,0,,0
"POINT (10.887671103000059 48.309891118000053)",Unfall 74943 (2017) Kat:3, Licht: 0,74943,3,3,5,03,15,7,0,0,0,1,0,0,,0
"POINT (10.914938888000052 48.410650533000080)",Unfall 75015 (2017) Kat:3, Licht: 0,75015,3,1,0,03,17,6,0,0,0,1,0,0,,0
"POINT (10.904890382000076 48.412444521000054)",Unfall 75087 (2017) Kat:3, Licht: 0,75087,3,6,2,03,08,5,1,0,0,1,0,0,,0
"POINT (10.956099082000037 48.337029169000061)",Unfall 75091 (2017) Kat:3, Licht: 0,75091,3,6,2,03,14,5,0,0,0,1,0,0,,1
"POINT (10.922974946000068 48.370822144000044)",Unfall 75092 (2017) Kat:3, Licht: 0,75092,3,3,4,03,11,5,0,0,1,1,0,0,,0
"POINT (10.881461265000041 48.326384316000031)",Unfall 75093 (2017) Kat:3, Licht: 0,75093,3,3,5,03,13,5,0,0,0,1,0,0,,0
"POINT (10.905171477000067 48.308012232000067)",Unfall 75153 (2017) Kat:3, Licht: 0,75153,3,2,4,03,10,4,0,0,0,1,0,0,,0
"POINT (10.883138594000059 48.308160660000055)",Unfall 75328 (2017) Kat:3, Licht: 0,75328,3,6,2,03,07,5,1,0,0,1,0,0,,0
"POINT (10.910336851000068 48.423079709000035)",Unfall 75329 (2017) Kat:2, Licht: 0,75329,2,2,2,03,16,5,1,0,0,1,0,0,,0
"POINT (10.904850389000046 48.308039499000074)",Unfall 75484 (2017) Kat:3, Licht: 0,75484,3,7,9,03,15,3,0,0,1,0,0,0,,0
"POINT (10.952573276000066 48.354994570000031)",Unfall 75561 (2017) Kat:3, Licht: 2,75561,3,7,0,03,18,2,0,2,1,0,0,0,,0
"POINT (10.909983133000026 48.362905848000025)",Unfall 75562 (2017) Kat:3, Licht: 0,75562,3,3,5,03,08,2,0,0,0,1,0,0,,0
"POINT (10.849120364000044 48.374465577000080)",Unfall 75748 (2017) Kat:3, Licht: 0,75748,3,6,2,03,13,5,0,0,0,1,0,0,,1
"POINT (10.928858496000032 48.374764871000082)",Unfall 75750 (2017) Kat:3, Licht: 2,75750,3,6,3,03,18,5,0,2,0,1,0,0,,0
"POINT (10.880531206000057 48.385662429000035)",Unfall 75849 (2017) Kat:3, Licht: 0,75849,3,2,3,03,13,4,0,0,1,1,0,0,,0
"POINT (10.944541702000038 48.355006188000061)",Unfall 75921 (2017) Kat:3, Licht: 0,75921,3,4,6,03,14,3,0,0,0,0,1,0,,1
"POINT (10.911337640000056 48.375322710000034)",Unfall 75922 (2017) Kat:3, Licht: 0,75922,3,3,5,03,18,3,0,0,0,1,0,0,,0
"POINT (10.894660310000063 48.337910203000035)",Unfall 76125 (2017) Kat:3, Licht: 0,76125,3,6,2,03,08,2,1,0,0,1,0,0,,0
"POINT (10.848831826000037 48.374410027000067)",Unfall 76143 (2017) Kat:3, Licht: 0,76143,3,2,4,03,17,7,0,0,0,1,0,1,,0
"POINT (10.889725321000071 48.309714005000046)",Unfall 76144 (2017) Kat:3, Licht: 0,76144,3,2,5,03,14,7,0,0,0,1,0,1,,0
"POINT (10.903402001000075 48.350640958000042)",Unfall 76145 (2017) Kat:3, Licht: 0,76145,3,6,2,03,11,7,0,0,0,1,0,0,,0
"POINT (10.915410996000048 48.355953633000070)",Unfall 76228 (2017) Kat:2, Licht: 0,76228,2,2,5,03,08,4,1,0,0,1,0,0,,1
"POINT (10.894013105000056 48.337938912000027)",Unfall 76521 (2017) Kat:3, Licht: 2,76521,3,3,5,03,19,4,0,2,0,1,0,0,,0
"POINT (10.903356164000058 48.337432294000052)",Unfall 76649 (2017) Kat:3, Licht: 0,76649,3,6,2,03,07,3,0,0,0,1,0,0,,0
"POINT (10.848878551000041 48.374533082000028)",Unfall 76781 (2017) Kat:3, Licht: 2,76781,3,3,5,03,22,2,0,2,0,1,0,1,,0
"POINT (10.937387097000055 48.384254266000028)",Unfall 76782 (2017) Kat:3, Licht: 0,76782,3,7,0,03,13,2,0,0,1,0,0,0,,0
"POINT (10.924282736000066 48.371482470000046)",Unfall 76839 (2017) Kat:3, Licht: 0,76839,3,6,2,03,11,5,0,0,0,1,0,0,,0
"POINT (10.919968554000036 48.420877264000069)",Unfall 76853 (2017) Kat:3, Licht: 0,76853,3,3,5,03,17,5,0,0,1,1,0,0,,0
"POINT (10.871454221000022 48.398838276000049)",Unfall 76893 (2017) Kat:3, Licht: 0,76893,3,3,5,03,14,1,0,0,1,1,0,0,,0
"POINT (10.869614872000056 48.389702565000050)",Unfall 76996 (2017) Kat:3, Licht: 0,76996,3,6,2,04,13,3,0,0,0,1,0,0,,0
"POINT (10.926789485000029 48.373608126000079)",Unfall 76999 (2017) Kat:3, Licht: 0,76999,3,6,1,04,16,3,0,0,0,1,0,0,,0