WKT,Name,OBJECTID,UKATEGORIE,UTYP1,UART,UMONAT,USTUNDE,UWOCHENTAG,STRZUSTAND,ULICHTVERH,ISTRAD,ISTPKW,ISTFUSS,ISTKRAD,ISTGKFZ,ISTSONSTIG
"POINT (10.849343557000054 48.374267996000071)",Unfall 77129 (2017) Kat:3, Licht: 2,77129,3,1,0,04,05,5,0,2,1,0,0,0,,0
"POINT (10.906261753000024 48.379327792000026)",Unfall 77131 (2017) Kat:3, Licht: 0,77131,3,3,5,04,07,5,0,0,1,1,0,0,,0
"POINT (10.934237276000033 48.372471545000053)",Unfall 77133 (2017) Kat:3, Licht: 0,77133,3,2,4,04,06,2,0,0,0,1,0,0,,0
"POINT (10.918888927000069 48.355386484000064)",Unfall 77134 (2017) Kat:3, Licht: 0,77134,3,3,5,04,18,2,0,0,1,1,0,0,,0
"POINT (10.856374088000052 48.376105570000050)",Unfall 77162 (2017) Kat:3, Licht: 0,77162,3,6,2,04,15,6,0,0,0,1,0,0,,1
"POINT (10.858499987000073 48.338305743000035)",Unfall 77198 (2017) Kat:3, Licht: 0,77198,3,3,5,04,18,6,0,0,0,1,0,1,,0
"POINT (10.912095321000038 48.374362809000047)",Unfall 77199 (2017) Kat:3, Licht: 0,77199,3,6,2,04,17,6,0,0,0,1,0,0,,0
"POINT (10.857841451000070 48.381849273000057)",Unfall 77346 (2017) Kat:3, Licht: 0,77346,3,6,2,04,07,4,0,0,0,1,0,0,,0
"POINT (10.917902039000069 48.373433584000054)",Unfall 77356 (2017) Kat:3, Licht: 0,77356,3,6,3,04,15,4,0,0,0,1,0,0,,0
"POINT (10.922785950000048 48.355108525000048)",Unfall 77403 (2017) Kat:3, Licht: 0,77403,3,1,0,04,10,7,0,0,1,0,0,0,,0
"POINT (10.928697216000046 48.375939896000034)",Unfall 77576 (2017) Kat:3, Licht: 0,77576,3,2,3,04,18,3,0,0,1,0,0,0,,0
"POINT (10.894033618000037 48.382510268000033)",Unfall 77626 (2017) Kat:3, Licht: 0,77626,3,1,8,04,14,3,0,0,0,0,0,1,,0
"POINT (10.889190063000058 48.414238090000026)",Unfall 77628 (2017) Kat:3, Licht: 0,77628,3,6,2,04,07,3,0,0,0,1,0,0,,1
"POINT (10.868478214000049 48.348600452000028)",Unfall 77941 (2017) Kat:3, Licht: 2,77941,3,6,2,04,20,1,0,2,0,1,0,0,,0
"POINT (10.896800602000042 48.380366675000062)",Unfall 77942 (2017) Kat:3, Licht: 0,77942,3,6,2,04,18,7,0,0,0,1,0,0,,0
"POINT (10.889861574000065 48.414081705000058)",Unfall 78143 (2017) Kat:3, Licht: 0,78143,3,1,9,04,12,7,0,0,0,1,0,0,,0
"POINT (10.955876270000033 48.338204145000077)",Unfall 78150 (2017) Kat:2, Licht: 2,78150,2,3,5,04,22,7,0,2,0,1,0,0,,0
"POINT (10.871755727000050 48.347565243000076)",Unfall 78151 (2017) Kat:3, Licht: 0,78151,3,3,5,04,10,7,0,0,1,1,0,0,,0
"POINT (10.867987614000072 48.348739901000044)",Unfall 78323 (2017) Kat:3, Licht: 0,78323,3,6,2,04,06,3,2,0,0,1,0,0,,0
"POINT (10.923027733000026 48.370645089000050)",Unfall 78326 (2017) Kat:3, Licht: 0,78326,3,6,3,04,09,3,0,0,0,1,0,0,,0
"POINT (10.887576018000061 48.385047826000061)",Unfall 78327 (2017) Kat:2, Licht: 0,78327,2,6,2,04,06,3,1,0,0,1,0,0,,0
"POINT (10.889717296000072 48.414088631000027)",Unfall 78570 (2017) Kat:3, Licht: 0,78570,3,6,3,04,06,3,1,0,0,1,0,0,,1
"POINT (10.923263634000023 48.371102792000045)",Unfall 78572 (2017) Kat:3, Licht: 0,78572,3,1,0,04,07,3,1,0,0,0,0,1,,0
"POINT (10.899336728000037 48.380149373000052)",Unfall 78573 (2017) Kat:3, Licht: 0,78573,3,2,4,04,08,3,1,0,1,1,0,0,,0
"POINT (10.902710678000062 48.337450228000080)",Unfall 78644 (2017) Kat:3, Licht: 0,78644,3,6,1,04,13,2,0,0,0,1,0,0,,0
"POINT (10.869990454000060 48.343915645000038)",Unfall 78880 (2017) Kat:3, Licht: 0,78880,3,6,2,04,11,7,0,0,0,1,0,0,,0
"POINT (10.886165056000038 48.385626986000034)",Unfall 78960 (2017) Kat:2, Licht: 1,78960,2,6,4,04,07,6,1,1,0,1,0,0,,0
"POINT (10.941775693000068 48.391865235000068)",Unfall 78961 (2017) Kat:3, Licht: 0,78961,3,3,5,04,13,6,0,0,0,1,0,0,,0
"POINT (10.895087492000073 48.381687030000080)",Unfall 78962 (2017) Kat:3, Licht: 0,78962,3,6,2,04,08,6,1,0,0,1,0,0,,0
"POINT (10.902127776000043 48.381767807000074)",Unfall 78963 (2017) Kat:3, Licht: 0,78963,3,3,5,04,16,6,1,0,1,1,0,0,,0
"POINT (10.934446649000051 48.382031362000077)",Unfall 79129 (2017) Kat:3, Licht: 0,79129,3,6,3,04,15,4,1,0,0,1,0,0,,1
"POINT (10.923107586000071 48.370701820000079)",Unfall 79162 (2017) Kat:3, Licht: 0,79162,3,6,3,05,19,5,1,0,0,1,0,0,,0
"POINT (10.893835509000041 48.337946059000046)",Unfall 79163 (2017) Kat:3, Licht: 0,79163,3,6,2,05,09,5,0,0,0,1,0,0,,0
"POINT (10.926453428000059 48.373321634000035)",Unfall 79235 (2017) Kat:3, Licht: 0,79235,3,6,1,05,06,4,0,0,0,1,0,0,,0
"POINT (10.909048726000037 48.319307103000028)",Unfall 79236 (2017) Kat:3, Licht: 0,79236,3,7,0,05,17,4,0,0,1,0,0,0,,0
"POINT (10.898533583000074 48.379527937000034)",Unfall 79414 (2017) Kat:2, Licht: 0,79414,2,2,3,05,14,2,0,0,0,1,0,1,,0
"POINT (10.859575270000050 48.385993387000042)",Unfall 79570 (2017) Kat:3, Licht: 0,79570,3,1,9,05,12,2,1,0,0,1,0,0,,0
"POINT (10.902122868000049 48.381766328000026)",Unfall 79574 (2017) Kat:3, Licht: 0,79574,3,3,5,05,18,2,1,0,1,1,0,0,,0
"POINT (10.914430341000070 48.375003001000039)",Unfall 79575 (2017) Kat:3, Licht: 0,79575,3,3,5,05,11,2,1,0,0,1,0,0,,1
"POINT (10.896751992000077 48.380403220000062)",Unfall 79576 (2017) Kat:2, Licht: 0,79576,2,2,4,05,13,2,1,0,0,1,0,1,,0
"POINT (10.923117116000071 48.370708865000040)",Unfall 79659 (2017) Kat:3, Licht: 0,79659,3,6,1,05,17,1,1,0,0,1,0,0,,1
"POINT (10.861321272000055 48.389702698000065)",Unfall 79724 (2017) Kat:3, Licht: 0,79724,3,6,2,05,15,7,0,0,0,1,0,0,,1
"POINT (10.904645495000068 48.347169200000053)",Unfall 79725 (2017) Kat:3, Licht: 2,79725,3,2,4,05,21,7,1,2,1,1,0,0,,0
"POINT (10.920302494000055 48.397413278000045)",Unfall 79863 (2017) Kat:3, Licht: 0,79863,3,6,2,05,08,3,0,0,0,1,0,0,,0
"POINT (10.909021842000072 48.355359629000077)",Unfall 79864 (2017) Kat:3, Licht: 0,79864,3,6,3,05,07,3,0,0,0,1,0,0,,1
"POINT (10.909105501000056 48.318753832000027)",Unfall 79866 (2017) Kat:3, Licht: 0,79866,3,2,5,05,17,6,0,0,1,0,0,0,,1
"POINT (10.948152899000036 48.365763284000082)",Unfall 80076 (2017) Kat:3, Licht: 0,80076,3,3,5,05,14,6,0,0,1,1,0,0,,0
"POINT (10.906928646000040 48.340081937000036)",Unfall 80195 (2017) Kat:3, Licht: 2,80195,3,4,6,05,21,5,1,2,0,1,1,0,,0
"POINT (10.908299813000042 48.327670256000033)",Unfall 80260 (2017) Kat:3, Licht: 0,80260,3,6,2,05,19,1,1,0,0,1,0,0,,0
"POINT (10.881831599000066 48.305609890000028)",Unfall 80348 (2017) Kat:3, Licht: 0,80348,3,6,2,05,07,4,0,0,0,1,0,0,,0
"POINT (10.928889206000065 48.379649744000062)",Unfall 80488 (2017) Kat:3, Licht: 0,80488,3,6,2,05,18,6,0,0,0,1,0,0,,1
"POINT (10.903617331000021 48.349728576000075)",Unfall 80529 (2017) Kat:3, Licht: 0,80529,3,7,3,05,09,4,0,0,0,1,0,0,,1
"POINT (10.911423270000057 48.357152340000027)",Unfall 80530 (2017) Kat:3, Licht: 0,80530,3,1,2,05,18,4,0,0,0,1,0,0,,0
"POINT (10.905454672000076 48.308344384000065)",Unfall 80696 (2017) Kat:3, Licht: 0,80696,3,1,2,05,15,3,0,0,0,1,0,0,,1
"POINT (10.902122868000049 48.381766328000026)",Unfall 80697 (2017) Kat:3, Licht: 0,80697,3,3,5,05,11,3,0,0,1,1,0,0,,0
"POINT (10.895888644000024 48.381059909000044)",Unfall 80698 (2017) Kat:3, Licht: 0,80698,3,6,3,05,13,3,0,0,0,1,0,0,,0
"POINT (10.908569337000074 48.354889133000029)",Unfall 80778 (2017) Kat:3, Licht: 0,80778,3,7,8,05,18,5,0,0,1,0,0,0,,0
"POINT (10.906940473000077 48.340045641000074)",Unfall 80779 (2017) Kat:2, Licht: 0,80779,2,1,0,05,20,5,0,0,1,0,0,0,,0
"POINT (10.845861447000061 48.383170725000070)",Unfall 80858 (2017) Kat:3, Licht: 0,80858,3,6,2,05,15,2,0,0,0,1,0,0,,0
"POINT (10.917761446000043 48.367342525000026)",Unfall 80928 (2017) Kat:3, Licht: 0,80928,3,2,5,05,07,4,0,0,1,1,0,0,,0
"POINT (10.842410977000043 48.386261977000061)",Unfall 81101 (2017) Kat:3, Licht: 0,81101,3,7,8,05,13,3,0,0,0,1,0,0,,0
"POINT (10.946027087000061 48.366814471000055)",Unfall 81102 (2017) Kat:3, Licht: 0,81102,3,2,2,05,18,3,0,0,0,1,0,0,,0
"POINT (10.905177428000059 48.308018711000045)",Unfall 81274 (2017) Kat:2, Licht: 0,81274,2,2,4,05,13,2,0,0,0,1,0,1,,0
"POINT (10.910077878000038 48.364550571000052)",Unfall 81275 (2017) Kat:3, Licht: 0,81275,3,1,1,05,17,2,0,0,0,1,0,0,,0
"POINT (10.907860116000052 48.334255155000051)",Unfall 81276 (2017) Kat:3, Licht: 0,81276,3,4,6,05,15,2,0,0,0,0,1,0,,1
"POINT (10.849933856000064 48.379683966000073)",Unfall 81475 (2017) Kat:3, Licht: 0,81475,3,1,0,05,14,1,0,0,1,0,0,0,,0
"POINT (10.927689868000073 48.374301191000029)",Unfall 81646 (2017) Kat:2, Licht: 0,81646,2,7,0,05,18,3,0,0,1,0,0,0,,0
"POINT (10.907883794000043 48.333979644000067)",Unfall 81750 (2017) Kat:3, Licht: 0,81750,3,2,4,05,18,6,0,0,0,1,0,0,,0
"POINT (10.871105383000042 48.346761662000063)",Unfall 81751 (2017) Kat:3, Licht: 2,81751,3,3,5,05,22,6,0,2,0,1,0,0,,0
"POINT (10.898045170000046 48.379596550000031)",Unfall 81797 (2017) Kat:3, Licht: 0,81797,3,6,2,05,18,7,0,0,0,1,0,1,,0
"POINT (10.905162749000056 48.308002730000055)",Unfall 81849 (2017) Kat:3, Licht: 0,81849,3,5,2,05,12,2,0,0,0,1,0,0,,0
"POINT (10.930915914000025 48.361727020000046)",Unfall 81852 (2017) Kat:3, Licht: 0,81852,3,1,0,05,13,2,0,0,1,0,0,0,,0
"POINT (10.860376593000069 48.387608478000061)",Unfall 82093 (2017) Kat:3, Licht: 0,82093,3,6,2,06,14,6,0,0,0,1,0,0,,0
"POINT (10.878220471000077 48.386810488000037)",Unfall 82099 (2017) Kat:3, Licht: 0,82099,3,2,0,06,13,6,0,0,0,1,0,1,,0
"POINT (10.868092674000025 48.348708812000041)",Unfall 82226 (2017) Kat:3, Licht: 0,82226,3,6,2,06,15,5,0,0,0,1,0,0,,1
"POINT (10.936809387000039 48.381768999000030)",Unfall 82230 (2017) Kat:3, Licht: 0,82230,3,2,0,06,14,5,0,0,0,1,0,1,,0
"POINT (10.913215574000048 48.264463170000056)",Unfall 82468 (2017) Kat:3, Licht: 0,82468,3,6,2,06,10,2,0,0,0,1,0,0,,1
"POINT (10.907534989000055 48.385557743000049)",Unfall 82580 (2017) Kat:3, Licht: 0,82580,3,3,5,06,12,7,0,0,0,1,0,0,,0
"POINT (10.936949218000052 48.381744754000067)",Unfall 82719 (2017) Kat:3, Licht: 0,82719,3,2,4,06,10,7,0,0,0,1,0,0,,0
"POINT (10.948734842000022 48.355160842000032)",Unfall 82720 (2017) Kat:3, Licht: 0,82720,3,2,3,06,10,7,0,0,1,1,0,0,,0
"POINT (10.889704791000042 48.309715733000075)",Unfall 82721 (2017) Kat:3, Licht: 0,82721,3,3,5,06,19,7,0,0,1,1,0,0,,0
"POINT (10.902985643000022 48.308239332000028)",Unfall 82722 (2017) Kat:3, Licht: 0,82722,3,3,5,06,08,7,0,0,0,1,0,0,,0
"POINT (10.909734197000034 48.364154798000072)",Unfall 82723 (2017) Kat:3, Licht: 0,82723,3,7,0,06,15,7,0,0,1,0,0,0,,0
"POINT (10.914226715000041 48.375009858000055)",Unfall 82724 (2017) Kat:3, Licht: 0,82724,3,3,5,06,17,7,0,0,1,1,0,0,,0
"POINT (10.880836594000073 48.385669559000064)",Unfall 82809 (2017) Kat:3, Licht: 0,82809,3,6,1,06,16,6,0,0,0,1,0,0,,0
"POINT (10.907501774000025 48.385470671000064)",Unfall 82810 (2017) Kat:3, Licht: 0,82810,3,3,5,06,18,6,0,0,1,1,0,0,,0
"POINT (10.934014434000062 48.381919873000072)",Unfall 82962 (2017) Kat:3, Licht: 0,82962,3,3,5,06,18,4,0,0,1,1,0,0,,0
"POINT (10.893671018000077 48.382560316000081)",Unfall 82963 (2017) Kat:2, Licht: 0,82963,2,2,4,06,15,4,0,0,1,1,0,0,,0
"POINT (10.842668890000027 48.386159690000056)",Unfall 83092 (2017) Kat:3, Licht: 0,83092,3,3,0,06,15,3,0,0,1,1,0,0,,0
"POINT (10.868713733000050 48.342093567000063)",Unfall 83094 (2017) Kat:3, Licht: 0,83094,3,7,0,06,16,3,0,0,1,0,0,0,,0
"POINT (10.905257608000056 48.345366951000074)",Unfall 83227 (2017) Kat:2, Licht: 2,83227,2,1,4,06,22,2,0,2,1,0,0,0,,0
"POINT (10.902691695000044 48.382395797000072)",Unfall 83500 (2017) Kat:3, Licht: 0,83500,3,1,0,06,18,7,0,0,1,0,0,0,,0
"POINT (10.847508585000071 48.381850589000067)",Unfall 83597 (2017) Kat:3, Licht: 0,83597,3,6,1,06,16,6,0,0,0,1,0,0,,1
"POINT (10.885609345000034 48.310049861000039)",Unfall 83598 (2017) Kat:3, Licht: 0,83598,3,3,5,06,10,6,0,0,0,1,0,0,,0
"POINT (10.904348897000034 48.382464888000072)",Unfall 83750 (2017) Kat:3, Licht: 0,83750,3,6,2,06,07,5,0,0,1,0,0,0,,0
"POINT (10.907053967000024 48.311118827000030)",Unfall 83751 (2017) Kat:2, Licht: 0,83751,2,6,5,06,13,5,0,0,0,1,0,1,,0
"POINT (10.902134144000058 48.381769727000062)",Unfall 83752 (2017) Kat:3, Licht: 0,83752,3,3,5,06,17,5,0,0,1,1,0,0,,0
"POINT (10.862147540000024 48.390713723000033)",Unfall 83904 (2017) Kat:2, Licht: 0,83904,2,2,5,06,18,4,0,0,1,1,0,0,,0
"POINT (10.952345203000050 48.355422924000038)",Unfall 84066 (2017) Kat:3, Licht: 0,84066,3,2,3,06,18,3,0,0,0,1,0,0,,0
"POINT (10.914749004000043 48.393536058000052)",Unfall 84067 (2017) Kat:3, Licht: 2,84067,3,1,9,06,01,3,0,2,0,1,0,0,,0
"POINT (10.895814744000063 48.381117757000027)",Unfall 84203 (2017) Kat:3, Licht: 0,84203,3,3,5,06,13,6,0,0,1,1,0,0,,0
"POINT (10.867036565000035 48.348883047000072)",Unfall 84220 (2017) Kat:3, Licht: 0,84220,3,6,2,06,14,2,0,0,0,1,0,0,,0
"POINT (10.882539551000036 48.385728699000026)",Unfall 84223 (2017) Kat:3, Licht: 0,84223,3,6,2,06,14,2,0,0,0,1,0,0,,0
"POINT (10.909656473000041 48.356142484000031)",Unfall 84224 (2017) Kat:3, Licht: 0,84224,3,6,2,06,10,2,0,0,0,1,0,0,,1
"POINT (10.906786046000036 48.340519546000053)",Unfall 84225 (2017) Kat:3, Licht: 0,84225,3,6,4,06,14,2,0,0,0,1,0,1,,0
"POINT (10.856466090000026 48.373443962000067)",Unfall 84265 (2017) Kat:3, Licht: 0,84265,3,6,2,06,10,7,0,0,0,1,0,0,,0
"POINT (10.912558618000048 48.411682939000059)",Unfall 84281 (2017) Kat:2, Licht: 0,84281,2,7,1,06,12,4,0,0,0,0,0,0,,1
"POINT (10.888135460000058 48.334620753000081)",Unfall 84282 (2017) Kat:3, Licht: 0,84282,3,6,2,06,10,4,0,0,0,1,0,0,,0
"POINT (10.849922787000025 48.379693996000071)",Unfall 84290 (2017) Kat:3, Licht: 0,84290,3,1,0,06,14,4,0,0,1,0,0,0,,0
"POINT (10.939726982000025 48.355108371000028)",Unfall 84291 (2017) Kat:3, Licht: 0,84291,3,6,2,06,16,4,0,0,0,1,0,0,,0
"POINT (10.924948697000048 48.369185308000056)",Unfall 84292 (2017) Kat:3, Licht: 0,84292,3,1,0,06,18,4,0,0,1,0,0,0,,0
"POINT (10.930606819000047 48.355191133000062)",Unfall 84293 (2017) Kat:3, Licht: 0,84293,3,3,5,06,12,4,0,0,1,1,0,0,,0
"POINT (10.945334352000032 48.367172610000068)",Unfall 84317 (2017) Kat:3, Licht: 0,84317,3,7,2,06,13,7,0,0,0,1,0,1,,0
"POINT (10.890520982000055 48.414048611000055)",Unfall 84432 (2017) Kat:3, Licht: 0,84432,3,1,9,06,19,3,1,0,0,1,0,0,,0
"POINT (10.908260349000045 48.354619575000072)",Unfall 84435 (2017) Kat:3, Licht: 0,84435,3,6,3,06,08,3,1,0,0,1,0,0,,1
"POINT (10.894306010000037 48.382351370000038)",Unfall 84450 (2017) Kat:3, Licht: 0,84450,3,6,1,06,06,3,1,0,0,1,0,1,,0
"POINT (10.884323683000048 48.311014488000069)",Unfall 84558 (2017) Kat:3, Licht: 0,84558,3,6,2,06,13,1,0,0,0,1,0,0,,0
"POINT (10.866925483000045 48.396845187000054)",Unfall 84577 (2017) Kat:3, Licht: 0,84577,3,1,8,06,16,7,0,0,0,1,0,0,,0
"POINT (10.945977010000036 48.366840360000026)",Unfall 84615 (2017) Kat:3, Licht: 0,84615,3,3,5,06,12,7,0,0,1,1,0,0,,0
"POINT (10.848473314000046 48.374504370000068)",Unfall 84627 (2017) Kat:3, Licht: 0,84627,3,6,2,06,08,2,0,0,0,1,0,0,,1
"POINT (10.849126751000028 48.374463784000056)",Unfall 84628 (2017) Kat:3, Licht: 0,84628,3,6,2,06,08,2,0,0,0,1,0,0,,0
"POINT (10.918600615000059 48.373122789000035)",Unfall 84629 (2017) Kat:3, Licht: 2,84629,3,1,0,06,23,2,0,2,1,0,0,0,,0
"POINT (10.883252476000052 48.308424773000070)",Unfall 84857 (2017) Kat:1, Licht: 0,84857,1,6,2,07,09,2,0,0,0,1,0,0,,0
"POINT (10.884488539000074 48.311902169000064)",Unfall 84859 (2017) Kat:3, Licht: 0,84859,3,6,2,07,15,2,0,0,0,1,0,0,,0
"POINT (10.880360673000041 48.385666305000029)",Unfall 84979 (2017) Kat:3, Licht: 0,84979,3,4,6,07,16,3,0,0,0,1,1,0,,0
"POINT (10.861366865000036 48.389346673000034)",Unfall 85007 (2017) Kat:3, Licht: 0,85007,3,1,8,07,17,1,0,0,0,1,0,0,,0
"POINT (10.884134636000056 48.385748376000038)",Unfall 85017 (2017) Kat:3, Licht: 0,85017,3,6,0,07,18,1,0,0,0,1,0,0,,1
"POINT (10.908943093000062 48.320382316000064)",Unfall 85033 (2017) Kat:3, Licht: 0,85033,3,3,5,07,18,1,0,0,1,1,0,0,,0
"POINT (10.937784529000055 48.384647960000052)",Unfall 85126 (2017) Kat:3, Licht: 0,85126,3,7,2,07,14,7,0,0,0,1,0,0,,0
"POINT (10.928215350000073 48.374853505000033)",Unfall 85127 (2017) Kat:3, Licht: 0,85127,3,7,0,07,18,7,0,0,1,0,0,0,,0
"POINT (10.929023238000070 48.376732145000062)",Unfall 85255 (2017) Kat:3, Licht: 0,85255,3,2,0,06,07,6,0,0,1,1,0,0,,0
"POINT (10.885699512000031 48.314491021000038)",Unfall 85356 (2017) Kat:3, Licht: 0,85356,3,6,2,07,19,6,0,0,0,1,0,0,,0
"POINT (10.884247286000061 48.310824819000061)",Unfall 85554 (2017) Kat:2, Licht: 0,85554,2,6,2,07,13,1,0,0,0,1,0,1,,0
"POINT (10.880678107000051 48.385665423000034)",Unfall 85563 (2017) Kat:3, Licht: 0,85563,3,2,4,07,06,1,0,0,0,1,0,1,,0
"POINT (10.852762852000069 48.354816763000031)",Unfall 85573 (2017) Kat:3, Licht: 0,85573,3,6,2,07,13,4,0,0,0,1,0,0,,0
"POINT (10.940686004000042 48.382470546000036)",Unfall 85576 (2017) Kat:3, Licht: 0,85576,3,3,5,07,14,4,0,0,1,1,0,0,,0
"POINT (10.879321368000035 48.345927927000048)",Unfall 85635 (2017) Kat:3, Licht: 0,85635,3,1,1,07,13,6,0,0,0,1,0,0,,0
"POINT (10.885247685000024 48.343995883000048)",Unfall 85708 (2017) Kat:3, Licht: 0,85708,3,1,2,07,15,5,0,0,0,1,0,0,,0
"POINT (10.884382751000032 48.311641028000054)",Unfall 85755 (2017) Kat:2, Licht: 0,85755,2,6,2,07,15,7,0,0,0,1,0,0,,0
"POINT (10.883780760000036 48.385747604000073)",Unfall 85762 (2017) Kat:3, Licht: 0,85762,3,1,0,07,09,7,0,0,1,0,0,0,,0
"POINT (10.849634326000057 48.376006098000062)",Unfall 85919 (2017) Kat:3, Licht: 0,85919,3,6,1,07,13,6,0,0,0,1,0,0,,0
"POINT (10.946553666000057 48.355083790000037)",Unfall 85923 (2017) Kat:3, Licht: 0,85923,3,6,2,07,12,2,0,0,0,1,0,0,,0
"POINT (10.911722460000021 48.376228590000039)",Unfall 85933 (2017) Kat:3, Licht: 0,85933,3,6,2,07,14,2,0,0,0,1,0,0,,0
"POINT (10.865561796000065 48.349313585000061)",Unfall 85984 (2017) Kat:3, Licht: 0,85984,3,6,1,07,16,4,0,0,0,1,0,0,,0
"POINT (10.856466090000026 48.373443962000067)",Unfall 85987 (2017) Kat:2, Licht: 2,85987,2,3,4,07,05,4,0,2,0,1,0,0,,0
"POINT (10.886455501000057 48.343387125000049)",Unfall 86093 (2017) Kat:3, Licht: 0,86093,3,6,3,07,07,3,0,0,0,1,0,0,,1
"POINT (10.902122868000049 48.381766328000026)",Unfall 86095 (2017) Kat:3, Licht: 0,86095,3,3,5,07,12,3,0,0,1,1,0,0,,0
"POINT (10.910313017000021 48.376867138000080)",Unfall 86096 (2017) Kat:3, Licht: 2,86096,3,7,0,07,04,3,1,2,1,0,0,0,,0
"POINT (10.919967817000042 48.420835955000030)",Unfall 86315 (2017) Kat:3, Licht: 0,86315,3,7,0,07,14,6,0,0,1,0,0,0,,0
"POINT (10.894573149000053 48.413879026000075)",Unfall 86597 (2017) Kat:3, Licht: 2,86597,3,6,2,07,04,3,0,2,0,0,0,0,,1
"POINT (10.903890292000028 48.337420818000055)",Unfall 86600 (2017) Kat:3, Licht: 0,86600,3,3,5,07,08,3,0,0,0,1,0,0,,0
"POINT (10.953056696000033 48.351558021000073)",Unfall 86703 (2017) Kat:3, Licht: 0,86703,3,3,5,07,18,2,0,0,1,1,0,0,,0
"POINT (10.889753018000022 48.309711673000038)",Unfall 86704 (2017) Kat:3, Licht: 0,86704,3,2,5,07,07,2,0,0,1,1,0,0,,0
"POINT (10.898155183000029 48.308779350000066)",Unfall 86705 (2017) Kat:3, Licht: 0,86705,3,3,5,07,08,2,0,0,0,1,0,0,,0
"POINT (10.909023716000036 48.355361597000069)",Unfall 86706 (2017) Kat:3, Licht: 0,86706,3,6,2,07,08,2,0,0,0,1,0,0,,1
"POINT (10.872860625000044 48.403610199000070)",Unfall 86797 (2017) Kat:3, Licht: 1,86797,3,6,0,07,21,1,0,1,0,1,0,1,,0
"POINT (10.915623250000067 48.374453493000033)",Unfall 86857 (2017) Kat:2, Licht: 0,86857,2,6,4,07,10,7,0,0,0,1,0,0,,0
"POINT (10.889535141000067 48.339148947000069)",Unfall 87095 (2017) Kat:3, Licht: 0,87095,3,6,2,07,11,5,0,0,0,1,0,0,,1
"POINT (10.879150237000033 48.385882852000066)",Unfall 87097 (2017) Kat:3, Licht: 0,87097,3,6,4,07,15,5,0,0,1,0,0,0,,0
"POINT (10.878459202000045 48.386446171000046)",Unfall 87210 (2017) Kat:3, Licht: 0,87210,3,7,0,07,17,4,0,0,1,1,0,0,,0
"POINT (10.934237276000033 48.372471545000053)",Unfall 87211 (2017) Kat:3, Licht: 0,87211,3,6,2,07,13,4,0,0,0,1,0,0,,0
"POINT (10.955885377000072 48.338165721000053)",Unfall 87212 (2017) Kat:3, Licht: 1,87212,3,2,5,07,04,4,0,1,0,1,0,0,,0
"POINT (10.865805494000028 48.308700797000029)",Unfall 87213 (2017) Kat:3, Licht: 0,87213,3,7,0,07,06,4,0,0,0,1,0,0,,0
"POINT (10.859919051000077 48.386666726000044)",Unfall 87318 (2017) Kat:3, Licht: 0,87318,3,1,2,07,17,4,1,0,0,1,0,0,,1
"POINT (10.920385123000074 48.397522496000079)",Unfall 87321 (2017) Kat:3, Licht: 0,87321,3,6,2,07,13,4,1,0,0,1,0,0,,1
"POINT (10.908390991000033 48.354722525000057)",Unfall 87464 (2017) Kat:3, Licht: 0,87464,3,6,3,07,09,3,0,0,0,1,0,0,,1
"POINT (10.860266713000044 48.386977931000047)",Unfall 87507 (2017) Kat:3, Licht: 2,87507,3,6,3,07,00,1,0,2,0,1,0,0,,0
"POINT (10.899203412000077 48.337497300000052)",Unfall 87582 (2017) Kat:3, Licht: 0,87582,3,3,5,07,09,2,1,0,1,1,0,0,,0
"POINT (10.912102432000040 48.374352022000039)",Unfall 87583 (2017) Kat:3, Licht: 0,87583,3,6,2,07,08,2,0,0,0,1,0,0,,0
"POINT (10.902132685000026 48.381769287000054)",Unfall 87767 (2017) Kat:3, Licht: 0,87767,3,3,5,07,06,2,0,0,1,1,0,0,,0
"POINT (10.852797892000069 48.301920458000041)",Unfall 87771 (2017) Kat:2, Licht: 0,87771,2,2,5,07,15,1,0,0,0,0,0,1,,1
"POINT (10.936841275000063 48.383698590000051)",Unfall 87842 (2017) Kat:3, Licht: 0,87842,3,6,4,07,15,2,0,0,1,0,0,0,,0
"POINT (10.900167061000047 48.380781644000081)",Unfall 87892 (2017) Kat:1, Licht: 2,87892,1,6,4,07,22,7,0,2,1,1,0,0,,0
"POINT (10.912124542000072 48.374318480000056)",Unfall 87895 (2017) Kat:3, Licht: 0,87895,3,3,5,07,11,5,1,0,1,1,0,0,,0
"POINT (10.902127776000043 48.381767807000074)",Unfall 88003 (2017) Kat:3, Licht: 2,88003,3,3,5,07,21,2,0,2,0,1,0,0,,0
"POINT (10.907302387000072 48.354001975000074)",Unfall 88012 (2017) Kat:3, Licht: 0,88012,3,6,3,07,13,6,0,0,0,1,0,0,,1
"POINT (10.926460493000036 48.367237643000067)",Unfall 88013 (2017) Kat:3, Licht: 0,88013,3,3,5,07,16,6,0,0,1,0,0,0,,0
"POINT (10.924565736000034 48.371929991000059)",Unfall 88190 (2017) Kat:3, Licht: 0,88190,3,6,0,08,17,5,0,0,0,1,0,0,,1
"POINT (10.919282850000059 48.355321102000062)",Unfall 88191 (2017) Kat:3, Licht: 0,88191,3,3,5,08,17,5,0,0,1,1,0,0,,0
"POINT (10.910337427000059 48.358323092000035)",Unfall 88193 (2017) Kat:3, Licht: 2,88193,3,1,0,08,23,6,0,2,0,0,0,1,,0
"POINT (10.906928579000066 48.340082140000050)",Unfall 88339 (2017) Kat:3, Licht: 0,88339,3,2,5,08,17,4,0,0,1,1,0,0,,0