WKT,Name,OBJECTID,UKATEGORIE,UTYP1,UART,UMONAT,USTUNDE,UWOCHENTAG,STRZUSTAND,ULICHTVERH,ISTRAD,ISTPKW,ISTFUSS,ISTKRAD,ISTGKFZ,ISTSONSTIG
"POINT (10.867573357000026 48.336689042000046)",Unfall 88474 (2017) Kat:3, Licht: 0,88474,3,3,5,08,12,3,0,0,0,1,0,1,,0
"POINT (10.902139052000052 48.381771206000053)",Unfall 88475 (2017) Kat:3, Licht: 0,88475,3,3,5,08,06,3,0,0,1,1,0,0,,0
"POINT (10.934986481000067 48.355280749000030)",Unfall 88516 (2017) Kat:3, Licht: 0,88516,3,2,5,08,12,7,0,0,1,1,0,0,,0
"POINT (10.847112670000058 48.382154002000050)",Unfall 88530 (2017) Kat:3, Licht: 0,88530,3,3,5,08,11,7,0,0,1,1,0,0,,0
"POINT (10.888513667000041 48.335480861000065)",Unfall 88647 (2017) Kat:2, Licht: 0,88647,2,6,0,08,15,4,0,0,0,0,0,0,,1
"POINT (10.888199465000071 48.334768471000075)",Unfall 88945 (2017) Kat:2, Licht: 1,88945,2,1,8,08,19,6,0,1,0,1,0,0,,0
"POINT (10.934864562000030 48.356413556000064)",Unfall 89241 (2017) Kat:3, Licht: 0,89241,3,6,2,08,14,4,0,0,0,1,0,0,,0
"POINT (10.868316149000066 48.340951793000045)",Unfall 89243 (2017) Kat:3, Licht: 0,89243,3,4,0,08,07,4,1,0,0,0,1,1,,0
"POINT (10.929142912000032 48.377140783000073)",Unfall 89277 (2017) Kat:3, Licht: 0,89277,3,6,3,08,15,6,0,0,0,1,0,0,,0
"POINT (10.906634891000067 48.340983399000038)",Unfall 89520 (2017) Kat:3, Licht: 0,89520,3,1,0,08,13,5,1,0,0,0,0,1,,1
"POINT (10.854673067000022 48.309061758000041)",Unfall 89563 (2017) Kat:3, Licht: 0,89563,3,6,2,08,13,1,0,0,0,1,0,0,,0
"POINT (10.842509364000023 48.386243066000077)",Unfall 89634 (2017) Kat:3, Licht: 0,89634,3,3,5,08,10,6,0,0,1,1,0,0,,0
"POINT (10.933792998000058 48.357670196000072)",Unfall 89914 (2017) Kat:3, Licht: 0,89914,3,7,0,08,13,4,0,0,0,0,0,0,,1
"POINT (10.854685280000069 48.309091577000061)",Unfall 89915 (2017) Kat:3, Licht: 0,89915,3,6,3,08,13,4,0,0,0,1,0,1,,0
"POINT (10.902127776000043 48.381767807000074)",Unfall 89994 (2017) Kat:3, Licht: 1,89994,3,3,5,08,06,3,0,1,1,0,0,0,,1
"POINT (10.936352352000029 48.388866645000064)",Unfall 90117 (2017) Kat:3, Licht: 2,90117,3,3,5,08,02,1,0,2,0,1,0,0,,0
"POINT (10.884444366000025 48.326034350000043)",Unfall 90162 (2017) Kat:3, Licht: 0,90162,3,6,6,08,17,7,0,0,1,0,1,0,,0
"POINT (10.927276566000046 48.355180266000048)",Unfall 90260 (2017) Kat:3, Licht: 0,90260,3,3,5,08,09,6,0,0,0,1,0,0,,0
"POINT (10.885518829000034 48.385697071000038)",Unfall 90438 (2017) Kat:2, Licht: 2,90438,2,1,7,08,23,4,1,2,1,0,0,0,,0
"POINT (10.937522599000033 48.384384933000035)",Unfall 90439 (2017) Kat:3, Licht: 0,90439,3,6,3,08,07,4,0,0,0,1,0,0,,1
"POINT (10.902298917000053 48.381819378000046)",Unfall 90552 (2017) Kat:3, Licht: 0,90552,3,2,4,08,18,3,0,0,1,1,0,0,,0
"POINT (10.902127776000043 48.381767807000074)",Unfall 90646 (2017) Kat:3, Licht: 2,90646,3,3,5,08,21,2,0,2,1,1,0,0,,0
"POINT (10.904920942000047 48.346342951000054)",Unfall 90684 (2017) Kat:3, Licht: 1,90684,3,6,2,09,06,2,0,1,0,1,0,0,,0
"POINT (10.908669041000053 48.354991507000079)",Unfall 90865 (2017) Kat:3, Licht: 2,90865,3,7,0,09,19,7,1,2,1,0,0,0,,0
"POINT (10.919876378000026 48.396709605000069)",Unfall 90951 (2017) Kat:3, Licht: 0,90951,3,6,1,09,18,6,1,0,0,1,0,0,,0
"POINT (10.914706645000024 48.393334521000043)",Unfall 91062 (2017) Kat:3, Licht: 0,91062,3,1,0,08,17,5,1,0,0,0,0,1,,0
"POINT (10.936421880000069 48.388904440000033)",Unfall 91119 (2017) Kat:3, Licht: 2,91119,3,3,5,09,01,1,1,2,0,1,0,0,,0
"POINT (10.904055678000077 48.348751577000030)",Unfall 91299 (2017) Kat:3, Licht: 0,91299,3,1,0,09,12,6,0,0,0,1,0,1,,0
"POINT (10.917881364000039 48.373442813000054)",Unfall 91300 (2017) Kat:3, Licht: 0,91300,3,6,1,09,15,6,0,0,0,1,0,0,,0
"POINT (10.905230994000021 48.308077029000060)",Unfall 91422 (2017) Kat:3, Licht: 0,91422,3,1,1,09,08,5,0,0,0,1,0,0,,1
"POINT (10.858815614000036 48.384477214000071)",Unfall 91466 (2017) Kat:3, Licht: 0,91466,3,6,2,09,17,3,0,0,0,1,0,0,,0
"POINT (10.878029518000062 48.387052791000031)",Unfall 91489 (2017) Kat:3, Licht: 0,91489,3,6,2,09,08,3,0,0,0,1,0,0,,0
"POINT (10.909616237000023 48.317234100000064)",Unfall 91492 (2017) Kat:3, Licht: 0,91492,3,2,5,09,18,3,0,0,1,1,0,0,,0
"POINT (10.904832994000060 48.346586933000026)",Unfall 91494 (2017) Kat:1, Licht: 0,91494,1,2,5,09,07,3,0,0,1,0,0,0,,1
"POINT (10.908314457000074 48.328577428000074)",Unfall 91510 (2017) Kat:3, Licht: 0,91510,3,3,4,09,07,4,0,0,1,1,0,0,,0
"POINT (10.885592671000040 48.310050930000045)",Unfall 91542 (2017) Kat:3, Licht: 0,91542,3,2,4,09,11,6,0,0,0,1,0,0,,0
"POINT (10.919924015000049 48.424618130000056)",Unfall 91927 (2017) Kat:3, Licht: 2,91927,3,6,0,09,04,3,0,2,0,1,0,0,,1
"POINT (10.931015284000068 48.380973230000052)",Unfall 91928 (2017) Kat:3, Licht: 2,91928,3,1,0,09,20,3,1,2,1,0,0,0,,0
"POINT (10.895810593000022 48.309020765000071)",Unfall 91941 (2017) Kat:3, Licht: 0,91941,3,7,5,09,18,2,0,0,0,1,0,1,,0
"POINT (10.907065656000043 48.411946780000051)",Unfall 92024 (2017) Kat:3, Licht: 2,92024,3,6,3,09,20,2,0,2,0,1,0,0,,0
"POINT (10.906930350000039 48.340076708000026)",Unfall 92224 (2017) Kat:3, Licht: 0,92224,3,2,3,09,13,5,0,0,1,0,0,0,,1
"POINT (10.929029862000050 48.376285480000035)",Unfall 92228 (2017) Kat:3, Licht: 2,92228,3,2,4,09,19,5,0,2,0,0,0,1,,1
"POINT (10.938994225000044 48.355129041000055)",Unfall 92372 (2017) Kat:3, Licht: 0,92372,3,7,0,09,10,2,1,0,0,0,0,1,,0
"POINT (10.856894713000031 48.377700217000040)",Unfall 92384 (2017) Kat:3, Licht: 0,92384,3,6,2,09,07,4,0,0,0,1,0,0,,0
"POINT (10.899615738000023 48.380360778000068)",Unfall 92388 (2017) Kat:3, Licht: 0,92388,3,6,2,09,11,4,0,0,0,1,0,0,,0
"POINT (10.861471018000032 48.390970467000045)",Unfall 92480 (2017) Kat:3, Licht: 0,92480,3,6,2,09,12,3,1,0,0,1,0,0,,0
"POINT (10.855734320000067 48.373529674000054)",Unfall 92498 (2017) Kat:3, Licht: 2,92498,3,3,5,09,04,5,0,2,0,1,0,0,,0
"POINT (10.894632061000038 48.382071719000066)",Unfall 92501 (2017) Kat:3, Licht: 2,92501,3,1,0,09,20,5,0,2,1,0,0,0,,0
"POINT (10.914289450000069 48.365987955000037)",Unfall 92640 (2017) Kat:3, Licht: 0,92640,3,1,5,09,07,4,0,0,1,1,0,0,,0
"POINT (10.917962767000063 48.367610307000064)",Unfall 92743 (2017) Kat:3, Licht: 0,92743,3,6,2,09,18,7,0,0,0,1,0,0,,0
"POINT (10.852730526000073 48.301794242000028)",Unfall 92747 (2017) Kat:3, Licht: 2,92747,3,1,2,09,19,7,0,2,0,1,0,0,,1
"POINT (10.896418727000025 48.413692954000055)",Unfall 92773 (2017) Kat:3, Licht: 0,92773,3,6,3,09,17,3,0,0,0,1,0,0,,1
"POINT (10.865481141000032 48.390150652000045)",Unfall 92775 (2017) Kat:3, Licht: 0,92775,3,6,2,09,16,3,0,0,0,1,0,0,,1
"POINT (10.919739278000065 48.396597051000072)",Unfall 92776 (2017) Kat:3, Licht: 0,92776,3,6,1,09,07,3,0,0,0,1,0,0,,0
"POINT (10.914541321000058 48.374951804000034)",Unfall 92907 (2017) Kat:3, Licht: 2,92907,3,1,0,09,23,2,0,2,0,1,0,0,,0
"POINT (10.896852043000024 48.380328615000053)",Unfall 92908 (2017) Kat:3, Licht: 0,92908,3,2,3,09,08,2,0,0,1,1,0,0,,0
"POINT (10.869510146000039 48.348442041000055)",Unfall 92980 (2017) Kat:2, Licht: 0,92980,2,6,2,09,17,5,0,0,0,1,0,1,,0
"POINT (10.915614540000036 48.355923444000041)",Unfall 93162 (2017) Kat:3, Licht: 0,93162,3,2,5,10,07,4,0,0,0,1,0,0,,0
"POINT (10.894418834000021 48.413766170000031)",Unfall 93248 (2017) Kat:3, Licht: 0,93248,3,6,2,09,12,6,0,0,0,1,0,0,,0
"POINT (10.848862160000067 48.374537394000072)",Unfall 93259 (2017) Kat:3, Licht: 0,93259,3,3,5,09,08,6,0,0,0,1,0,0,,0
"POINT (10.906094156000051 48.309435238000049)",Unfall 93264 (2017) Kat:3, Licht: 0,93264,3,2,5,09,16,6,0,0,0,1,0,0,,0
"POINT (10.890580775000046 48.309612845000061)",Unfall 93266 (2017) Kat:3, Licht: 0,93266,3,2,4,09,14,6,0,0,0,0,0,1,,1
"POINT (10.903384415000062 48.350588564000077)",Unfall 93268 (2017) Kat:3, Licht: 0,93268,3,6,1,09,16,6,0,0,0,1,0,0,,0
"POINT (10.918553293000059 48.411264248000066)",Unfall 93323 (2017) Kat:3, Licht: 2,93323,3,1,8,10,00,3,1,2,0,1,0,0,,0
"POINT (10.921900839000045 48.409967118000054)",Unfall 93324 (2017) Kat:3, Licht: 2,93324,3,1,9,10,01,3,1,2,0,1,0,0,,0
"POINT (10.907438960000036 48.338295649000031)",Unfall 93406 (2017) Kat:3, Licht: 2,93406,3,6,2,10,19,2,1,2,0,1,0,0,,0
"POINT (10.908640973000047 48.324181842000030)",Unfall 93409 (2017) Kat:3, Licht: 0,93409,3,7,0,10,13,2,0,0,0,0,0,1,,0
"POINT (10.906335781000053 48.379269340000064)",Unfall 93411 (2017) Kat:2, Licht: 2,93411,2,3,5,10,19,2,1,2,0,1,0,0,,0
"POINT (10.874854039000070 48.346966516000066)",Unfall 93751 (2017) Kat:3, Licht: 0,93751,3,6,2,10,14,6,1,0,0,1,0,0,,0
"POINT (10.900453063000043 48.381016830000078)",Unfall 93755 (2017) Kat:3, Licht: 0,93755,3,7,0,10,07,6,0,0,1,0,0,0,,0
"POINT (10.876135872000077 48.346691990000068)",Unfall 93846 (2017) Kat:3, Licht: 1,93846,3,6,2,10,06,5,0,1,0,1,0,0,,0
"POINT (10.882444965000047 48.385727922000058)",Unfall 94025 (2017) Kat:2, Licht: 0,94025,2,2,0,10,14,3,0,0,1,0,0,0,,1
"POINT (10.905032926000047 48.308018012000048)",Unfall 94026 (2017) Kat:3, Licht: 0,94026,3,2,5,10,15,3,0,0,0,1,0,0,,0
"POINT (10.856013817000076 48.373526439000045)",Unfall 94110 (2017) Kat:3, Licht: 0,94110,3,6,2,10,08,2,1,0,0,1,0,0,,0
"POINT (10.855229354000073 48.373456268000041)",Unfall 94112 (2017) Kat:3, Licht: 0,94112,3,6,2,10,07,2,1,0,0,1,0,0,,0
"POINT (10.910928179000052 48.364984862000028)",Unfall 94177 (2017) Kat:3, Licht: 2,94177,3,7,0,10,03,1,0,2,1,0,0,0,,0
"POINT (10.901344443000028 48.337381179000033)",Unfall 94178 (2017) Kat:3, Licht: 0,94178,3,6,2,10,14,1,0,0,0,1,0,0,,0
"POINT (10.860232224000072 48.386907459000042)",Unfall 94718 (2017) Kat:3, Licht: 2,94718,3,6,2,10,06,2,0,2,0,1,0,0,,0
"POINT (10.849996463000025 48.379621362000080)",Unfall 94726 (2017) Kat:3, Licht: 0,94726,3,3,3,10,11,2,0,0,1,0,0,0,,1
"POINT (10.938994225000044 48.355129041000055)",Unfall 94727 (2017) Kat:3, Licht: 0,94727,3,6,0,10,15,2,0,0,0,0,0,1,,0
"POINT (10.862592917000029 48.392935127000044)",Unfall 94836 (2017) Kat:3, Licht: 0,94836,3,6,2,10,15,4,0,0,0,1,0,0,,0
"POINT (10.915190006000046 48.393792646000065)",Unfall 94959 (2017) Kat:3, Licht: 0,94959,3,2,3,10,09,1,0,0,0,1,0,1,,0
"POINT (10.869525506000059 48.348237834000031)",Unfall 95024 (2017) Kat:3, Licht: 0,95024,3,1,8,10,14,7,0,0,0,0,0,0,,1
"POINT (10.880676380000068 48.303039915000056)",Unfall 95028 (2017) Kat:3, Licht: 2,95028,3,6,3,10,23,7,1,2,0,1,0,0,,0
"POINT (10.856408712000075 48.374763404000078)",Unfall 95029 (2017) Kat:3, Licht: 2,95029,3,5,1,10,01,7,0,2,0,1,0,0,,0
"POINT (10.907883688000027 48.333980835000034)",Unfall 95118 (2017) Kat:3, Licht: 0,95118,3,6,2,10,14,6,0,0,0,1,0,0,,0
"POINT (10.912631040000065 48.374517938000054)",Unfall 95121 (2017) Kat:3, Licht: 0,95121,3,3,5,10,15,6,0,0,1,1,0,0,,0
"POINT (10.912204573000054 48.365373479000027)",Unfall 95242 (2017) Kat:3, Licht: 0,95242,3,1,2,10,08,5,0,0,0,1,0,0,,0
"POINT (10.904821941000023 48.382471570000064)",Unfall 95283 (2017) Kat:3, Licht: 0,95283,3,2,2,10,17,3,0,0,1,0,0,0,,0
"POINT (10.904953295000041 48.346253197000067)",Unfall 95284 (2017) Kat:3, Licht: 0,95284,3,1,2,10,16,3,0,0,0,1,0,0,,0
"POINT (10.886466689000031 48.309986595000055)",Unfall 95344 (2017) Kat:3, Licht: 0,95344,3,1,4,10,07,5,0,0,0,1,0,0,,0
"POINT (10.926098875000037 48.367597020000062)",Unfall 95532 (2017) Kat:2, Licht: 0,95532,2,1,0,10,13,5,0,0,1,0,0,0,,0
"POINT (10.882080812000027 48.310218931000065)",Unfall 95539 (2017) Kat:3, Licht: 0,95539,3,6,1,10,14,6,0,0,0,1,0,0,,0
"POINT (10.908614104000037 48.354935099000045)",Unfall 95620 (2017) Kat:3, Licht: 0,95620,3,6,4,10,15,5,0,0,0,1,0,1,,0
"POINT (10.849213411000051 48.380344152000077)",Unfall 95798 (2017) Kat:3, Licht: 0,95798,3,6,3,11,16,2,0,0,0,1,0,0,,1
"POINT (10.928962557000034 48.378604083000027)",Unfall 95799 (2017) Kat:3, Licht: 0,95799,3,6,2,11,09,2,1,0,0,1,0,0,,0
"POINT (10.936914690000037 48.381750741000076)",Unfall 96089 (2017) Kat:3, Licht: 0,96089,3,2,4,11,10,6,0,0,0,1,0,0,,0
"POINT (10.887917793000042 48.323783460000072)",Unfall 96347 (2017) Kat:3, Licht: 0,96347,3,6,2,11,15,6,1,0,0,1,0,0,,0
"POINT (10.850557053000045 48.378704903000028)",Unfall 96354 (2017) Kat:3, Licht: 0,96354,3,2,4,11,14,6,1,0,0,1,0,1,,0
"POINT (10.920766635000064 48.397856332000060)",Unfall 96355 (2017) Kat:3, Licht: 2,96355,3,6,2,11,17,6,1,2,0,1,0,1,,0
"POINT (10.904181392000055 48.381007483000076)",Unfall 96364 (2017) Kat:3, Licht: 0,96364,3,2,4,11,14,6,1,0,0,1,0,1,,0
"POINT (10.937900590000027 48.370951976000072)",Unfall 96706 (2017) Kat:3, Licht: 2,96706,3,2,4,11,06,4,1,2,0,1,0,0,,0
"POINT (10.908679231000065 48.355001970000046)",Unfall 96707 (2017) Kat:3, Licht: 1,96707,3,1,0,11,19,4,0,1,1,0,0,0,,0
"POINT (10.904207878000022 48.348418287000072)",Unfall 96928 (2017) Kat:3, Licht: 0,96928,3,3,5,11,13,7,1,0,0,1,0,0,,0
"POINT (10.935405517000049 48.371983109000041)",Unfall 97021 (2017) Kat:3, Licht: 2,97021,3,6,4,11,18,6,1,2,1,0,0,0,,0
"POINT (10.920335313000066 48.408176617000038)",Unfall 97097 (2017) Kat:3, Licht: 2,97097,3,6,2,11,17,3,0,2,0,1,0,0,,0
"POINT (10.854680880000046 48.309080834000042)",Unfall 97142 (2017) Kat:3, Licht: 2,97142,3,2,4,11,06,3,1,2,1,1,0,0,,0
"POINT (10.904650654000022 48.347152948000030)",Unfall 97175 (2017) Kat:3, Licht: 0,97175,3,6,2,11,10,5,1,0,0,1,0,0,,0
"POINT (10.885627113000055 48.310048722000033)",Unfall 97176 (2017) Kat:2, Licht: 0,97176,2,3,5,11,09,5,0,0,0,1,0,0,,0
"POINT (10.904137172000048 48.380863929000043)",Unfall 97285 (2017) Kat:3, Licht: 0,97285,3,2,5,11,15,4,0,0,1,1,0,0,,0
"POINT (10.936949218000052 48.381744754000067)",Unfall 97324 (2017) Kat:3, Licht: 0,97324,3,2,4,11,13,4,0,0,0,1,0,0,,0
"POINT (10.929323174000046 48.408263412000053)",Unfall 97389 (2017) Kat:2, Licht: 2,97389,2,6,3,11,05,2,0,2,0,1,0,0,,0
"POINT (10.906281309000065 48.379312339000080)",Unfall 97449 (2017) Kat:3, Licht: 1,97449,3,2,0,11,16,3,0,1,1,1,0,0,,0
"POINT (10.890127662000054 48.383504045000052)",Unfall 97482 (2017) Kat:3, Licht: 0,97482,3,3,5,11,12,1,0,0,0,1,0,0,,0
"POINT (10.850348061000034 48.377897520000033)",Unfall 97485 (2017) Kat:2, Licht: 0,97485,2,1,0,11,16,3,0,0,1,0,0,0,,0
"POINT (10.929165253000065 48.377243445000033)",Unfall 97552 (2017) Kat:3, Licht: 2,97552,3,3,1,11,05,5,0,2,0,1,0,0,,0
"POINT (10.880461005000029 48.385660998000048)",Unfall 97634 (2017) Kat:3, Licht: 0,97634,3,2,6,11,13,7,1,0,0,1,1,0,,0
"POINT (10.902142749000063 48.381870730000060)",Unfall 97707 (2017) Kat:3, Licht: 0,97707,3,6,2,11,08,6,0,0,0,1,0,0,,0
"POINT (10.878178374000072 48.386864128000070)",Unfall 97900 (2017) Kat:3, Licht: 0,97900,3,6,5,11,08,4,0,0,0,1,0,0,,0
"POINT (10.920333657000072 48.408222021000029)",Unfall 97990 (2017) Kat:3, Licht: 2,97990,3,6,2,11,16,3,1,2,0,1,0,0,,0
"POINT (10.930128779000029 48.408127603000025)",Unfall 98211 (2017) Kat:3, Licht: 0,98211,3,1,8,12,09,1,0,0,0,1,0,0,,0
"POINT (10.904794718000062 48.346699130000047)",Unfall 98214 (2017) Kat:3, Licht: 2,98214,3,6,2,12,17,1,2,2,0,1,0,0,,0
"POINT (10.879081579000058 48.310216426000068)",Unfall 98310 (2017) Kat:3, Licht: 0,98310,3,7,0,12,13,7,0,0,0,1,0,0,,0
"POINT (10.889619199000037 48.309722939000039)",Unfall 98313 (2017) Kat:2, Licht: 2,98313,2,1,8,12,04,7,1,2,0,1,0,0,,0
"POINT (10.854701597000030 48.368852330000038)",Unfall 98382 (2017) Kat:3, Licht: 0,98382,3,6,2,11,16,5,1,0,0,1,0,0,,0
"POINT (10.875488695000058 48.346827389000055)",Unfall 98494 (2017) Kat:3, Licht: 2,98494,3,6,2,12,17,5,0,2,0,1,0,0,,0
"POINT (10.876789271000064 48.346562605000031)",Unfall 98577 (2017) Kat:3, Licht: 2,98577,3,6,2,12,16,4,0,2,0,1,0,0,,0
"POINT (10.873029082000073 48.347543211000072)",Unfall 98579 (2017) Kat:3, Licht: 2,98579,3,6,3,12,20,4,0,2,0,1,0,0,,1
"POINT (10.908605878000060 48.354926652000074)",Unfall 98582 (2017) Kat:3, Licht: 0,98582,3,6,3,12,09,4,0,0,0,1,0,0,,1
"POINT (10.937973520000071 48.355122534000031)",Unfall 98673 (2017) Kat:3, Licht: 2,98673,3,1,0,12,21,6,2,2,0,1,0,0,,0
"POINT (10.893803415000036 48.382544932000030)",Unfall 98676 (2017) Kat:3, Licht: 0,98676,3,2,2,12,09,6,1,0,0,1,0,0,,0
"POINT (10.908320716000048 48.354665000000068)",Unfall 98741 (2017) Kat:3, Licht: 0,98741,3,6,3,12,14,2,0,0,0,1,0,0,,1
"POINT (10.850170044000038 48.377440502000070)",Unfall 98770 (2017) Kat:3, Licht: 2,98770,3,3,5,12,22,4,1,2,0,1,0,0,,0
"POINT (10.878699805000053 48.298717227000054)",Unfall 98868 (2017) Kat:3, Licht: 2,98868,3,6,2,12,18,3,0,2,0,1,0,0,,0
"POINT (10.868376398000066 48.389836112000069)",Unfall 98952 (2017) Kat:3, Licht: 0,98952,3,3,5,12,13,2,0,0,0,1,0,0,,0
"POINT (10.879910342000073 48.385701504000053)",Unfall 98953 (2017) Kat:2, Licht: 2,98953,2,4,6,12,17,2,1,2,0,1,1,0,,0
"POINT (10.928127680000046 48.375141547000055)",Unfall 98954 (2017) Kat:3, Licht: 2,98954,3,7,2,12,02,2,1,2,0,1,0,0,,1
"POINT (10.904409486000077 48.382483914000034)",Unfall 99277 (2017) Kat:3, Licht: 2,99277,3,1,8,12,05,1,1,2,0,1,0,0,,0
"POINT (10.890068078000070 48.383527575000073)",Unfall 99348 (2017) Kat:3, Licht: 2,99348,3,2,0,12,23,7,1,2,0,1,0,0,,1
"POINT (10.859056788000032 48.314152479000029)",Unfall 99352 (2017) Kat:3, Licht: 2,99352,3,6,2,12,17,7,1,2,0,1,0,0,,0
"POINT (10.887773095000057 48.323330222000038)",Unfall 99462 (2017) Kat:3, Licht: 0,99462,3,6,1,12,15,6,0,0,0,1,0,0,,0
"POINT (10.935352612000031 48.382278266000071)",Unfall 99596 (2017) Kat:2, Licht: 0,99596,2,7,0,12,12,3,0,0,0,1,0,0,,0
"POINT (10.907347171000026 48.385872626000037)",Unfall 99783 (2017) Kat:2, Licht: 0,99783,2,2,4,12,15,1,0,0,0,1,0,0,,0
"POINT (10.856466090000026 48.373443962000067)",Unfall 99887 (2017) Kat:3, Licht: 2,99887,3,1,8,12,23,6,2,2,0,1,0,0,,0
"POINT (10.921493186000021 48.409695202000080)",Unfall 99899 (2017) Kat:3, Licht: 0,99899,3,6,2,12,15,6,1,0,0,1,0,0,,0
"POINT (10.865415618000043 48.396453491000045)",Unfall 99902 (2017) Kat:3, Licht: 0,99902,3,6,2,12,09,6,1,0,0,1,0,0,,0
"POINT (10.900061408000056 48.380692848000081)",Unfall 99910 (2017) Kat:3, Licht: 0,99910,3,1,0,12,15,6,1,0,1,0,0,0,,0
"POINT (10.849116749000075 48.374466593000079)",Unfall 100049 (2017) Kat:3, Licht: 0,100049,3,6,2,12,13,5,0,0,0,1,0,0,,0
"POINT (10.909050589000060 48.319280168000034)",Unfall 100151 (2017) Kat:3, Licht: 0,100151,3,2,6,12,13,4,0,0,0,1,1,0,,0
"POINT (10.883136910000076 48.308156792000034)",Unfall 100167 (2017) Kat:3, Licht: 0,100167,3,6,2,12,07,4,1,0,0,1,0,0,,1
"POINT (10.910889659000077 48.357405010000036)",Unfall 100434 (2017) Kat:3, Licht: 2,100434,3,7,0,12,22,1,0,2,1,0,0,0,,0
"POINT (10.916187810000054 48.387661402000049)",Unfall 167565 (2017) Kat:3, Licht: 0,167565,3,2,2,01,14,2,1,0,0,1,0,0,,0
"POINT (10.885874510000065 48.347958398000060)",Unfall 167566 (2017) Kat:3, Licht: 0,167566,3,6,1,01,13,2,0,0,0,1,0,0,,0
"POINT (10.885771029000068 48.353798054000038)",Unfall 167597 (2017) Kat:3, Licht: 0,167597,3,6,4,01,11,1,0,0,0,1,0,0,,0
"POINT (10.890380480000033 48.372624367000071)",Unfall 167866 (2017) Kat:3, Licht: 1,167866,3,2,6,01,07,4,1,1,0,1,1,0,,0
"POINT (10.875301411000066 48.398693535000064)",Unfall 167898 (2017) Kat:3, Licht: 0,167898,3,6,2,01,10,3,0,0,0,1,0,0,,0
"POINT (10.919727265000063 48.380407605000073)",Unfall 167901 (2017) Kat:3, Licht: 0,167901,3,4,0,01,15,3,1,0,0,1,1,0,,0
"POINT (10.880281764000074 48.355077182000059)",Unfall 167902 (2017) Kat:3, Licht: 0,167902,3,3,5,01,08,3,2,0,0,1,0,0,,0
"POINT (10.895854978000045 48.362587157000064)",Unfall 167923 (2017) Kat:2, Licht: 0,167923,2,7,1,01,14,2,1,0,0,1,0,0,,0
"POINT (10.873199561000035 48.353989784000078)",Unfall 167957 (2017) Kat:3, Licht: 0,167957,3,7,0,01,09,1,2,0,1,0,0,0,,1
"POINT (10.893059610000023 48.363833556000031)",Unfall 167958 (2017) Kat:3, Licht: 2,167958,3,5,1,01,19,1,2,2,0,1,0,0,,0
"POINT (10.878914205000058 48.370836998000073)",Unfall 167994 (2017) Kat:3, Licht: 2,167994,3,3,5,01,22,6,1,2,0,1,0,0,,0
"POINT (10.904136568000069 48.334945345000051)",Unfall 168016 (2017) Kat:3, Licht: 0,168016,3,3,5,01,17,5,1,0,0,1,0,0,,0
"POINT (10.906460404000029 48.307924764000063)",Unfall 168017 (2017) Kat:3, Licht: 0,168017,3,3,5,01,10,5,1,0,0,1,0,0,,0
"POINT (10.917591843000025 48.380860440000049)",Unfall 168041 (2017) Kat:2, Licht: 0,168041,2,2,6,01,09,4,0,0,0,1,1,0,,0
"POINT (10.880700621000074 48.385678936000033)",Unfall 168042 (2017) Kat:3, Licht: 2,168042,3,3,5,01,21,4,2,2,0,1,0,0,,1
"POINT (10.873444879000033 48.381489598000030)",Unfall 168072 (2017) Kat:2, Licht: 0,168072,2,4,6,01,15,3,1,0,0,1,1,0,,0
"POINT (10.917225864000045 48.385692235000079)",Unfall 168073 (2017) Kat:3, Licht: 0,168073,3,3,5,01,15,3,1,0,0,1,0,0,,0
"POINT (10.847685346000048 48.386012601000061)",Unfall 168093 (2017) Kat:3, Licht: 2,168093,3,6,2,01,18,5,0,2,0,1,0,0,,0
"POINT (10.905511567000076 48.361011529000052)",Unfall 168094 (2017) Kat:3, Licht: 0,168094,3,3,5,01,13,5,0,0,0,1,0,0,,1
"POINT (10.898339504000035 48.311659496000061)",Unfall 168142 (2017) Kat:3, Licht: 1,168142,3,4,6,01,07,4,1,1,0,1,1,0,,0
"POINT (10.863527424000040 48.361581747000059)",Unfall 168178 (2017) Kat:3, Licht: 2,168178,3,3,6,01,17,3,1,2,0,1,1,0,,0
"POINT (10.882904493000069 48.356014373000050)",Unfall 168179 (2017) Kat:3, Licht: 0,168179,3,3,5,01,08,3,2,0,1,1,0,0,,0
"POINT (10.905596169000034 48.335569901000042)",Unfall 168228 (2017) Kat:3, Licht: 0,168228,3,1,1,01,11,2,1,0,0,1,0,0,,0
"POINT (10.902555297000049 48.358635555000035)",Unfall 168293 (2017) Kat:3, Licht: 1,168293,3,7,5,01,07,6,1,1,0,1,0,0,,0
"POINT (10.881599573000074 48.365842531000055)",Unfall 168326 (2017) Kat:3, Licht: 2,168326,3,2,6,01,06,5,1,2,0,1,1,0,,0
"POINT (10.909284737000064 48.370360576000053)",Unfall 168379 (2017) Kat:3, Licht: 2,168379,3,6,2,01,19,5,1,2,0,1,0,0,,0
"POINT (10.906314070000064 48.307931529000030)",Unfall 168380 (2017) Kat:3, Licht: 1,168380,3,3,5,01,07,5,1,1,0,1,0,0,,0
"POINT (10.900479815000040 48.298122083000067)",Unfall 168410 (2017) Kat:2, Licht: 2,168410,2,2,1,01,18,4,1,2,0,1,0,0,,0
"POINT (10.925297538000052 48.385594572000059)",Unfall 168411 (2017) Kat:3, Licht: 0,168411,3,3,5,01,15,4,2,0,0,1,0,0,,0