WKT,Name,OBJECTID,UKATEGORIE,UTYP1,UART,UMONAT,USTUNDE,UWOCHENTAG,STRZUSTAND,ULICHTVERH,ISTRAD,ISTPKW,ISTFUSS,ISTKRAD,ISTGKFZ,ISTSONSTIG
"POINT (10.892722889000026 48.377096227000038)",Unfall 168412 (2017) Kat:3, Licht: 1,168412,3,3,5,01,07,4,2,1,0,1,0,1,,0
"POINT (10.873309057000029 48.381104448000031)",Unfall 168444 (2017) Kat:2, Licht: 2,168444,2,4,6,01,18,3,1,2,0,1,1,0,,0
"POINT (10.892997762000050 48.366026942000076)",Unfall 168445 (2017) Kat:3, Licht: 2,168445,3,6,2,01,18,3,0,2,0,1,0,0,,0
"POINT (10.845241144000056 48.388940161000050)",Unfall 168484 (2017) Kat:2, Licht: 2,168484,2,1,4,01,11,2,1,2,0,1,0,0,,0
"POINT (10.887608654000076 48.374289205000025)",Unfall 168485 (2017) Kat:3, Licht: 0,168485,3,6,2,01,11,2,1,0,0,1,0,0,,0
"POINT (10.900830351000025 48.377309105000052)",Unfall 168486 (2017) Kat:3, Licht: 2,168486,3,3,5,01,06,2,1,2,0,1,0,0,,0
"POINT (10.913679871000056 48.395886040000050)",Unfall 168568 (2017) Kat:3, Licht: 2,168568,3,4,6,01,06,6,0,2,0,1,1,0,,0
"POINT (10.902172915000051 48.355352482000058)",Unfall 168631 (2017) Kat:3, Licht: 0,168631,3,6,2,02,07,5,1,0,0,1,0,0,,0
"POINT (10.916802226000073 48.372336434000033)",Unfall 168633 (2017) Kat:3, Licht: 1,168633,3,2,5,02,17,5,0,1,0,1,0,0,,0
"POINT (10.862811302000068 48.340696088000072)",Unfall 168634 (2017) Kat:2, Licht: 0,168634,2,7,0,02,15,5,0,0,1,1,0,0,,0
"POINT (10.887273430000050 48.366126413000075)",Unfall 168635 (2017) Kat:3, Licht: 0,168635,3,5,0,02,15,5,0,0,0,1,1,0,,0
"POINT (10.937757327000043 48.373369256000046)",Unfall 168670 (2017) Kat:3, Licht: 1,168670,3,6,0,02,16,4,1,1,0,0,0,1,,1
"POINT (10.891753052000070 48.295129545000066)",Unfall 168671 (2017) Kat:2, Licht: 0,168671,2,7,0,02,16,4,1,0,1,0,0,0,,0
"POINT (10.858095512000034 48.395955618000073)",Unfall 168705 (2017) Kat:3, Licht: 2,168705,3,2,6,01,06,3,1,2,0,1,1,0,,0
"POINT (10.881329778000065 48.371286836000081)",Unfall 168744 (2017) Kat:2, Licht: 2,168744,2,1,0,01,18,2,2,2,1,0,0,0,,0
"POINT (10.897673150000060 48.371006141000066)",Unfall 168745 (2017) Kat:3, Licht: 0,168745,3,4,6,01,14,2,1,0,0,1,1,0,,0
"POINT (10.889821132000066 48.310726882000040)",Unfall 168783 (2017) Kat:3, Licht: 0,168783,3,2,5,01,12,1,0,0,0,1,0,0,,0
"POINT (10.882393981000064 48.355135756000038)",Unfall 168784 (2017) Kat:3, Licht: 0,168784,3,3,5,01,15,1,1,0,0,1,0,0,,0
"POINT (10.849923535000073 48.385016080000071)",Unfall 168839 (2017) Kat:3, Licht: 0,168839,3,3,5,01,11,6,0,0,0,1,0,0,,0
"POINT (10.870902732000047 48.362913779000053)",Unfall 168840 (2017) Kat:3, Licht: 0,168840,3,3,6,01,11,6,1,0,0,1,1,0,,0
"POINT (10.886159614000064 48.351486596000029)",Unfall 168841 (2017) Kat:2, Licht: 2,168841,2,2,5,01,18,6,0,2,1,1,0,0,,0
"POINT (10.885976011000025 48.348874118000026)",Unfall 168842 (2017) Kat:3, Licht: 0,168842,3,6,2,01,07,6,0,0,0,1,0,0,,0
"POINT (10.880475948000026 48.342534153000031)",Unfall 168843 (2017) Kat:3, Licht: 0,168843,3,6,5,01,12,6,2,0,0,1,0,0,,0
"POINT (10.904686935000029 48.370274343000062)",Unfall 168844 (2017) Kat:3, Licht: 0,168844,3,2,3,01,13,6,0,0,1,1,0,0,,0
"POINT (10.921131555000045 48.384266034000063)",Unfall 168865 (2017) Kat:3, Licht: 0,168865,3,3,5,02,11,7,0,0,0,1,0,0,,0
"POINT (10.899757118000025 48.364396705000047)",Unfall 168866 (2017) Kat:3, Licht: 2,168866,3,4,6,02,02,7,0,2,0,1,1,0,,0
"POINT (10.877035777000060 48.348361183000065)",Unfall 168915 (2017) Kat:3, Licht: 0,168915,3,2,4,02,10,5,0,0,0,1,0,0,,0
"POINT (10.907710370000075 48.370444985000063)",Unfall 168916 (2017) Kat:3, Licht: 0,168916,3,3,5,02,13,5,0,0,1,1,0,0,,0
"POINT (10.900117894000061 48.370715025000038)",Unfall 168917 (2017) Kat:3, Licht: 0,168917,3,2,3,02,16,5,0,0,1,1,0,0,,0
"POINT (10.893811843000037 48.360191181000062)",Unfall 168918 (2017) Kat:3, Licht: 1,168918,3,6,2,02,17,5,0,1,0,1,0,0,,0
"POINT (10.907412033000071 48.370270485000049)",Unfall 168919 (2017) Kat:3, Licht: 0,168919,3,7,3,02,16,5,0,0,0,1,0,0,,1
"POINT (10.883905949000052 48.382597998000051)",Unfall 168947 (2017) Kat:3, Licht: 0,168947,3,6,6,02,15,4,0,0,0,1,1,0,,0
"POINT (10.885698626000021 48.345264518000079)",Unfall 168980 (2017) Kat:3, Licht: 0,168980,3,2,6,02,07,3,0,0,0,1,1,0,,0
"POINT (10.883179889000075 48.362302568000075)",Unfall 168981 (2017) Kat:3, Licht: 0,168981,3,6,2,02,07,3,0,0,0,1,0,0,,0
"POINT (10.911025866000045 48.395871441000054)",Unfall 169009 (2017) Kat:3, Licht: 2,169009,3,7,0,02,23,2,1,2,0,0,0,1,,0
"POINT (10.897852634000060 48.370541093000043)",Unfall 169070 (2017) Kat:3, Licht: 2,169070,3,2,5,02,22,7,0,2,0,1,0,0,,0
"POINT (10.875410745000067 48.360964809000052)",Unfall 169072 (2017) Kat:3, Licht: 0,169072,3,1,0,02,07,7,2,0,1,0,0,0,,0
"POINT (10.869630273000041 48.358537693000073)",Unfall 169073 (2017) Kat:2, Licht: 0,169073,2,3,0,02,08,7,2,0,1,1,0,0,,0
"POINT (10.855719804000046 48.391482541000073)",Unfall 169074 (2017) Kat:3, Licht: 0,169074,3,1,0,02,15,7,0,0,1,0,0,0,,0
"POINT (10.926133963000041 48.413284489000034)",Unfall 169075 (2017) Kat:3, Licht: 2,169075,3,1,8,02,06,7,2,2,0,1,0,0,,0
"POINT (10.893765964000067 48.309251846000052)",Unfall 169076 (2017) Kat:3, Licht: 0,169076,3,7,0,02,13,7,0,0,0,0,0,0,,1
"POINT (10.929204839000022 48.354003759000079)",Unfall 169077 (2017) Kat:3, Licht: 0,169077,3,7,0,02,09,7,1,0,1,0,0,0,,0
"POINT (10.900822364000021 48.377308497000058)",Unfall 169078 (2017) Kat:3, Licht: 2,169078,3,2,4,02,18,7,0,2,0,1,0,0,,0
"POINT (10.877116642000033 48.348335545000054)",Unfall 169116 (2017) Kat:3, Licht: 2,169116,3,2,6,02,17,6,1,2,0,1,1,0,,0
"POINT (10.909713873000044 48.370908989000043)",Unfall 169142 (2017) Kat:2, Licht: 2,169142,2,4,6,02,19,6,1,2,0,1,1,0,,0
"POINT (10.894592993000060 48.346285042000034)",Unfall 169144 (2017) Kat:2, Licht: 0,169144,2,4,6,02,14,6,1,0,0,1,1,0,,0
"POINT (10.901913981000064 48.359624723000081)",Unfall 169145 (2017) Kat:3, Licht: 0,169145,3,3,5,02,13,6,0,0,0,1,0,0,,1
"POINT (10.896072462000063 48.366631596000047)",Unfall 169146 (2017) Kat:3, Licht: 1,169146,3,7,0,02,17,6,0,1,1,0,0,0,,0
"POINT (10.915169962000050 48.379918809000060)",Unfall 169201 (2017) Kat:3, Licht: 2,169201,3,5,1,02,18,5,0,2,1,1,0,0,,0
"POINT (10.876876698000046 48.383141236000029)",Unfall 169204 (2017) Kat:3, Licht: 0,169204,3,3,5,02,07,5,0,0,1,1,0,0,,0
"POINT (10.893643902000065 48.364731614000050)",Unfall 169205 (2017) Kat:3, Licht: 2,169205,3,6,1,02,23,5,0,2,1,1,0,0,,0
"POINT (10.897527444000048 48.358393778000050)",Unfall 169206 (2017) Kat:3, Licht: 0,169206,3,3,5,02,17,5,0,0,0,1,0,1,,0
"POINT (10.901096622000068 48.371393541000032)",Unfall 169250 (2017) Kat:3, Licht: 2,169250,3,6,6,02,20,4,0,2,1,0,1,0,,0
"POINT (10.843446513000060 48.386413858000026)",Unfall 169252 (2017) Kat:3, Licht: 0,169252,3,6,2,02,17,4,0,0,0,1,0,0,,0
"POINT (10.891756871000041 48.373773327000038)",Unfall 169253 (2017) Kat:3, Licht: 0,169253,3,4,6,02,15,4,0,0,0,1,1,0,,0
"POINT (10.898185637000040 48.370600270000068)",Unfall 169254 (2017) Kat:3, Licht: 1,169254,3,6,2,02,06,4,1,1,0,1,0,0,,1
"POINT (10.878398956000069 48.350547470000038)",Unfall 169303 (2017) Kat:3, Licht: 0,169303,3,3,5,02,14,3,0,0,1,0,0,0,,0
"POINT (10.856842547000042 48.372208855000054)",Unfall 169347 (2017) Kat:3, Licht: 0,169347,3,3,5,02,08,2,0,0,0,1,0,0,,1
"POINT (10.893456135000065 48.365211882000040)",Unfall 169399 (2017) Kat:3, Licht: 0,169399,3,6,2,02,16,7,1,0,0,1,0,0,,0
"POINT (10.881355941000038 48.389906612000061)",Unfall 169402 (2017) Kat:3, Licht: 0,169402,3,6,2,02,10,7,1,0,0,1,0,0,,0
"POINT (10.892459213000052 48.342824050000047)",Unfall 169421 (2017) Kat:3, Licht: 0,169421,3,6,3,02,13,6,0,0,1,1,0,0,,0
"POINT (10.896276896000074 48.336529118000044)",Unfall 169422 (2017) Kat:3, Licht: 0,169422,3,7,0,02,08,6,1,0,1,0,0,0,,0
"POINT (10.852549611000029 48.385533513000041)",Unfall 169460 (2017) Kat:2, Licht: 0,169460,2,3,5,02,15,5,0,0,1,1,0,0,,0
"POINT (10.870096639000053 48.371865991000050)",Unfall 169461 (2017) Kat:2, Licht: 0,169461,2,2,5,02,08,5,0,0,1,1,0,0,,0
"POINT (10.900862620000055 48.370676915000047)",Unfall 169532 (2017) Kat:2, Licht: 1,169532,2,2,4,02,19,3,1,1,1,1,0,0,,0
"POINT (10.880579486000045 48.382630958000050)",Unfall 169566 (2017) Kat:3, Licht: 0,169566,3,4,6,02,16,2,0,0,0,1,1,0,,0
"POINT (10.870138655000062 48.379501756000082)",Unfall 169568 (2017) Kat:3, Licht: 0,169568,3,3,0,02,16,2,0,0,0,1,1,0,,0
"POINT (10.913858512000047 48.376962059000050)",Unfall 169569 (2017) Kat:3, Licht: 0,169569,3,2,3,02,16,2,0,0,0,1,0,0,,1
"POINT (10.863575602000026 48.363154553000072)",Unfall 169615 (2017) Kat:3, Licht: 0,169615,3,7,0,02,10,1,0,0,1,0,0,0,,0
"POINT (10.893492968000032 48.406270415000051)",Unfall 169616 (2017) Kat:3, Licht: 0,169616,3,7,6,02,15,1,0,0,0,1,1,0,,0
"POINT (10.875520638000069 48.364163510000026)",Unfall 169644 (2017) Kat:3, Licht: 2,169644,3,7,2,02,00,7,1,2,0,1,1,0,,0
"POINT (10.880942419000064 48.366732422000041)",Unfall 169673 (2017) Kat:3, Licht: 0,169673,3,3,5,03,07,6,0,0,0,1,0,0,,0
"POINT (10.891001488000029 48.360875424000028)",Unfall 169718 (2017) Kat:3, Licht: 0,169718,3,1,0,03,09,5,1,0,0,0,0,1,,0
"POINT (10.886038558000052 48.391534731000036)",Unfall 169756 (2017) Kat:3, Licht: 0,169756,3,1,0,03,17,4,0,0,1,0,0,0,,0
"POINT (10.880873934000022 48.373410211000078)",Unfall 169757 (2017) Kat:3, Licht: 0,169757,3,3,0,03,18,4,0,0,1,1,0,0,,0
"POINT (10.915527393000048 48.380482849000032)",Unfall 169792 (2017) Kat:3, Licht: 0,169792,3,5,0,02,11,3,1,0,1,1,0,0,,0
"POINT (10.933879023000031 48.377934283000059)",Unfall 169793 (2017) Kat:3, Licht: 1,169793,3,7,0,02,07,3,1,1,1,0,0,0,,0
"POINT (10.903239923000058 48.304170980000038)",Unfall 169794 (2017) Kat:3, Licht: 2,169794,3,7,0,02,18,3,0,2,0,1,0,1,,0
"POINT (10.899030339000035 48.337562723000076)",Unfall 169795 (2017) Kat:3, Licht: 0,169795,3,6,2,02,06,3,1,0,0,1,0,0,,1
"POINT (10.894321082000033 48.369965414000035)",Unfall 169796 (2017) Kat:3, Licht: 2,169796,3,2,6,02,18,3,1,2,0,0,1,1,,0
"POINT (10.898068116000047 48.369861205000063)",Unfall 169797 (2017) Kat:3, Licht: 0,169797,3,2,0,02,16,3,1,0,0,0,0,1,,1
"POINT (10.869996028000060 48.371446296000045)",Unfall 169828 (2017) Kat:3, Licht: 2,169828,3,3,5,02,18,2,0,2,0,1,0,0,,0
"POINT (10.913982405000070 48.377215605000060)",Unfall 169829 (2017) Kat:3, Licht: 0,169829,3,2,3,02,13,2,0,0,0,1,0,0,,1
"POINT (10.897837577000075 48.370604709000077)",Unfall 169830 (2017) Kat:3, Licht: 0,169830,3,7,0,02,17,2,0,0,1,0,0,0,,0
"POINT (10.890183041000057 48.370146217000070)",Unfall 169831 (2017) Kat:3, Licht: 0,169831,3,6,2,02,14,2,0,0,0,1,0,0,,0
"POINT (10.883488804000024 48.354221595000070)",Unfall 169853 (2017) Kat:3, Licht: 0,169853,3,6,2,02,12,1,0,0,0,1,0,0,,0
"POINT (10.865714638000043 48.395111207000070)",Unfall 169881 (2017) Kat:3, Licht: 2,169881,3,6,2,02,04,7,0,2,0,1,0,0,,0
"POINT (10.902226420000034 48.354281332000028)",Unfall 169882 (2017) Kat:3, Licht: 0,169882,3,6,2,02,11,7,0,0,0,1,0,0,,0
"POINT (10.875554365000028 48.350345323000056)",Unfall 169883 (2017) Kat:3, Licht: 0,169883,3,1,1,02,14,7,0,0,1,1,0,0,,0
"POINT (10.930762973000071 48.377190968000036)",Unfall 169948 (2017) Kat:3, Licht: 0,169948,3,3,5,03,09,5,1,0,1,1,0,0,,0
"POINT (10.859207009000045 48.384969448000049)",Unfall 169989 (2017) Kat:3, Licht: 0,169989,3,1,8,03,10,4,0,0,0,1,0,0,,0
"POINT (10.937805684000068 48.390134432000082)",Unfall 169990 (2017) Kat:2, Licht: 0,169990,2,3,5,03,16,4,0,0,0,1,0,1,,0
"POINT (10.909734353000033 48.367302234000078)",Unfall 169991 (2017) Kat:3, Licht: 0,169991,3,7,0,03,15,4,0,0,1,0,0,0,,0
"POINT (10.870303505000038 48.381241474000035)",Unfall 170041 (2017) Kat:3, Licht: 0,170041,3,2,5,03,16,3,0,0,0,1,0,0,,1
"POINT (10.861030011000025 48.372989359000030)",Unfall 170042 (2017) Kat:3, Licht: 0,170042,3,6,1,03,17,3,0,0,0,1,0,0,,1
"POINT (10.859712342000023 48.372996993000072)",Unfall 170043 (2017) Kat:3, Licht: 0,170043,3,6,2,03,06,3,0,0,0,1,0,0,,0
"POINT (10.914747592000026 48.398202880000042)",Unfall 170044 (2017) Kat:3, Licht: 0,170044,3,3,5,03,16,3,0,0,1,0,0,0,,1
"POINT (10.899583504000077 48.331618775000038)",Unfall 170090 (2017) Kat:3, Licht: 0,170090,3,4,6,03,15,2,0,0,0,1,1,0,,0
"POINT (10.882449692000023 48.370558593000055)",Unfall 170091 (2017) Kat:3, Licht: 0,170091,3,7,2,03,11,2,0,0,0,1,0,1,,0
"POINT (10.879299545000038 48.404900803000032)",Unfall 170151 (2017) Kat:3, Licht: 0,170151,3,3,5,03,11,7,0,0,0,1,0,1,,0
"POINT (10.915609127000039 48.355910458000039)",Unfall 170152 (2017) Kat:3, Licht: 0,170152,3,2,4,03,17,7,0,0,0,1,0,0,,0
"POINT (10.851105474000065 48.379648364000047)",Unfall 170187 (2017) Kat:3, Licht: 0,170187,3,6,2,03,12,4,0,0,0,1,0,1,,0
"POINT (10.926927781000074 48.381871960000069)",Unfall 170188 (2017) Kat:3, Licht: 0,170188,3,6,3,03,08,4,0,0,1,0,0,0,,1
"POINT (10.873199899000042 48.381528741000068)",Unfall 170238 (2017) Kat:3, Licht: 2,170238,3,2,4,03,19,3,0,2,1,1,0,0,,0
"POINT (10.916405978000057 48.381650435000040)",Unfall 170239 (2017) Kat:3, Licht: 0,170239,3,2,3,03,12,3,0,0,1,1,0,0,,0
"POINT (10.896370488000059 48.355701209000074)",Unfall 170240 (2017) Kat:3, Licht: 0,170240,3,3,5,03,09,3,0,0,0,1,0,0,,1
"POINT (10.923525169000072 48.355931875000067)",Unfall 170241 (2017) Kat:3, Licht: 0,170241,3,3,5,03,17,3,0,0,0,1,0,0,,0
"POINT (10.889543518000039 48.368164375000049)",Unfall 170242 (2017) Kat:3, Licht: 0,170242,3,3,5,03,09,3,0,0,0,1,0,0,,0
"POINT (10.870965605000038 48.362930684000048)",Unfall 170289 (2017) Kat:3, Licht: 0,170289,3,3,6,03,12,2,0,0,0,1,1,0,,0
"POINT (10.879575395000074 48.368414061000067)",Unfall 170290 (2017) Kat:3, Licht: 0,170290,3,3,5,03,16,2,0,0,1,1,0,0,,0
"POINT (10.876209286000062 48.380803709000077)",Unfall 170291 (2017) Kat:3, Licht: 0,170291,3,7,4,03,07,2,0,0,0,1,0,1,,0
"POINT (10.888780207000025 48.370944021000071)",Unfall 170333 (2017) Kat:3, Licht: 0,170333,3,2,3,03,13,1,0,0,0,1,0,0,,0
"POINT (10.915912091000052 48.391497767000033)",Unfall 170364 (2017) Kat:3, Licht: 0,170364,3,3,5,03,18,7,0,0,1,1,0,0,,0
"POINT (10.858837143000073 48.373087659000078)",Unfall 170463 (2017) Kat:3, Licht: 0,170463,3,6,2,03,08,3,0,0,0,1,0,0,,0
"POINT (10.877726250000023 48.364854643000058)",Unfall 170490 (2017) Kat:3, Licht: 0,170490,3,2,5,03,13,2,0,0,1,1,0,0,,0
"POINT (10.868246851000038 48.364221269000041)",Unfall 170491 (2017) Kat:3, Licht: 0,170491,3,3,5,03,08,2,1,0,1,0,0,0,,0
"POINT (10.865705664000075 48.372383238000054)",Unfall 170492 (2017) Kat:3, Licht: 0,170492,3,6,3,03,09,2,1,0,0,1,0,1,,0
"POINT (10.914154750000023 48.396344305000071)",Unfall 170493 (2017) Kat:2, Licht: 0,170493,2,4,6,03,17,2,0,0,0,1,1,0,,0
"POINT (10.885418910000055 48.355187088000037)",Unfall 170494 (2017) Kat:3, Licht: 2,170494,3,2,4,03,05,2,1,2,1,1,0,0,,0
"POINT (10.880990291000046 48.388530386000070)",Unfall 170556 (2017) Kat:3, Licht: 0,170556,3,6,3,03,09,7,1,0,0,1,0,0,,0
"POINT (10.898032589000024 48.369996984000068)",Unfall 170557 (2017) Kat:3, Licht: 1,170557,3,1,0,03,06,7,1,1,0,0,0,1,,0
"POINT (10.853063178000070 48.372583661000078)",Unfall 170593 (2017) Kat:3, Licht: 0,170593,3,6,4,03,15,6,0,0,0,1,1,0,,0
"POINT (10.879564121000044 48.368412879000061)",Unfall 170594 (2017) Kat:3, Licht: 0,170594,3,2,5,03,11,6,0,0,1,1,0,0,,0
"POINT (10.934624951000046 48.396365096000068)",Unfall 170595 (2017) Kat:3, Licht: 0,170595,3,3,5,03,12,6,0,0,0,1,0,0,,0
"POINT (10.882534025000041 48.337795261000053)",Unfall 170596 (2017) Kat:3, Licht: 2,170596,3,1,0,03,20,6,1,2,1,0,0,0,,0
"POINT (10.891854456000033 48.362397930000043)",Unfall 170597 (2017) Kat:3, Licht: 0,170597,3,7,2,03,17,6,0,0,1,1,0,0,,0
"POINT (10.889582289000032 48.368182894000029)",Unfall 170660 (2017) Kat:3, Licht: 0,170660,3,2,6,03,16,5,0,0,0,1,1,0,,0
"POINT (10.899027180000076 48.366238691000035)",Unfall 170661 (2017) Kat:3, Licht: 0,170661,3,5,1,03,17,5,0,0,0,1,0,1,,0
"POINT (10.877875882000069 48.358335282000041)",Unfall 170719 (2017) Kat:3, Licht: 0,170719,3,7,0,03,16,2,0,0,1,0,0,0,,0
"POINT (10.893123937000041 48.353217427000061)",Unfall 170720 (2017) Kat:2, Licht: 0,170720,2,7,6,03,14,2,0,0,1,0,1,0,,0
"POINT (10.900514671000053 48.370665553000038)",Unfall 170721 (2017) Kat:3, Licht: 0,170721,3,6,2,03,08,2,0,0,0,1,0,0,,0
"POINT (10.916644857000051 48.376021054000034)",Unfall 170765 (2017) Kat:3, Licht: 1,170765,3,7,0,03,19,1,0,1,1,0,0,0,,0
"POINT (10.873609848000058 48.337750372000073)",Unfall 170805 (2017) Kat:3, Licht: 2,170805,3,3,5,03,00,7,0,2,0,1,0,0,,0
"POINT (10.900528777000034 48.370666144000040)",Unfall 170806 (2017) Kat:3, Licht: 0,170806,3,6,3,03,11,7,0,0,0,1,0,0,,0
"POINT (10.881817058000024 48.394669543000077)",Unfall 170852 (2017) Kat:3, Licht: 0,170852,3,6,1,03,16,6,0,0,0,1,0,0,,0
"POINT (10.885207485000024 48.354956291000065)",Unfall 170853 (2017) Kat:3, Licht: 0,170853,3,3,5,03,07,6,0,0,0,1,0,0,,1
"POINT (10.893654702000049 48.364749088000053)",Unfall 170854 (2017) Kat:2, Licht: 0,170854,2,4,6,03,10,6,0,0,0,1,1,0,,0
"POINT (10.896107975000064 48.314514148000058)",Unfall 170906 (2017) Kat:3, Licht: 0,170906,3,3,5,03,17,5,0,0,0,1,0,0,,0
"POINT (10.863027619000036 48.356814785000040)",Unfall 171029 (2017) Kat:3, Licht: 0,171029,3,3,5,03,16,5,0,0,1,1,0,0,,0
"POINT (10.881664136000040 48.365956953000079)",Unfall 171032 (2017) Kat:3, Licht: 0,171032,3,7,0,03,15,5,0,0,1,1,0,0,,0
"POINT (10.909107503000030 48.381182988000035)",Unfall 171033 (2017) Kat:2, Licht: 2,171033,2,6,1,03,20,5,0,2,0,1,0,1,,0
"POINT (10.899157435000063 48.300188193000054)",Unfall 171034 (2017) Kat:3, Licht: 0,171034,3,7,2,03,08,5,0,0,0,1,0,0,,1
"POINT (10.885520855000038 48.373545214000046)",Unfall 171035 (2017) Kat:3, Licht: 0,171035,3,3,5,03,14,5,0,0,0,1,0,0,,1
"POINT (10.859220782000023 48.376838159000044)",Unfall 171101 (2017) Kat:3, Licht: 0,171101,3,3,5,03,19,4,0,0,1,0,0,1,,0
"POINT (10.873965321000071 48.339809935000062)",Unfall 171102 (2017) Kat:3, Licht: 0,171102,3,2,5,03,08,4,0,0,1,1,0,0,,0
"POINT (10.908670268000037 48.370323702000064)",Unfall 171103 (2017) Kat:2, Licht: 0,171103,2,4,6,03,14,4,0,0,0,1,1,0,,0
"POINT (10.894384395000031 48.353215996000074)",Unfall 171189 (2017) Kat:3, Licht: 0,171189,3,2,3,03,18,3,0,0,1,1,0,0,,0
"POINT (10.892870880000032 48.371046355000033)",Unfall 171190 (2017) Kat:2, Licht: 0,171190,2,3,5,03,08,3,0,0,0,1,0,1,,0
"POINT (10.905745156000023 48.371849430000054)",Unfall 171191 (2017) Kat:3, Licht: 2,171191,3,5,1,03,21,3,0,2,0,1,0,0,,0
"POINT (10.870715180000047 48.362863351000044)",Unfall 171288 (2017) Kat:3, Licht: 0,171288,3,7,0,04,08,2,0,0,1,1,0,0,,0
"POINT (10.913845829000024 48.376938215000052)",Unfall 171289 (2017) Kat:3, Licht: 0,171289,3,7,3,04,16,2,0,0,0,1,0,0,,1
"POINT (10.916413475000070 48.376241724000067)",Unfall 171290 (2017) Kat:3, Licht: 0,171290,3,7,0,04,08,2,0,0,0,0,0,1,,0
"POINT (10.881599573000074 48.365842531000055)",Unfall 171291 (2017) Kat:3, Licht: 0,171291,3,2,4,04,17,2,0,0,0,1,0,0,,0
"POINT (10.926997698000037 48.375709890000053)",Unfall 171397 (2017) Kat:3, Licht: 0,171397,3,2,3,04,12,7,0,0,1,1,0,0,,0
"POINT (10.886121735000074 48.351489799000035)",Unfall 171398 (2017) Kat:3, Licht: 0,171398,3,2,3,04,12,7,0,0,1,1,0,0,,0
"POINT (10.893594410000048 48.367872727000076)",Unfall 171399 (2017) Kat:3, Licht: 0,171399,3,2,3,04,10,7,0,0,1,1,0,0,,0
"POINT (10.947050478000051 48.359866111000031)",Unfall 171485 (2017) Kat:3, Licht: 0,171485,3,3,5,03,15,6,0,0,1,1,0,0,,0
"POINT (10.859003436000023 48.351072330000079)",Unfall 171486 (2017) Kat:2, Licht: 2,171486,2,1,9,03,21,6,0,2,0,0,0,1,,0
"POINT (10.915350117000060 48.354836200000079)",Unfall 171487 (2017) Kat:3, Licht: 0,171487,3,1,0,03,06,6,0,0,0,0,0,1,,0
"POINT (10.904583855000055 48.370302094000067)",Unfall 171488 (2017) Kat:2, Licht: 0,171488,2,2,3,03,14,6,0,0,1,0,0,0,,1
"POINT (10.880632397000056 48.380990270000041)",Unfall 171545 (2017) Kat:3, Licht: 0,171545,3,7,6,04,12,7,0,0,0,0,1,0,,1
"POINT (10.878881533000026 48.379890932000080)",Unfall 171546 (2017) Kat:3, Licht: 0,171546,3,1,0,04,19,7,0,0,1,0,0,0,,0
"POINT (10.912428075000037 48.358543160000067)",Unfall 171547 (2017) Kat:3, Licht: 2,171547,3,3,5,04,22,7,0,2,1,0,0,1,,0
"POINT (10.883301049000067 48.346032939000054)",Unfall 171548 (2017) Kat:3, Licht: 0,171548,3,2,4,04,13,7,0,0,1,1,0,0,,0
"POINT (10.916288275000056 48.381435622000026)",Unfall 171600 (2017) Kat:3, Licht: 0,171600,3,6,2,04,16,6,0,0,0,1,0,0,,1
"POINT (10.886654855000074 48.356858207000073)",Unfall 171601 (2017) Kat:3, Licht: 2,171601,3,2,2,04,23,6,0,2,1,0,0,0,,0
"POINT (10.882752529000072 48.363109105000035)",Unfall 171602 (2017) Kat:3, Licht: 0,171602,3,6,4,04,13,6,0,0,0,1,0,1,,0
"POINT (10.907120797000061 48.319080042000053)",Unfall 171649 (2017) Kat:1, Licht: 0,171649,1,3,0,04,17,5,0,0,1,1,0,0,,0
"POINT (10.897803201000045 48.359846160000075)",Unfall 171650 (2017) Kat:3, Licht: 0,171650,3,2,3,04,13,5,0,0,0,1,0,0,,1
"POINT (10.894959928000048 48.362538132000054)",Unfall 171651 (2017) Kat:3, Licht: 0,171651,3,5,1,04,11,5,0,0,1,1,0,0,,0
"POINT (10.896282439000061 48.321058153000081)",Unfall 171710 (2017) Kat:3, Licht: 0,171710,3,3,5,04,15,4,0,0,1,1,0,0,,0
"POINT (10.886597701000028 48.368326317000026)",Unfall 171711 (2017) Kat:3, Licht: 0,171711,3,6,2,04,16,4,0,0,0,1,0,0,,0
"POINT (10.891633195000054 48.369202255000062)",Unfall 171712 (2017) Kat:3, Licht: 0,171712,3,2,3,04,16,4,0,0,1,1,0,0,,0
"POINT (10.881366963000062 48.388668692000067)",Unfall 171760 (2017) Kat:3, Licht: 0,171760,3,6,3,04,12,3,0,0,0,1,0,0,,1
"POINT (10.873440910000056 48.350453501000061)",Unfall 171761 (2017) Kat:3, Licht: 0,171761,3,2,3,04,17,3,0,0,1,1,0,0,,0
"POINT (10.879635751000023 48.368420387000072)",Unfall 171794 (2017) Kat:3, Licht: 0,171794,3,6,1,04,16,5,0,0,0,1,0,0,,0
"POINT (10.869878122000046 48.372038940000039)",Unfall 171795 (2017) Kat:3, Licht: 0,171795,3,7,1,04,16,5,0,0,0,1,0,0,,0
"POINT (10.913776596000048 48.376812148000056)",Unfall 171796 (2017) Kat:3, Licht: 2,171796,3,6,2,04,21,5,0,2,0,1,0,0,,0