WKT,Name,OBJECTID,UKATEGORIE,UTYP1,UART,UMONAT,USTUNDE,UWOCHENTAG,STRZUSTAND,ULICHTVERH,ISTRAD,ISTPKW,ISTFUSS,ISTKRAD,ISTGKFZ,ISTSONSTIG
"POINT (10.897680482000055 48.350937628000054)",Unfall 171797 (2017) Kat:3, Licht: 0,171797,3,3,5,04,14,5,0,0,0,1,0,0,,0
"POINT (10.903006496000046 48.308333732000051)",Unfall 171856 (2017) Kat:3, Licht: 0,171856,3,3,5,04,14,4,0,0,1,1,0,0,,0
"POINT (10.900169773000073 48.369980628000064)",Unfall 171857 (2017) Kat:3, Licht: 0,171857,3,1,0,04,18,4,0,0,1,0,0,0,,0
"POINT (10.899994762000063 48.359512493000068)",Unfall 171858 (2017) Kat:3, Licht: 0,171858,3,2,4,04,19,4,0,0,0,1,0,0,,0
"POINT (10.893072454000048 48.377831073000038)",Unfall 171859 (2017) Kat:3, Licht: 0,171859,3,3,5,04,13,4,0,0,0,1,0,0,,0
"POINT (10.927014763000045 48.375815446000047)",Unfall 171906 (2017) Kat:3, Licht: 0,171906,3,7,3,04,11,3,0,0,0,0,0,0,,1
"POINT (10.873380803000032 48.381484721000049)",Unfall 171959 (2017) Kat:2, Licht: 0,171959,2,4,6,04,14,2,0,0,0,1,1,0,,0
"POINT (10.904052997000065 48.384707316000060)",Unfall 171960 (2017) Kat:3, Licht: 0,171960,3,4,1,04,17,2,0,0,1,1,1,0,,0
"POINT (10.910564210000075 48.361216335000051)",Unfall 171961 (2017) Kat:2, Licht: 0,171961,2,1,0,04,11,2,0,0,0,0,0,1,,0
"POINT (10.907771141000069 48.370313755000041)",Unfall 171962 (2017) Kat:3, Licht: 0,171962,3,5,1,04,18,2,0,0,0,1,0,1,,0
"POINT (10.861081968000065 48.360753113000044)",Unfall 172038 (2017) Kat:3, Licht: 0,172038,3,7,9,04,11,6,0,0,0,1,0,0,,0
"POINT (10.827303929000038 48.321189682000067)",Unfall 172039 (2017) Kat:3, Licht: 0,172039,3,1,0,04,10,6,1,0,1,0,0,0,,0
"POINT (10.901016906000052 48.370576421000067)",Unfall 172040 (2017) Kat:3, Licht: 0,172040,3,2,2,04,18,6,0,0,1,1,0,0,,0
"POINT (10.895783922000021 48.362717298000064)",Unfall 172041 (2017) Kat:3, Licht: 0,172041,3,2,2,04,12,6,0,0,0,1,0,0,,0
"POINT (10.894596987000057 48.369922452000026)",Unfall 172042 (2017) Kat:3, Licht: 0,172042,3,2,4,04,16,6,0,0,1,1,0,0,,0
"POINT (10.867495981000047 48.391965605000053)",Unfall 172122 (2017) Kat:3, Licht: 0,172122,3,3,5,04,17,4,0,0,1,1,0,0,,0
"POINT (10.881211254000050 48.379758901000059)",Unfall 172148 (2017) Kat:3, Licht: 2,172148,3,6,1,04,23,3,1,2,0,1,0,0,,0
"POINT (10.881173004000061 48.353406130000053)",Unfall 172149 (2017) Kat:3, Licht: 0,172149,3,4,6,04,09,3,1,0,0,0,1,1,,0
"POINT (10.856576984000071 48.374011206000034)",Unfall 172224 (2017) Kat:3, Licht: 0,172224,3,1,9,04,15,7,1,0,0,1,0,0,,0
"POINT (10.881773894000048 48.396813461000079)",Unfall 172225 (2017) Kat:3, Licht: 0,172225,3,3,6,04,12,7,0,0,0,1,1,0,,0
"POINT (10.914245513000026 48.383286479000049)",Unfall 172251 (2017) Kat:2, Licht: 2,172251,2,3,5,04,22,6,0,2,0,1,0,0,,0
"POINT (10.916209590000051 48.387803499000029)",Unfall 172252 (2017) Kat:3, Licht: 2,172252,3,7,0,04,22,6,0,2,1,0,0,0,,0
"POINT (10.897316188000048 48.370440425000027)",Unfall 172253 (2017) Kat:3, Licht: 2,172253,3,5,1,04,23,6,1,2,0,1,0,0,,0
"POINT (10.881405997000059 48.389374350000026)",Unfall 172317 (2017) Kat:3, Licht: 0,172317,3,3,6,04,14,4,1,0,0,1,1,0,,0
"POINT (10.886320103000060 48.368108334000055)",Unfall 172318 (2017) Kat:3, Licht: 2,172318,3,7,0,04,23,4,1,2,1,0,0,0,,0
"POINT (10.936550123000075 48.365285285000027)",Unfall 172373 (2017) Kat:3, Licht: 0,172373,3,7,0,04,06,3,1,0,1,0,0,0,,0
"POINT (10.858437058000050 48.385042014000078)",Unfall 172430 (2017) Kat:3, Licht: 0,172430,3,6,2,04,08,2,0,0,0,1,0,0,,0
"POINT (10.880342713000061 48.352512743000034)",Unfall 172431 (2017) Kat:3, Licht: 0,172431,3,6,3,04,07,2,0,0,0,1,0,0,,1
"POINT (10.896992988000022 48.359937485000046)",Unfall 172432 (2017) Kat:2, Licht: 0,172432,2,1,0,04,16,2,0,0,1,0,0,0,,0
"POINT (10.887134841000034 48.375966097000060)",Unfall 172433 (2017) Kat:3, Licht: 0,172433,3,6,2,04,13,2,0,0,0,1,0,1,,0
"POINT (10.871052894000059 48.362954153000032)",Unfall 172523 (2017) Kat:3, Licht: 0,172523,3,4,6,04,16,7,1,0,0,0,1,0,,1
"POINT (10.949889825000071 48.380183281000029)",Unfall 172524 (2017) Kat:3, Licht: 2,172524,3,5,1,04,23,7,1,2,1,1,0,0,,1
"POINT (10.876507946000061 48.385571095000046)",Unfall 172558 (2017) Kat:3, Licht: 2,172558,3,2,6,05,21,2,1,2,0,1,1,0,,0
"POINT (10.913958369000056 48.377164269000048)",Unfall 172559 (2017) Kat:2, Licht: 0,172559,2,3,5,05,09,2,0,0,1,1,0,0,,0
"POINT (10.868815554000037 48.352828345000034)",Unfall 172615 (2017) Kat:3, Licht: 0,172615,3,1,8,04,09,1,0,0,1,0,0,0,,0
"POINT (10.906056495000030 48.307944216000067)",Unfall 172616 (2017) Kat:3, Licht: 0,172616,3,2,5,04,15,1,0,0,1,1,0,0,,0
"POINT (10.909869635000064 48.361099069000034)",Unfall 172676 (2017) Kat:3, Licht: 0,172676,3,4,2,04,13,7,0,0,0,1,1,0,,0
"POINT (10.878914205000058 48.370836998000073)",Unfall 172723 (2017) Kat:3, Licht: 0,172723,3,2,4,04,07,6,1,0,1,1,0,0,,0
"POINT (10.875841544000025 48.345810747000030)",Unfall 172724 (2017) Kat:3, Licht: 0,172724,3,3,5,04,14,6,1,0,1,1,0,0,,0
"POINT (10.894609845000048 48.370008738000081)",Unfall 172725 (2017) Kat:3, Licht: 0,172725,3,3,5,04,18,6,1,0,1,1,0,0,,0
"POINT (10.904973663000021 48.388559924000049)",Unfall 172780 (2017) Kat:3, Licht: 0,172780,3,1,4,04,15,5,1,0,0,1,0,0,,1
"POINT (10.943260588000044 48.343413301000055)",Unfall 172850 (2017) Kat:3, Licht: 0,172850,3,5,1,05,14,6,0,0,0,1,0,0,,0
"POINT (10.904430226000045 48.358502805000057)",Unfall 172851 (2017) Kat:3, Licht: 0,172851,3,6,2,05,12,6,0,0,0,1,0,0,,0
"POINT (10.903988822000031 48.365760468000076)",Unfall 172852 (2017) Kat:3, Licht: 0,172852,3,2,0,05,19,6,0,0,0,1,0,0,,1
"POINT (10.871517558000050 48.358710781000070)",Unfall 172905 (2017) Kat:2, Licht: 0,172905,2,5,1,05,11,5,0,0,1,1,0,0,,0
"POINT (10.895735534000039 48.398757544000034)",Unfall 172906 (2017) Kat:2, Licht: 0,172906,2,4,6,05,18,5,1,0,0,1,1,0,,0
"POINT (10.893588193000028 48.367887140000050)",Unfall 172907 (2017) Kat:3, Licht: 0,172907,3,2,4,05,19,5,1,0,1,1,0,0,,0
"POINT (10.892128624000065 48.362481882000054)",Unfall 172908 (2017) Kat:3, Licht: 2,172908,3,5,3,05,20,5,1,2,0,1,0,1,,0
"POINT (10.898199024000064 48.367247044000067)",Unfall 172909 (2017) Kat:2, Licht: 1,172909,2,1,0,05,19,5,1,1,1,0,0,0,,0
"POINT (10.850985621000063 48.404317420000041)",Unfall 172965 (2017) Kat:3, Licht: 0,172965,3,5,1,05,15,4,0,0,1,1,0,0,,0
"POINT (10.878111118000049 48.380153705000055)",Unfall 172966 (2017) Kat:3, Licht: 0,172966,3,7,0,05,05,4,1,0,0,0,0,1,,0
"POINT (10.948728784000025 48.353599653000060)",Unfall 172967 (2017) Kat:3, Licht: 0,172967,3,2,4,05,07,4,1,0,1,0,0,1,,0
"POINT (10.881508031000067 48.398066700000072)",Unfall 173025 (2017) Kat:3, Licht: 2,173025,3,3,5,05,22,3,0,2,0,1,0,0,,0
"POINT (10.900257142000044 48.346047952000049)",Unfall 173167 (2017) Kat:3, Licht: 0,173167,3,2,5,05,07,3,0,0,0,1,0,0,,1
"POINT (10.885502021000036 48.373698967000053)",Unfall 173168 (2017) Kat:3, Licht: 0,173168,3,3,5,05,15,3,0,0,1,1,0,0,,0
"POINT (10.881310914000039 48.379444710000030)",Unfall 173225 (2017) Kat:3, Licht: 0,173225,3,6,1,05,08,2,0,0,0,1,0,0,,0
"POINT (10.881249468000021 48.388592416000051)",Unfall 173307 (2017) Kat:3, Licht: 0,173307,3,2,4,05,17,7,0,0,0,1,0,0,,0
"POINT (10.898157587000071 48.369484905000036)",Unfall 173308 (2017) Kat:3, Licht: 0,173308,3,1,1,05,14,7,0,0,1,1,0,0,,0
"POINT (10.898497064000026 48.372128375000045)",Unfall 173309 (2017) Kat:3, Licht: 0,173309,3,7,0,05,19,7,0,0,1,0,0,0,,0
"POINT (10.903710988000057 48.364976109000054)",Unfall 173341 (2017) Kat:3, Licht: 0,173341,3,7,0,05,16,2,0,0,1,0,0,0,,0
"POINT (10.897749189000024 48.371353727000042)",Unfall 173342 (2017) Kat:3, Licht: 0,173342,3,2,4,05,14,2,0,0,1,1,0,0,,0
"POINT (10.866675067000074 48.358446009000033)",Unfall 173394 (2017) Kat:3, Licht: 0,173394,3,3,5,05,11,1,0,0,1,1,0,0,,0
"POINT (10.925713891000044 48.358987868000042)",Unfall 173395 (2017) Kat:3, Licht: 0,173395,3,4,6,05,17,1,0,0,0,1,1,0,,0
"POINT (10.890214941000067 48.312478437000038)",Unfall 173437 (2017) Kat:3, Licht: 0,173437,3,7,6,05,18,7,0,0,1,1,1,0,,0
"POINT (10.886269602000027 48.378080844000067)",Unfall 173438 (2017) Kat:3, Licht: 0,173438,3,5,1,05,17,7,0,0,1,1,0,0,,0
"POINT (10.878429015000052 48.343276380000077)",Unfall 173578 (2017) Kat:3, Licht: 0,173578,3,3,5,05,17,5,0,0,1,1,0,0,,0
"POINT (10.908520272000032 48.354908125000065)",Unfall 173579 (2017) Kat:3, Licht: 0,173579,3,6,3,05,13,5,0,0,0,1,0,0,,1
"POINT (10.885582679000038 48.355679350000059)",Unfall 173580 (2017) Kat:3, Licht: 0,173580,3,5,1,05,07,5,0,0,1,1,0,0,,0
"POINT (10.868804259000058 48.372197784000036)",Unfall 173687 (2017) Kat:3, Licht: 0,173687,3,6,2,05,14,4,0,0,0,1,0,0,,0
"POINT (10.880756640000072 48.367022835000057)",Unfall 173688 (2017) Kat:3, Licht: 0,173688,3,6,2,05,15,4,0,0,0,1,0,0,,0
"POINT (10.914029447000075 48.384077067000078)",Unfall 173689 (2017) Kat:3, Licht: 0,173689,3,3,5,05,19,4,0,0,0,1,0,0,,0
"POINT (10.886831298000061 48.345507407000071)",Unfall 173690 (2017) Kat:3, Licht: 0,173690,3,3,1,05,11,4,0,0,0,0,0,1,,1
"POINT (10.877997098000037 48.359478991000060)",Unfall 173691 (2017) Kat:3, Licht: 0,173691,3,1,0,05,07,4,0,0,1,0,0,0,,0
"POINT (10.878313665000064 48.393814626000051)",Unfall 173847 (2017) Kat:3, Licht: 0,173847,3,3,5,05,17,2,0,0,0,1,0,0,,0
"POINT (10.818450257000052 48.319623008000065)",Unfall 173848 (2017) Kat:2, Licht: 0,173848,2,1,0,05,16,2,0,0,1,0,0,0,,0
"POINT (10.909599956000022 48.370339564000062)",Unfall 173849 (2017) Kat:3, Licht: 0,173849,3,4,6,05,17,2,0,0,0,1,1,0,,0
"POINT (10.909604018000039 48.386996569000075)",Unfall 173911 (2017) Kat:3, Licht: 0,173911,3,3,0,05,16,1,0,0,1,1,0,0,,0
"POINT (10.900067783000054 48.359703723000052)",Unfall 173912 (2017) Kat:3, Licht: 0,173912,3,7,6,05,10,1,0,0,1,0,1,0,,0
"POINT (10.953799484000058 48.379108549000080)",Unfall 173962 (2017) Kat:3, Licht: 0,173962,3,1,0,05,12,7,0,0,1,0,0,0,,0
"POINT (10.883516876000044 48.356953399000076)",Unfall 173963 (2017) Kat:3, Licht: 0,173963,3,1,6,05,14,7,0,0,1,0,1,0,,0
"POINT (10.897129039000049 48.359924175000060)",Unfall 174021 (2017) Kat:3, Licht: 0,174021,3,4,6,05,10,6,0,0,1,0,1,0,,0
"POINT (10.891855875000033 48.362063787000068)",Unfall 174022 (2017) Kat:3, Licht: 0,174022,3,7,0,05,07,6,0,0,1,0,0,0,,0
"POINT (10.915531601000055 48.395822746000078)",Unfall 174095 (2017) Kat:3, Licht: 0,174095,3,6,2,05,15,5,0,0,0,1,0,0,,0
"POINT (10.912622670000076 48.319637207000028)",Unfall 174096 (2017) Kat:3, Licht: 0,174096,3,2,6,05,06,5,0,0,0,1,1,0,,0
"POINT (10.910629965000055 48.340012743000045)",Unfall 174134 (2017) Kat:2, Licht: 0,174134,2,7,0,05,17,5,0,0,1,0,0,0,,0
"POINT (10.915541260000055 48.354452625000079)",Unfall 174135 (2017) Kat:3, Licht: 0,174135,3,1,0,05,19,5,0,0,1,0,0,0,,0
"POINT (10.898932019000029 48.294200739000075)",Unfall 174136 (2017) Kat:3, Licht: 0,174136,3,2,5,05,11,5,0,0,1,1,0,0,,0
"POINT (10.898058246000062 48.292864033000058)",Unfall 174209 (2017) Kat:3, Licht: 2,174209,3,3,5,05,22,4,1,2,0,1,0,0,,0
"POINT (10.901452059000064 48.375793344000044)",Unfall 174210 (2017) Kat:3, Licht: 0,174210,3,5,1,05,18,4,0,0,1,1,0,0,,0
"POINT (10.879520836000040 48.379675710000072)",Unfall 174212 (2017) Kat:3, Licht: 2,174212,3,1,0,05,21,4,1,2,1,0,0,0,,0
"POINT (10.903991237000071 48.340086988000053)",Unfall 174213 (2017) Kat:3, Licht: 0,174213,3,3,5,05,17,4,0,0,1,1,0,0,,0
"POINT (10.891585577000058 48.318144953000058)",Unfall 174214 (2017) Kat:3, Licht: 0,174214,3,4,6,05,18,4,0,0,0,1,1,0,,0
"POINT (10.887420925000072 48.357817092000062)",Unfall 174215 (2017) Kat:3, Licht: 0,174215,3,2,5,05,17,4,0,0,1,1,0,0,,0
"POINT (10.896059873000070 48.318075083000053)",Unfall 174216 (2017) Kat:3, Licht: 0,174216,3,1,0,05,08,4,0,0,0,0,0,1,,0
"POINT (10.901382206000051 48.369685569000069)",Unfall 174217 (2017) Kat:3, Licht: 0,174217,3,3,5,05,11,4,0,0,0,1,0,0,,0
"POINT (10.894577347000052 48.365756094000062)",Unfall 174218 (2017) Kat:3, Licht: 0,174218,3,7,0,05,17,4,0,0,0,0,1,0,,1
"POINT (10.855731212000023 48.391624415000081)",Unfall 174287 (2017) Kat:3, Licht: 0,174287,3,6,2,05,11,3,0,0,0,1,0,0,,0
"POINT (10.915945290000025 48.362052907000077)",Unfall 174288 (2017) Kat:2, Licht: 0,174288,2,2,5,05,17,3,0,0,1,0,0,1,,0
"POINT (10.885667126000044 48.355185334000055)",Unfall 174289 (2017) Kat:3, Licht: 0,174289,3,6,0,05,14,3,0,0,1,1,0,0,,0
"POINT (10.867393897000056 48.315577364000035)",Unfall 174290 (2017) Kat:3, Licht: 0,174290,3,1,1,05,15,3,0,0,1,1,0,0,,0
"POINT (10.922665492000021 48.362144528000044)",Unfall 174291 (2017) Kat:3, Licht: 0,174291,3,1,0,05,07,3,0,0,1,0,0,0,,0
"POINT (10.899800113000026 48.378949548000037)",Unfall 174292 (2017) Kat:3, Licht: 0,174292,3,7,0,05,06,3,0,0,1,0,0,0,,0
"POINT (10.859991672000035 48.391077727000038)",Unfall 174439 (2017) Kat:3, Licht: 0,174439,3,1,0,05,12,7,0,0,1,0,0,0,,0
"POINT (10.869720585000039 48.382270864000077)",Unfall 174527 (2017) Kat:2, Licht: 0,174527,2,2,4,05,10,6,0,0,0,1,0,1,,0
"POINT (10.873006197000052 48.382948441000053)",Unfall 174528 (2017) Kat:3, Licht: 0,174528,3,7,6,05,13,6,0,0,0,1,1,0,,0
"POINT (10.895804603000045 48.332664010000030)",Unfall 174529 (2017) Kat:3, Licht: 0,174529,3,3,5,05,14,6,0,0,0,1,0,0,,0
"POINT (10.889434599000026 48.380269190000035)",Unfall 174530 (2017) Kat:2, Licht: 0,174530,2,5,1,05,17,6,0,0,1,1,0,0,,0
"POINT (10.911784396000030 48.373445502000038)",Unfall 174531 (2017) Kat:3, Licht: 0,174531,3,6,3,05,19,6,0,0,1,0,0,0,,0
"POINT (10.878430202000061 48.370132904000059)",Unfall 174623 (2017) Kat:3, Licht: 0,174623,3,3,5,05,13,4,0,0,1,1,0,0,,0
"POINT (10.904074297000022 48.383275619000074)",Unfall 174624 (2017) Kat:3, Licht: 0,174624,3,4,6,05,20,4,0,0,0,1,1,0,,0
"POINT (10.877591509000069 48.341527381000049)",Unfall 174627 (2017) Kat:3, Licht: 0,174627,3,2,3,05,19,4,0,0,1,0,0,0,,0
"POINT (10.894226009000022 48.369952900000044)",Unfall 174629 (2017) Kat:3, Licht: 0,174629,3,6,2,05,17,4,0,0,0,1,0,1,,0
"POINT (10.897745138000062 48.371365144000038)",Unfall 174630 (2017) Kat:3, Licht: 0,174630,3,1,0,05,12,4,0,0,0,0,0,1,,0
"POINT (10.885955336000052 48.367789521000077)",Unfall 174631 (2017) Kat:3, Licht: 0,174631,3,1,0,05,19,4,0,0,1,0,0,0,,0
"POINT (10.862290764000022 48.338970511000070)",Unfall 174710 (2017) Kat:3, Licht: 0,174710,3,6,1,05,07,3,0,0,1,1,0,0,,0
"POINT (10.893427741000039 48.406376995000073)",Unfall 174796 (2017) Kat:3, Licht: 0,174796,3,7,0,05,19,2,0,0,1,0,0,0,,0
"POINT (10.905479746000026 48.387881930000049)",Unfall 174797 (2017) Kat:3, Licht: 0,174797,3,3,5,05,16,2,0,0,1,1,0,0,,0
"POINT (10.881613414000071 48.365846364000049)",Unfall 174798 (2017) Kat:3, Licht: 0,174798,3,6,1,05,19,2,0,0,0,1,0,1,,0
"POINT (10.869975677000070 48.371957269000063)",Unfall 174943 (2017) Kat:3, Licht: 0,174943,3,2,5,06,14,6,0,0,0,1,0,1,,0
"POINT (10.914716535000025 48.378937482000026)",Unfall 174944 (2017) Kat:3, Licht: 0,174944,3,7,0,06,12,6,0,0,0,1,0,0,,1
"POINT (10.909669492000035 48.328545886000029)",Unfall 174945 (2017) Kat:3, Licht: 0,174945,3,1,0,06,14,6,0,0,1,0,0,0,,0
"POINT (10.901615962000051 48.300533727000072)",Unfall 174946 (2017) Kat:3, Licht: 0,174946,3,7,6,06,10,6,0,0,0,1,1,0,,0
"POINT (10.885646515000076 48.344382992000078)",Unfall 174947 (2017) Kat:3, Licht: 0,174947,3,7,0,06,07,6,0,0,1,0,0,0,,0
"POINT (10.890709974000060 48.370735057000047)",Unfall 174948 (2017) Kat:3, Licht: 0,174948,3,2,3,06,16,6,0,0,0,1,0,0,,1
"POINT (10.889967040000045 48.370282387000032)",Unfall 174949 (2017) Kat:3, Licht: 0,174949,3,2,3,06,09,6,0,0,1,1,0,0,,0
"POINT (10.902532545000042 48.352224498000055)",Unfall 175038 (2017) Kat:3, Licht: 0,175038,3,2,5,06,16,5,0,0,1,1,0,0,,0
"POINT (10.868803017000062 48.362296881000077)",Unfall 175039 (2017) Kat:3, Licht: 0,175039,3,7,1,06,14,5,0,0,0,1,0,0,,0
"POINT (10.909332820000031 48.395621823000056)",Unfall 175040 (2017) Kat:3, Licht: 0,175040,3,4,6,06,07,5,0,0,0,0,1,1,,0
"POINT (10.898633005000022 48.358231596000053)",Unfall 175041 (2017) Kat:3, Licht: 0,175041,3,3,5,06,16,5,0,0,0,1,0,0,,0
"POINT (10.865606318000061 48.358018901000037)",Unfall 175178 (2017) Kat:3, Licht: 0,175178,3,7,0,06,12,4,0,0,0,1,0,0,,1
"POINT (10.870079522000026 48.381295666000028)",Unfall 175179 (2017) Kat:2, Licht: 0,175179,2,2,3,06,19,4,0,0,0,0,0,1,,1
"POINT (10.894669502000056 48.320572148000053)",Unfall 175180 (2017) Kat:3, Licht: 0,175180,3,7,0,06,18,4,0,0,1,0,0,0,,0
"POINT (10.920349463000036 48.367775838000057)",Unfall 175181 (2017) Kat:3, Licht: 0,175181,3,3,5,06,07,4,1,0,1,1,0,0,,0
"POINT (10.900696147000076 48.356978256000048)",Unfall 175183 (2017) Kat:3, Licht: 0,175183,3,5,3,06,16,4,1,0,1,1,0,0,,0
"POINT (10.905404311000041 48.299844230000076)",Unfall 175245 (2017) Kat:3, Licht: 0,175245,3,3,5,06,16,3,0,0,1,1,0,0,,0
"POINT (10.885630402000061 48.373527233000061)",Unfall 175246 (2017) Kat:3, Licht: 0,175246,3,6,2,06,15,3,1,0,0,1,0,0,,0
"POINT (10.891631750000045 48.369203449000054)",Unfall 175247 (2017) Kat:3, Licht: 0,175247,3,2,3,06,07,3,0,0,1,1,0,0,,0
"POINT (10.926053822000029 48.322240490000070)",Unfall 175292 (2017) Kat:3, Licht: 0,175292,3,1,0,06,16,2,1,0,1,0,0,0,,0
"POINT (10.898177602000032 48.369340479000073)",Unfall 175333 (2017) Kat:3, Licht: 0,175333,3,1,0,06,14,1,1,0,1,0,0,0,,0
"POINT (10.890669104000040 48.370761765000054)",Unfall 175334 (2017) Kat:3, Licht: 0,175334,3,2,3,06,19,1,0,0,0,1,0,0,,1
"POINT (10.851716938000038 48.379772564000064)",Unfall 175386 (2017) Kat:2, Licht: 2,175386,2,4,6,06,22,7,1,2,0,1,1,0,,0
"POINT (10.878870482000025 48.370446988000026)",Unfall 175442 (2017) Kat:2, Licht: 0,175442,2,1,0,06,19,1,0,0,1,0,0,0,,0
"POINT (10.883794730000034 48.361004675000061)",Unfall 175443 (2017) Kat:3, Licht: 0,175443,3,2,4,06,09,1,0,0,1,1,0,0,,0
"POINT (10.888948728000059 48.354063688000053)",Unfall 175444 (2017) Kat:3, Licht: 0,175444,3,7,1,06,10,1,0,0,1,1,0,0,,0
"POINT (10.933326940000029 48.373816677000036)",Unfall 175502 (2017) Kat:3, Licht: 0,175502,3,3,5,06,11,7,0,0,1,0,0,1,,0
"POINT (10.912002054000027 48.361243823000052)",Unfall 175503 (2017) Kat:3, Licht: 0,175503,3,3,5,06,20,7,0,0,1,1,0,0,,0
"POINT (10.879440704000046 48.351513318000059)",Unfall 175574 (2017) Kat:3, Licht: 0,175574,3,3,3,06,13,6,0,0,1,1,0,0,,0
"POINT (10.879954265000038 48.365373108000028)",Unfall 175575 (2017) Kat:3, Licht: 0,175575,3,3,3,06,18,6,1,0,1,0,0,0,,1
"POINT (10.903308099000071 48.312065907000033)",Unfall 175641 (2017) Kat:3, Licht: 0,175641,3,3,5,06,18,5,0,0,0,1,0,0,,0
"POINT (10.870199088000049 48.381301163000046)",Unfall 175646 (2017) Kat:3, Licht: 0,175646,3,2,3,06,15,5,0,0,0,1,0,0,,1
"POINT (10.882869210000024 48.348059962000036)",Unfall 175647 (2017) Kat:3, Licht: 0,175647,3,6,1,06,12,5,0,0,1,1,0,0,,0
"POINT (10.893181094000056 48.363999512000078)",Unfall 175648 (2017) Kat:3, Licht: 0,175648,3,5,1,06,16,5,0,0,1,1,0,0,,0
"POINT (10.897771854000041 48.359850205000043)",Unfall 175684 (2017) Kat:3, Licht: 0,175684,3,2,2,06,16,5,0,0,0,1,0,0,,0
"POINT (10.902855277000072 48.358655743000043)",Unfall 175685 (2017) Kat:3, Licht: 2,175685,3,1,0,06,02,5,0,2,1,0,0,0,,0
"POINT (10.879250987000034 48.379766556000050)",Unfall 175760 (2017) Kat:3, Licht: 0,175760,3,7,0,06,17,4,0,0,1,1,0,0,,0
"POINT (10.881696824000073 48.391817534000040)",Unfall 175833 (2017) Kat:3, Licht: 0,175833,3,6,1,06,12,3,0,0,0,1,0,0,,0
"POINT (10.873209914000029 48.381501241000080)",Unfall 175834 (2017) Kat:3, Licht: 0,175834,3,2,4,06,07,3,0,0,1,0,0,0,,1
"POINT (10.906642034000072 48.359479707000048)",Unfall 175835 (2017) Kat:3, Licht: 0,175835,3,3,5,06,20,3,0,0,1,1,0,0,,0
"POINT (10.885452586000042 48.373519193000050)",Unfall 175836 (2017) Kat:3, Licht: 0,175836,3,7,0,06,14,3,0,0,1,0,0,0,,0
"POINT (10.891542414000071 48.369275520000031)",Unfall 175905 (2017) Kat:3, Licht: 0,175905,3,4,6,06,16,2,0,0,1,0,1,0,,0
"POINT (10.892729954000060 48.366537241000060)",Unfall 175906 (2017) Kat:3, Licht: 0,175906,3,7,0,06,16,2,0,0,1,0,0,0,,0
"POINT (10.864005824000060 48.362152016000039)",Unfall 175935 (2017) Kat:3, Licht: 0,175935,3,3,5,06,08,2,0,0,0,1,0,1,,0
"POINT (10.931032050000056 48.395598309000036)",Unfall 175936 (2017) Kat:2, Licht: 0,175936,2,2,4,06,08,2,0,0,1,1,0,0,,0
"POINT (10.876913557000023 48.337696401000073)",Unfall 175937 (2017) Kat:3, Licht: 0,175937,3,4,6,06,13,2,0,0,0,1,1,0,,0
"POINT (10.899264183000071 48.338776481000082)",Unfall 175938 (2017) Kat:3, Licht: 0,175938,3,3,5,06,08,2,0,0,1,1,0,0,,0
"POINT (10.899051002000022 48.337674085000060)",Unfall 175939 (2017) Kat:3, Licht: 0,175939,3,6,1,06,17,2,0,0,0,1,0,0,,0
"POINT (10.915756135000038 48.390378662000046)",Unfall 175940 (2017) Kat:3, Licht: 0,175940,3,5,1,06,09,2,0,0,1,1,0,0,,0
"POINT (10.917170080000062 48.382761340000059)",Unfall 176019 (2017) Kat:3, Licht: 0,176019,3,7,0,06,18,1,0,0,0,0,0,1,,0
"POINT (10.923909608000031 48.377734983000039)",Unfall 176020 (2017) Kat:3, Licht: 0,176020,3,3,5,06,15,1,0,0,0,1,0,0,,0
"POINT (10.881367474000058 48.388678550000066)",Unfall 176071 (2017) Kat:2, Licht: 0,176071,2,2,6,06,11,7,0,0,0,1,1,0,,0
"POINT (10.899225439000077 48.377130393000073)",Unfall 176072 (2017) Kat:3, Licht: 0,176072,3,1,0,06,16,7,0,0,1,0,0,0,,0
"POINT (10.852685649000023 48.372620975000075)",Unfall 176143 (2017) Kat:3, Licht: 0,176143,3,4,6,06,19,6,0,0,0,1,1,0,,0
"POINT (10.859936893000054 48.377516950000029)",Unfall 176144 (2017) Kat:3, Licht: 0,176144,3,6,1,06,10,6,0,0,0,1,0,0,,1
"POINT (10.918952782000076 48.421061565000059)",Unfall 176145 (2017) Kat:3, Licht: 0,176145,3,6,2,06,14,6,0,0,0,1,0,0,,0
"POINT (10.911235454000064 48.372874238000065)",Unfall 176146 (2017) Kat:3, Licht: 0,176146,3,3,5,06,14,6,0,0,1,1,0,0,,0
"POINT (10.851710984000022 48.379772359000071)",Unfall 176200 (2017) Kat:3, Licht: 0,176200,3,7,0,06,19,5,0,0,1,1,0,0,,0
"POINT (10.915224987000045 48.391028654000081)",Unfall 176201 (2017) Kat:3, Licht: 0,176201,3,3,5,06,13,5,0,0,1,1,0,0,,0
"POINT (10.895008338000025 48.340775380000025)",Unfall 176202 (2017) Kat:3, Licht: 0,176202,3,6,4,06,16,5,0,0,1,0,0,0,,0