WKT,Name,OBJECTID,UKATEGORIE,UTYP1,UART,UMONAT,USTUNDE,UWOCHENTAG,STRZUSTAND,ULICHTVERH,ISTRAD,ISTPKW,ISTFUSS,ISTKRAD,ISTGKFZ,ISTSONSTIG
"POINT (10.913872166000033 48.371502866000071)",Unfall 176203 (2017) Kat:3, Licht: 0,176203,3,3,5,06,15,5,0,0,1,1,0,0,,0
"POINT (10.903888583000025 48.337397360000068)",Unfall 176204 (2017) Kat:3, Licht: 2,176204,3,3,5,06,22,5,0,2,1,1,0,0,,0
"POINT (10.898073467000074 48.332815799000059)",Unfall 176205 (2017) Kat:3, Licht: 0,176205,3,1,4,06,08,5,0,0,1,0,0,0,,0
"POINT (10.881955226000059 48.365160067000033)",Unfall 176206 (2017) Kat:2, Licht: 0,176206,2,1,0,06,06,5,0,0,1,0,0,0,,0
"POINT (10.881372242000054 48.388770676000036)",Unfall 176289 (2017) Kat:3, Licht: 0,176289,3,6,2,06,18,4,0,0,0,1,0,1,,0
"POINT (10.908641702000068 48.383871059000057)",Unfall 176290 (2017) Kat:3, Licht: 0,176290,3,2,4,06,17,4,0,0,0,1,0,1,,0
"POINT (10.886506379000025 48.378051951000032)",Unfall 176291 (2017) Kat:3, Licht: 0,176291,3,3,5,06,20,4,0,0,1,1,0,0,,0
"POINT (10.874941487000058 48.371044490000031)",Unfall 176373 (2017) Kat:2, Licht: 0,176373,2,3,5,06,16,3,0,0,0,1,0,1,,0
"POINT (10.861950928000056 48.360040015000038)",Unfall 176374 (2017) Kat:3, Licht: 0,176374,3,1,0,06,14,3,0,0,0,0,0,1,,0
"POINT (10.835820112000022 48.386383245000047)",Unfall 176375 (2017) Kat:2, Licht: 0,176375,2,6,5,06,18,3,0,0,1,0,0,0,,0
"POINT (10.881196844000044 48.365731008000068)",Unfall 176376 (2017) Kat:3, Licht: 0,176376,3,6,3,06,17,3,0,0,1,1,0,0,,0
"POINT (10.897267602000056 48.331884785000057)",Unfall 176377 (2017) Kat:3, Licht: 0,176377,3,7,0,06,11,3,0,0,1,0,0,0,,0
"POINT (10.885926455000060 48.345639134000066)",Unfall 176378 (2017) Kat:3, Licht: 0,176378,3,3,5,06,10,3,0,0,1,1,0,0,,0
"POINT (10.918330843000035 48.403204071000062)",Unfall 176485 (2017) Kat:3, Licht: 0,176485,3,3,5,06,19,1,0,0,1,0,0,0,,0
"POINT (10.936585404000027 48.352482144000078)",Unfall 176486 (2017) Kat:3, Licht: 0,176486,3,1,0,06,15,1,0,0,1,0,0,0,,0
"POINT (10.904727717000071 48.361225091000051)",Unfall 176487 (2017) Kat:3, Licht: 1,176487,3,1,8,06,21,1,0,1,0,1,0,0,,0
"POINT (10.869971778000036 48.372087893000071)",Unfall 176546 (2017) Kat:3, Licht: 2,176546,3,3,5,06,22,7,0,2,1,1,0,0,,0
"POINT (10.884964215000025 48.373301934000040)",Unfall 176547 (2017) Kat:3, Licht: 0,176547,3,3,5,06,19,7,0,0,0,1,0,1,,0
"POINT (10.875230115000022 48.364087576000031)",Unfall 176635 (2017) Kat:2, Licht: 2,176635,2,1,0,06,22,6,0,2,1,0,0,0,,0
"POINT (10.858140289000062 48.395930544000066)",Unfall 176636 (2017) Kat:3, Licht: 0,176636,3,3,5,06,19,6,0,0,0,1,0,0,,1
"POINT (10.885610182000050 48.355204537000077)",Unfall 176637 (2017) Kat:3, Licht: 0,176637,3,7,3,06,14,6,0,0,1,0,0,0,,0
"POINT (10.889765958000055 48.370407315000080)",Unfall 176638 (2017) Kat:3, Licht: 0,176638,3,6,2,06,09,6,0,0,0,1,0,0,,0
"POINT (10.946099726000057 48.359698811000044)",Unfall 176784 (2017) Kat:3, Licht: 0,176784,3,3,5,06,17,3,0,0,1,1,0,0,,0
"POINT (10.860047735000023 48.380344125000079)",Unfall 176786 (2017) Kat:3, Licht: 1,176786,3,3,5,06,05,3,1,1,1,0,0,0,,0
"POINT (10.870029549000037 48.373888930000078)",Unfall 176787 (2017) Kat:3, Licht: 0,176787,3,2,2,06,07,3,1,0,1,1,0,0,,0
"POINT (10.926801053000077 48.385180439000067)",Unfall 176788 (2017) Kat:3, Licht: 0,176788,3,7,0,06,20,3,1,0,0,0,0,1,,0
"POINT (10.899264689000063 48.334940812000070)",Unfall 176789 (2017) Kat:3, Licht: 0,176789,3,1,8,06,11,3,0,0,1,1,0,0,,0
"POINT (10.889535119000072 48.360491552000042)",Unfall 176790 (2017) Kat:3, Licht: 0,176790,3,6,4,06,17,3,0,0,1,0,0,0,,0
"POINT (10.883020291000037 48.354044562000070)",Unfall 176791 (2017) Kat:3, Licht: 0,176791,3,1,0,06,07,3,1,0,0,0,0,1,,0
"POINT (10.888016013000026 48.372754386000054)",Unfall 176792 (2017) Kat:3, Licht: 0,176792,3,3,0,06,19,3,1,0,1,1,0,0,,0
"POINT (10.900764669000068 48.370674036000025)",Unfall 176793 (2017) Kat:3, Licht: 0,176793,3,6,2,06,07,3,1,0,0,1,0,0,,0
"POINT (10.853353046000052 48.379842743000040)",Unfall 176878 (2017) Kat:3, Licht: 0,176878,3,7,6,06,07,2,0,0,1,0,1,0,,0
"POINT (10.915175137000062 48.391479805000074)",Unfall 176879 (2017) Kat:3, Licht: 0,176879,3,3,5,06,18,2,0,0,0,1,0,0,,0
"POINT (10.945556781000050 48.359567842000047)",Unfall 176880 (2017) Kat:3, Licht: 0,176880,3,7,0,06,12,2,0,0,1,0,0,0,,0
"POINT (10.892682369000056 48.353248344000065)",Unfall 176881 (2017) Kat:3, Licht: 0,176881,3,2,5,06,11,2,0,0,1,1,0,0,,0
"POINT (10.900451211000075 48.347766269000033)",Unfall 176882 (2017) Kat:2, Licht: 0,176882,2,7,6,06,16,2,0,0,1,0,1,0,,0
"POINT (10.908211298000026 48.367617603000042)",Unfall 176883 (2017) Kat:3, Licht: 0,176883,3,1,0,06,08,2,0,0,0,0,0,1,,0
"POINT (10.873037582000052 48.361167505000026)",Unfall 177037 (2017) Kat:3, Licht: 0,177037,3,3,5,06,18,6,0,0,1,0,0,0,,0
"POINT (10.881751045000044 48.393451670000047)",Unfall 177038 (2017) Kat:3, Licht: 0,177038,3,6,1,06,11,6,0,0,0,1,0,0,,0
"POINT (10.937082116000056 48.364604406000069)",Unfall 177039 (2017) Kat:3, Licht: 2,177039,3,1,0,06,21,6,1,2,1,0,0,0,,0
"POINT (10.897608914000045 48.360281080000050)",Unfall 177040 (2017) Kat:3, Licht: 0,177040,3,4,0,06,13,6,0,0,0,1,1,0,,0
"POINT (10.889395202000060 48.369865169000036)",Unfall 177041 (2017) Kat:3, Licht: 0,177041,3,2,4,06,13,6,0,0,0,1,0,0,,0
"POINT (10.856298032000041 48.393122355000060)",Unfall 177114 (2017) Kat:3, Licht: 0,177114,3,6,0,06,20,5,0,0,1,1,0,0,,0
"POINT (10.869525009000029 48.405559918000051)",Unfall 177115 (2017) Kat:3, Licht: 0,177115,3,2,4,06,16,5,0,0,0,1,0,0,,1
"POINT (10.895689444000027 48.336635653000030)",Unfall 177116 (2017) Kat:3, Licht: 0,177116,3,3,5,06,08,5,1,0,0,1,0,1,,0
"POINT (10.895488624000052 48.375556614000061)",Unfall 177117 (2017) Kat:2, Licht: 0,177117,2,7,6,06,13,5,0,0,0,1,1,0,,0
"POINT (10.866938498000025 48.355880838000076)",Unfall 177192 (2017) Kat:3, Licht: 0,177192,3,3,5,06,08,4,0,0,0,1,0,1,,0
"POINT (10.881791126000053 48.365891020000049)",Unfall 177193 (2017) Kat:3, Licht: 0,177193,3,2,4,06,08,4,0,0,0,1,0,1,,0
"POINT (10.866585854000050 48.329957315000058)",Unfall 177194 (2017) Kat:3, Licht: 0,177194,3,6,2,06,13,4,0,0,0,1,0,0,,0
"POINT (10.898923956000033 48.332817372000079)",Unfall 177195 (2017) Kat:3, Licht: 0,177195,3,4,6,06,17,4,0,0,0,1,1,0,,0
"POINT (10.884044183000071 48.373970865000047)",Unfall 177196 (2017) Kat:3, Licht: 0,177196,3,6,2,06,09,4,0,0,0,1,0,0,,0
"POINT (10.902715107000063 48.390899910000030)",Unfall 177292 (2017) Kat:3, Licht: 2,177292,3,7,0,07,23,3,0,2,1,0,0,0,,1
"POINT (10.896501249000039 48.370222480000052)",Unfall 177293 (2017) Kat:3, Licht: 0,177293,3,6,2,07,16,3,0,0,0,1,0,0,,0
"POINT (10.885475148000069 48.373665231000075)",Unfall 177365 (2017) Kat:3, Licht: 0,177365,3,4,6,07,11,2,0,0,0,1,1,0,,0
"POINT (10.856049707000068 48.380029502000070)",Unfall 177369 (2017) Kat:3, Licht: 0,177369,3,1,0,07,11,2,0,0,1,0,0,0,,0
"POINT (10.867890340000031 48.367635372000052)",Unfall 177370 (2017) Kat:3, Licht: 0,177370,3,3,5,07,09,2,0,0,1,1,0,0,,0
"POINT (10.902122361000067 48.311181297000076)",Unfall 177371 (2017) Kat:2, Licht: 0,177371,2,7,0,07,15,2,0,0,1,0,0,0,,1
"POINT (10.858631324000044 48.311645659000078)",Unfall 177372 (2017) Kat:3, Licht: 0,177372,3,1,0,07,18,2,0,0,1,0,0,0,,0
"POINT (10.892324906000056 48.367568721000055)",Unfall 177373 (2017) Kat:3, Licht: 0,177373,3,6,2,07,16,2,0,0,0,1,0,0,,0
"POINT (10.914692024000033 48.364660572000048)",Unfall 177423 (2017) Kat:3, Licht: 0,177423,3,1,0,07,15,1,1,0,1,0,0,0,,0
"POINT (10.886115903000075 48.378099475000056)",Unfall 177424 (2017) Kat:3, Licht: 0,177424,3,1,1,07,16,1,1,0,0,1,0,1,,0
"POINT (10.873882518000073 48.363759345000062)",Unfall 177475 (2017) Kat:3, Licht: 2,177475,3,1,0,07,23,7,0,2,1,0,0,0,,0
"POINT (10.891947075000076 48.362362664000045)",Unfall 177476 (2017) Kat:3, Licht: 2,177476,3,7,4,07,01,7,0,2,1,1,0,0,,0
"POINT (10.877805226000021 48.389175293000051)",Unfall 177490 (2017) Kat:2, Licht: 0,177490,2,6,6,07,09,6,0,0,1,0,1,0,,0
"POINT (10.903409424000074 48.384041485000068)",Unfall 177491 (2017) Kat:2, Licht: 0,177491,2,3,5,07,13,6,0,0,1,1,0,0,,0
"POINT (10.879400802000021 48.351468131000047)",Unfall 177495 (2017) Kat:3, Licht: 2,177495,3,2,5,07,22,6,1,2,1,1,0,0,,0
"POINT (10.889692664000052 48.360393066000029)",Unfall 177501 (2017) Kat:3, Licht: 0,177501,3,2,5,07,17,6,0,0,1,1,0,0,,0
"POINT (10.908042066000064 48.370338174000040)",Unfall 177502 (2017) Kat:3, Licht: 0,177502,3,2,0,07,14,6,0,0,1,0,0,0,,1
"POINT (10.857835163000061 48.385097223000059)",Unfall 177600 (2017) Kat:3, Licht: 0,177600,3,6,1,07,15,5,0,0,0,1,0,0,,0
"POINT (10.860082096000042 48.372944227000062)",Unfall 177601 (2017) Kat:2, Licht: 0,177601,2,3,5,07,16,5,0,0,1,1,0,0,,0
"POINT (10.883686822000072 48.361239346000048)",Unfall 177602 (2017) Kat:3, Licht: 0,177602,3,1,0,07,13,5,0,0,1,0,0,0,,0
"POINT (10.896761787000059 48.348697991000051)",Unfall 177603 (2017) Kat:3, Licht: 0,177603,3,7,0,07,14,5,0,0,0,0,0,0,,1
"POINT (10.885981320000042 48.345635579000032)",Unfall 177604 (2017) Kat:3, Licht: 0,177604,3,2,3,07,17,5,0,0,1,1,0,0,,0
"POINT (10.889663416000076 48.360211568000068)",Unfall 177605 (2017) Kat:3, Licht: 0,177605,3,6,4,07,14,5,0,0,1,0,0,0,,0
"POINT (10.889142744000026 48.380399095000030)",Unfall 177606 (2017) Kat:3, Licht: 0,177606,3,5,0,07,15,5,0,0,1,1,0,0,,0
"POINT (10.885690583000041 48.378159479000033)",Unfall 177607 (2017) Kat:3, Licht: 0,177607,3,5,1,07,18,5,0,0,1,1,0,0,,0
"POINT (10.893875271000070 48.363670051000042)",Unfall 177608 (2017) Kat:3, Licht: 0,177608,3,7,0,07,10,5,0,0,1,0,0,0,,0
"POINT (10.868399355000065 48.372035745000062)",Unfall 177716 (2017) Kat:3, Licht: 0,177716,3,1,0,07,19,4,0,0,1,0,0,0,,0
"POINT (10.936733770000046 48.409218756000030)",Unfall 177717 (2017) Kat:2, Licht: 0,177717,2,1,8,07,10,4,0,0,0,0,0,1,,0
"POINT (10.897833957000046 48.304592721000063)",Unfall 177718 (2017) Kat:3, Licht: 0,177718,3,3,5,07,07,4,0,0,0,1,0,0,,0
"POINT (10.878161043000034 48.369918061000078)",Unfall 177788 (2017) Kat:3, Licht: 0,177788,3,1,0,07,08,2,1,0,0,0,0,1,,0
"POINT (10.924360815000057 48.355953395000029)",Unfall 177789 (2017) Kat:3, Licht: 0,177789,3,7,6,07,12,2,0,0,1,0,1,0,,0
"POINT (10.900009042000022 48.359547075000080)",Unfall 177790 (2017) Kat:3, Licht: 0,177790,3,3,5,07,10,2,0,0,1,1,0,0,,0
"POINT (10.877948583000034 48.389502505000053)",Unfall 177867 (2017) Kat:3, Licht: 0,177867,3,5,1,07,13,1,0,0,1,1,0,0,,0
"POINT (10.862763178000023 48.386464469000032)",Unfall 177925 (2017) Kat:3, Licht: 0,177925,3,1,0,07,15,7,1,0,1,0,0,0,,0
"POINT (10.904527822000034 48.307085950000044)",Unfall 178068 (2017) Kat:3, Licht: 0,178068,3,1,0,07,18,5,0,0,1,1,0,0,,0
"POINT (10.910465896000062 48.361194940000075)",Unfall 178069 (2017) Kat:3, Licht: 0,178069,3,2,5,07,13,5,0,0,1,0,0,0,,1
"POINT (10.891871996000077 48.313813004000053)",Unfall 178070 (2017) Kat:3, Licht: 0,178070,3,1,0,07,09,5,0,0,1,0,0,0,,0
"POINT (10.891247121000049 48.360661299000071)",Unfall 178071 (2017) Kat:3, Licht: 0,178071,3,6,6,07,07,5,0,0,0,1,1,0,,0
"POINT (10.892826446000072 48.363515060000054)",Unfall 178072 (2017) Kat:3, Licht: 0,178072,3,5,3,07,13,5,0,0,1,1,0,0,,0
"POINT (10.852432812000075 48.385603664000030)",Unfall 178163 (2017) Kat:3, Licht: 2,178163,3,1,7,07,23,4,0,2,0,1,0,0,,0
"POINT (10.870311100000038 48.381058964000033)",Unfall 178164 (2017) Kat:2, Licht: 0,178164,2,6,3,07,11,4,0,0,1,0,0,0,,1
"POINT (10.922256529000038 48.375773887000037)",Unfall 178165 (2017) Kat:3, Licht: 0,178165,3,3,5,07,20,4,1,0,0,1,0,0,,0
"POINT (10.898235005000060 48.367771478000066)",Unfall 178166 (2017) Kat:3, Licht: 0,178166,3,1,0,07,16,4,1,0,1,0,0,0,,0
"POINT (10.901041368000051 48.370479818000035)",Unfall 178167 (2017) Kat:3, Licht: 0,178167,3,6,3,07,18,4,0,0,0,1,0,1,,0
"POINT (10.898622930000045 48.370608447000052)",Unfall 178168 (2017) Kat:3, Licht: 0,178168,3,4,6,07,10,4,0,0,1,0,1,0,,0
"POINT (10.872815932000037 48.382919205000064)",Unfall 178255 (2017) Kat:3, Licht: 0,178255,3,3,5,07,12,3,0,0,1,1,0,0,,0
"POINT (10.856250878000026 48.385243399000046)",Unfall 178256 (2017) Kat:3, Licht: 2,178256,3,1,0,07,21,3,1,2,1,0,0,0,,0
"POINT (10.875545852000073 48.364170442000045)",Unfall 178258 (2017) Kat:3, Licht: 0,178258,3,6,2,07,17,3,0,0,1,1,0,0,,0
"POINT (10.867239359000052 48.362357700000075)",Unfall 178259 (2017) Kat:3, Licht: 2,178259,3,3,5,07,21,3,0,2,0,1,0,0,,0
"POINT (10.863828037000076 48.361885057000052)",Unfall 178260 (2017) Kat:3, Licht: 0,178260,3,6,1,07,12,3,0,0,1,1,0,0,,0
"POINT (10.881774503000031 48.396804482000050)",Unfall 178261 (2017) Kat:3, Licht: 0,178261,3,3,5,07,13,3,0,0,1,0,0,1,,0
"POINT (10.881584919000034 48.391450841000051)",Unfall 178262 (2017) Kat:3, Licht: 0,178262,3,6,2,07,20,3,0,0,0,1,0,0,,0
"POINT (10.885291127000073 48.354803123000067)",Unfall 178263 (2017) Kat:3, Licht: 0,178263,3,2,5,07,14,3,0,0,1,1,0,0,,0
"POINT (10.853461893000031 48.379666281000027)",Unfall 178310 (2017) Kat:3, Licht: 0,178310,3,7,1,07,15,2,0,0,0,1,0,0,,0
"POINT (10.862607892000028 48.384769470000037)",Unfall 178311 (2017) Kat:3, Licht: 0,178311,3,3,5,07,09,2,0,0,1,1,0,0,,0
"POINT (10.874176913000042 48.381480375000081)",Unfall 178312 (2017) Kat:3, Licht: 0,178312,3,1,0,07,17,2,0,0,1,0,0,0,,0
"POINT (10.944473908000077 48.354681102000029)",Unfall 178313 (2017) Kat:3, Licht: 0,178313,3,3,5,07,10,2,0,0,1,1,0,0,,0
"POINT (10.873077164000051 48.352980066000043)",Unfall 178314 (2017) Kat:3, Licht: 0,178314,3,3,5,07,15,2,0,0,1,1,0,0,,0
"POINT (10.896304002000022 48.361764726000047)",Unfall 178315 (2017) Kat:3, Licht: 0,178315,3,6,6,07,12,2,0,0,1,1,1,0,,0
"POINT (10.851402514000029 48.385685474000070)",Unfall 178396 (2017) Kat:3, Licht: 0,178396,3,2,5,07,09,1,0,0,1,1,0,0,,0
"POINT (10.904961123000021 48.388573782000037)",Unfall 178397 (2017) Kat:2, Licht: 0,178397,2,1,0,07,20,1,0,0,1,0,0,0,,0
"POINT (10.899433147000025 48.352558673000033)",Unfall 178398 (2017) Kat:3, Licht: 1,178398,3,7,0,07,20,1,0,1,1,0,0,0,,0
"POINT (10.878623208000022 48.403299006000054)",Unfall 178463 (2017) Kat:3, Licht: 2,178463,3,3,5,07,01,7,0,2,0,1,0,0,,0
"POINT (10.914069891000054 48.376984041000071)",Unfall 178464 (2017) Kat:3, Licht: 2,178464,3,7,0,07,01,7,0,2,1,0,0,0,,0
"POINT (10.910330362000025 48.403467269000032)",Unfall 178465 (2017) Kat:3, Licht: 0,178465,3,3,5,07,16,7,0,0,1,0,0,0,,0
"POINT (10.908072035000032 48.381157010000038)",Unfall 178466 (2017) Kat:3, Licht: 0,178466,3,3,0,07,12,7,0,0,0,1,0,0,,1
"POINT (10.878442884000037 48.369888364000076)",Unfall 178521 (2017) Kat:3, Licht: 0,178521,3,3,5,07,16,6,0,0,0,1,0,0,,0
"POINT (10.877891999000042 48.349806009000076)",Unfall 178522 (2017) Kat:3, Licht: 0,178522,3,2,3,07,16,6,0,0,1,1,0,0,,0
"POINT (10.912350929000070 48.374448156000028)",Unfall 178523 (2017) Kat:3, Licht: 0,178523,3,3,5,07,13,6,0,0,1,1,0,0,,0
"POINT (10.902102285000069 48.359555023000041)",Unfall 178524 (2017) Kat:3, Licht: 0,178524,3,6,2,07,17,6,1,0,0,1,0,0,,0
"POINT (10.878311755000027 48.370127459000059)",Unfall 178550 (2017) Kat:3, Licht: 0,178550,3,6,2,07,12,5,0,0,0,1,0,0,,0
"POINT (10.881592610000041 48.365840604000027)",Unfall 178551 (2017) Kat:3, Licht: 0,178551,3,2,3,07,17,5,0,0,0,1,0,0,,1
"POINT (10.900468672000045 48.298141891000057)",Unfall 178552 (2017) Kat:3, Licht: 0,178552,3,2,5,07,07,5,0,0,0,1,0,1,,0
"POINT (10.872516639000025 48.348816369000076)",Unfall 178553 (2017) Kat:3, Licht: 0,178553,3,1,0,07,08,5,0,0,1,0,0,0,,0
"POINT (10.882532241000035 48.378352561000042)",Unfall 178554 (2017) Kat:3, Licht: 0,178554,3,2,2,07,17,5,0,0,0,1,0,0,,0
"POINT (10.880267272000026 48.379492342000049)",Unfall 178650 (2017) Kat:3, Licht: 0,178650,3,3,5,07,11,4,0,0,1,1,0,0,,0
"POINT (10.948213622000026 48.363915606000035)",Unfall 178651 (2017) Kat:3, Licht: 0,178651,3,1,9,07,17,4,0,0,0,1,0,0,,0
"POINT (10.915289851000068 48.394865602000039)",Unfall 178652 (2017) Kat:3, Licht: 0,178652,3,3,5,07,16,4,0,0,1,1,0,0,,0
"POINT (10.884553992000065 48.354619945000081)",Unfall 178653 (2017) Kat:3, Licht: 0,178653,3,6,4,07,16,4,0,0,1,0,0,0,,0
"POINT (10.901608827000075 48.300518032000070)",Unfall 178654 (2017) Kat:3, Licht: 0,178654,3,7,0,07,17,4,0,0,1,0,0,0,,0
"POINT (10.903251266000041 48.346266007000054)",Unfall 178655 (2017) Kat:3, Licht: 0,178655,3,5,1,07,14,4,0,0,1,1,0,0,,0
"POINT (10.901918792000060 48.370647673000065)",Unfall 178656 (2017) Kat:3, Licht: 0,178656,3,7,3,07,14,4,0,0,0,1,0,0,,1
"POINT (10.887882880000063 48.368995979000033)",Unfall 178657 (2017) Kat:3, Licht: 0,178657,3,5,0,07,15,4,0,0,0,1,0,1,,0
"POINT (10.847507569000072 48.379429779000077)",Unfall 178748 (2017) Kat:3, Licht: 0,178748,3,2,4,07,17,3,0,0,0,1,0,1,,0
"POINT (10.878438272000039 48.370134780000058)",Unfall 178854 (2017) Kat:3, Licht: 2,178854,3,6,2,07,03,1,1,2,0,1,0,0,,0
"POINT (10.878616437000062 48.403465223000069)",Unfall 178855 (2017) Kat:3, Licht: 0,178855,3,3,5,07,10,1,0,0,0,1,0,0,,0
"POINT (10.921717295000064 48.387417251000045)",Unfall 178856 (2017) Kat:1, Licht: 0,178856,1,7,0,07,11,1,0,0,1,0,0,0,,0
"POINT (10.892173326000034 48.373565032000045)",Unfall 178912 (2017) Kat:3, Licht: 0,178912,3,1,7,07,13,7,0,0,1,0,0,0,,0
"POINT (10.897508711000057 48.371974608000073)",Unfall 178913 (2017) Kat:3, Licht: 0,178913,3,1,0,07,13,7,0,0,1,0,0,0,,0
"POINT (10.862079011000048 48.404577629000073)",Unfall 179002 (2017) Kat:3, Licht: 0,179002,3,2,3,07,17,6,0,0,0,1,0,1,,0
"POINT (10.847617955000032 48.385247272000072)",Unfall 179006 (2017) Kat:3, Licht: 0,179006,3,3,5,07,18,6,0,0,0,1,0,0,,0
"POINT (10.913776596000048 48.376812148000056)",Unfall 179007 (2017) Kat:2, Licht: 0,179007,2,6,0,07,15,6,0,0,0,1,0,1,,0
"POINT (10.886096246000022 48.337806978000060)",Unfall 179084 (2017) Kat:3, Licht: 0,179084,3,1,1,07,10,5,0,0,1,0,0,0,,0
"POINT (10.919720482000059 48.367990395000049)",Unfall 179085 (2017) Kat:3, Licht: 0,179085,3,1,0,07,11,5,1,0,0,0,0,1,,0
"POINT (10.886469337000051 48.371436639000081)",Unfall 179086 (2017) Kat:3, Licht: 2,179086,3,1,0,07,21,5,1,2,1,1,0,0,,0
"POINT (10.897331019000035 48.373041002000036)",Unfall 179087 (2017) Kat:3, Licht: 0,179087,3,3,0,07,11,5,1,0,1,1,0,0,,0
"POINT (10.861763440000061 48.390777306000075)",Unfall 179132 (2017) Kat:3, Licht: 0,179132,3,2,5,07,07,4,1,0,0,1,0,0,,1
"POINT (10.909945220000054 48.361106807000056)",Unfall 179133 (2017) Kat:3, Licht: 0,179133,3,1,6,07,16,4,0,0,0,1,1,0,,0
"POINT (10.887924701000031 48.371871885000076)",Unfall 179134 (2017) Kat:3, Licht: 0,179134,3,1,0,07,15,4,1,0,0,0,0,1,,0
"POINT (10.909319689000029 48.354939502000036)",Unfall 179265 (2017) Kat:3, Licht: 0,179265,3,3,5,07,13,2,1,0,1,1,0,0,,0
"POINT (10.907964841000023 48.306389604000060)",Unfall 179266 (2017) Kat:3, Licht: 0,179266,3,7,0,07,11,2,1,0,1,0,0,0,,0
"POINT (10.875811846000033 48.345818762000079)",Unfall 179349 (2017) Kat:3, Licht: 1,179349,3,3,5,07,20,1,0,1,1,1,0,0,,0
"POINT (10.858422748000066 48.385043327000062)",Unfall 179403 (2017) Kat:3, Licht: 2,179403,3,7,8,07,01,7,0,2,1,0,0,0,,0
"POINT (10.862287418000051 48.338976306000063)",Unfall 179404 (2017) Kat:2, Licht: 0,179404,2,7,0,07,17,7,0,0,1,0,0,0,,1
"POINT (10.876495345000023 48.337694940000063)",Unfall 179405 (2017) Kat:3, Licht: 0,179405,3,7,0,07,09,7,0,0,1,0,0,0,,0
"POINT (10.890999788000045 48.360876905000055)",Unfall 179406 (2017) Kat:3, Licht: 0,179406,3,7,0,07,20,7,0,0,1,0,0,0,,0
"POINT (10.871399683000050 48.369546066000055)",Unfall 179491 (2017) Kat:3, Licht: 0,179491,3,4,6,07,10,6,0,0,0,1,1,0,,0
"POINT (10.877992609000046 48.364835377000077)",Unfall 179492 (2017) Kat:3, Licht: 0,179492,3,7,0,07,17,6,0,0,1,0,0,0,,0
"POINT (10.908827081000027 48.383370105000040)",Unfall 179493 (2017) Kat:3, Licht: 0,179493,3,3,5,07,12,6,0,0,0,1,0,0,,1
"POINT (10.919557628000064 48.381115972000032)",Unfall 179494 (2017) Kat:3, Licht: 2,179494,3,1,0,07,21,6,0,2,1,0,0,0,,0
"POINT (10.885330583000041 48.378208282000060)",Unfall 179495 (2017) Kat:3, Licht: 0,179495,3,6,2,07,16,6,0,0,0,1,0,0,,0
"POINT (10.883470217000024 48.378493971000069)",Unfall 179496 (2017) Kat:3, Licht: 0,179496,3,3,5,07,20,6,0,0,1,1,0,0,,0
"POINT (10.897119825000061 48.357497003000049)",Unfall 179497 (2017) Kat:3, Licht: 0,179497,3,6,4,07,17,6,0,0,1,0,0,0,,1
"POINT (10.912357141000030 48.374464126000078)",Unfall 179498 (2017) Kat:3, Licht: 0,179498,3,3,0,07,16,6,0,0,1,1,0,0,,0
"POINT (10.878861913000037 48.377189617000056)",Unfall 179574 (2017) Kat:3, Licht: 0,179574,3,1,0,07,08,5,0,0,1,0,0,0,,0
"POINT (10.886125412000069 48.390770823000025)",Unfall 179575 (2017) Kat:3, Licht: 0,179575,3,7,2,07,16,5,0,0,1,0,0,0,,1
"POINT (10.930163888000038 48.373159838000049)",Unfall 179576 (2017) Kat:3, Licht: 0,179576,3,6,2,07,17,5,0,0,0,1,0,0,,0
"POINT (10.861878920000038 48.390758190000042)",Unfall 179627 (2017) Kat:3, Licht: 0,179627,3,2,4,08,17,4,0,0,0,1,0,0,,0
"POINT (10.923088178000057 48.396684415000038)",Unfall 179628 (2017) Kat:3, Licht: 0,179628,3,3,5,08,19,4,0,0,1,1,0,0,,0
"POINT (10.899048772000071 48.337663029000055)",Unfall 179629 (2017) Kat:3, Licht: 0,179629,3,1,8,08,16,4,0,0,0,0,0,1,,0
"POINT (10.876044023000077 48.369270305000043)",Unfall 179706 (2017) Kat:3, Licht: 0,179706,3,1,0,08,09,3,0,0,1,0,0,0,,0
"POINT (10.859905812000022 48.391092475000050)",Unfall 179707 (2017) Kat:3, Licht: 0,179707,3,2,3,08,15,3,0,0,0,1,0,1,,0
"POINT (10.866802820000032 48.392911392000030)",Unfall 179708 (2017) Kat:3, Licht: 2,179708,3,7,5,08,22,3,0,2,0,1,0,0,,0
"POINT (10.909314697000070 48.339577586000075)",Unfall 179709 (2017) Kat:3, Licht: 0,179709,3,7,0,08,14,3,0,0,1,0,0,0,,0
"POINT (10.877886447000037 48.349807859000066)",Unfall 179710 (2017) Kat:3, Licht: 0,179710,3,3,5,08,17,3,0,0,0,1,0,0,,0
"POINT (10.889155714000026 48.357146368000031)",Unfall 179711 (2017) Kat:3, Licht: 0,179711,3,1,0,08,20,3,0,0,1,0,0,0,,0
"POINT (10.851451515000065 48.372063079000043)",Unfall 179792 (2017) Kat:3, Licht: 0,179792,3,6,1,07,14,2,0,0,0,1,0,0,,0