WKT,Name,OBJECTID,UKATEGORIE,UTYP1,UART,UMONAT,USTUNDE,UWOCHENTAG,STRZUSTAND,ULICHTVERH,ISTRAD,ISTPKW,ISTFUSS,ISTKRAD,ISTGKFZ,ISTSONSTIG
"POINT (10.847751993000031 48.385919373000036)",Unfall 179793 (2017) Kat:3, Licht: 0,179793,3,3,5,07,07,2,0,0,1,1,0,0,,0
"POINT (10.906245711000054 48.376209502000052)",Unfall 179794 (2017) Kat:3, Licht: 2,179794,3,7,0,07,21,2,0,2,1,0,0,0,,0
"POINT (10.924391623000076 48.384355593000066)",Unfall 179856 (2017) Kat:2, Licht: 0,179856,2,3,5,08,19,1,0,0,0,1,0,0,,0
"POINT (10.872767467000074 48.384302567000077)",Unfall 179902 (2017) Kat:3, Licht: 0,179902,3,3,5,08,15,7,0,0,0,1,0,0,,0
"POINT (10.882918896000035 48.377537440000026)",Unfall 179903 (2017) Kat:3, Licht: 0,179903,3,3,5,08,14,7,0,0,1,1,0,0,,0
"POINT (10.882418502000064 48.378223720000051)",Unfall 179904 (2017) Kat:3, Licht: 0,179904,3,3,5,08,11,7,0,0,1,1,0,0,,0
"POINT (10.886308601000053 48.367199737000078)",Unfall 179905 (2017) Kat:3, Licht: 0,179905,3,7,0,08,11,7,0,0,1,0,0,0,,0
"POINT (10.904194414000074 48.320194562000040)",Unfall 179973 (2017) Kat:3, Licht: 0,179973,3,3,5,08,07,6,1,0,1,1,0,0,,0
"POINT (10.894932236000045 48.364384406000056)",Unfall 179974 (2017) Kat:3, Licht: 0,179974,3,1,0,08,16,6,0,0,1,0,0,0,,0
"POINT (10.883539000000042 48.378425288000074)",Unfall 179975 (2017) Kat:3, Licht: 0,179975,3,4,6,08,13,6,0,0,0,0,1,1,,0
"POINT (10.882421319000059 48.385727728000063)",Unfall 180055 (2017) Kat:3, Licht: 0,180055,3,2,4,08,16,5,0,0,0,1,0,0,,0
"POINT (10.896384890000036 48.361616569000034)",Unfall 180056 (2017) Kat:3, Licht: 0,180056,3,3,5,08,09,5,0,0,0,1,0,0,,0
"POINT (10.891385540000044 48.369383984000081)",Unfall 180057 (2017) Kat:3, Licht: 0,180057,3,6,2,08,08,5,0,0,0,1,0,0,,0
"POINT (10.868263671000022 48.364202354000042)",Unfall 180125 (2017) Kat:3, Licht: 0,180125,3,3,5,08,11,5,0,0,0,1,0,1,,0
"POINT (10.850199554000028 48.401178940000079)",Unfall 180126 (2017) Kat:3, Licht: 0,180126,3,7,0,08,08,5,0,0,1,0,0,0,,0
"POINT (10.898537141000077 48.394936616000052)",Unfall 180127 (2017) Kat:3, Licht: 0,180127,3,5,0,08,12,5,0,0,1,1,0,0,,0
"POINT (10.894541535000030 48.366547690000061)",Unfall 180128 (2017) Kat:3, Licht: 0,180128,3,1,0,08,16,5,1,0,1,0,0,0,,0
"POINT (10.909423118000063 48.406637809000074)",Unfall 180171 (2017) Kat:3, Licht: 0,180171,3,1,8,08,19,4,0,0,0,0,0,1,,0
"POINT (10.852607685000066 48.313607450000063)",Unfall 180172 (2017) Kat:3, Licht: 0,180172,3,6,4,08,10,4,0,0,0,0,0,0,,1
"POINT (10.885690302000057 48.353979632000062)",Unfall 180173 (2017) Kat:3, Licht: 0,180173,3,2,5,08,12,4,0,0,1,1,0,0,,0
"POINT (10.874743562000049 48.365278867000029)",Unfall 180321 (2017) Kat:3, Licht: 0,180321,3,3,5,08,16,2,0,0,1,0,0,0,,0
"POINT (10.880655020000063 48.385217730000079)",Unfall 180322 (2017) Kat:3, Licht: 0,180322,3,3,5,08,12,2,0,0,1,1,0,0,,0
"POINT (10.883465167000054 48.378470356000037)",Unfall 180366 (2017) Kat:2, Licht: 0,180366,2,2,4,08,14,4,0,0,0,1,0,0,,1
"POINT (10.870028145000049 48.362494936000076)",Unfall 180407 (2017) Kat:3, Licht: 0,180407,3,3,5,08,20,3,0,0,1,1,0,0,,0
"POINT (10.877915432000066 48.368460203000041)",Unfall 180408 (2017) Kat:3, Licht: 0,180408,3,7,0,08,10,3,0,0,1,0,0,0,,1
"POINT (10.880888861000074 48.374847166000052)",Unfall 180409 (2017) Kat:2, Licht: 0,180409,2,7,6,08,16,3,0,0,1,0,1,0,,0
"POINT (10.883243426000035 48.375928109000029)",Unfall 180410 (2017) Kat:3, Licht: 0,180410,3,6,3,08,14,3,0,0,1,1,0,0,,0
"POINT (10.909892127000035 48.370970998000075)",Unfall 180411 (2017) Kat:3, Licht: 0,180411,3,2,4,08,15,3,0,0,0,1,0,1,,0
"POINT (10.898317327000029 48.367331429000046)",Unfall 180470 (2017) Kat:3, Licht: 0,180470,3,1,0,08,14,2,0,0,1,0,0,0,,0
"POINT (10.944735796000032 48.352510763000055)",Unfall 180570 (2017) Kat:3, Licht: 0,180570,3,5,0,08,11,7,0,0,1,1,0,0,,0
"POINT (10.900751193000076 48.370673639000074)",Unfall 180571 (2017) Kat:3, Licht: 0,180571,3,6,2,08,18,7,0,0,0,1,0,0,,0
"POINT (10.863878217000035 48.365002561000040)",Unfall 180712 (2017) Kat:3, Licht: 0,180712,3,6,1,08,13,7,0,0,1,1,0,0,,0
"POINT (10.878573152000058 48.380033709000031)",Unfall 180713 (2017) Kat:3, Licht: 0,180713,3,2,5,08,13,7,0,0,1,0,0,0,,1
"POINT (10.927024286000062 48.386740964000069)",Unfall 180714 (2017) Kat:3, Licht: 0,180714,3,4,6,08,18,7,0,0,0,1,1,0,,0
"POINT (10.928674963000049 48.361896973000057)",Unfall 180715 (2017) Kat:2, Licht: 0,180715,2,4,6,08,19,7,0,0,0,1,1,0,,0
"POINT (10.916078859000038 48.387697371000058)",Unfall 180762 (2017) Kat:3, Licht: 0,180762,3,2,4,08,12,6,0,0,0,1,0,0,,0
"POINT (10.897213173000068 48.379275973000063)",Unfall 180763 (2017) Kat:3, Licht: 0,180763,3,7,0,08,07,6,0,0,1,1,0,0,,0
"POINT (10.923781540000050 48.385015109000051)",Unfall 180839 (2017) Kat:2, Licht: 1,180839,2,3,5,08,20,5,0,1,1,1,0,0,,0
"POINT (10.858364557000073 48.397127216000058)",Unfall 180923 (2017) Kat:3, Licht: 0,180923,3,3,3,08,11,6,0,0,1,1,0,0,,0
"POINT (10.881236061000038 48.399306216000070)",Unfall 180924 (2017) Kat:3, Licht: 0,180924,3,3,5,08,18,6,0,0,1,1,0,0,,0
"POINT (10.919039511000051 48.381798196000034)",Unfall 180925 (2017) Kat:3, Licht: 0,180925,3,3,0,08,14,6,0,0,1,1,0,0,,0
"POINT (10.916476771000077 48.366755683000065)",Unfall 180926 (2017) Kat:3, Licht: 0,180926,3,7,0,08,14,6,1,0,0,0,0,1,,1
"POINT (10.881666739000025 48.365983789000040)",Unfall 181000 (2017) Kat:3, Licht: 0,181000,3,3,5,08,10,5,0,0,1,0,0,0,,0
"POINT (10.938192918000027 48.354050129000029)",Unfall 181001 (2017) Kat:3, Licht: 0,181001,3,6,4,08,19,5,0,0,1,0,0,0,,0
"POINT (10.928745215000049 48.354247564000048)",Unfall 181002 (2017) Kat:3, Licht: 0,181002,3,7,1,08,17,5,0,0,1,1,0,0,,0
"POINT (10.885834244000023 48.345687515000066)",Unfall 181003 (2017) Kat:3, Licht: 0,181003,3,3,5,08,13,5,0,0,0,1,0,0,,0
"POINT (10.869985388000032 48.344873740000025)",Unfall 181004 (2017) Kat:3, Licht: 0,181004,3,3,5,08,12,5,0,0,1,1,0,0,,0
"POINT (10.902557267000077 48.371865035000042)",Unfall 181005 (2017) Kat:1, Licht: 0,181005,1,7,6,08,18,5,0,0,0,0,1,0,,1
"POINT (10.878053621000049 48.364851527000042)",Unfall 181062 (2017) Kat:3, Licht: 0,181062,3,1,0,08,18,4,0,0,1,0,0,0,,0
"POINT (10.878427884000075 48.380044699000052)",Unfall 181063 (2017) Kat:3, Licht: 0,181063,3,7,5,08,17,4,0,0,0,1,0,0,,0
"POINT (10.880992136000032 48.380425501000047)",Unfall 181064 (2017) Kat:3, Licht: 0,181064,3,7,0,08,13,4,0,0,1,0,0,0,,0
"POINT (10.912275473000022 48.400716325000076)",Unfall 181065 (2017) Kat:3, Licht: 1,181065,3,2,1,08,19,4,0,1,1,1,0,0,,0
"POINT (10.879008578000025 48.379848163000077)",Unfall 181124 (2017) Kat:3, Licht: 0,181124,3,1,0,08,19,3,0,0,1,0,0,0,,0
"POINT (10.925490910000065 48.366353344000061)",Unfall 181125 (2017) Kat:3, Licht: 0,181125,3,6,4,08,17,3,0,0,1,0,0,0,,0
"POINT (10.880204188000050 48.352361969000071)",Unfall 181126 (2017) Kat:3, Licht: 0,181126,3,1,1,08,12,3,0,0,0,1,0,0,,0
"POINT (10.945240702000035 48.344496823000043)",Unfall 181239 (2017) Kat:3, Licht: 0,181239,3,2,4,08,08,3,0,0,1,1,0,0,,0
"POINT (10.890452843000048 48.356642148000049)",Unfall 181240 (2017) Kat:3, Licht: 0,181240,3,7,0,08,07,3,0,0,1,0,0,0,,0
"POINT (10.900660503000040 48.378469569000060)",Unfall 181241 (2017) Kat:2, Licht: 0,181241,2,7,8,08,19,3,0,0,0,0,0,1,,0
"POINT (10.877525407000064 48.361980479000067)",Unfall 181298 (2017) Kat:3, Licht: 0,181298,3,6,1,08,13,2,0,0,0,1,1,0,,0
"POINT (10.936585302000026 48.352481301000068)",Unfall 181299 (2017) Kat:3, Licht: 0,181299,3,7,0,08,15,2,0,0,1,0,0,0,,0
"POINT (10.888781666000057 48.371968382000034)",Unfall 181300 (2017) Kat:3, Licht: 1,181300,3,7,0,08,05,2,0,1,1,0,0,0,,0
"POINT (10.901918597000076 48.368944569000064)",Unfall 181301 (2017) Kat:3, Licht: 0,181301,3,3,0,08,19,2,0,0,1,1,0,0,,0
"POINT (10.875339794000070 48.370335927000042)",Unfall 181342 (2017) Kat:3, Licht: 0,181342,3,6,4,08,11,1,1,0,1,0,0,0,,0
"POINT (10.904127187000029 48.382751802000030)",Unfall 181390 (2017) Kat:2, Licht: 2,181390,2,1,7,08,00,7,0,2,1,0,0,0,,0
"POINT (10.878418502000045 48.343256683000050)",Unfall 181391 (2017) Kat:3, Licht: 0,181391,3,3,5,08,13,7,0,0,1,1,0,0,,0
"POINT (10.916711749000058 48.360262024000065)",Unfall 181392 (2017) Kat:3, Licht: 0,181392,3,1,0,08,16,7,0,0,0,0,0,1,,0
"POINT (10.887018930000067 48.366819503000045)",Unfall 181393 (2017) Kat:3, Licht: 0,181393,3,6,2,08,12,7,0,0,0,1,0,0,,0
"POINT (10.887337868000031 48.366054744000053)",Unfall 181428 (2017) Kat:3, Licht: 2,181428,3,7,0,09,22,1,0,2,0,1,0,0,,0
"POINT (10.874448841000060 48.381606720000036)",Unfall 181464 (2017) Kat:3, Licht: 0,181464,3,1,0,09,15,7,1,0,1,0,0,0,,0
"POINT (10.905162749000056 48.308002730000055)",Unfall 181465 (2017) Kat:3, Licht: 2,181465,3,2,4,09,20,7,1,2,0,1,0,0,,0
"POINT (10.900024265000070 48.346063752000077)",Unfall 181466 (2017) Kat:3, Licht: 2,181466,3,3,5,09,03,7,1,2,1,1,0,0,,0
"POINT (10.883712304000028 48.366708378000055)",Unfall 181467 (2017) Kat:3, Licht: 0,181467,3,1,0,09,14,7,0,0,1,0,0,0,,0
"POINT (10.872649606000039 48.349007507000067)",Unfall 181500 (2017) Kat:3, Licht: 0,181500,3,1,0,09,13,6,1,0,1,0,0,0,,0
"POINT (10.900436547000027 48.298126584000045)",Unfall 181501 (2017) Kat:3, Licht: 1,181501,3,6,1,09,18,6,1,1,0,1,0,0,,0
"POINT (10.877809811000077 48.364786912000056)",Unfall 181502 (2017) Kat:3, Licht: 0,181502,3,7,0,09,16,6,1,0,1,0,0,0,,0
"POINT (10.885688569000024 48.378159770000082)",Unfall 181503 (2017) Kat:3, Licht: 0,181503,3,1,1,09,13,6,1,0,0,1,0,1,,0
"POINT (10.878088788000071 48.364860836000048)",Unfall 181556 (2017) Kat:3, Licht: 0,181556,3,1,0,08,17,5,1,0,0,0,0,1,,0
"POINT (10.867093497000042 48.392460257000039)",Unfall 181557 (2017) Kat:3, Licht: 1,181557,3,7,1,08,19,5,1,1,0,1,0,0,,0
"POINT (10.917622538000046 48.380947481000078)",Unfall 181558 (2017) Kat:3, Licht: 0,181558,3,2,3,08,09,5,0,0,1,0,0,1,,0
"POINT (10.914327444000037 48.376931819000049)",Unfall 181559 (2017) Kat:3, Licht: 2,181559,3,6,1,08,20,5,1,2,0,1,0,0,,0
"POINT (10.914803310000025 48.379139423000026)",Unfall 181560 (2017) Kat:3, Licht: 0,181560,3,1,0,08,13,5,1,0,1,0,0,0,,0
"POINT (10.904576744000053 48.370339448000038)",Unfall 181561 (2017) Kat:3, Licht: 0,181561,3,2,3,08,16,5,1,0,1,1,0,0,,0
"POINT (10.865762642000050 48.372377738000068)",Unfall 181637 (2017) Kat:3, Licht: 2,181637,3,6,2,08,21,4,0,2,0,0,0,1,,0
"POINT (10.907305848000021 48.370255499000052)",Unfall 181638 (2017) Kat:3, Licht: 0,181638,3,7,3,08,18,4,0,0,0,1,0,0,,1
"POINT (10.847588601000041 48.386022200000070)",Unfall 181733 (2017) Kat:3, Licht: 0,181733,3,6,1,09,16,5,0,0,0,1,0,0,,0
"POINT (10.917164078000042 48.382835619000048)",Unfall 181734 (2017) Kat:3, Licht: 0,181734,3,6,2,09,10,5,0,0,0,1,0,0,,0
"POINT (10.895371060000059 48.320611578000069)",Unfall 181794 (2017) Kat:3, Licht: 0,181794,3,2,4,09,09,4,0,0,0,1,0,0,,1
"POINT (10.893018707000067 48.366502220000029)",Unfall 181795 (2017) Kat:3, Licht: 0,181795,3,7,0,09,18,4,0,0,1,0,0,0,,0
"POINT (10.897866436000072 48.371033132000036)",Unfall 181845 (2017) Kat:2, Licht: 0,181845,2,3,5,09,15,3,0,0,1,1,0,0,,0
"POINT (10.922084258000041 48.316942378000078)",Unfall 181903 (2017) Kat:3, Licht: 0,181903,3,7,0,09,18,2,0,0,1,0,0,0,,0
"POINT (10.916049864000058 48.387690014000043)",Unfall 181940 (2017) Kat:3, Licht: 0,181940,3,2,3,09,07,4,0,0,1,1,0,0,,0
"POINT (10.902567700000077 48.352231139000025)",Unfall 181941 (2017) Kat:3, Licht: 0,181941,3,2,5,09,19,4,0,0,1,1,0,0,,0
"POINT (10.890437220000024 48.383892744000036)",Unfall 181942 (2017) Kat:3, Licht: 0,181942,3,3,5,09,11,4,0,0,0,1,0,0,,1
"POINT (10.899933562000058 48.377240307000079)",Unfall 181943 (2017) Kat:2, Licht: 0,181943,2,4,6,09,16,4,0,0,1,0,1,0,,0
"POINT (10.867899334000072 48.367716240000050)",Unfall 182016 (2017) Kat:3, Licht: 0,182016,3,2,3,09,16,3,0,0,1,1,0,0,,0
"POINT (10.872033813000030 48.343314401000043)",Unfall 182017 (2017) Kat:3, Licht: 1,182017,3,6,1,09,17,3,1,1,1,1,0,0,,0
"POINT (10.860027233000039 48.315740860000062)",Unfall 182018 (2017) Kat:3, Licht: 2,182018,3,1,0,09,20,3,1,2,1,0,0,0,,0
"POINT (10.912356942000031 48.374463613000046)",Unfall 182019 (2017) Kat:3, Licht: 0,182019,3,4,6,09,11,3,0,0,0,1,1,0,,0
"POINT (10.901776348000055 48.364260829000045)",Unfall 182020 (2017) Kat:3, Licht: 2,182020,3,1,0,09,20,3,1,2,1,0,0,0,,0
"POINT (10.871200285000043 48.374788944000045)",Unfall 182073 (2017) Kat:3, Licht: 0,182073,3,3,0,09,17,2,0,0,0,1,0,1,,0
"POINT (10.909535721000054 48.370359092000058)",Unfall 182074 (2017) Kat:3, Licht: 0,182074,3,2,4,09,16,2,0,0,0,1,1,1,,0
"POINT (10.897339220000049 48.364381916000070)",Unfall 182110 (2017) Kat:3, Licht: 2,182110,3,1,0,09,01,1,0,2,1,0,0,0,,0
"POINT (10.892441596000026 48.373374418000026)",Unfall 182139 (2017) Kat:3, Licht: 0,182139,3,7,0,09,11,7,1,0,1,0,0,0,,0
"POINT (10.882894238000063 48.377593305000062)",Unfall 182140 (2017) Kat:3, Licht: 2,182140,3,7,6,09,00,7,0,2,0,1,1,0,,0
"POINT (10.881778493000070 48.393721719000041)",Unfall 182219 (2017) Kat:3, Licht: 0,182219,3,6,2,09,12,2,0,0,0,1,0,0,,0
"POINT (10.918281897000043 48.392032542000038)",Unfall 182220 (2017) Kat:2, Licht: 0,182220,2,7,0,09,13,2,0,0,1,0,0,0,,0
"POINT (10.892272402000060 48.365049054000053)",Unfall 182221 (2017) Kat:3, Licht: 0,182221,3,6,4,09,12,2,0,0,0,1,0,0,,0
"POINT (10.862107538000032 48.371364445000040)",Unfall 182272 (2017) Kat:3, Licht: 0,182272,3,3,5,09,18,1,0,0,1,1,0,0,,0
"POINT (10.878746170000056 48.369211910000047)",Unfall 182273 (2017) Kat:3, Licht: 2,182273,3,6,1,09,05,1,0,2,0,1,0,0,,0
"POINT (10.918987521000076 48.423153463000062)",Unfall 182274 (2017) Kat:2, Licht: 0,182274,2,1,8,09,18,1,0,0,0,0,0,1,,0
"POINT (10.915478963000055 48.307729413000061)",Unfall 182275 (2017) Kat:3, Licht: 0,182275,3,6,4,09,18,1,0,0,1,0,0,0,,1
"POINT (10.884659562000024 48.361058050000054)",Unfall 182305 (2017) Kat:3, Licht: 0,182305,3,7,1,09,18,7,0,0,1,1,0,0,,0
"POINT (10.900121384000045 48.362237541000070)",Unfall 182306 (2017) Kat:3, Licht: 2,182306,3,1,0,09,04,7,0,2,1,0,0,0,,0
"POINT (10.900246495000033 48.342830435000053)",Unfall 182363 (2017) Kat:2, Licht: 0,182363,2,7,6,09,13,6,0,0,1,0,1,0,,0
"POINT (10.885832408000056 48.345645228000080)",Unfall 182423 (2017) Kat:3, Licht: 0,182423,3,3,5,09,09,5,0,0,0,1,0,0,,1
"POINT (10.905143296000062 48.307981275000031)",Unfall 182424 (2017) Kat:3, Licht: 0,182424,3,7,0,09,13,5,1,0,0,0,0,1,,0
"POINT (10.893942601000049 48.320585537000056)",Unfall 182425 (2017) Kat:3, Licht: 0,182425,3,1,9,09,11,5,1,0,0,1,0,0,,0
"POINT (10.868393652000066 48.372101239000074)",Unfall 182466 (2017) Kat:3, Licht: 2,182466,3,3,5,09,19,6,0,2,0,1,0,0,,0
"POINT (10.874773006000055 48.382242263000080)",Unfall 182467 (2017) Kat:3, Licht: 0,182467,3,3,5,09,19,6,0,0,1,0,0,0,,0
"POINT (10.898221954000064 48.367865496000036)",Unfall 182468 (2017) Kat:3, Licht: 0,182468,3,1,0,09,15,6,0,0,1,0,0,0,,0
"POINT (10.929626591000044 48.397239038000066)",Unfall 182557 (2017) Kat:3, Licht: 0,182557,3,3,5,09,17,5,0,0,0,1,0,0,,0
"POINT (10.898077469000043 48.352694870000050)",Unfall 182558 (2017) Kat:3, Licht: 0,182558,3,7,0,09,08,5,1,0,1,0,0,0,,0
"POINT (10.884035268000048 48.374278140000058)",Unfall 182559 (2017) Kat:2, Licht: 0,182559,2,1,0,09,07,5,0,0,0,0,0,1,,0
"POINT (10.871557409000047 48.360910726000043)",Unfall 182631 (2017) Kat:3, Licht: 0,182631,3,3,4,09,19,4,0,0,0,1,0,1,,0
"POINT (10.895846884000036 48.374573918000067)",Unfall 182632 (2017) Kat:3, Licht: 0,182632,3,4,6,09,16,4,0,0,0,1,1,0,,0
"POINT (10.874711975000025 48.382129516000077)",Unfall 182677 (2017) Kat:3, Licht: 0,182677,3,7,1,09,10,3,0,0,1,1,0,0,,0
"POINT (10.868401765000044 48.372008064000056)",Unfall 182746 (2017) Kat:3, Licht: 0,182746,3,3,5,09,14,3,0,0,1,1,0,0,,0
"POINT (10.902688863000037 48.358693768000080)",Unfall 182747 (2017) Kat:3, Licht: 0,182747,3,6,4,09,17,3,0,0,1,0,0,0,,0
"POINT (10.851847960000043 48.372715968000080)",Unfall 182823 (2017) Kat:3, Licht: 0,182823,3,3,5,09,12,2,0,0,1,1,0,0,,0
"POINT (10.851002103000042 48.379743550000057)",Unfall 182880 (2017) Kat:3, Licht: 0,182880,3,1,0,09,12,1,0,0,1,0,0,0,,0
"POINT (10.873578841000040 48.383029208000039)",Unfall 182881 (2017) Kat:3, Licht: 0,182881,3,1,0,09,18,1,0,0,0,0,0,1,,0
"POINT (10.866129995000051 48.383909984000070)",Unfall 182936 (2017) Kat:2, Licht: 2,182936,2,6,1,09,22,7,0,2,0,1,0,0,,0
"POINT (10.881788220000033 48.393829128000050)",Unfall 182937 (2017) Kat:3, Licht: 2,182937,3,6,2,09,22,7,0,2,0,1,0,0,,0
"POINT (10.868876059000058 48.399471969000047)",Unfall 183053 (2017) Kat:3, Licht: 0,183053,3,3,0,09,16,6,1,0,0,0,0,1,,0
"POINT (10.926231024000060 48.376338188000034)",Unfall 183054 (2017) Kat:3, Licht: 0,183054,3,6,2,09,16,6,1,0,0,1,0,0,,0
"POINT (10.893336840000075 48.364234837000026)",Unfall 183055 (2017) Kat:3, Licht: 0,183055,3,1,0,09,16,6,1,0,0,0,0,1,,0
"POINT (10.852237965000029 48.385617997000054)",Unfall 183127 (2017) Kat:3, Licht: 0,183127,3,6,2,09,19,5,0,0,0,1,0,0,,0
"POINT (10.932937912000057 48.377722176000077)",Unfall 183128 (2017) Kat:3, Licht: 0,183128,3,3,5,09,17,5,0,0,1,1,0,0,,0
"POINT (10.927687086000049 48.382309221000071)",Unfall 183129 (2017) Kat:3, Licht: 0,183129,3,7,0,09,16,5,0,0,1,0,0,0,,0
"POINT (10.907035377000057 48.360897525000041)",Unfall 183130 (2017) Kat:3, Licht: 0,183130,3,2,4,09,09,5,0,0,0,1,0,1,,0
"POINT (10.909424436000052 48.370306487000050)",Unfall 183131 (2017) Kat:2, Licht: 0,183131,2,2,6,09,13,5,0,0,0,0,1,0,,1
"POINT (10.906783008000048 48.314038620000076)",Unfall 183208 (2017) Kat:3, Licht: 0,183208,3,4,6,09,15,4,0,0,1,1,1,0,,0
"POINT (10.904420629000072 48.363992808000035)",Unfall 183209 (2017) Kat:3, Licht: 0,183209,3,7,3,09,13,4,0,0,1,0,0,0,,0
"POINT (10.880767267000067 48.381177954000066)",Unfall 183261 (2017) Kat:3, Licht: 2,183261,3,7,5,10,22,5,0,2,1,1,0,0,,0
"POINT (10.902117638000050 48.352218970000081)",Unfall 183262 (2017) Kat:3, Licht: 0,183262,3,1,4,10,07,5,0,0,1,1,0,0,,0
"POINT (10.896267476000048 48.327863506000028)",Unfall 183266 (2017) Kat:3, Licht: 0,183266,3,7,0,10,09,5,0,0,1,0,0,0,,0
"POINT (10.895794101000035 48.370478813000034)",Unfall 183267 (2017) Kat:3, Licht: 0,183267,3,3,5,10,14,5,0,0,1,1,0,0,,0
"POINT (10.905401039000026 48.388092400000062)",Unfall 183327 (2017) Kat:3, Licht: 0,183327,3,7,0,10,09,4,0,0,0,0,0,0,,1
"POINT (10.917143873000043 48.376823991000037)",Unfall 183328 (2017) Kat:3, Licht: 0,183328,3,3,4,10,15,4,0,0,1,0,0,0,,0
"POINT (10.889733590000048 48.360263849000034)",Unfall 183329 (2017) Kat:3, Licht: 2,183329,3,1,6,10,06,4,0,2,0,1,1,0,,0
"POINT (10.888497551000057 48.377688593000073)",Unfall 183330 (2017) Kat:3, Licht: 0,183330,3,2,0,10,16,4,0,0,0,1,0,1,,0
"POINT (10.913104616000055 48.396256527000048)",Unfall 183418 (2017) Kat:3, Licht: 0,183418,3,4,6,10,12,2,0,0,0,0,1,0,,1
"POINT (10.906340883000041 48.366824545000043)",Unfall 183419 (2017) Kat:3, Licht: 0,183419,3,6,2,10,12,2,0,0,0,1,0,0,,0
"POINT (10.897572140000023 48.367105763000040)",Unfall 183420 (2017) Kat:3, Licht: 2,183420,3,1,0,10,19,2,1,2,1,0,0,0,,0
"POINT (10.908509589000062 48.384155658000054)",Unfall 183478 (2017) Kat:3, Licht: 2,183478,3,5,1,10,05,1,1,2,0,0,0,1,,1
"POINT (10.937576196000066 48.363960383000062)",Unfall 183479 (2017) Kat:3, Licht: 2,183479,3,5,1,10,04,1,1,2,0,1,0,0,,0
"POINT (10.908660236000060 48.385762267000075)",Unfall 183523 (2017) Kat:3, Licht: 2,183523,3,5,1,09,20,7,1,2,1,1,0,0,,0
"POINT (10.897822256000040 48.370717955000032)",Unfall 183524 (2017) Kat:3, Licht: 0,183524,3,1,0,09,07,7,0,0,1,0,0,0,,0
"POINT (10.870008188000043 48.361784053000065)",Unfall 183539 (2017) Kat:3, Licht: 0,183539,3,3,5,10,16,5,1,0,0,1,0,0,,0
"POINT (10.917943635000029 48.383657301000028)",Unfall 183556 (2017) Kat:3, Licht: 0,183556,3,3,5,10,18,3,0,0,1,0,0,0,,1
"POINT (10.916089133000071 48.387827291000065)",Unfall 183557 (2017) Kat:3, Licht: 0,183557,3,2,4,10,16,3,0,0,1,1,0,0,,0
"POINT (10.910376861000032 48.371967778000055)",Unfall 183558 (2017) Kat:3, Licht: 0,183558,3,1,1,10,15,3,0,0,1,1,0,0,,0
"POINT (10.881295366000074 48.378903736000041)",Unfall 183614 (2017) Kat:3, Licht: 0,183614,3,3,5,10,09,2,1,0,1,0,0,0,,0
"POINT (10.902671360000056 48.352250722000065)",Unfall 183615 (2017) Kat:3, Licht: 0,183615,3,3,0,10,08,2,1,0,0,1,0,0,,1
"POINT (10.945304638000039 48.344499959000075)",Unfall 183647 (2017) Kat:3, Licht: 1,183647,3,3,5,10,17,1,0,1,0,1,1,0,,0
"POINT (10.885478299000056 48.378221906000078)",Unfall 183648 (2017) Kat:3, Licht: 2,183648,3,3,5,10,20,1,1,2,0,1,0,1,,0
"POINT (10.880366079000055 48.392748901000061)",Unfall 183679 (2017) Kat:3, Licht: 0,183679,3,3,5,10,12,7,0,0,0,1,0,0,,0
"POINT (10.915022893000071 48.393010684000046)",Unfall 183680 (2017) Kat:3, Licht: 0,183680,3,6,2,10,13,7,0,0,0,1,0,0,,0
"POINT (10.943798162000064 48.355912782000075)",Unfall 183732 (2017) Kat:2, Licht: 0,183732,2,6,4,10,14,6,1,0,0,1,0,0,,1
"POINT (10.923487139000031 48.379163326000025)",Unfall 183733 (2017) Kat:3, Licht: 0,183733,3,3,5,10,17,6,0,0,0,1,0,0,,0
"POINT (10.893599633000065 48.364982559000055)",Unfall 183734 (2017) Kat:3, Licht: 0,183734,3,6,3,10,12,6,1,0,1,1,0,0,,0
"POINT (10.890038368000035 48.370238072000063)",Unfall 183735 (2017) Kat:3, Licht: 2,183735,3,3,5,10,22,6,1,2,0,1,0,0,,0
"POINT (10.856581178000056 48.373431933000063)",Unfall 183824 (2017) Kat:3, Licht: 0,183824,3,6,1,10,12,6,0,0,0,1,0,0,,0
"POINT (10.876833949000059 48.333881708000035)",Unfall 183825 (2017) Kat:3, Licht: 0,183825,3,1,5,10,18,6,0,0,0,1,0,0,,0
"POINT (10.903972327000076 48.357858788000044)",Unfall 183826 (2017) Kat:3, Licht: 0,183826,3,6,4,10,15,6,0,0,1,0,0,0,,0
"POINT (10.888478036000038 48.377850044000070)",Unfall 183827 (2017) Kat:3, Licht: 0,183827,3,2,4,10,09,6,0,0,1,1,0,0,,0
"POINT (10.886033713000074 48.378110093000032)",Unfall 183828 (2017) Kat:3, Licht: 0,183828,3,7,3,10,16,6,0,0,0,1,0,0,,1
"POINT (10.944738210000025 48.353630874000032)",Unfall 183908 (2017) Kat:3, Licht: 0,183908,3,2,0,10,14,5,0,0,0,1,1,0,,0