WKT,Name,OBJECTID,UKATEGORIE,UTYP1,UART,UMONAT,USTUNDE,UWOCHENTAG,STRZUSTAND,ULICHTVERH,ISTRAD,ISTPKW,ISTFUSS,ISTKRAD,ISTGKFZ,ISTSONSTIG
"POINT (10.901259261000064 48.364329637000026)",Unfall 187638 (2017) Kat:3, Licht: 1,187638,3,6,0,12,17,5,0,1,1,1,0,0,,0
"POINT (10.900034461000075 48.370756423000046)",Unfall 187639 (2017) Kat:3, Licht: 2,187639,3,2,4,12,19,5,0,2,1,1,0,0,,0
"POINT (10.901013538000029 48.370602605000045)",Unfall 187690 (2017) Kat:3, Licht: 0,187690,3,2,4,12,13,4,0,0,0,1,0,0,,0
"POINT (10.876341269000022 48.367383452000070)",Unfall 187733 (2017) Kat:3, Licht: 0,187733,3,6,2,12,15,3,0,0,0,1,0,0,,0
"POINT (10.891026331000035 48.360853766000048)",Unfall 187734 (2017) Kat:3, Licht: 2,187734,3,2,1,12,17,3,1,2,1,0,0,0,,1
"POINT (10.944887233000031 48.362202360000026)",Unfall 187914 (2017) Kat:3, Licht: 2,187914,3,3,5,12,19,1,0,2,0,1,0,0,,0
"POINT (10.936575173000051 48.365253501000041)",Unfall 187915 (2017) Kat:3, Licht: 0,187915,3,2,6,12,13,1,0,0,0,1,1,0,,0
"POINT (10.904213327000036 48.365100641000026)",Unfall 187916 (2017) Kat:3, Licht: 1,187916,3,2,4,12,17,1,1,1,0,1,0,0,,0
"POINT (10.881082414000048 48.376012953000043)",Unfall 187923 (2017) Kat:3, Licht: 0,187923,3,3,5,12,09,7,2,0,0,1,0,0,,0
"POINT (10.892874518000042 48.363580724000030)",Unfall 187948 (2017) Kat:3, Licht: 0,187948,3,6,2,12,15,6,1,0,1,1,0,0,,0
"POINT (10.923694018000049 48.385006954000062)",Unfall 187977 (2017) Kat:3, Licht: 2,187977,3,3,5,12,07,5,1,2,0,1,0,0,,0
"POINT (10.929181637000056 48.377318731000059)",Unfall 72757 (2018) Kat:3, Licht: 2,72757,3,2,6,01,18,5,1,2,0,1,1,0,0,0
"POINT (10.868469523000044 48.389831392000076)",Unfall 73024 (2018) Kat:3, Licht: 2,73024,3,2,4,01,22,5,1,2,0,1,0,0,0,0
"POINT (10.910433608000062 48.359057585000073)",Unfall 73199 (2018) Kat:3, Licht: 2,73199,3,5,1,01,17,3,0,2,0,1,0,0,0,0
"POINT (10.937128406000056 48.383990148000066)",Unfall 73253 (2018) Kat:3, Licht: 0,73253,3,6,3,01,09,3,0,0,0,1,0,0,1,0
"POINT (10.941046850000021 48.354974460000051)",Unfall 73275 (2018) Kat:3, Licht: 1,73275,3,5,0,01,16,2,0,1,0,1,0,1,0,0
"POINT (10.880061421000050 48.301257888000066)",Unfall 73317 (2018) Kat:3, Licht: 1,73317,3,6,2,01,07,3,1,1,0,1,0,0,0,0
"POINT (10.902456153000060 48.381644708000067)",Unfall 73435 (2018) Kat:3, Licht: 1,73435,3,3,5,01,17,3,0,1,1,1,0,0,0,0
"POINT (10.861352986000043 48.318807930000048)",Unfall 73581 (2018) Kat:3, Licht: 0,73581,3,2,3,01,12,5,0,0,1,1,0,0,0,0
"POINT (10.893202457000029 48.413869447000081)",Unfall 73612 (2018) Kat:3, Licht: 0,73612,3,6,2,01,07,2,1,0,0,1,0,0,0,0
"POINT (10.850173680000069 48.377450743000054)",Unfall 73737 (2018) Kat:3, Licht: 0,73737,3,3,5,01,08,4,0,0,0,1,0,0,0,0
"POINT (10.893202457000029 48.413869447000081)",Unfall 73748 (2018) Kat:3, Licht: 2,73748,3,6,2,01,07,2,1,2,0,1,0,0,0,0
"POINT (10.909111166000059 48.318706343000031)",Unfall 73844 (2018) Kat:3, Licht: 2,73844,3,7,0,01,05,6,1,2,1,1,0,0,0,0
"POINT (10.909653209000055 48.363874551000038)",Unfall 73901 (2018) Kat:3, Licht: 0,73901,3,6,2,01,16,4,0,0,0,1,0,0,1,0
"POINT (10.899339913000063 48.337615516000028)",Unfall 73993 (2018) Kat:3, Licht: 1,73993,3,2,5,01,06,6,1,1,1,1,0,0,0,0
"POINT (10.916162396000061 48.355834848000029)",Unfall 74185 (2018) Kat:3, Licht: 0,74185,3,6,2,01,16,1,0,0,0,1,0,0,0,0
"POINT (10.856141760000071 48.373253299000055)",Unfall 74188 (2018) Kat:3, Licht: 2,74188,3,1,3,01,04,2,2,2,0,1,0,0,1,0
"POINT (10.899001552000072 48.337638832000039)",Unfall 74308 (2018) Kat:3, Licht: 2,74308,3,2,5,01,17,7,2,2,0,1,0,0,0,0
"POINT (10.904212933000053 48.380983037000078)",Unfall 74450 (2018) Kat:3, Licht: 0,74450,3,2,4,01,14,6,0,0,0,1,0,0,0,0
"POINT (10.882073482000067 48.385715855000058)",Unfall 74494 (2018) Kat:3, Licht: 0,74494,3,6,2,01,12,6,0,0,0,1,0,0,0,0
"POINT (10.936126025000021 48.382817790000047)",Unfall 74573 (2018) Kat:3, Licht: 2,74573,3,4,6,01,06,6,0,2,0,1,1,0,0,0
"POINT (10.907106146000046 48.412076250000041)",Unfall 74681 (2018) Kat:3, Licht: 0,74681,3,6,3,01,08,3,0,0,0,1,0,0,1,0
"POINT (10.915145128000063 48.393599703000064)",Unfall 74684 (2018) Kat:3, Licht: 0,74684,3,2,1,01,11,6,0,0,0,1,0,0,0,0
"POINT (10.849345775000074 48.374267484000029)",Unfall 74686 (2018) Kat:3, Licht: 2,74686,3,6,2,01,07,3,0,2,0,1,0,0,0,1
"POINT (10.910290817000032 48.423073969000029)",Unfall 74690 (2018) Kat:3, Licht: 0,74690,3,3,5,01,10,3,0,0,0,1,0,0,0,0
"POINT (10.874124539000036 48.388088737000032)",Unfall 74861 (2018) Kat:3, Licht: 1,74861,3,2,6,01,07,3,0,1,0,0,1,0,0,1
"POINT (10.901952908000055 48.382494307000059)",Unfall 75007 (2018) Kat:3, Licht: 0,75007,3,1,8,02,16,7,0,0,0,1,0,0,0,0
"POINT (10.885892255000044 48.310030914000038)",Unfall 75024 (2018) Kat:3, Licht: 1,75024,3,2,4,02,07,5,1,1,0,1,0,0,0,0
"POINT (10.862867646000041 48.393618043000060)",Unfall 75117 (2018) Kat:3, Licht: 2,75117,3,6,2,02,19,7,1,2,0,1,0,0,0,0
"POINT (10.907498195000073 48.311934616000030)",Unfall 75310 (2018) Kat:3, Licht: 2,75310,3,2,6,02,05,4,2,2,0,1,1,0,0,0
"POINT (10.910150581000039 48.357737776000079)",Unfall 75415 (2018) Kat:3, Licht: 2,75415,3,3,4,02,05,5,2,2,0,1,0,0,0,0
"POINT (10.952330320000044 48.355421585000045)",Unfall 75463 (2018) Kat:3, Licht: 2,75463,3,2,4,02,06,4,0,2,1,1,0,0,0,0
"POINT (10.907549311000025 48.385595287000058)",Unfall 75636 (2018) Kat:3, Licht: 0,75636,3,3,5,02,09,7,0,0,0,1,0,0,0,0
"POINT (10.855280430000050 48.370575492000057)",Unfall 75637 (2018) Kat:3, Licht: 0,75637,3,6,2,02,15,4,0,0,0,1,0,0,0,0
"POINT (10.870287730000030 48.400409081000078)",Unfall 75825 (2018) Kat:3, Licht: 1,75825,3,6,3,02,17,6,1,1,0,1,0,0,1,0
"POINT (10.886937631000023 48.327136120000034)",Unfall 75833 (2018) Kat:3, Licht: 2,75833,3,6,2,02,21,4,0,2,0,1,0,0,1,0
"POINT (10.892326869000044 48.337817352000059)",Unfall 75924 (2018) Kat:3, Licht: 0,75924,3,6,2,02,14,4,0,0,0,1,0,0,0,0
"POINT (10.953158070000029 48.350912398000048)",Unfall 75979 (2018) Kat:3, Licht: 0,75979,3,2,4,02,16,1,0,0,0,1,0,0,0,0
"POINT (10.894547937000027 48.413754437000080)",Unfall 76004 (2018) Kat:3, Licht: 1,76004,3,6,2,02,16,5,0,1,0,1,0,0,0,1
"POINT (10.873485410000058 48.388597098000048)",Unfall 76012 (2018) Kat:3, Licht: 0,76012,3,6,2,02,14,3,1,0,0,1,0,0,0,0
"POINT (10.907499623000035 48.337496184000031)",Unfall 76104 (2018) Kat:3, Licht: 2,76104,3,2,4,02,19,2,1,2,0,1,0,0,0,1
"POINT (10.885687927000049 48.314969497000050)",Unfall 76276 (2018) Kat:3, Licht: 0,76276,3,6,2,02,16,2,0,0,0,1,0,0,0,0
"POINT (10.862872921000076 48.393628992000060)",Unfall 76463 (2018) Kat:3, Licht: 0,76463,3,6,2,03,16,5,0,0,0,1,0,0,0,0
"POINT (10.884457698000062 48.310989075000066)",Unfall 76483 (2018) Kat:3, Licht: 0,76483,3,1,2,03,14,7,0,0,0,1,0,0,0,0
"POINT (10.913861671000063 48.264476281000043)",Unfall 76595 (2018) Kat:2, Licht: 0,76595,2,6,4,02,15,2,0,0,0,1,0,0,1,0
"POINT (10.856990255000028 48.377867580000043)",Unfall 76597 (2018) Kat:3, Licht: 0,76597,3,6,2,02,16,4,0,0,0,1,0,0,0,1
"POINT (10.884025090000023 48.385749484000030)",Unfall 76612 (2018) Kat:3, Licht: 2,76612,3,6,2,02,18,7,0,2,0,1,0,1,0,0
"POINT (10.857125967000059 48.377752354000052)",Unfall 76680 (2018) Kat:3, Licht: 0,76680,3,3,2,03,13,5,0,0,0,1,0,0,1,0
"POINT (10.848858090000022 48.374538465000057)",Unfall 76689 (2018) Kat:3, Licht: 0,76689,3,2,5,03,10,6,0,0,0,1,0,0,0,0
"POINT (10.885796972000037 48.385670140000059)",Unfall 76793 (2018) Kat:3, Licht: 2,76793,3,6,1,03,22,5,0,2,0,1,0,0,0,0
"POINT (10.888438935000067 48.335314873000073)",Unfall 76967 (2018) Kat:3, Licht: 0,76967,3,6,0,03,13,2,0,0,0,1,0,0,0,0
"POINT (10.923123333000035 48.370529932000068)",Unfall 77043 (2018) Kat:3, Licht: 0,77043,3,6,2,03,12,7,1,0,0,1,0,0,0,0
"POINT (10.916456554000035 48.366907306000030)",Unfall 77071 (2018) Kat:3, Licht: 0,77071,3,1,1,03,07,2,1,0,0,1,0,0,0,0
"POINT (10.953918144000056 48.346688275000076)",Unfall 77084 (2018) Kat:3, Licht: 0,77084,3,2,2,03,13,6,0,0,0,1,0,0,0,0
"POINT (10.856374088000052 48.376105570000050)",Unfall 77165 (2018) Kat:3, Licht: 0,77165,3,6,3,03,15,6,0,0,0,1,0,0,0,0
"POINT (10.884989456000028 48.385731176000036)",Unfall 77176 (2018) Kat:3, Licht: 0,77176,3,1,0,03,06,3,1,0,1,0,0,0,0,0
"POINT (10.911759025000038 48.376212029000044)",Unfall 77211 (2018) Kat:3, Licht: 0,77211,3,6,1,03,10,1,0,0,0,1,0,0,0,0
"POINT (10.889293742000064 48.340936572000032)",Unfall 77292 (2018) Kat:3, Licht: 0,77292,3,1,2,03,13,2,0,0,0,1,0,1,0,0
"POINT (10.907449229000065 48.311834246000046)",Unfall 77366 (2018) Kat:3, Licht: 2,77366,3,2,5,03,19,5,0,2,0,1,0,0,0,0
"POINT (10.909446210000056 48.316457326000034)",Unfall 77386 (2018) Kat:3, Licht: 2,77386,3,2,5,03,06,4,1,2,1,1,0,0,0,0
"POINT (10.893557001000033 48.382588138000074)",Unfall 77410 (2018) Kat:3, Licht: 0,77410,3,6,2,03,13,7,1,0,0,1,0,0,0,0
"POINT (10.895001764000028 48.381754132000026)",Unfall 77495 (2018) Kat:3, Licht: 0,77495,3,3,5,03,14,6,0,0,0,1,0,0,0,0
"POINT (10.902446873000031 48.381655287000058)",Unfall 77587 (2018) Kat:3, Licht: 1,77587,3,6,2,03,18,2,0,1,0,1,0,0,0,0
"POINT (10.936402822000048 48.388808516000040)",Unfall 77754 (2018) Kat:3, Licht: 2,77754,3,3,5,03,05,5,1,2,0,0,0,0,0,1
"POINT (10.946715635000032 48.355091929000025)",Unfall 77758 (2018) Kat:3, Licht: 0,77758,3,6,2,03,16,5,0,0,0,1,0,0,0,0
"POINT (10.920151884000063 48.408023118000074)",Unfall 77842 (2018) Kat:3, Licht: 2,77842,3,1,9,03,23,2,0,2,0,1,0,0,0,0
"POINT (10.898944634000031 48.337644275000059)",Unfall 78203 (2018) Kat:3, Licht: 0,78203,3,2,5,03,12,3,0,0,1,1,0,0,0,0
"POINT (10.919726375000039 48.420811978000074)",Unfall 78284 (2018) Kat:3, Licht: 0,78284,3,7,1,03,06,2,0,0,0,1,0,0,0,0
"POINT (10.887767019000023 48.321819501000050)",Unfall 78395 (2018) Kat:3, Licht: 0,78395,3,6,3,03,14,6,0,0,0,1,0,0,0,1
"POINT (10.938865525000040 48.355130985000073)",Unfall 78497 (2018) Kat:3, Licht: 0,78497,3,5,2,03,18,7,0,0,0,1,0,0,0,0
"POINT (10.893650516000037 48.382563037000068)",Unfall 78569 (2018) Kat:3, Licht: 2,78569,3,7,0,04,23,2,0,2,1,0,0,0,0,0
"POINT (10.898535286000026 48.413429621000034)",Unfall 78789 (2018) Kat:3, Licht: 0,78789,3,6,2,04,09,4,0,0,0,1,0,0,0,0
"POINT (10.923024659000021 48.370460168000079)",Unfall 78801 (2018) Kat:3, Licht: 0,78801,3,6,2,04,07,6,0,0,0,1,0,0,0,0
"POINT (10.956370109000034 48.335672517000035)",Unfall 78939 (2018) Kat:3, Licht: 0,78939,3,6,2,04,18,6,0,0,0,1,0,0,0,0
"POINT (10.923728443000073 48.371212839000066)",Unfall 79153 (2018) Kat:2, Licht: 0,79153,2,6,1,04,14,2,0,0,0,1,0,0,0,0
"POINT (10.904442783000036 48.382355195000059)",Unfall 79189 (2018) Kat:3, Licht: 2,79189,3,1,0,04,02,1,0,2,1,0,0,0,0,0
"POINT (10.907883514000048 48.333982819000028)",Unfall 79208 (2018) Kat:3, Licht: 0,79208,3,4,6,04,19,2,0,0,0,0,1,0,0,1
"POINT (10.929107704000046 48.378141175000053)",Unfall 79338 (2018) Kat:3, Licht: 2,79338,3,2,6,04,22,1,0,2,0,1,1,0,0,0
"POINT (10.862879980000059 48.394036265000068)",Unfall 79355 (2018) Kat:3, Licht: 0,79355,3,6,3,04,16,2,0,0,0,1,0,0,1,0
"POINT (10.912011921000044 48.365167774000042)",Unfall 79370 (2018) Kat:3, Licht: 0,79370,3,7,0,04,19,2,0,0,0,0,0,1,0,0
"POINT (10.853444597000021 48.305223152000053)",Unfall 79576 (2018) Kat:3, Licht: 1,79576,3,6,2,04,19,6,0,1,0,1,0,1,0,0
"POINT (10.849155913000061 48.374455598000054)",Unfall 79709 (2018) Kat:3, Licht: 0,79709,3,6,1,04,13,7,0,0,0,1,0,1,0,0
"POINT (10.897866554000075 48.413390634000052)",Unfall 79859 (2018) Kat:3, Licht: 2,79859,3,1,9,04,00,2,1,2,0,1,0,0,0,0
"POINT (10.898352360000047 48.379518468000072)",Unfall 79873 (2018) Kat:3, Licht: 0,79873,3,7,0,04,18,5,0,0,1,0,0,0,0,0
"POINT (10.856388094000067 48.373325577000060)",Unfall 79874 (2018) Kat:3, Licht: 0,79874,3,6,3,04,14,2,0,0,0,0,0,0,1,1
"POINT (10.907638936000069 48.385767476000069)",Unfall 79876 (2018) Kat:3, Licht: 0,79876,3,2,4,04,12,2,0,0,0,1,0,0,0,0
"POINT (10.872191904000033 48.403258605000076)",Unfall 79903 (2018) Kat:3, Licht: 0,79903,3,6,2,04,07,4,0,0,0,1,0,0,0,0
"POINT (10.907268015000056 48.385711084000036)",Unfall 80111 (2018) Kat:3, Licht: 0,80111,3,2,0,04,11,1,0,0,1,1,0,1,0,0
"POINT (10.907178618000046 48.339210475000073)",Unfall 80227 (2018) Kat:3, Licht: 0,80227,3,6,2,04,17,6,0,0,0,1,0,0,0,0
"POINT (10.885888793000049 48.310031182000046)",Unfall 80243 (2018) Kat:3, Licht: 0,80243,3,3,5,04,08,6,0,0,0,1,0,0,0,0
"POINT (10.929692494000051 48.363727511000036)",Unfall 80245 (2018) Kat:3, Licht: 0,80245,3,1,0,04,11,6,0,0,0,0,0,1,0,0
"POINT (10.849957316000030 48.379660507000040)",Unfall 80311 (2018) Kat:2, Licht: 0,80311,2,7,0,04,17,7,0,0,1,0,0,0,0,0
"POINT (10.908275829000047 48.329022374000033)",Unfall 80384 (2018) Kat:3, Licht: 0,80384,3,6,2,04,14,7,0,0,0,1,0,0,0,0
"POINT (10.954572440000049 48.343677756000034)",Unfall 80389 (2018) Kat:3, Licht: 0,80389,3,6,1,04,13,2,0,0,0,1,0,0,0,0
"POINT (10.910231163000049 48.357699520000040)",Unfall 80573 (2018) Kat:3, Licht: 0,80573,3,6,2,04,17,1,0,0,0,1,0,0,0,0
"POINT (10.942259799000055 48.382808918000080)",Unfall 80599 (2018) Kat:3, Licht: 0,80599,3,6,2,04,08,2,0,0,0,1,0,0,0,0
"POINT (10.868715651000059 48.342099501000064)",Unfall 80619 (2018) Kat:3, Licht: 0,80619,3,2,4,04,14,7,0,0,1,1,0,0,0,0
"POINT (10.927303840000036 48.355180723000046)",Unfall 80694 (2018) Kat:3, Licht: 0,80694,3,3,5,04,17,2,0,0,1,1,0,0,0,0
"POINT (10.906882426000038 48.384355030000052)",Unfall 80732 (2018) Kat:3, Licht: 0,80732,3,1,0,04,14,5,0,0,1,0,0,0,0,0
"POINT (10.906499062000023 48.310114413000065)",Unfall 80734 (2018) Kat:3, Licht: 0,80734,3,6,2,04,12,5,0,0,0,1,0,0,0,0
"POINT (10.895961095000075 48.381003195000062)",Unfall 80736 (2018) Kat:3, Licht: 2,80736,3,6,2,04,22,5,0,2,0,1,0,0,0,0
"POINT (10.932241614000077 48.355190760000028)",Unfall 80848 (2018) Kat:3, Licht: 0,80848,3,6,2,04,19,1,0,0,0,1,0,0,0,0
"POINT (10.951135673000067 48.355314130000068)",Unfall 80997 (2018) Kat:3, Licht: 0,80997,3,6,2,04,12,4,0,0,0,1,0,0,0,1
"POINT (10.902134144000058 48.381769727000062)",Unfall 81008 (2018) Kat:3, Licht: 2,81008,3,3,5,04,21,4,0,2,1,1,0,0,0,0
"POINT (10.886501296000063 48.385552520000033)",Unfall 81076 (2018) Kat:3, Licht: 2,81076,3,1,0,04,04,6,0,2,1,0,0,0,0,0
"POINT (10.857167501000049 48.377824004000047)",Unfall 81178 (2018) Kat:3, Licht: 0,81178,3,6,2,04,15,6,0,0,0,1,0,0,0,0
"POINT (10.846554499000035 48.382563542000071)",Unfall 81227 (2018) Kat:3, Licht: 0,81227,3,2,0,05,16,4,0,0,1,1,0,0,0,0
"POINT (10.868039246000023 48.389848368000060)",Unfall 81232 (2018) Kat:3, Licht: 0,81232,3,6,1,05,17,4,0,0,0,1,0,0,0,0
"POINT (10.874173116000065 48.388065007000080)",Unfall 81236 (2018) Kat:3, Licht: 0,81236,3,6,4,05,13,4,0,0,1,0,0,0,0,0
"POINT (10.928417020000040 48.375068906000081)",Unfall 81238 (2018) Kat:3, Licht: 0,81238,3,2,2,05,17,4,0,0,0,1,0,0,0,0
"POINT (10.904181392000055 48.381007483000076)",Unfall 81241 (2018) Kat:3, Licht: 0,81241,3,2,4,05,15,4,0,0,0,1,0,0,0,0
"POINT (10.886831562000054 48.331578685000068)",Unfall 81315 (2018) Kat:2, Licht: 0,81315,2,1,8,05,11,1,0,0,0,1,0,0,0,0
"POINT (10.856565053000054 48.376080645000059)",Unfall 81635 (2018) Kat:3, Licht: 0,81635,3,6,2,05,07,6,0,0,0,1,0,0,0,0
"POINT (10.919967606000057 48.420824259000028)",Unfall 81688 (2018) Kat:3, Licht: 0,81688,3,2,2,04,13,2,0,0,0,1,0,0,0,0
"POINT (10.898256108000055 48.379537958000071)",Unfall 81689 (2018) Kat:3, Licht: 2,81689,3,7,0,05,03,1,0,2,1,0,0,0,0,0
"POINT (10.907550771000047 48.312045920000060)",Unfall 81690 (2018) Kat:3, Licht: 0,81690,3,6,2,04,12,2,0,0,0,1,0,0,0,0
"POINT (10.859567352000056 48.315441341000053)",Unfall 81693 (2018) Kat:2, Licht: 0,81693,2,6,2,04,12,2,0,0,0,1,0,1,0,0
"POINT (10.895434278000039 48.325117701000067)",Unfall 81764 (2018) Kat:3, Licht: 0,81764,3,1,0,05,20,7,0,0,1,0,0,0,0,0
"POINT (10.864746758000024 48.390268905000028)",Unfall 81788 (2018) Kat:3, Licht: 0,81788,3,3,5,05,18,3,0,0,0,1,0,0,0,0
"POINT (10.882160280000051 48.385720735000064)",Unfall 81789 (2018) Kat:3, Licht: 0,81789,3,6,2,05,16,3,0,0,0,1,0,0,0,0
"POINT (10.946621005000054 48.355087173000072)",Unfall 81790 (2018) Kat:3, Licht: 0,81790,3,7,0,05,06,3,0,0,1,0,0,0,0,0
"POINT (10.893971803000056 48.337940647000039)",Unfall 82026 (2018) Kat:3, Licht: 0,82026,3,1,0,05,09,2,0,0,1,0,0,0,0,0
"POINT (10.919967817000042 48.420835955000030)",Unfall 82155 (2018) Kat:3, Licht: 0,82155,3,2,2,05,09,5,0,0,0,1,0,0,0,0
"POINT (10.936358463000033 48.355153987000051)",Unfall 82224 (2018) Kat:3, Licht: 0,82224,3,6,3,05,18,7,0,0,0,1,0,1,0,0
"POINT (10.927112737000073 48.374333389000071)",Unfall 82325 (2018) Kat:3, Licht: 0,82325,3,3,5,05,10,4,0,0,1,0,0,0,0,0
"POINT (10.929140880000034 48.377727182000058)",Unfall 82413 (2018) Kat:3, Licht: 0,82413,3,6,2,05,06,2,0,0,0,1,0,0,0,0
"POINT (10.896438747000047 48.413563375000081)",Unfall 82695 (2018) Kat:3, Licht: 0,82695,3,6,2,05,13,6,0,0,0,1,0,0,0,1
"POINT (10.886880245000043 48.330762689000039)",Unfall 82696 (2018) Kat:3, Licht: 0,82696,3,6,2,05,14,6,0,0,0,1,0,0,0,0
"POINT (10.869446220000043 48.389730516000043)",Unfall 82702 (2018) Kat:3, Licht: 0,82702,3,3,0,05,17,6,0,0,1,0,0,0,0,0
"POINT (10.885481343000038 48.325953970000057)",Unfall 82707 (2018) Kat:3, Licht: 0,82707,3,6,1,05,15,6,0,0,0,1,0,0,0,0
"POINT (10.902276361000077 48.381812582000066)",Unfall 82868 (2018) Kat:3, Licht: 0,82868,3,2,5,05,19,2,0,0,1,1,0,0,0,0
"POINT (10.883317251000051 48.308580769000059)",Unfall 82982 (2018) Kat:3, Licht: 0,82982,3,6,2,05,14,6,0,0,0,1,0,0,0,1
"POINT (10.890522322000038 48.414048534000074)",Unfall 82996 (2018) Kat:3, Licht: 0,82996,3,6,2,05,16,6,0,0,0,1,0,0,0,0
"POINT (10.916742821000071 48.373952411000062)",Unfall 83011 (2018) Kat:3, Licht: 0,83011,3,1,3,05,11,5,0,0,0,1,0,1,0,0
"POINT (10.879393456000059 48.299802623000062)",Unfall 83290 (2018) Kat:3, Licht: 0,83290,3,6,2,05,13,3,0,0,0,1,0,0,0,1
"POINT (10.899148601000036 48.337626792000037)",Unfall 83292 (2018) Kat:3, Licht: 0,83292,3,3,5,05,19,3,1,0,1,1,0,0,0,0
"POINT (10.898906058000023 48.337520824000080)",Unfall 83294 (2018) Kat:3, Licht: 0,83294,3,6,2,05,13,3,0,0,0,1,0,0,0,0
"POINT (10.887194789000034 48.326207072000045)",Unfall 83333 (2018) Kat:3, Licht: 0,83333,3,6,1,05,16,4,0,0,0,1,0,0,0,0
"POINT (10.909568030000059 48.317434563000063)",Unfall 83336 (2018) Kat:3, Licht: 0,83336,3,7,2,05,11,4,0,0,1,1,0,0,0,0
"POINT (10.912172417000022 48.376025739000056)",Unfall 83384 (2018) Kat:3, Licht: 0,83384,3,7,0,05,16,5,0,0,1,0,0,0,0,0
"POINT (10.929180080000037 48.377311574000032)",Unfall 83485 (2018) Kat:2, Licht: 0,83485,2,2,2,05,12,4,0,0,0,1,0,0,0,0
"POINT (10.885810139000057 48.385668811000073)",Unfall 83669 (2018) Kat:3, Licht: 2,83669,3,6,3,05,23,4,0,2,1,1,0,0,0,0
"POINT (10.894233131000021 48.382413807000034)",Unfall 83674 (2018) Kat:3, Licht: 0,83674,3,2,2,05,11,1,0,0,0,1,0,0,0,0
"POINT (10.908346975000029 48.327727534000076)",Unfall 83759 (2018) Kat:3, Licht: 0,83759,3,1,2,05,14,4,0,0,0,1,0,0,0,0
"POINT (10.887384108000049 48.326216634000048)",Unfall 83915 (2018) Kat:3, Licht: 0,83915,3,6,2,05,17,7,0,0,0,1,0,0,0,0
"POINT (10.955936027000064 48.337902251000060)",Unfall 84045 (2018) Kat:3, Licht: 0,84045,3,6,2,06,09,2,0,0,0,1,0,0,1,0
"POINT (10.847789687000045 48.381609047000040)",Unfall 84113 (2018) Kat:3, Licht: 0,84113,3,6,2,06,12,6,0,0,0,1,0,0,0,0
"POINT (10.907257809000043 48.422958344000051)",Unfall 84117 (2018) Kat:2, Licht: 0,84117,2,2,2,06,16,6,0,0,0,1,0,0,0,0
"POINT (10.850027665000027 48.379590161000067)",Unfall 84137 (2018) Kat:3, Licht: 0,84137,3,2,2,06,18,2,0,0,1,1,0,0,0,0
"POINT (10.884495215000072 48.311440342000026)",Unfall 84265 (2018) Kat:3, Licht: 0,84265,3,6,2,06,12,7,0,0,0,1,0,0,0,0
"POINT (10.861356780000051 48.318815332000042)",Unfall 84390 (2018) Kat:3, Licht: 0,84390,3,3,5,05,18,5,0,0,1,1,0,0,0,0
"POINT (10.893898062000062 48.337817461000043)",Unfall 84756 (2018) Kat:3, Licht: 0,84756,3,3,5,06,07,4,0,0,1,1,0,0,0,0
"POINT (10.921373008000046 48.371887328000071)",Unfall 84759 (2018) Kat:3, Licht: 0,84759,3,3,5,06,11,4,0,0,1,1,0,0,0,0
"POINT (10.873539909000044 48.388546163000058)",Unfall 84923 (2018) Kat:3, Licht: 0,84923,3,6,2,06,09,7,0,0,0,1,0,0,0,0
"POINT (10.905812371000025 48.379682872000046)",Unfall 84928 (2018) Kat:3, Licht: 2,84928,3,7,0,06,21,2,1,2,1,0,0,0,0,0
"POINT (10.856229146000032 48.312461541000062)",Unfall 85251 (2018) Kat:3, Licht: 0,85251,3,3,5,06,20,1,0,0,0,1,0,0,0,0
"POINT (10.893482177000067 48.382608222000044)",Unfall 85258 (2018) Kat:3, Licht: 0,85258,3,2,3,06,17,4,0,0,1,1,0,0,0,0
"POINT (10.904448896000076 48.382357104000050)",Unfall 85307 (2018) Kat:3, Licht: 0,85307,3,7,0,06,20,7,0,0,1,0,0,0,0,0
"POINT (10.861360662000038 48.318822901000033)",Unfall 85549 (2018) Kat:3, Licht: 0,85549,3,3,5,06,17,3,0,0,1,1,0,0,0,0
"POINT (10.933792998000058 48.357670196000072)",Unfall 85586 (2018) Kat:3, Licht: 0,85586,3,3,5,06,08,4,0,0,1,1,0,0,0,0
"POINT (10.895265358000074 48.337882329000081)",Unfall 85588 (2018) Kat:3, Licht: 0,85588,3,1,2,06,19,4,0,0,0,1,0,0,0,0
"POINT (10.903358848000039 48.350501354000073)",Unfall 85589 (2018) Kat:3, Licht: 0,85589,3,2,1,06,07,4,0,0,0,1,0,0,0,0
"POINT (10.907652561000077 48.337540937000028)",Unfall 85664 (2018) Kat:3, Licht: 0,85664,3,6,2,06,13,5,0,0,0,1,0,0,0,1
"POINT (10.919965246000061 48.420692946000031)",Unfall 85849 (2018) Kat:3, Licht: 0,85849,3,6,1,06,05,2,1,0,0,1,0,0,0,0
"POINT (10.912287021000054 48.412097805000030)",Unfall 85858 (2018) Kat:3, Licht: 0,85858,3,7,4,06,06,7,0,0,0,1,0,0,1,0
"POINT (10.896826240000053 48.380347400000062)",Unfall 86149 (2018) Kat:3, Licht: 0,86149,3,3,5,06,18,4,0,0,1,0,0,0,0,0
"POINT (10.929310948000023 48.377504047000059)",Unfall 86217 (2018) Kat:3, Licht: 0,86217,3,2,3,06,09,5,0,0,1,1,0,0,0,0
"POINT (10.846638576000032 48.382495377000055)",Unfall 86363 (2018) Kat:3, Licht: 0,86363,3,2,4,06,19,3,0,0,0,1,0,0,0,0
"POINT (10.908347472000059 48.327672661000065)",Unfall 86364 (2018) Kat:3, Licht: 0,86364,3,2,5,06,06,3,0,0,1,1,0,0,0,0
"POINT (10.902491727000040 48.381604155000048)",Unfall 86414 (2018) Kat:3, Licht: 1,86414,3,6,2,06,21,5,1,1,0,1,0,0,0,0