WKT,Name,OBJECTID,UKATEGORIE,UTYP1,UART,UMONAT,USTUNDE,UWOCHENTAG,STRZUSTAND,ULICHTVERH,ISTRAD,ISTPKW,ISTFUSS,ISTKRAD,ISTGKFZ,ISTSONSTIG
"POINT (10.898242936000031 48.379540625000061)",Unfall 86447 (2018) Kat:3, Licht: 2,86447,3,1,9,06,21,7,0,2,0,1,0,0,0,0
"POINT (10.916384202000074 48.366741157000035)",Unfall 86612 (2018) Kat:3, Licht: 0,86612,3,3,0,07,09,2,0,0,1,1,0,0,0,0
"POINT (10.853515701000049 48.306101870000077)",Unfall 86757 (2018) Kat:3, Licht: 2,86757,3,1,4,06,22,6,0,2,1,0,0,0,0,0
"POINT (10.909617349000030 48.317257493000056)",Unfall 86759 (2018) Kat:3, Licht: 0,86759,3,2,5,06,17,6,0,0,1,1,0,0,0,0
"POINT (10.898109750000060 48.308784624000054)",Unfall 86783 (2018) Kat:3, Licht: 0,86783,3,1,4,07,19,2,0,0,1,1,0,0,0,0
"POINT (10.848112217000050 48.381331903000046)",Unfall 86891 (2018) Kat:3, Licht: 0,86891,3,3,5,07,07,4,0,0,1,1,0,0,0,0
"POINT (10.927915023000025 48.375298469000029)",Unfall 86902 (2018) Kat:3, Licht: 0,86902,3,2,0,07,13,4,0,0,1,1,0,0,0,0
"POINT (10.911734337000041 48.376223211000081)",Unfall 86971 (2018) Kat:3, Licht: 0,86971,3,7,6,07,10,3,0,0,0,1,1,0,0,0
"POINT (10.938746177000041 48.355132788000049)",Unfall 87256 (2018) Kat:2, Licht: 2,87256,2,3,5,07,22,2,0,2,1,0,0,1,0,0
"POINT (10.928810116000022 48.379762198000037)",Unfall 87295 (2018) Kat:2, Licht: 0,87295,2,7,0,07,10,3,0,0,1,0,0,0,0,0
"POINT (10.895001764000028 48.381754132000026)",Unfall 87324 (2018) Kat:3, Licht: 0,87324,3,2,4,07,15,4,0,0,1,1,0,0,0,0
"POINT (10.919971841000063 48.418101680000063)",Unfall 87491 (2018) Kat:3, Licht: 0,87491,3,7,2,07,16,3,1,0,0,1,0,1,0,0
"POINT (10.890210711000066 48.383471246000056)",Unfall 87516 (2018) Kat:2, Licht: 0,87516,2,1,0,07,16,7,0,0,1,0,0,0,0,0
"POINT (10.855626874000052 48.373541189000036)",Unfall 87636 (2018) Kat:3, Licht: 0,87636,3,6,1,07,15,3,0,0,0,1,0,0,0,0
"POINT (10.881411706000051 48.385688323000068)",Unfall 87663 (2018) Kat:3, Licht: 0,87663,3,6,2,07,17,6,0,0,0,1,0,0,0,0
"POINT (10.916923519000022 48.410321058000079)",Unfall 87694 (2018) Kat:2, Licht: 0,87694,2,1,2,07,09,4,0,0,0,1,0,0,1,0
"POINT (10.907433158000060 48.311805159000073)",Unfall 87742 (2018) Kat:3, Licht: 0,87742,3,1,5,07,08,2,0,0,0,1,0,0,0,0
"POINT (10.936399519000076 48.388812320000056)",Unfall 87987 (2018) Kat:2, Licht: 0,87987,2,3,5,07,17,5,0,0,0,1,0,1,0,0
"POINT (10.893561140000031 48.382587027000056)",Unfall 88065 (2018) Kat:3, Licht: 0,88065,3,2,4,07,17,2,0,0,1,1,0,0,0,0
"POINT (10.905108446000042 48.412278758000070)",Unfall 88241 (2018) Kat:3, Licht: 0,88241,3,6,2,07,15,1,1,0,0,1,0,0,0,0
"POINT (10.908347298000024 48.327691788000038)",Unfall 88251 (2018) Kat:3, Licht: 0,88251,3,1,1,07,18,7,0,0,0,1,0,0,0,0
"POINT (10.883349715000065 48.385741100000075)",Unfall 88259 (2018) Kat:3, Licht: 0,88259,3,1,0,07,11,5,0,0,1,0,0,0,0,0
"POINT (10.904168999000035 48.381017088000078)",Unfall 88310 (2018) Kat:3, Licht: 2,88310,3,2,4,07,23,6,1,2,0,1,0,0,0,0
"POINT (10.880353582000055 48.385666680000043)",Unfall 88428 (2018) Kat:3, Licht: 0,88428,3,4,6,07,13,4,0,0,1,0,1,0,0,0
"POINT (10.929110618000038 48.377431182000066)",Unfall 88485 (2018) Kat:3, Licht: 0,88485,3,3,5,07,14,7,1,0,0,1,0,0,0,0
"POINT (10.949220222000065 48.355144458000041)",Unfall 88511 (2018) Kat:3, Licht: 0,88511,3,1,2,07,08,6,0,0,0,1,0,0,0,0
"POINT (10.919500646000074 48.396606460000044)",Unfall 88693 (2018) Kat:2, Licht: 0,88693,2,6,0,07,18,7,1,0,1,0,0,0,0,0
"POINT (10.947874007000053 48.355144676000066)",Unfall 88752 (2018) Kat:3, Licht: 0,88752,3,2,1,07,15,6,0,0,0,1,0,0,1,0
"POINT (10.848740363000047 48.374434096000073)",Unfall 88792 (2018) Kat:3, Licht: 0,88792,3,1,8,07,16,3,0,0,0,1,0,0,0,0
"POINT (10.866050920000021 48.396713219000048)",Unfall 88799 (2018) Kat:3, Licht: 0,88799,3,6,2,07,08,3,0,0,0,1,0,0,1,0
"POINT (10.935620495000023 48.382386175000079)",Unfall 88802 (2018) Kat:3, Licht: 0,88802,3,6,2,07,17,3,0,0,0,1,0,0,0,0
"POINT (10.893637109000053 48.382566636000035)",Unfall 88808 (2018) Kat:3, Licht: 0,88808,3,7,0,07,19,3,1,0,1,0,0,0,1,0
"POINT (10.919968740000058 48.413535634000027)",Unfall 88912 (2018) Kat:3, Licht: 0,88912,3,3,5,07,18,4,0,0,1,1,0,0,0,0
"POINT (10.859538562000068 48.351361756000074)",Unfall 89071 (2018) Kat:3, Licht: 0,89071,3,6,2,07,17,3,0,0,0,1,0,0,0,0
"POINT (10.905147939000074 48.412401959000078)",Unfall 89076 (2018) Kat:3, Licht: 0,89076,3,6,2,07,13,3,0,0,0,1,0,0,0,1
"POINT (10.909805635000055 48.356379037000067)",Unfall 89246 (2018) Kat:3, Licht: 0,89246,3,1,2,07,19,7,0,0,0,1,0,0,0,0
"POINT (10.952467301000070 48.355376694000029)",Unfall 89266 (2018) Kat:3, Licht: 2,89266,3,1,3,07,20,4,0,2,1,1,0,0,0,0
"POINT (10.871469180000076 48.389320695000038)",Unfall 89715 (2018) Kat:3, Licht: 0,89715,3,3,5,08,07,5,0,0,1,1,0,0,0,0
"POINT (10.884473157000059 48.385744950000060)",Unfall 90112 (2018) Kat:3, Licht: 0,90112,3,2,5,08,10,2,0,0,0,1,0,0,0,0
"POINT (10.941665069000067 48.354914741000073)",Unfall 90128 (2018) Kat:3, Licht: 2,90128,3,4,6,08,22,7,0,2,1,0,1,0,0,0
"POINT (10.910334120000073 48.423079368000060)",Unfall 90161 (2018) Kat:3, Licht: 0,90161,3,3,5,08,12,1,0,0,1,1,0,0,0,0
"POINT (10.923220559000072 48.370788362000042)",Unfall 90367 (2018) Kat:3, Licht: 0,90367,3,1,1,08,13,6,0,0,0,1,0,0,0,0
"POINT (10.935037500000021 48.355167519000076)",Unfall 90838 (2018) Kat:3, Licht: 0,90838,3,1,3,08,17,1,0,0,0,1,0,1,0,0
"POINT (10.919390600000042 48.355303090000064)",Unfall 90841 (2018) Kat:3, Licht: 0,90841,3,1,3,08,20,1,0,0,1,1,0,0,0,0
"POINT (10.878874342000074 48.327066541000079)",Unfall 91084 (2018) Kat:2, Licht: 0,91084,2,7,8,08,17,1,0,0,1,0,0,0,0,0
"POINT (10.905285484000046 48.382633496000039)",Unfall 91108 (2018) Kat:1, Licht: 0,91108,1,1,4,08,14,2,0,0,0,1,0,1,0,0
"POINT (10.936401407000062 48.388810145000036)",Unfall 91197 (2018) Kat:3, Licht: 0,91197,3,3,5,08,13,7,0,0,0,1,0,0,0,0
"POINT (10.851276367000025 48.299134412000058)",Unfall 91214 (2018) Kat:3, Licht: 0,91214,3,1,8,08,15,6,0,0,0,1,0,0,0,0
"POINT (10.880487063000032 48.385661529000060)",Unfall 91259 (2018) Kat:3, Licht: 0,91259,3,2,4,08,16,1,0,0,0,1,0,1,0,0
"POINT (10.911499813000034 48.423219243000062)",Unfall 91285 (2018) Kat:2, Licht: 2,91285,2,3,5,08,20,3,0,2,0,1,0,1,0,0
"POINT (10.911338547000071 48.357191796000052)",Unfall 91371 (2018) Kat:3, Licht: 0,91371,3,2,3,08,16,2,0,0,1,1,0,0,0,0
"POINT (10.920150197000055 48.372437805000061)",Unfall 91580 (2018) Kat:3, Licht: 0,91580,3,7,0,08,13,6,1,0,0,0,0,1,0,0
"POINT (10.896531412000058 48.308942139000067)",Unfall 91585 (2018) Kat:3, Licht: 0,91585,3,1,1,08,16,3,0,0,0,1,0,0,0,0
"POINT (10.912637975000052 48.374507616000074)",Unfall 91708 (2018) Kat:3, Licht: 0,91708,3,3,5,08,16,3,0,0,1,1,0,0,0,0
"POINT (10.897325615000057 48.337649697000074)",Unfall 91780 (2018) Kat:3, Licht: 0,91780,3,1,3,08,16,3,0,0,0,1,0,0,1,0
"POINT (10.941788148000057 48.354907075000028)",Unfall 91863 (2018) Kat:3, Licht: 0,91863,3,1,0,08,17,4,0,0,1,0,0,0,0,0
"POINT (10.915300953000042 48.393690896000066)",Unfall 91868 (2018) Kat:3, Licht: 0,91868,3,2,3,08,16,4,0,0,0,1,0,1,0,0
"POINT (10.907445320000022 48.385322677000033)",Unfall 91871 (2018) Kat:3, Licht: 0,91871,3,6,2,08,12,4,0,0,0,1,0,0,0,0
"POINT (10.921581179000043 48.369681867000054)",Unfall 91872 (2018) Kat:2, Licht: 0,91872,2,1,5,08,06,4,0,0,1,1,0,0,0,0
"POINT (10.931108963000042 48.361246525000070)",Unfall 91910 (2018) Kat:3, Licht: 0,91910,3,1,0,08,09,3,0,0,0,0,0,0,0,1
"POINT (10.920215105000068 48.405900647000067)",Unfall 92141 (2018) Kat:3, Licht: 0,92141,3,6,3,09,08,2,0,0,0,1,0,0,1,0
"POINT (10.874638210000057 48.405918841000073)",Unfall 92164 (2018) Kat:3, Licht: 0,92164,3,1,9,08,16,4,0,0,0,1,0,0,0,0
"POINT (10.846611877000043 48.382517023000048)",Unfall 92265 (2018) Kat:3, Licht: 0,92265,3,6,1,08,13,5,0,0,0,1,0,1,0,0
"POINT (10.928208083000072 48.355177662000074)",Unfall 92289 (2018) Kat:3, Licht: 0,92289,3,1,1,08,16,5,0,0,0,1,0,0,1,0
"POINT (10.903817944000025 48.382159388000048)",Unfall 92435 (2018) Kat:3, Licht: 0,92435,3,6,2,09,14,7,0,0,0,1,0,0,0,0
"POINT (10.856836019000070 48.377155359000028)",Unfall 92526 (2018) Kat:3, Licht: 0,92526,3,6,2,08,12,3,0,0,0,1,0,0,1,1
"POINT (10.878116642000066 48.386942544000078)",Unfall 92537 (2018) Kat:3, Licht: 0,92537,3,1,0,08,19,3,0,0,1,0,0,0,0,0
"POINT (10.908610265000050 48.324693068000045)",Unfall 92572 (2018) Kat:3, Licht: 0,92572,3,6,0,09,17,1,0,0,0,1,0,1,0,0
"POINT (10.915679128000022 48.355912999000054)",Unfall 92588 (2018) Kat:3, Licht: 0,92588,3,1,4,09,10,6,0,0,0,1,0,0,0,0
"POINT (10.955936577000045 48.337899305000064)",Unfall 92887 (2018) Kat:3, Licht: 0,92887,3,6,1,09,17,4,0,0,0,1,0,0,0,0
"POINT (10.866248705000032 48.390030321000040)",Unfall 92894 (2018) Kat:3, Licht: 2,92894,3,3,5,09,21,4,0,2,1,1,0,0,0,0
"POINT (10.861388363000060 48.350787781000065)",Unfall 93118 (2018) Kat:3, Licht: 0,93118,3,6,2,09,16,4,0,0,0,1,0,0,0,0
"POINT (10.914769462000038 48.393374963000042)",Unfall 93125 (2018) Kat:3, Licht: 0,93125,3,6,1,09,13,4,0,0,0,1,0,1,0,0
"POINT (10.889452281000047 48.339952568000058)",Unfall 93292 (2018) Kat:3, Licht: 0,93292,3,1,8,09,14,5,0,0,0,0,0,1,1,0
"POINT (10.848968706000051 48.374508156000047)",Unfall 93360 (2018) Kat:3, Licht: 0,93360,3,6,2,09,15,3,0,0,0,1,0,0,0,0
"POINT (10.921623794000027 48.369708235000076)",Unfall 93503 (2018) Kat:3, Licht: 0,93503,3,1,5,09,07,6,1,0,1,1,0,0,0,0
"POINT (10.911958405000064 48.376121728000044)",Unfall 93505 (2018) Kat:3, Licht: 0,93505,3,1,0,09,09,6,1,0,1,0,0,0,0,0
"POINT (10.936785147000023 48.383638775000065)",Unfall 93635 (2018) Kat:3, Licht: 2,93635,3,1,8,09,01,1,0,2,0,1,0,0,0,0
"POINT (10.938243671000066 48.385300504000043)",Unfall 94084 (2018) Kat:3, Licht: 0,94084,3,2,2,09,18,7,0,0,0,1,0,0,0,0
"POINT (10.929607192000049 48.363823231000026)",Unfall 94107 (2018) Kat:3, Licht: 2,94107,3,3,5,09,20,7,0,2,1,1,0,0,0,0
"POINT (10.898533583000074 48.379527937000034)",Unfall 94202 (2018) Kat:3, Licht: 2,94202,3,1,8,09,22,2,0,2,0,1,0,0,0,0
"POINT (10.884471148000046 48.385744971000065)",Unfall 94360 (2018) Kat:2, Licht: 0,94360,2,5,2,09,16,5,0,0,0,1,0,0,0,0
"POINT (10.909404418000065 48.317905450000069)",Unfall 94368 (2018) Kat:3, Licht: 0,94368,3,1,2,09,14,5,0,0,0,1,0,0,0,0
"POINT (10.937654969000050 48.355124907000061)",Unfall 94369 (2018) Kat:3, Licht: 0,94369,3,1,3,09,18,5,0,0,1,0,0,0,0,0
"POINT (10.849272676000055 48.375210752000044)",Unfall 94643 (2018) Kat:3, Licht: 0,94643,3,7,0,09,15,4,0,0,0,0,0,0,0,1
"POINT (10.894042005000074 48.382508423000047)",Unfall 94645 (2018) Kat:3, Licht: 0,94645,3,6,2,09,12,4,0,0,0,1,0,0,0,0
"POINT (10.898541001000069 48.413300560000039)",Unfall 94702 (2018) Kat:3, Licht: 0,94702,3,6,2,09,07,5,0,0,0,1,0,0,1,0
"POINT (10.942798722000077 48.354887027000075)",Unfall 94713 (2018) Kat:3, Licht: 0,94713,3,6,2,09,09,5,0,0,0,1,0,0,0,0
"POINT (10.939880025000036 48.390773807000073)",Unfall 94751 (2018) Kat:3, Licht: 0,94751,3,6,2,09,16,5,0,0,0,1,0,1,0,0
"POINT (10.849820654000041 48.379786551000052)",Unfall 94848 (2018) Kat:2, Licht: 0,94848,2,2,6,10,17,6,0,0,0,1,1,0,0,0
"POINT (10.940399015000025 48.355054519000078)",Unfall 94853 (2018) Kat:3, Licht: 0,94853,3,3,5,10,07,5,0,0,1,1,0,0,0,0
"POINT (10.934152890000064 48.381956204000062)",Unfall 95343 (2018) Kat:3, Licht: 2,95343,3,3,5,10,23,5,0,2,1,1,0,0,0,0
"POINT (10.858995157000038 48.384816501000046)",Unfall 95364 (2018) Kat:3, Licht: 0,95364,3,6,2,10,16,4,0,0,0,1,0,0,0,0
"POINT (10.946584027000029 48.355085316000043)",Unfall 95528 (2018) Kat:3, Licht: 1,95528,3,3,5,10,19,3,0,1,1,0,0,0,0,0
"POINT (10.914312762000066 48.393067134000034)",Unfall 95546 (2018) Kat:3, Licht: 0,95546,3,2,5,10,17,2,0,0,1,1,0,0,0,0
"POINT (10.904957450000040 48.346241670000040)",Unfall 95641 (2018) Kat:3, Licht: 2,95641,3,1,0,10,19,5,0,2,1,0,0,0,0,0
"POINT (10.926461466000035 48.373328440000080)",Unfall 95653 (2018) Kat:3, Licht: 0,95653,3,3,5,10,18,4,0,0,1,0,0,0,0,0
"POINT (10.939809268000033 48.370011174000069)",Unfall 95727 (2018) Kat:3, Licht: 0,95727,3,3,5,10,09,3,0,0,1,0,0,0,0,1
"POINT (10.937569026000062 48.387390725000046)",Unfall 95814 (2018) Kat:3, Licht: 0,95814,3,6,3,10,14,7,0,0,0,1,0,0,1,0
"POINT (10.909691739000039 48.377151691000051)",Unfall 96162 (2018) Kat:3, Licht: 0,96162,3,6,3,10,13,7,0,0,0,1,0,0,0,0
"POINT (10.909046845000034 48.319334324000067)",Unfall 96304 (2018) Kat:3, Licht: 2,96304,3,1,3,10,00,1,0,2,0,1,0,0,0,0
"POINT (10.856466090000026 48.373443962000067)",Unfall 96378 (2018) Kat:3, Licht: 0,96378,3,6,2,10,14,2,0,0,0,1,0,0,0,0
"POINT (10.859701645000030 48.386245320000057)",Unfall 96420 (2018) Kat:3, Licht: 0,96420,3,6,2,10,16,4,0,0,0,1,0,0,0,0
"POINT (10.914513763000059 48.366212112000028)",Unfall 96432 (2018) Kat:3, Licht: 0,96432,3,1,2,10,12,3,0,0,0,1,0,0,0,0
"POINT (10.882050895000077 48.310160304000078)",Unfall 96502 (2018) Kat:3, Licht: 2,96502,3,6,2,10,18,2,0,2,0,1,0,0,0,0
"POINT (10.869475884000053 48.398656958000061)",Unfall 96791 (2018) Kat:3, Licht: 0,96791,3,6,2,10,18,4,0,0,0,1,0,0,0,1
"POINT (10.926396604000047 48.373273519000065)",Unfall 96850 (2018) Kat:2, Licht: 0,96850,2,7,0,10,11,1,0,0,1,0,0,0,0,0
"POINT (10.909052647000067 48.319250374000035)",Unfall 96895 (2018) Kat:3, Licht: 0,96895,3,2,5,10,09,3,0,0,1,0,0,0,0,0
"POINT (10.950985602000060 48.355300634000059)",Unfall 96991 (2018) Kat:3, Licht: 2,96991,3,3,5,10,18,4,1,2,1,1,0,0,0,0
"POINT (10.855325605000075 48.371047593000071)",Unfall 97055 (2018) Kat:3, Licht: 0,97055,3,6,2,10,07,5,0,0,0,1,0,0,0,0
"POINT (10.909916361000057 48.363024262000067)",Unfall 97270 (2018) Kat:3, Licht: 0,97270,3,1,2,10,14,7,0,0,0,1,0,0,0,0
"POINT (10.856391053000038 48.373453383000026)",Unfall 97397 (2018) Kat:3, Licht: 0,97397,3,6,2,10,13,7,1,0,0,1,0,0,0,0
"POINT (10.925703666000061 48.367954423000072)",Unfall 97466 (2018) Kat:3, Licht: 0,97466,3,1,0,10,09,7,1,0,1,0,0,0,0,0
"POINT (10.860598949000064 48.387656794000065)",Unfall 97475 (2018) Kat:3, Licht: 0,97475,3,6,2,10,15,6,0,0,0,1,0,0,0,0
"POINT (10.907645469000045 48.337591872000075)",Unfall 97483 (2018) Kat:3, Licht: 2,97483,3,1,1,10,18,6,0,2,0,1,0,0,0,0
"POINT (10.922216122000066 48.371463543000061)",Unfall 97570 (2018) Kat:3, Licht: 2,97570,3,1,8,11,05,1,0,2,0,1,0,0,0,0
"POINT (10.907610611000052 48.385716893000051)",Unfall 97571 (2018) Kat:3, Licht: 0,97571,3,6,2,11,09,5,0,0,0,1,0,0,0,0
"POINT (10.886665102000052 48.317574859000047)",Unfall 97602 (2018) Kat:3, Licht: 2,97602,3,7,9,10,21,3,0,2,0,1,0,0,0,0
"POINT (10.944034905000024 48.354956458000061)",Unfall 97660 (2018) Kat:3, Licht: 0,97660,3,4,6,11,15,2,0,0,1,0,1,0,0,0
"POINT (10.920221102000028 48.411647251000034)",Unfall 97784 (2018) Kat:3, Licht: 0,97784,3,6,2,11,16,2,0,0,0,1,0,0,0,0
"POINT (10.920282966000059 48.409840311000039)",Unfall 97871 (2018) Kat:3, Licht: 1,97871,3,6,1,11,17,2,0,1,0,1,0,0,0,0
"POINT (10.946340103000068 48.383651942000029)",Unfall 98137 (2018) Kat:3, Licht: 0,98137,3,3,5,11,12,4,0,0,0,1,0,0,0,0
"POINT (10.937951751000071 48.370928642000081)",Unfall 98142 (2018) Kat:3, Licht: 0,98142,3,2,6,11,12,4,0,0,0,1,1,0,0,0
"POINT (10.920305608000035 48.409067103000041)",Unfall 98151 (2018) Kat:3, Licht: 1,98151,3,6,2,11,17,4,0,1,0,1,0,0,0,0
"POINT (10.906868572000064 48.340266290000045)",Unfall 98167 (2018) Kat:3, Licht: 1,98167,3,1,0,11,07,4,0,1,1,0,0,0,0,0
"POINT (10.906470524000042 48.412182559000030)",Unfall 98169 (2018) Kat:3, Licht: 1,98169,3,3,3,11,16,7,0,1,0,1,0,0,0,0
"POINT (10.907641767000030 48.337618473000077)",Unfall 98294 (2018) Kat:3, Licht: 0,98294,3,5,2,11,13,2,0,0,0,1,0,0,0,0
"POINT (10.842708370000025 48.386139054000068)",Unfall 98306 (2018) Kat:3, Licht: 0,98306,3,1,0,11,07,2,1,0,0,0,0,1,0,0
"POINT (10.936529171000075 48.388659960000041)",Unfall 98308 (2018) Kat:3, Licht: 2,98308,3,6,2,11,22,2,0,2,0,1,0,0,0,0
"POINT (10.929145130000052 48.377150972000038)",Unfall 98311 (2018) Kat:2, Licht: 0,98311,2,6,3,11,13,2,0,0,0,1,0,0,1,0
"POINT (10.904017394000050 48.337418929000080)",Unfall 98312 (2018) Kat:3, Licht: 0,98312,3,1,5,11,12,2,0,0,0,1,0,0,0,0
"POINT (10.908780255000067 48.322336424000071)",Unfall 98366 (2018) Kat:3, Licht: 2,98366,3,1,0,11,19,5,1,2,1,0,0,0,0,0
"POINT (10.885636732000023 48.310166154000058)",Unfall 98373 (2018) Kat:3, Licht: 2,98373,3,6,2,11,18,3,1,2,0,1,0,0,0,0
"POINT (10.903617331000021 48.349728576000075)",Unfall 98512 (2018) Kat:3, Licht: 2,98512,3,6,2,11,17,5,0,2,0,1,0,0,0,0
"POINT (10.919967606000057 48.420824259000028)",Unfall 98534 (2018) Kat:3, Licht: 2,98534,3,2,2,11,06,5,1,2,0,1,0,0,0,0
"POINT (10.855589804000033 48.373417663000055)",Unfall 98621 (2018) Kat:3, Licht: 2,98621,3,6,1,11,17,4,1,2,0,1,0,0,0,0
"POINT (10.885678982000059 48.310045396000078)",Unfall 98876 (2018) Kat:2, Licht: 2,98876,2,3,5,11,17,3,1,2,0,1,0,0,0,0
"POINT (10.884721325000044 48.311125850000053)",Unfall 98892 (2018) Kat:2, Licht: 2,98892,2,1,8,11,05,6,1,2,0,1,0,0,0,0
"POINT (10.899898970000038 48.413241970000058)",Unfall 98894 (2018) Kat:3, Licht: 2,98894,3,6,2,11,18,6,0,2,0,1,0,0,1,0
"POINT (10.859001474000024 48.384449688000075)",Unfall 98898 (2018) Kat:3, Licht: 0,98898,3,6,2,11,13,6,0,0,0,1,0,0,0,0
"POINT (10.904181392000055 48.381007483000076)",Unfall 98899 (2018) Kat:3, Licht: 2,98899,3,2,4,11,19,6,0,2,0,1,0,0,0,0
"POINT (10.908662989000049 48.354985293000027)",Unfall 99099 (2018) Kat:3, Licht: 2,99099,3,1,2,11,06,4,0,2,0,1,0,0,0,0
"POINT (10.920289968000077 48.425465163000069)",Unfall 99128 (2018) Kat:3, Licht: 2,99128,3,1,8,11,00,3,2,2,0,0,0,0,0,1
"POINT (10.934991200000070 48.355168157000037)",Unfall 99212 (2018) Kat:3, Licht: 2,99212,3,1,8,11,02,1,1,2,0,1,0,0,0,0
"POINT (10.910457276000045 48.359884945000033)",Unfall 99221 (2018) Kat:3, Licht: 1,99221,3,1,2,11,15,6,0,1,0,1,0,0,0,0
"POINT (10.896337420000066 48.380714886000078)",Unfall 99222 (2018) Kat:3, Licht: 0,99222,3,6,2,11,12,6,0,0,0,1,0,0,0,0
"POINT (10.929112965000058 48.408428646000061)",Unfall 99303 (2018) Kat:3, Licht: 1,99303,3,1,2,11,17,4,1,1,0,1,0,0,0,0
"POINT (10.910391738000044 48.361173317000066)",Unfall 99359 (2018) Kat:3, Licht: 2,99359,3,1,1,11,20,7,0,2,0,1,0,1,0,0
"POINT (10.885644741000021 48.314350731000047)",Unfall 99471 (2018) Kat:3, Licht: 0,99471,3,1,9,11,11,5,0,0,0,1,0,0,0,0
"POINT (10.906488686000046 48.310095633000060)",Unfall 99482 (2018) Kat:3, Licht: 0,99482,3,1,5,11,10,5,0,0,1,0,0,1,0,0
"POINT (10.878728275000071 48.346178830000042)",Unfall 99515 (2018) Kat:3, Licht: 0,99515,3,6,2,11,07,4,1,0,0,1,0,0,0,0
"POINT (10.896854926000060 48.325165915000071)",Unfall 99684 (2018) Kat:3, Licht: 0,99684,3,1,2,12,13,2,0,0,0,1,0,0,0,0
"POINT (10.907441859000073 48.311820909000062)",Unfall 99694 (2018) Kat:2, Licht: 0,99694,2,2,4,12,10,2,1,0,0,1,0,0,0,0
"POINT (10.870660729000065 48.401277845000038)",Unfall 99724 (2018) Kat:3, Licht: 2,99724,3,6,2,11,18,6,0,2,0,1,0,0,1,0
"POINT (10.901748612000063 48.308378511000058)",Unfall 99908 (2018) Kat:3, Licht: 0,99908,3,1,5,12,14,2,0,0,0,1,0,0,0,0
"POINT (10.897980026000027 48.379618685000025)",Unfall 100014 (2018) Kat:3, Licht: 0,100014,3,6,2,12,15,2,1,0,0,1,0,1,0,0
"POINT (10.856466090000026 48.373443962000067)",Unfall 100118 (2018) Kat:3, Licht: 1,100118,3,6,2,12,16,6,0,1,0,1,0,0,0,0
"POINT (10.912909167000066 48.375699286000042)",Unfall 100125 (2018) Kat:3, Licht: 2,100125,3,2,5,12,05,6,1,2,1,1,0,0,0,0
"POINT (10.900179386000048 48.380792003000067)",Unfall 100127 (2018) Kat:3, Licht: 1,100127,3,6,2,12,17,5,0,1,0,1,0,0,0,0
"POINT (10.907445320000022 48.385322677000033)",Unfall 100317 (2018) Kat:3, Licht: 0,100317,3,6,2,12,14,7,0,0,0,1,0,1,0,0
"POINT (10.848984189000021 48.374366791000057)",Unfall 100374 (2018) Kat:3, Licht: 0,100374,3,4,6,12,16,5,0,0,0,1,1,0,0,0
"POINT (10.906621213000051 48.353684808000025)",Unfall 100433 (2018) Kat:3, Licht: 0,100433,3,1,3,12,07,5,1,0,0,1,0,0,1,0
"POINT (10.886616352000033 48.329786095000031)",Unfall 100468 (2018) Kat:3, Licht: 0,100468,3,6,3,12,15,5,0,0,0,1,0,0,1,0
"POINT (10.856684892000033 48.352550147000045)",Unfall 100498 (2018) Kat:3, Licht: 0,100498,3,1,2,12,08,2,1,0,0,1,0,0,0,0
"POINT (10.880461005000029 48.385660998000048)",Unfall 100577 (2018) Kat:3, Licht: 1,100577,3,2,6,12,16,7,0,1,0,1,1,0,0,0
"POINT (10.867507975000024 48.336563856000055)",Unfall 100820 (2018) Kat:3, Licht: 1,100820,3,2,5,12,16,2,1,1,0,1,0,0,0,0
"POINT (10.905102530000022 48.308009819000063)",Unfall 100933 (2018) Kat:3, Licht: 2,100933,3,3,4,12,18,2,1,2,0,1,0,0,0,0
"POINT (10.885870319000048 48.310032607000039)",Unfall 101081 (2018) Kat:3, Licht: 2,101081,3,1,5,12,18,6,1,2,0,1,0,0,0,0
"POINT (10.945752418000041 48.355067511000072)",Unfall 101132 (2018) Kat:3, Licht: 2,101132,3,6,2,12,07,4,1,2,0,1,0,0,0,0
"POINT (10.899195025000040 48.380038952000064)",Unfall 101195 (2018) Kat:3, Licht: 0,101195,3,6,2,12,10,3,1,0,0,1,0,0,0,1
"POINT (10.946171707000076 48.355075725000063)",Unfall 101207 (2018) Kat:3, Licht: 0,101207,3,6,1,12,13,3,0,0,0,1,0,0,0,0
"POINT (10.895853112000054 48.413625730000035)",Unfall 101264 (2018) Kat:3, Licht: 0,101264,3,6,2,12,13,6,0,0,0,1,0,0,0,0
"POINT (10.902134144000058 48.381769727000062)",Unfall 101343 (2018) Kat:3, Licht: 0,101343,3,3,5,12,13,2,0,0,1,1,0,0,0,0
"POINT (10.903414574000067 48.350661194000054)",Unfall 101400 (2018) Kat:3, Licht: 0,101400,3,1,2,12,12,5,0,0,0,1,0,0,0,0
"POINT (10.929028969000058 48.380080198000030)",Unfall 101812 (2018) Kat:2, Licht: 2,101812,2,2,6,12,07,2,1,2,0,1,1,0,0,0
"POINT (10.885706134000031 48.367637407000075)",Unfall 170988 (2018) Kat:3, Licht: 0,170988,3,5,2,01,12,4,1,0,0,1,0,0,0,0
"POINT (10.917509618000054 48.383441421000043)",Unfall 170993 (2018) Kat:3, Licht: 0,170993,3,2,6,01,11,4,0,0,0,0,1,0,0,1
"POINT (10.883439906000035 48.339572232000080)",Unfall 170994 (2018) Kat:3, Licht: 2,170994,3,6,2,01,18,4,0,2,0,1,0,0,0,0
"POINT (10.898581092000029 48.370608262000076)",Unfall 170996 (2018) Kat:2, Licht: 0,170996,2,4,6,01,15,4,1,0,0,1,1,0,0,0