WKT,Name,OBJECTID,UKATEGORIE,UTYP1,UART,UMONAT,USTUNDE,UWOCHENTAG,STRZUSTAND,ULICHTVERH,ISTRAD,ISTPKW,ISTFUSS,ISTKRAD,ISTGKFZ,ISTSONSTIG
"POINT (10.885686576000069 48.379089327000031)",Unfall 170998 (2018) Kat:3, Licht: 2,170998,3,3,5,01,21,4,1,2,0,1,0,0,0,0
"POINT (10.900444839000045 48.359588402000043)",Unfall 171067 (2018) Kat:3, Licht: 0,171067,3,6,2,01,10,3,1,0,0,1,0,0,0,0
"POINT (10.899553206000064 48.340224803000069)",Unfall 171132 (2018) Kat:3, Licht: 2,171132,3,4,6,01,04,2,1,2,0,1,1,0,0,0
"POINT (10.871964380000065 48.333972884000048)",Unfall 171271 (2018) Kat:3, Licht: 0,171271,3,1,0,01,13,2,0,0,0,1,0,0,0,0
"POINT (10.858590664000076 48.391276233000042)",Unfall 171310 (2018) Kat:3, Licht: 2,171310,3,2,6,01,19,1,0,2,0,1,1,0,0,0
"POINT (10.922342764000064 48.375772229000063)",Unfall 171312 (2018) Kat:3, Licht: 0,171312,3,3,5,01,13,1,0,0,0,1,0,0,0,0
"POINT (10.909453283000062 48.370432098000038)",Unfall 171340 (2018) Kat:3, Licht: 2,171340,3,2,2,01,17,7,0,2,0,1,0,0,0,0
"POINT (10.853055658000073 48.384719699000073)",Unfall 171370 (2018) Kat:3, Licht: 2,171370,3,6,4,01,18,4,0,2,1,1,0,0,0,0
"POINT (10.891303363000077 48.365125693000039)",Unfall 171373 (2018) Kat:3, Licht: 0,171373,3,6,2,01,13,4,0,0,0,1,0,0,0,0
"POINT (10.860953460000076 48.355942862000063)",Unfall 171393 (2018) Kat:3, Licht: 0,171393,3,6,1,01,12,6,0,0,1,1,0,0,0,0
"POINT (10.937058063000052 48.375053281000078)",Unfall 171449 (2018) Kat:3, Licht: 0,171449,3,3,5,01,10,3,0,0,0,1,0,0,0,0
"POINT (10.874924470000053 48.371022399000026)",Unfall 171469 (2018) Kat:3, Licht: 1,171469,3,3,5,01,07,5,1,1,1,1,0,0,0,0
"POINT (10.915292998000041 48.394877600000029)",Unfall 171539 (2018) Kat:3, Licht: 0,171539,3,3,5,01,12,2,0,0,1,1,0,0,0,0
"POINT (10.885835601000053 48.345718747000035)",Unfall 171541 (2018) Kat:3, Licht: 0,171541,3,3,5,01,16,2,0,0,1,1,0,0,0,0
"POINT (10.879594001000044 48.387687707000055)",Unfall 171563 (2018) Kat:3, Licht: 0,171563,3,6,2,01,15,5,0,0,0,1,0,0,0,0
"POINT (10.954567628000063 48.380842272000052)",Unfall 171643 (2018) Kat:3, Licht: 2,171643,3,3,5,01,20,7,1,2,1,1,0,0,0,0
"POINT (10.885832408000056 48.345645228000080)",Unfall 171646 (2018) Kat:3, Licht: 2,171646,3,3,5,01,17,7,0,2,0,1,0,0,0,0
"POINT (10.890079349000075 48.370212052000056)",Unfall 171647 (2018) Kat:3, Licht: 2,171647,3,2,4,01,05,7,1,2,0,1,0,0,0,0
"POINT (10.900915351000037 48.377170771000067)",Unfall 171649 (2018) Kat:2, Licht: 2,171649,2,2,6,01,17,7,0,2,0,1,1,0,0,0
"POINT (10.883821288000036 48.366763138000067)",Unfall 171716 (2018) Kat:3, Licht: 0,171716,3,7,6,01,10,6,0,0,1,0,1,0,0,0
"POINT (10.910033945000066 48.364294729000051)",Unfall 171773 (2018) Kat:3, Licht: 2,171773,3,6,2,01,18,7,2,2,0,1,0,0,0,0
"POINT (10.878862566000066 48.350664963000042)",Unfall 171789 (2018) Kat:3, Licht: 0,171789,3,2,5,01,07,5,1,0,1,1,0,0,0,0
"POINT (10.868350203000034 48.371628629000043)",Unfall 171838 (2018) Kat:3, Licht: 0,171838,3,3,5,01,14,3,0,0,0,1,0,0,0,0
"POINT (10.875275227000031 48.398588808000056)",Unfall 171853 (2018) Kat:3, Licht: 2,171853,3,2,1,01,21,6,1,2,1,1,0,0,0,0
"POINT (10.915435063000075 48.391415895000080)",Unfall 171866 (2018) Kat:3, Licht: 0,171866,3,3,5,01,14,7,0,0,1,1,0,0,0,0
"POINT (10.923119910000025 48.376274382000076)",Unfall 171907 (2018) Kat:3, Licht: 0,171907,3,3,5,01,12,2,2,0,0,1,0,0,0,0
"POINT (10.871294138000053 48.398931793000031)",Unfall 171916 (2018) Kat:3, Licht: 1,171916,3,2,4,01,07,2,1,1,0,1,0,0,0,1
"POINT (10.914975176000041 48.387417342000049)",Unfall 171917 (2018) Kat:3, Licht: 0,171917,3,7,0,01,13,2,1,0,0,1,1,0,0,0
"POINT (10.878340851000075 48.369970667000075)",Unfall 171971 (2018) Kat:2, Licht: 2,171971,2,3,5,01,07,4,1,2,1,1,0,0,0,0
"POINT (10.875136965000024 48.344892780000066)",Unfall 171981 (2018) Kat:3, Licht: 0,171981,3,3,5,01,08,4,1,0,1,1,0,0,0,0
"POINT (10.878415842000038 48.343251700000053)",Unfall 171986 (2018) Kat:2, Licht: 0,171986,2,7,0,01,13,4,1,0,0,0,0,0,0,1
"POINT (10.886827040000071 48.378012821000027)",Unfall 171990 (2018) Kat:3, Licht: 0,171990,3,5,3,01,14,4,1,0,0,1,0,0,0,1
"POINT (10.910531412000068 48.396501705000048)",Unfall 171994 (2018) Kat:2, Licht: 2,171994,2,3,0,01,18,1,1,2,0,1,0,0,0,1
"POINT (10.922379530000057 48.353007597000044)",Unfall 171996 (2018) Kat:3, Licht: 0,171996,3,1,0,01,14,1,0,0,1,0,0,0,0,0
"POINT (10.903864311000063 48.365776935000042)",Unfall 171997 (2018) Kat:3, Licht: 2,171997,3,3,5,01,05,1,1,2,0,1,0,0,1,0
"POINT (10.888148683000054 48.365353945000038)",Unfall 171998 (2018) Kat:3, Licht: 1,171998,3,1,0,01,16,4,1,1,1,0,0,0,0,0
"POINT (10.896318835000045 48.405999353000027)",Unfall 172051 (2018) Kat:3, Licht: 0,172051,3,3,5,01,15,6,0,0,0,1,0,0,0,0
"POINT (10.892329118000021 48.369716489000041)",Unfall 172052 (2018) Kat:2, Licht: 0,172052,2,4,6,01,12,6,0,0,0,1,1,0,0,0
"POINT (10.901646855000024 48.375540395000030)",Unfall 172053 (2018) Kat:3, Licht: 0,172053,3,3,5,01,09,6,0,0,1,1,0,0,0,0
"POINT (10.882383313000048 48.355119577000039)",Unfall 172091 (2018) Kat:3, Licht: 1,172091,3,3,5,01,17,3,0,1,0,1,0,0,0,0
"POINT (10.888272883000070 48.377833730000077)",Unfall 172093 (2018) Kat:3, Licht: 1,172093,3,4,6,01,07,3,0,1,0,1,1,0,0,0
"POINT (10.909627992000026 48.370331041000043)",Unfall 172143 (2018) Kat:2, Licht: 0,172143,2,2,6,01,10,5,0,0,0,1,1,0,0,0
"POINT (10.913997771000027 48.377692185000058)",Unfall 172187 (2018) Kat:3, Licht: 2,172187,3,2,6,01,17,2,0,2,0,0,1,0,0,1
"POINT (10.919818643000042 48.367961046000062)",Unfall 172189 (2018) Kat:3, Licht: 0,172189,3,7,0,01,15,2,0,0,1,1,0,0,0,0
"POINT (10.901535630000069 48.300357039000062)",Unfall 172192 (2018) Kat:3, Licht: 0,172192,3,6,2,01,12,2,0,0,0,1,0,0,0,0
"POINT (10.857747670000037 48.395529597000063)",Unfall 172243 (2018) Kat:3, Licht: 0,172243,3,7,6,01,12,4,0,0,0,1,1,0,0,0
"POINT (10.924945435000041 48.377160548000063)",Unfall 172246 (2018) Kat:3, Licht: 0,172246,3,5,3,01,10,4,0,0,0,1,0,0,0,0
"POINT (10.904468748000056 48.358511854000028)",Unfall 172249 (2018) Kat:3, Licht: 0,172249,3,1,3,01,12,4,1,0,0,1,0,1,0,0
"POINT (10.891926366000064 48.362026363000041)",Unfall 172251 (2018) Kat:3, Licht: 1,172251,3,3,0,01,07,4,0,1,0,1,0,1,0,0
"POINT (10.909885451000036 48.404850317000069)",Unfall 172270 (2018) Kat:3, Licht: 2,172270,3,3,0,01,05,7,1,2,1,1,0,0,0,0
"POINT (10.912670856000034 48.386790245000043)",Unfall 172290 (2018) Kat:2, Licht: 0,172290,2,3,5,02,11,6,0,0,0,1,0,0,0,0
"POINT (10.879605001000073 48.365268963000062)",Unfall 172291 (2018) Kat:3, Licht: 0,172291,3,3,5,02,09,6,1,0,0,1,0,0,0,0
"POINT (10.880884640000033 48.404472369000075)",Unfall 172313 (2018) Kat:3, Licht: 2,172313,3,3,5,02,21,3,0,2,0,1,0,0,0,0
"POINT (10.882843885000057 48.378503924000029)",Unfall 172315 (2018) Kat:3, Licht: 0,172315,3,5,1,02,10,3,0,0,0,1,0,0,0,0
"POINT (10.869801398000050 48.371922267000059)",Unfall 172362 (2018) Kat:3, Licht: 0,172362,3,4,6,02,16,5,0,0,0,1,1,0,0,0
"POINT (10.858170228000063 48.357817726000064)",Unfall 172364 (2018) Kat:3, Licht: 0,172364,3,1,0,02,15,5,1,0,1,0,0,0,0,0
"POINT (10.912688752000065 48.368317769000043)",Unfall 172366 (2018) Kat:3, Licht: 2,172366,3,2,6,02,22,5,0,2,0,1,1,0,0,0
"POINT (10.865791714000068 48.309159754000063)",Unfall 172368 (2018) Kat:3, Licht: 2,172368,3,1,8,02,06,5,1,2,0,1,0,0,0,0
"POINT (10.903784012000074 48.374441980000029)",Unfall 172371 (2018) Kat:3, Licht: 2,172371,3,2,4,02,17,5,1,2,1,1,0,0,0,0
"POINT (10.894323770000028 48.369965814000068)",Unfall 172375 (2018) Kat:2, Licht: 2,172375,2,4,6,02,23,5,0,2,0,1,1,0,0,0
"POINT (10.893793200000061 48.353152311000031)",Unfall 172409 (2018) Kat:3, Licht: 0,172409,3,1,0,02,12,2,0,0,1,0,0,0,0,0
"POINT (10.868079023000064 48.338271214000031)",Unfall 172463 (2018) Kat:3, Licht: 0,172463,3,6,3,01,13,4,0,0,1,0,0,0,0,1
"POINT (10.878923698000051 48.370835490000047)",Unfall 172465 (2018) Kat:3, Licht: 1,172465,3,3,5,02,17,1,1,1,1,1,0,0,0,0
"POINT (10.855585747000077 48.384083226000030)",Unfall 172551 (2018) Kat:3, Licht: 2,172551,3,7,1,02,17,6,2,2,1,0,0,0,1,0
"POINT (10.881430666000028 48.389760033000073)",Unfall 172642 (2018) Kat:3, Licht: 0,172642,3,6,2,02,13,2,1,0,0,1,0,0,0,1
"POINT (10.847579470000028 48.385228937000079)",Unfall 172683 (2018) Kat:3, Licht: 0,172683,3,3,5,02,08,4,1,0,0,1,0,0,0,0
"POINT (10.915648321000049 48.395596669000042)",Unfall 172685 (2018) Kat:3, Licht: 2,172685,3,3,5,02,06,4,0,2,1,1,0,0,0,0
"POINT (10.909903287000077 48.371267746000058)",Unfall 172835 (2018) Kat:3, Licht: 0,172835,3,6,2,02,08,6,1,0,0,1,0,0,0,0
"POINT (10.901013784000043 48.370600695000064)",Unfall 172897 (2018) Kat:3, Licht: 0,172897,3,6,2,02,15,5,1,0,0,1,0,0,0,0
"POINT (10.887680659000068 48.365640232000032)",Unfall 172940 (2018) Kat:3, Licht: 2,172940,3,5,1,02,05,2,1,2,0,1,0,0,0,0
"POINT (10.859874281000032 48.372978999000054)",Unfall 172993 (2018) Kat:3, Licht: 2,172993,3,6,2,02,19,4,0,2,0,1,0,0,0,0
"POINT (10.916528634000031 48.383472332000053)",Unfall 172996 (2018) Kat:3, Licht: 0,172996,3,3,5,02,12,4,0,0,1,1,0,0,0,0
"POINT (10.899977796000030 48.370636668000031)",Unfall 172999 (2018) Kat:3, Licht: 2,172999,3,1,0,02,23,4,0,2,1,0,0,0,0,0
"POINT (10.897584679000033 48.371919374000072)",Unfall 173001 (2018) Kat:3, Licht: 2,173001,3,6,4,02,17,4,0,2,1,1,0,0,0,0
"POINT (10.878184329000021 48.369899262000047)",Unfall 173044 (2018) Kat:3, Licht: 0,173044,3,6,1,02,16,7,2,0,0,1,0,0,0,1
"POINT (10.879019742000025 48.367279588000031)",Unfall 173045 (2018) Kat:3, Licht: 0,173045,3,3,5,02,13,7,2,0,0,1,0,0,0,0
"POINT (10.887530265000066 48.377927213000078)",Unfall 173048 (2018) Kat:3, Licht: 2,173048,3,5,1,02,19,7,2,2,0,1,0,0,0,0
"POINT (10.872048532000065 48.357629733000067)",Unfall 173063 (2018) Kat:3, Licht: 0,173063,3,3,5,02,16,1,0,0,0,1,0,0,0,0
"POINT (10.880766772000072 48.392754854000032)",Unfall 173064 (2018) Kat:3, Licht: 2,173064,3,4,6,02,20,1,0,2,0,1,1,0,0,0
"POINT (10.906187033000037 48.368944680000027)",Unfall 173093 (2018) Kat:2, Licht: 0,173093,2,1,0,02,14,7,2,0,1,0,0,0,0,0
"POINT (10.881801248000045 48.393973011000071)",Unfall 173129 (2018) Kat:3, Licht: 0,173129,3,6,2,02,17,4,0,0,0,1,0,0,0,0
"POINT (10.922799952000048 48.362134867000066)",Unfall 173130 (2018) Kat:3, Licht: 0,173130,3,7,0,02,09,4,0,0,1,0,1,0,0,0
"POINT (10.901493761000040 48.359624128000064)",Unfall 173133 (2018) Kat:3, Licht: 0,173133,3,6,2,02,09,4,0,0,0,1,0,0,0,0
"POINT (10.883033232000059 48.354049235000048)",Unfall 173153 (2018) Kat:3, Licht: 0,173153,3,6,2,02,13,6,0,0,0,1,0,0,0,1
"POINT (10.937523883000040 48.373993094000070)",Unfall 173155 (2018) Kat:3, Licht: 0,173155,3,2,4,02,07,6,0,0,0,1,0,1,0,0
"POINT (10.909470313000043 48.370104717000061)",Unfall 173208 (2018) Kat:3, Licht: 0,173208,3,6,1,02,07,3,0,0,0,1,0,0,0,0
"POINT (10.896403407000037 48.375716137000040)",Unfall 173210 (2018) Kat:3, Licht: 0,173210,3,7,8,02,16,3,2,0,0,1,0,0,0,0
"POINT (10.916213338000034 48.387804398000071)",Unfall 173218 (2018) Kat:3, Licht: 0,173218,3,2,2,02,07,5,0,0,0,1,0,0,0,0
"POINT (10.854556677000062 48.379904497000041)",Unfall 173300 (2018) Kat:3, Licht: 0,173300,3,6,1,02,16,4,0,0,0,1,0,0,0,0
"POINT (10.903952905000040 48.358479816000056)",Unfall 173301 (2018) Kat:3, Licht: 2,173301,3,7,0,02,18,4,0,2,0,0,1,0,0,1
"POINT (10.900203338000040 48.346047751000071)",Unfall 173303 (2018) Kat:3, Licht: 0,173303,3,2,4,02,09,4,1,0,0,1,0,0,0,0
"POINT (10.877037119000022 48.348364116000027)",Unfall 173304 (2018) Kat:3, Licht: 0,173304,3,7,0,02,12,4,0,0,1,1,0,0,0,0
"POINT (10.903500072000043 48.366450106000059)",Unfall 173306 (2018) Kat:3, Licht: 0,173306,3,4,6,02,14,4,0,0,0,1,1,0,0,0
"POINT (10.916481497000063 48.381772774000069)",Unfall 173328 (2018) Kat:3, Licht: 0,173328,3,6,2,03,14,2,0,0,0,1,0,1,0,0
"POINT (10.933347432000062 48.382998600000064)",Unfall 173368 (2018) Kat:3, Licht: 0,173368,3,2,2,03,07,5,0,0,0,1,0,0,0,1
"POINT (10.884861321000074 48.342471007000029)",Unfall 173371 (2018) Kat:2, Licht: 0,173371,2,7,6,03,15,5,0,0,0,1,1,0,0,0
"POINT (10.920064829000069 48.392600074000029)",Unfall 173387 (2018) Kat:3, Licht: 0,173387,3,1,0,03,15,1,0,0,1,0,0,0,0,0
"POINT (10.885599551000041 48.378172582000047)",Unfall 173446 (2018) Kat:3, Licht: 0,173446,3,2,2,03,10,7,0,0,0,1,0,0,0,0
"POINT (10.901008037000054 48.370645379000052)",Unfall 173448 (2018) Kat:3, Licht: 0,173448,3,3,5,03,12,7,0,0,0,1,0,0,0,0
"POINT (10.882314817000065 48.386454567000044)",Unfall 173450 (2018) Kat:3, Licht: 0,173450,3,6,8,03,13,4,0,0,1,1,0,0,0,0
"POINT (10.887094601000058 48.375921397000070)",Unfall 173454 (2018) Kat:3, Licht: 0,173454,3,1,9,03,16,4,0,0,1,0,0,0,0,0
"POINT (10.892134422000026 48.362490687000047)",Unfall 173457 (2018) Kat:3, Licht: 0,173457,3,1,0,03,09,4,1,0,1,0,0,0,0,0
"POINT (10.914309782000032 48.377925893000054)",Unfall 173513 (2018) Kat:3, Licht: 2,173513,3,7,0,03,21,6,1,2,0,0,0,0,0,1
"POINT (10.885974397000041 48.348834806000070)",Unfall 173514 (2018) Kat:3, Licht: 2,173514,3,6,2,03,18,6,0,2,0,1,0,0,0,0
"POINT (10.905074294000030 48.358698478000065)",Unfall 173523 (2018) Kat:3, Licht: 0,173523,3,5,2,03,17,3,0,0,0,1,0,0,0,0
"POINT (10.883345719000033 48.378447540000082)",Unfall 173585 (2018) Kat:3, Licht: 2,173585,3,7,0,03,18,5,1,2,0,1,0,1,0,0
"POINT (10.873671232000049 48.398677420000070)",Unfall 173631 (2018) Kat:3, Licht: 0,173631,3,3,5,03,11,5,0,0,1,1,0,0,0,0
"POINT (10.880453309000075 48.382336169000041)",Unfall 173633 (2018) Kat:2, Licht: 2,173633,2,4,6,03,20,5,1,2,0,0,1,0,0,1
"POINT (10.900837398000021 48.298889207000059)",Unfall 173634 (2018) Kat:3, Licht: 0,173634,3,6,3,03,17,2,0,0,0,1,0,0,0,0
"POINT (10.892872352000040 48.320601644000078)",Unfall 173635 (2018) Kat:3, Licht: 0,173635,3,6,4,03,14,5,0,0,0,1,0,1,0,0
"POINT (10.882690591000028 48.378004596000039)",Unfall 173636 (2018) Kat:3, Licht: 0,173636,3,6,3,03,07,2,1,0,0,1,0,0,1,0
"POINT (10.920492398000022 48.385168031000035)",Unfall 173761 (2018) Kat:3, Licht: 0,173761,3,5,1,03,12,7,1,0,1,1,0,0,0,0
"POINT (10.868515553000066 48.385952855000028)",Unfall 173762 (2018) Kat:3, Licht: 2,173762,3,4,6,03,04,4,0,2,0,1,1,0,0,0
"POINT (10.910441135000042 48.361166521000030)",Unfall 173764 (2018) Kat:3, Licht: 0,173764,3,2,5,03,10,7,1,0,0,1,0,0,0,1
"POINT (10.882212471000059 48.380087086000060)",Unfall 173765 (2018) Kat:3, Licht: 0,173765,3,3,5,03,09,4,1,0,0,1,0,0,0,0
"POINT (10.905963632000066 48.359397184000045)",Unfall 173766 (2018) Kat:3, Licht: 2,173766,3,1,0,03,05,7,0,2,1,0,0,0,0,0
"POINT (10.933995448000076 48.368410525000058)",Unfall 173769 (2018) Kat:3, Licht: 0,173769,3,2,3,03,07,4,0,0,1,1,0,0,0,0
"POINT (10.877831702000037 48.349826100000030)",Unfall 173771 (2018) Kat:3, Licht: 0,173771,3,2,5,03,17,4,0,0,1,1,0,0,0,0
"POINT (10.901016906000052 48.370576421000067)",Unfall 173773 (2018) Kat:3, Licht: 0,173773,3,4,6,03,15,4,0,0,1,0,1,0,0,0
"POINT (10.870090248000054 48.376024458000074)",Unfall 173843 (2018) Kat:3, Licht: 0,173843,3,3,5,03,13,6,0,0,1,1,0,0,0,0
"POINT (10.888249074000043 48.369191005000062)",Unfall 173845 (2018) Kat:2, Licht: 0,173845,2,4,6,03,12,6,0,0,0,1,1,0,0,0
"POINT (10.901009106000060 48.370637078000073)",Unfall 173861 (2018) Kat:3, Licht: 0,173861,3,3,5,03,10,3,0,0,0,1,0,0,0,1
"POINT (10.909860715000036 48.371189902000026)",Unfall 173866 (2018) Kat:3, Licht: 0,173866,3,2,0,03,10,3,0,0,0,1,0,0,0,1
"POINT (10.889973964000035 48.310954687000049)",Unfall 173944 (2018) Kat:3, Licht: 0,173944,3,6,2,03,07,3,1,0,0,1,0,0,0,0
"POINT (10.901003450000076 48.370681056000080)",Unfall 173954 (2018) Kat:3, Licht: 0,173954,3,3,1,03,14,2,0,0,1,1,0,0,0,0
"POINT (10.899012815000049 48.375831267000081)",Unfall 173959 (2018) Kat:3, Licht: 0,173959,3,4,6,03,13,2,0,0,0,1,1,0,0,0
"POINT (10.875729728000067 48.350336345000073)",Unfall 173963 (2018) Kat:3, Licht: 0,173963,3,1,1,03,15,4,0,0,1,1,0,0,0,0
"POINT (10.900080204000062 48.345724533000066)",Unfall 174043 (2018) Kat:3, Licht: 0,174043,3,6,2,03,15,3,0,0,0,1,0,0,0,0
"POINT (10.915478828000062 48.395514922000075)",Unfall 174058 (2018) Kat:3, Licht: 0,174058,3,3,5,03,11,7,0,0,1,1,0,0,0,0
"POINT (10.899631561000035 48.379030541000077)",Unfall 174121 (2018) Kat:3, Licht: 0,174121,3,6,2,03,15,4,0,0,0,1,0,0,0,0
"POINT (10.886886764000053 48.378005534000067)",Unfall 174123 (2018) Kat:3, Licht: 0,174123,3,6,0,03,12,6,0,0,0,1,0,0,0,1
"POINT (10.862805829000024 48.403933333000055)",Unfall 174141 (2018) Kat:3, Licht: 2,174141,3,5,1,03,23,6,0,2,0,0,0,0,1,0
"POINT (10.849949854000045 48.385028841000064)",Unfall 174144 (2018) Kat:3, Licht: 0,174144,3,3,5,03,18,6,0,0,0,1,0,0,0,0
"POINT (10.858803380000040 48.385008412000047)",Unfall 174145 (2018) Kat:2, Licht: 0,174145,2,3,5,03,13,6,0,0,1,1,0,0,0,0
"POINT (10.885005466000052 48.373348769000074)",Unfall 174148 (2018) Kat:3, Licht: 0,174148,3,3,5,03,10,6,0,0,0,1,0,0,0,1
"POINT (10.893289880000054 48.370734352000056)",Unfall 174210 (2018) Kat:3, Licht: 1,174210,3,3,5,03,19,4,1,1,1,1,0,0,0,0
"POINT (10.891535613000030 48.369112455000050)",Unfall 174212 (2018) Kat:3, Licht: 0,174212,3,7,0,03,17,4,1,0,1,0,0,0,0,0
"POINT (10.945874126000035 48.356649420000053)",Unfall 174281 (2018) Kat:3, Licht: 0,174281,3,4,6,03,12,5,0,0,0,1,1,0,0,0
"POINT (10.884227329000055 48.366963341000030)",Unfall 174286 (2018) Kat:2, Licht: 0,174286,2,4,6,03,17,5,0,0,0,1,1,0,0,0
"POINT (10.891344603000050 48.353360459000044)",Unfall 174287 (2018) Kat:3, Licht: 0,174287,3,7,0,03,14,3,0,0,1,1,0,0,0,0
"POINT (10.890058691000036 48.370225169000037)",Unfall 174290 (2018) Kat:2, Licht: 0,174290,2,2,4,03,16,3,0,0,0,1,0,1,0,0
"POINT (10.931022779000045 48.371915529000034)",Unfall 174295 (2018) Kat:3, Licht: 2,174295,3,7,0,03,20,7,0,2,0,0,0,0,0,1
"POINT (10.874401950000049 48.381510109000033)",Unfall 174371 (2018) Kat:3, Licht: 2,174371,3,6,1,03,21,2,0,2,0,1,0,0,0,0
"POINT (10.883257713000035 48.375820251000050)",Unfall 174414 (2018) Kat:3, Licht: 0,174414,3,3,5,04,17,2,0,0,1,1,0,0,0,0
"POINT (10.911164040000074 48.364144818000057)",Unfall 174435 (2018) Kat:3, Licht: 0,174435,3,7,0,04,13,1,0,0,1,0,0,0,0,0
"POINT (10.946274551000045 48.342159559000038)",Unfall 174450 (2018) Kat:3, Licht: 1,174450,3,7,0,04,19,4,0,1,1,0,0,0,0,0
"POINT (10.910497540000051 48.358270961000073)",Unfall 174452 (2018) Kat:3, Licht: 0,174452,3,7,0,04,11,4,0,0,1,0,1,0,0,0
"POINT (10.898267490000023 48.368680073000064)",Unfall 174454 (2018) Kat:3, Licht: 0,174454,3,7,6,04,15,4,0,0,1,0,1,0,0,0
"POINT (10.881252795000023 48.398053262000076)",Unfall 174461 (2018) Kat:3, Licht: 0,174461,3,7,1,03,19,7,0,0,0,1,0,0,0,0
"POINT (10.853429462000065 48.391791646000058)",Unfall 174518 (2018) Kat:3, Licht: 0,174518,3,7,0,03,13,6,0,0,1,1,0,0,0,0
"POINT (10.914198339000052 48.377489220000029)",Unfall 174520 (2018) Kat:3, Licht: 0,174520,3,7,2,03,16,6,0,0,0,1,0,0,0,0
"POINT (10.902229554000030 48.356613509000056)",Unfall 174521 (2018) Kat:2, Licht: 0,174521,2,5,1,03,17,6,0,0,0,1,0,1,0,0
"POINT (10.901531746000046 48.310807263000072)",Unfall 174572 (2018) Kat:3, Licht: 0,174572,3,2,4,04,17,3,0,0,1,1,0,0,0,0
"POINT (10.897816170000056 48.359844487000032)",Unfall 174573 (2018) Kat:2, Licht: 0,174573,2,1,0,04,11,3,0,0,0,1,0,1,0,0
"POINT (10.880277857000067 48.365469359000031)",Unfall 174575 (2018) Kat:3, Licht: 0,174575,3,5,1,04,18,3,0,0,1,1,0,0,0,0
"POINT (10.891453804000037 48.372029416000032)",Unfall 174577 (2018) Kat:3, Licht: 0,174577,3,3,5,04,11,3,0,0,0,1,0,0,0,0
"POINT (10.887497043000053 48.351513212000043)",Unfall 174592 (2018) Kat:3, Licht: 0,174592,3,6,4,03,13,5,0,0,0,1,0,0,0,1
"POINT (10.904216534000057 48.365101217000074)",Unfall 174596 (2018) Kat:2, Licht: 1,174596,2,2,4,03,18,5,0,1,0,1,0,0,0,0
"POINT (10.877897160000032 48.349804289000076)",Unfall 174598 (2018) Kat:3, Licht: 0,174598,3,6,0,03,11,5,0,0,0,1,0,0,0,1
"POINT (10.888621482000076 48.369094697000037)",Unfall 174600 (2018) Kat:3, Licht: 0,174600,3,4,6,03,08,5,0,0,0,0,1,1,0,0
"POINT (10.902866210000070 48.362009950000072)",Unfall 174603 (2018) Kat:3, Licht: 0,174603,3,2,1,03,11,5,0,0,0,1,0,0,0,0
"POINT (10.884695324000063 48.378286141000046)",Unfall 174604 (2018) Kat:3, Licht: 0,174604,3,3,5,03,07,5,0,0,0,1,0,0,0,0
"POINT (10.878561687000058 48.369945658000063)",Unfall 174682 (2018) Kat:3, Licht: 2,174682,3,2,5,04,22,6,0,2,1,1,0,0,0,0
"POINT (10.915233518000036 48.390947507000078)",Unfall 174685 (2018) Kat:3, Licht: 0,174685,3,2,0,04,17,6,0,0,0,1,0,0,0,1
"POINT (10.902491556000030 48.302462135000042)",Unfall 174686 (2018) Kat:3, Licht: 2,174686,3,1,0,04,22,6,0,2,1,0,0,0,0,0
"POINT (10.902688863000037 48.358693768000080)",Unfall 174688 (2018) Kat:3, Licht: 0,174688,3,7,1,04,16,6,0,0,0,1,0,1,0,0
"POINT (10.897884238000074 48.370575645000031)",Unfall 174689 (2018) Kat:3, Licht: 0,174689,3,2,4,04,12,6,0,0,0,1,0,0,0,0
"POINT (10.902039963000050 48.310814293000078)",Unfall 174725 (2018) Kat:2, Licht: 0,174725,2,7,1,04,17,1,0,0,0,1,0,1,0,0
"POINT (10.902086241000063 48.304780103000041)",Unfall 174727 (2018) Kat:3, Licht: 0,174727,3,5,1,04,14,1,0,0,0,1,0,0,0,1
"POINT (10.884845219000056 48.342433503000052)",Unfall 174729 (2018) Kat:3, Licht: 0,174729,3,6,3,04,18,1,0,0,0,1,0,1,0,0
"POINT (10.897487714000022 48.364383099000065)",Unfall 174730 (2018) Kat:3, Licht: 2,174730,3,5,1,04,03,1,0,2,1,1,0,0,0,0
"POINT (10.874191798000027 48.388038082000037)",Unfall 174818 (2018) Kat:3, Licht: 0,174818,3,6,1,04,16,5,1,0,0,1,0,1,0,0
"POINT (10.887692808000054 48.376510949000078)",Unfall 174821 (2018) Kat:3, Licht: 0,174821,3,5,1,04,16,5,0,0,0,1,0,0,0,0
"POINT (10.904123360000028 48.371116496000070)",Unfall 174837 (2018) Kat:3, Licht: 0,174837,3,3,5,04,15,7,0,0,0,1,0,0,0,0
"POINT (10.884969129000069 48.373291278000067)",Unfall 174839 (2018) Kat:3, Licht: 0,174839,3,5,3,04,18,7,0,0,0,1,0,0,0,0
"POINT (10.899631915000043 48.371208508000052)",Unfall 174840 (2018) Kat:3, Licht: 0,174840,3,7,0,04,08,7,0,0,1,0,1,0,0,0