WKT,Name,OBJECTID,UKATEGORIE,UTYP1,UART,UMONAT,USTUNDE,UWOCHENTAG,STRZUSTAND,ULICHTVERH,ISTRAD,ISTPKW,ISTFUSS,ISTKRAD,ISTGKFZ,ISTSONSTIG
"POINT (10.909803549000060 48.386444645000040)",Unfall 174977 (2018) Kat:2, Licht: 0,174977,2,3,5,04,17,3,0,0,1,1,0,0,0,0
"POINT (10.899959503000048 48.351631138000073)",Unfall 174979 (2018) Kat:3, Licht: 0,174979,3,7,1,04,17,3,0,0,0,1,0,0,0,0
"POINT (10.899639774000036 48.314577596000049)",Unfall 174981 (2018) Kat:3, Licht: 0,174981,3,7,5,04,18,3,0,0,1,1,0,0,0,0
"POINT (10.900487260000034 48.349662234000050)",Unfall 174983 (2018) Kat:3, Licht: 0,174983,3,3,5,04,17,3,0,0,1,1,0,0,0,0
"POINT (10.847619713000029 48.385256090000041)",Unfall 175013 (2018) Kat:3, Licht: 0,175013,3,3,5,04,14,5,0,0,1,1,0,0,0,0
"POINT (10.877399795000031 48.380339184000036)",Unfall 175014 (2018) Kat:3, Licht: 0,175014,3,2,5,04,16,5,0,0,1,0,0,1,0,0
"POINT (10.894114305000073 48.337957257000028)",Unfall 175015 (2018) Kat:3, Licht: 0,175015,3,3,5,04,09,5,0,0,1,1,0,0,0,0
"POINT (10.909200144000067 48.370345950000058)",Unfall 175017 (2018) Kat:3, Licht: 0,175017,3,2,2,04,16,5,0,0,1,1,0,0,0,0
"POINT (10.858925015000068 48.384995925000055)",Unfall 175126 (2018) Kat:3, Licht: 0,175126,3,6,3,04,16,2,0,0,0,1,0,0,1,0
"POINT (10.898487711000030 48.395089493000057)",Unfall 175128 (2018) Kat:3, Licht: 0,175128,3,3,5,04,12,2,0,0,1,1,0,0,0,0
"POINT (10.913346605000072 48.361100225000030)",Unfall 175129 (2018) Kat:2, Licht: 0,175129,2,7,5,04,14,2,0,0,0,1,0,1,0,0
"POINT (10.870218968000074 48.379497256000036)",Unfall 175132 (2018) Kat:3, Licht: 0,175132,3,3,5,04,12,4,0,0,1,1,0,0,0,0
"POINT (10.883478997000054 48.361653346000026)",Unfall 175133 (2018) Kat:3, Licht: 0,175133,3,6,2,04,15,2,0,0,0,1,0,0,0,0
"POINT (10.880578964000051 48.381889297000043)",Unfall 175134 (2018) Kat:3, Licht: 0,175134,3,4,6,04,10,4,0,0,0,1,1,0,0,0
"POINT (10.872019465000051 48.343313588000058)",Unfall 175136 (2018) Kat:3, Licht: 0,175136,3,7,0,04,10,2,0,0,1,0,0,0,0,0
"POINT (10.897979796000072 48.367199648000053)",Unfall 175223 (2018) Kat:2, Licht: 0,175223,2,1,0,04,15,3,0,0,1,0,0,0,0,0
"POINT (10.893516527000031 48.364969636000069)",Unfall 175226 (2018) Kat:3, Licht: 0,175226,3,3,5,04,16,3,0,0,1,1,0,0,0,0
"POINT (10.853188540000076 48.385540484000046)",Unfall 175229 (2018) Kat:3, Licht: 0,175229,3,6,2,04,15,3,0,0,0,1,0,0,0,0
"POINT (10.881574348000072 48.391344978000063)",Unfall 175230 (2018) Kat:3, Licht: 0,175230,3,6,1,04,18,3,0,0,0,1,0,0,0,0
"POINT (10.908628264000072 48.383902133000049)",Unfall 175231 (2018) Kat:3, Licht: 0,175231,3,3,5,04,16,3,0,0,1,1,0,0,0,0
"POINT (10.899518922000027 48.352549157000055)",Unfall 175232 (2018) Kat:3, Licht: 0,175232,3,7,0,04,19,3,0,0,1,0,0,0,0,0
"POINT (10.910255906000032 48.371012482000026)",Unfall 175233 (2018) Kat:3, Licht: 0,175233,3,6,1,04,13,3,0,0,0,1,0,1,0,0
"POINT (10.885488177000070 48.343952680000029)",Unfall 175262 (2018) Kat:3, Licht: 0,175262,3,7,5,04,10,7,0,0,0,1,0,1,0,0
"POINT (10.902334772000074 48.352203271000064)",Unfall 175264 (2018) Kat:3, Licht: 0,175264,3,6,2,04,13,7,0,0,0,1,0,0,0,0
"POINT (10.900810113000034 48.362072240000032)",Unfall 175267 (2018) Kat:3, Licht: 0,175267,3,1,0,04,15,7,0,0,1,0,0,0,0,0
"POINT (10.869830062000062 48.371917392000057)",Unfall 175353 (2018) Kat:3, Licht: 0,175353,3,6,2,04,15,2,0,0,0,1,0,0,0,1
"POINT (10.900535052000066 48.370666407000044)",Unfall 175355 (2018) Kat:3, Licht: 0,175355,3,6,2,04,09,2,1,0,0,1,0,0,0,0
"POINT (10.880626798000037 48.397985975000040)",Unfall 175407 (2018) Kat:3, Licht: 2,175407,3,3,5,04,04,6,0,2,0,1,0,0,0,0
"POINT (10.884938368000064 48.373353146000056)",Unfall 175437 (2018) Kat:3, Licht: 2,175437,3,5,1,04,04,1,0,2,0,1,0,0,0,0
"POINT (10.948050724000041 48.349547579000046)",Unfall 175447 (2018) Kat:3, Licht: 0,175447,3,3,5,04,09,5,0,0,0,1,0,0,1,0
"POINT (10.903169317000049 48.304116568000040)",Unfall 175448 (2018) Kat:3, Licht: 2,175448,3,5,5,04,04,5,0,2,1,1,0,0,0,0
"POINT (10.860188897000057 48.339058329000068)",Unfall 175449 (2018) Kat:3, Licht: 0,175449,3,1,0,04,15,5,0,0,1,0,0,0,0,0
"POINT (10.900217545000032 48.370665582000072)",Unfall 175544 (2018) Kat:3, Licht: 0,175544,3,3,5,04,09,6,0,0,0,1,0,1,0,0
"POINT (10.876349189000052 48.373775723000051)",Unfall 175604 (2018) Kat:3, Licht: 0,175604,3,3,5,04,18,4,0,0,1,0,0,0,0,0
"POINT (10.865679428000021 48.372512807000078)",Unfall 175728 (2018) Kat:3, Licht: 0,175728,3,6,2,04,14,3,0,0,0,1,0,0,0,0
"POINT (10.881698775000075 48.366314061000026)",Unfall 175732 (2018) Kat:3, Licht: 0,175732,3,1,0,04,16,3,0,0,1,0,0,0,0,0
"POINT (10.880760747000068 48.379269669000053)",Unfall 175734 (2018) Kat:3, Licht: 0,175734,3,7,0,04,06,3,0,0,1,0,0,0,0,0
"POINT (10.859580097000048 48.391077727000038)",Unfall 175735 (2018) Kat:3, Licht: 0,175735,3,2,5,04,07,3,0,0,1,1,0,0,0,0
"POINT (10.917423002000021 48.383522111000048)",Unfall 175736 (2018) Kat:3, Licht: 0,175736,3,3,0,04,15,3,0,0,1,0,0,0,1,0
"POINT (10.948751128000026 48.362818294000078)",Unfall 175739 (2018) Kat:2, Licht: 0,175739,2,1,7,04,10,3,0,0,0,0,0,1,0,0
"POINT (10.865343611000071 48.362977315000080)",Unfall 175740 (2018) Kat:3, Licht: 0,175740,3,1,0,04,14,1,0,0,1,0,0,0,0,0
"POINT (10.876960865000058 48.340108068000063)",Unfall 175745 (2018) Kat:3, Licht: 0,175745,3,7,0,04,17,1,0,0,1,0,0,0,0,0
"POINT (10.882374255000059 48.378666709000072)",Unfall 175865 (2018) Kat:3, Licht: 0,175865,3,4,6,04,17,2,0,0,0,1,1,0,0,0
"POINT (10.930793296000047 48.377147076000028)",Unfall 175866 (2018) Kat:3, Licht: 0,175866,3,3,5,04,16,2,0,0,1,1,0,0,0,0
"POINT (10.897191267000039 48.349968385000068)",Unfall 175868 (2018) Kat:3, Licht: 0,175868,3,3,5,04,10,2,0,0,1,1,0,0,0,0
"POINT (10.881233765000047 48.388592049000067)",Unfall 175894 (2018) Kat:2, Licht: 2,175894,2,6,8,04,05,7,0,2,0,1,0,0,0,0
"POINT (10.910873566000021 48.339239425000073)",Unfall 175895 (2018) Kat:3, Licht: 0,175895,3,1,0,04,16,7,0,0,1,0,0,0,0,0
"POINT (10.866437524000048 48.362254585000073)",Unfall 176061 (2018) Kat:3, Licht: 0,176061,3,3,5,04,17,4,0,0,1,1,0,0,0,0
"POINT (10.872050400000035 48.365308899000070)",Unfall 176064 (2018) Kat:3, Licht: 0,176064,3,3,5,04,08,4,0,0,0,1,0,0,0,1
"POINT (10.885109625000041 48.384581643000047)",Unfall 176065 (2018) Kat:3, Licht: 0,176065,3,7,1,04,14,4,0,0,0,1,0,0,0,0
"POINT (10.886382398000023 48.373072144000048)",Unfall 176067 (2018) Kat:3, Licht: 0,176067,3,1,0,04,07,4,0,0,1,0,0,0,0,0
"POINT (10.868490765000047 48.400325074000079)",Unfall 176068 (2018) Kat:3, Licht: 1,176068,3,1,8,04,19,5,0,1,0,1,0,0,0,0
"POINT (10.902086004000068 48.300244664000047)",Unfall 176072 (2018) Kat:3, Licht: 0,176072,3,7,5,04,15,5,0,0,1,1,0,0,0,0
"POINT (10.857403749000071 48.395196930000054)",Unfall 176076 (2018) Kat:3, Licht: 2,176076,3,1,0,04,22,6,0,2,1,0,0,0,0,0
"POINT (10.874395082000035 48.381427407000047)",Unfall 176077 (2018) Kat:3, Licht: 0,176077,3,2,6,04,08,6,0,0,0,1,1,0,0,0
"POINT (10.940095377000034 48.365043365000076)",Unfall 176079 (2018) Kat:3, Licht: 0,176079,3,7,1,04,13,6,0,0,0,1,0,1,0,0
"POINT (10.938893266000036 48.362412993000078)",Unfall 176080 (2018) Kat:3, Licht: 0,176080,3,3,5,04,07,6,0,0,1,1,0,0,0,0
"POINT (10.922934904000044 48.361521206000077)",Unfall 176083 (2018) Kat:3, Licht: 0,176083,3,2,3,04,13,6,0,0,0,0,0,1,0,0
"POINT (10.883471105000069 48.378498122000053)",Unfall 176086 (2018) Kat:3, Licht: 0,176086,3,2,4,04,16,6,0,0,1,1,0,0,0,0
"POINT (10.904651874000024 48.369879348000040)",Unfall 176087 (2018) Kat:3, Licht: 2,176087,3,1,0,04,22,6,0,2,1,0,0,0,0,0
"POINT (10.876810359000046 48.383186912000042)",Unfall 176262 (2018) Kat:3, Licht: 1,176262,3,3,5,05,20,3,0,1,0,1,0,0,0,0
"POINT (10.886241618000042 48.393063477000055)",Unfall 176305 (2018) Kat:2, Licht: 0,176305,2,7,0,04,14,1,0,0,1,0,0,0,0,0
"POINT (10.860752860000048 48.317768230000070)",Unfall 176306 (2018) Kat:3, Licht: 2,176306,3,1,0,04,01,1,0,2,0,1,0,0,0,0
"POINT (10.915485464000028 48.395537627000067)",Unfall 176333 (2018) Kat:2, Licht: 0,176333,2,3,5,04,16,2,0,0,1,1,0,0,0,0
"POINT (10.902384470000072 48.352244469000027)",Unfall 176417 (2018) Kat:2, Licht: 2,176417,2,1,0,05,01,3,0,2,0,0,0,1,0,0
"POINT (10.932969556000046 48.392747426000028)",Unfall 176434 (2018) Kat:3, Licht: 0,176434,3,2,2,04,15,7,0,0,0,1,0,0,0,0
"POINT (10.915688443000022 48.354267194000045)",Unfall 176435 (2018) Kat:3, Licht: 0,176435,3,7,0,04,10,7,0,0,1,0,0,0,0,0
"POINT (10.901433008000026 48.334858348000068)",Unfall 176437 (2018) Kat:3, Licht: 2,176437,3,1,8,04,02,7,0,2,0,1,0,0,0,0
"POINT (10.927335358000050 48.355131253000081)",Unfall 176438 (2018) Kat:3, Licht: 0,176438,3,2,5,04,11,7,0,0,1,1,0,0,0,0
"POINT (10.893273853000039 48.368644523000057)",Unfall 176440 (2018) Kat:3, Licht: 0,176440,3,5,1,04,18,7,0,0,0,0,0,1,0,0
"POINT (10.905786506000027 48.366589763000036)",Unfall 176442 (2018) Kat:3, Licht: 0,176442,3,3,5,04,13,2,0,0,1,1,0,0,0,0
"POINT (10.924484407000023 48.384391127000072)",Unfall 176546 (2018) Kat:3, Licht: 0,176546,3,2,6,05,07,6,0,0,0,1,1,0,0,0
"POINT (10.897308568000028 48.398022998000044)",Unfall 176551 (2018) Kat:2, Licht: 0,176551,2,7,0,05,19,6,0,0,1,0,0,0,0,0
"POINT (10.944495154000037 48.350000870000031)",Unfall 176556 (2018) Kat:3, Licht: 0,176556,3,3,5,05,14,6,0,0,0,1,0,0,0,0
"POINT (10.897558453000045 48.371877865000044)",Unfall 176559 (2018) Kat:3, Licht: 2,176559,3,1,0,05,21,6,0,2,1,0,0,0,0,0
"POINT (10.909734212000046 48.370958581000082)",Unfall 176564 (2018) Kat:3, Licht: 0,176564,3,4,6,05,07,6,0,0,1,0,1,0,0,0
"POINT (10.908894834000023 48.397571747000029)",Unfall 176566 (2018) Kat:3, Licht: 0,176566,3,1,0,05,14,5,0,0,0,0,0,1,0,0
"POINT (10.885935319000055 48.345638559000065)",Unfall 176568 (2018) Kat:3, Licht: 0,176568,3,3,5,05,12,5,0,0,0,1,0,0,0,0
"POINT (10.864839587000063 48.381412677000071)",Unfall 176680 (2018) Kat:3, Licht: 0,176680,3,3,5,05,07,4,0,0,0,1,0,0,0,1
"POINT (10.904600944000038 48.362927012000057)",Unfall 176681 (2018) Kat:3, Licht: 0,176681,3,1,1,05,08,4,0,0,0,1,0,0,0,0
"POINT (10.904851053000073 48.307325082000034)",Unfall 176683 (2018) Kat:3, Licht: 0,176683,3,3,5,05,15,4,0,0,1,1,0,0,0,0
"POINT (10.887945732000048 48.375293745000079)",Unfall 176686 (2018) Kat:3, Licht: 0,176686,3,3,5,05,11,4,0,0,0,1,0,0,0,0
"POINT (10.896356148000052 48.355667570000037)",Unfall 176780 (2018) Kat:3, Licht: 0,176780,3,3,5,05,07,2,0,0,1,1,0,0,0,0
"POINT (10.918086640000070 48.383434865000027)",Unfall 176786 (2018) Kat:3, Licht: 0,176786,3,2,0,05,17,1,0,0,0,1,0,0,0,1
"POINT (10.934754456000064 48.411560568000027)",Unfall 176788 (2018) Kat:3, Licht: 0,176788,3,7,0,05,16,1,0,0,1,0,0,0,0,0
"POINT (10.916561687000069 48.381902680000053)",Unfall 176792 (2018) Kat:3, Licht: 2,176792,3,1,0,05,02,1,0,2,1,0,0,0,0,0
"POINT (10.897846767000033 48.371295288000056)",Unfall 176795 (2018) Kat:3, Licht: 0,176795,3,4,6,05,13,1,0,0,1,0,1,0,0,0
"POINT (10.888402445000054 48.386702244000048)",Unfall 176797 (2018) Kat:3, Licht: 2,176797,3,1,0,05,02,1,0,2,1,0,0,0,0,0
"POINT (10.885482888000070 48.373674948000030)",Unfall 176801 (2018) Kat:3, Licht: 2,176801,3,3,5,05,03,1,0,2,0,1,0,0,0,0
"POINT (10.934175693000043 48.368215042000031)",Unfall 176945 (2018) Kat:3, Licht: 0,176945,3,6,2,05,13,2,0,0,0,1,0,0,0,0
"POINT (10.915896093000072 48.380942580000067)",Unfall 176948 (2018) Kat:3, Licht: 0,176948,3,6,2,05,17,2,0,0,0,1,0,0,0,0
"POINT (10.876670798000021 48.337695553000060)",Unfall 176950 (2018) Kat:3, Licht: 0,176950,3,6,4,05,16,2,0,0,1,1,0,0,0,0
"POINT (10.906649041000037 48.359484264000059)",Unfall 176952 (2018) Kat:3, Licht: 0,176952,3,3,5,05,11,2,0,0,1,1,0,0,0,0
"POINT (10.903903421000052 48.358482283000058)",Unfall 176953 (2018) Kat:3, Licht: 0,176953,3,1,0,05,07,2,0,0,1,0,0,0,0,0
"POINT (10.894615121000072 48.377927326000076)",Unfall 176956 (2018) Kat:3, Licht: 2,176956,3,6,3,05,21,2,0,2,1,1,0,0,0,0
"POINT (10.912334530000066 48.374406000000079)",Unfall 176957 (2018) Kat:3, Licht: 0,176957,3,3,5,05,17,2,0,0,1,1,0,0,0,0
"POINT (10.900208950000035 48.362320055000055)",Unfall 176960 (2018) Kat:3, Licht: 0,176960,3,1,0,05,20,2,0,0,1,0,0,0,0,0
"POINT (10.893427741000039 48.406376995000073)",Unfall 176973 (2018) Kat:2, Licht: 0,176973,2,3,0,05,12,7,0,0,0,1,0,1,0,0
"POINT (10.912587257000041 48.397776148000048)",Unfall 176975 (2018) Kat:3, Licht: 0,176975,3,2,0,05,13,7,0,0,0,1,0,1,0,0
"POINT (10.900880842000049 48.377282917000059)",Unfall 176979 (2018) Kat:3, Licht: 0,176979,3,2,4,05,16,7,0,0,0,1,0,1,0,0
"POINT (10.900250078000056 48.309673544000077)",Unfall 177021 (2018) Kat:3, Licht: 0,177021,3,1,5,05,19,4,0,0,1,1,0,0,0,0
"POINT (10.898100471000021 48.352630413000043)",Unfall 177022 (2018) Kat:3, Licht: 0,177022,3,2,5,05,12,4,0,0,1,1,0,0,0,0
"POINT (10.904649424000070 48.369890495000050)",Unfall 177023 (2018) Kat:3, Licht: 0,177023,3,3,5,05,07,4,0,0,0,1,0,0,0,0
"POINT (10.867585227000063 48.349142643000050)",Unfall 177142 (2018) Kat:3, Licht: 0,177142,3,3,5,05,19,5,0,0,1,1,0,0,0,0
"POINT (10.902243690000034 48.369816435000075)",Unfall 177144 (2018) Kat:3, Licht: 2,177144,3,1,0,05,21,5,1,2,1,0,0,0,0,0
"POINT (10.870908473000043 48.360073854000063)",Unfall 177237 (2018) Kat:3, Licht: 0,177237,3,7,1,05,16,3,0,0,1,1,0,0,0,0
"POINT (10.912376833000053 48.397729943000058)",Unfall 177238 (2018) Kat:3, Licht: 0,177238,3,6,2,05,06,3,0,0,1,1,0,0,0,0
"POINT (10.888167493000026 48.358572214000048)",Unfall 177240 (2018) Kat:3, Licht: 0,177240,3,3,5,05,13,3,0,0,0,1,0,0,0,0
"POINT (10.888357294000059 48.358805120000056)",Unfall 177355 (2018) Kat:3, Licht: 0,177355,3,6,3,05,09,7,0,0,0,1,0,0,0,0
"POINT (10.901150097000027 48.371960193000064)",Unfall 177356 (2018) Kat:3, Licht: 2,177356,3,1,0,05,01,7,0,2,1,0,0,0,0,0
"POINT (10.875493220000067 48.381045377000078)",Unfall 177385 (2018) Kat:3, Licht: 0,177385,3,3,5,05,13,2,0,0,1,1,0,0,0,0
"POINT (10.891978817000052 48.367825240000059)",Unfall 177386 (2018) Kat:3, Licht: 0,177386,3,6,2,05,16,2,0,0,0,1,0,0,0,0
"POINT (10.886251645000073 48.378083035000031)",Unfall 177388 (2018) Kat:3, Licht: 0,177388,3,5,1,05,09,2,0,0,1,1,0,0,0,0
"POINT (10.902875287000029 48.390746706000073)",Unfall 177518 (2018) Kat:3, Licht: 0,177518,3,2,4,05,18,6,0,0,1,1,0,0,0,0
"POINT (10.892837776000022 48.366474132000064)",Unfall 177520 (2018) Kat:3, Licht: 2,177520,3,3,5,05,22,6,0,2,1,1,0,0,0,0
"POINT (10.879636564000066 48.379549725000061)",Unfall 177547 (2018) Kat:3, Licht: 0,177547,3,3,5,05,12,6,0,0,1,1,0,0,0,0
"POINT (10.908419157000026 48.380095489000041)",Unfall 177548 (2018) Kat:3, Licht: 0,177548,3,3,5,05,08,6,0,0,0,1,0,0,0,0
"POINT (10.898462657000039 48.364420181000071)",Unfall 177549 (2018) Kat:3, Licht: 0,177549,3,4,6,05,12,6,0,0,0,1,1,0,0,0
"POINT (10.920023906000040 48.380366669000068)",Unfall 177573 (2018) Kat:3, Licht: 0,177573,3,2,6,05,15,4,0,0,0,1,1,0,0,0
"POINT (10.899234392000039 48.338621331000070)",Unfall 177576 (2018) Kat:3, Licht: 0,177576,3,3,5,05,19,4,1,0,1,1,0,0,0,0
"POINT (10.920033542000056 48.383024931000080)",Unfall 177695 (2018) Kat:3, Licht: 0,177695,3,6,4,05,07,5,0,0,1,0,0,0,0,1
"POINT (10.905978611000023 48.352584181000054)",Unfall 177696 (2018) Kat:3, Licht: 0,177696,3,7,0,05,20,5,0,0,1,0,0,0,0,0
"POINT (10.906293534000042 48.360929262000070)",Unfall 177699 (2018) Kat:3, Licht: 0,177699,3,1,1,05,09,5,1,0,1,1,0,0,0,0
"POINT (10.901458492000074 48.369627952000030)",Unfall 177700 (2018) Kat:3, Licht: 1,177700,3,7,0,05,06,5,1,1,1,0,0,0,0,0
"POINT (10.880921060000048 48.386711531000060)",Unfall 177732 (2018) Kat:3, Licht: 0,177732,3,6,2,05,17,3,0,0,0,1,0,0,0,0
"POINT (10.876676801000031 48.370583569000075)",Unfall 177734 (2018) Kat:3, Licht: 0,177734,3,6,2,05,16,3,0,0,0,1,0,0,0,0
"POINT (10.894823230000043 48.366545617000043)",Unfall 177736 (2018) Kat:3, Licht: 0,177736,3,3,5,05,16,3,0,0,1,0,0,0,0,1
"POINT (10.849143991000062 48.385881023000081)",Unfall 177740 (2018) Kat:3, Licht: 0,177740,3,7,6,05,08,3,0,0,0,1,1,0,0,0
"POINT (10.917592587000058 48.380862553000043)",Unfall 177743 (2018) Kat:3, Licht: 0,177743,3,2,5,05,18,3,0,0,1,0,0,1,0,0
"POINT (10.915241112000047 48.380047955000066)",Unfall 177744 (2018) Kat:3, Licht: 2,177744,3,6,2,05,21,3,1,2,0,1,0,0,0,0
"POINT (10.915975124000056 48.354050064000035)",Unfall 177747 (2018) Kat:3, Licht: 0,177747,3,3,5,05,08,3,0,0,1,1,0,0,0,0
"POINT (10.901010254000028 48.370628142000044)",Unfall 177749 (2018) Kat:3, Licht: 0,177749,3,2,4,05,15,3,0,0,0,1,0,0,0,0
"POINT (10.864842746000022 48.381413235000082)",Unfall 177830 (2018) Kat:3, Licht: 0,177830,3,3,5,05,17,1,0,0,0,1,0,0,0,0
"POINT (10.862605083000062 48.315687079000043)",Unfall 177833 (2018) Kat:3, Licht: 0,177833,3,6,2,05,18,1,0,0,0,1,0,0,0,0
"POINT (10.901616865000051 48.361952379000058)",Unfall 177835 (2018) Kat:3, Licht: 0,177835,3,1,0,05,18,1,0,0,1,0,0,0,0,0
"POINT (10.879842981000024 48.381127362000029)",Unfall 177920 (2018) Kat:3, Licht: 0,177920,3,4,6,05,13,7,0,0,0,1,1,0,0,0
"POINT (10.903397553000048 48.350797359000069)",Unfall 177921 (2018) Kat:3, Licht: 0,177921,3,1,3,05,14,7,0,0,0,1,0,0,0,0
"POINT (10.870137202000024 48.362701824000055)",Unfall 178004 (2018) Kat:3, Licht: 0,178004,3,1,0,05,17,2,0,0,1,0,0,0,0,0
"POINT (10.863869705000070 48.372688944000060)",Unfall 178007 (2018) Kat:3, Licht: 0,178007,3,6,1,05,18,2,0,0,0,1,0,0,0,0
"POINT (10.872171589000061 48.362425537000036)",Unfall 178049 (2018) Kat:3, Licht: 0,178049,3,7,5,05,06,6,0,0,0,1,0,0,0,0
"POINT (10.878910974000064 48.370837513000026)",Unfall 178052 (2018) Kat:3, Licht: 0,178052,3,2,3,05,15,6,0,0,1,1,0,0,0,0
"POINT (10.864038776000029 48.382601369000042)",Unfall 178070 (2018) Kat:3, Licht: 0,178070,3,3,5,05,13,6,0,0,0,1,0,0,0,0
"POINT (10.881665315000021 48.392512916000044)",Unfall 178072 (2018) Kat:3, Licht: 0,178072,3,6,2,05,17,6,0,0,0,1,0,0,0,0
"POINT (10.907273510000039 48.380114869000067)",Unfall 178078 (2018) Kat:3, Licht: 0,178078,3,6,4,05,12,1,0,0,1,0,0,0,0,0
"POINT (10.933313604000034 48.356698623000057)",Unfall 178079 (2018) Kat:3, Licht: 1,178079,3,1,0,05,21,1,0,1,1,0,0,0,0,0
"POINT (10.920849849000035 48.380046206000031)",Unfall 178080 (2018) Kat:3, Licht: 0,178080,3,6,1,05,10,6,0,0,0,1,0,0,0,0
"POINT (10.946617545000038 48.348178627000038)",Unfall 178081 (2018) Kat:3, Licht: 0,178081,3,3,5,05,17,6,0,0,1,1,0,0,0,0
"POINT (10.900533930000051 48.298113585000067)",Unfall 178082 (2018) Kat:3, Licht: 0,178082,3,2,5,05,13,6,0,0,0,1,0,0,0,0
"POINT (10.902578067000036 48.358695118000071)",Unfall 178084 (2018) Kat:3, Licht: 2,178084,3,6,1,05,22,1,0,2,0,1,0,0,0,0
"POINT (10.913156943000047 48.399915582000062)",Unfall 178186 (2018) Kat:3, Licht: 0,178186,3,3,0,05,10,5,0,0,1,1,0,1,0,0
"POINT (10.901009476000070 48.370729037000046)",Unfall 178188 (2018) Kat:3, Licht: 2,178188,3,2,4,05,22,5,1,2,0,1,0,0,0,0
"POINT (10.891599745000065 48.369144103000053)",Unfall 178189 (2018) Kat:3, Licht: 0,178189,3,2,3,05,08,5,0,0,1,1,0,0,0,0
"POINT (10.864270600000054 48.349495832000059)",Unfall 178195 (2018) Kat:3, Licht: 0,178195,3,6,3,05,12,7,0,0,1,0,0,1,0,0
"POINT (10.903863884000032 48.371389900000054)",Unfall 178196 (2018) Kat:3, Licht: 2,178196,3,6,0,05,23,7,0,2,0,1,0,1,0,0
"POINT (10.890564673000029 48.370833385000026)",Unfall 178198 (2018) Kat:3, Licht: 0,178198,3,6,2,05,10,7,0,0,1,1,0,0,0,0
"POINT (10.868600371000070 48.388077551000038)",Unfall 178292 (2018) Kat:3, Licht: 0,178292,3,6,0,05,13,4,0,0,0,1,0,0,0,1
"POINT (10.895874797000033 48.352552231000061)",Unfall 178294 (2018) Kat:3, Licht: 0,178294,3,7,5,05,12,4,0,0,0,1,0,1,0,0
"POINT (10.863671571000054 48.364081580000061)",Unfall 178325 (2018) Kat:3, Licht: 0,178325,3,1,0,05,16,3,0,0,1,0,0,0,0,0
"POINT (10.873660427000061 48.398678583000049)",Unfall 178326 (2018) Kat:3, Licht: 0,178326,3,3,5,05,14,3,0,0,1,1,0,0,0,0
"POINT (10.910301015000073 48.380607578000081)",Unfall 178327 (2018) Kat:3, Licht: 0,178327,3,3,0,05,18,3,0,0,0,1,0,1,0,0
"POINT (10.917308130000038 48.385258539000063)",Unfall 178328 (2018) Kat:3, Licht: 0,178328,3,5,1,05,08,3,0,0,0,1,0,1,0,0
"POINT (10.952585938000027 48.339871278000032)",Unfall 178329 (2018) Kat:2, Licht: 0,178329,2,1,3,05,14,3,0,0,1,1,0,0,0,0
"POINT (10.947638980000022 48.344599374000040)",Unfall 178330 (2018) Kat:3, Licht: 0,178330,3,1,0,05,12,3,0,0,1,0,0,0,0,0
"POINT (10.872716862000061 48.350313310000047)",Unfall 178331 (2018) Kat:3, Licht: 1,178331,3,7,0,05,04,3,0,1,1,0,1,0,0,0
"POINT (10.899001788000021 48.370936742000026)",Unfall 178332 (2018) Kat:3, Licht: 0,178332,3,3,5,05,16,3,0,0,1,1,0,0,0,0
"POINT (10.877591025000072 48.364727960000039)",Unfall 178460 (2018) Kat:3, Licht: 0,178460,3,1,0,05,16,4,0,0,1,0,0,0,0,0
"POINT (10.891654100000039 48.318411532000027)",Unfall 178463 (2018) Kat:3, Licht: 0,178463,3,6,2,05,16,4,0,0,0,1,0,0,0,0
"POINT (10.915243874000055 48.380052967000040)",Unfall 178466 (2018) Kat:3, Licht: 0,178466,3,7,3,05,13,4,0,0,1,1,0,0,0,0
"POINT (10.906342467000059 48.370120929000052)",Unfall 178469 (2018) Kat:2, Licht: 0,178469,2,4,6,05,19,4,0,0,0,1,1,0,0,0
"POINT (10.870320347000074 48.371949815000050)",Unfall 178477 (2018) Kat:3, Licht: 0,178477,3,6,3,05,19,2,0,0,1,0,0,0,0,0
"POINT (10.914308075000065 48.377921586000070)",Unfall 178479 (2018) Kat:3, Licht: 0,178479,3,5,1,05,11,2,0,0,0,1,0,0,0,0
"POINT (10.916318238000031 48.381490847000066)",Unfall 178481 (2018) Kat:3, Licht: 0,178481,3,6,2,05,09,2,0,0,0,1,0,0,0,0
"POINT (10.900839057000042 48.298892568000042)",Unfall 178484 (2018) Kat:2, Licht: 1,178484,2,7,0,05,21,2,1,1,1,0,0,0,0,0
"POINT (10.889849775000073 48.310722260000034)",Unfall 178486 (2018) Kat:3, Licht: 0,178486,3,3,5,05,06,2,0,0,1,1,0,0,0,0
"POINT (10.882242127000040 48.370390666000048)",Unfall 178488 (2018) Kat:3, Licht: 0,178488,3,3,4,05,18,2,0,0,1,1,0,0,0,0
"POINT (10.908663809000075 48.385763415000042)",Unfall 178524 (2018) Kat:3, Licht: 0,178524,3,5,1,05,17,3,0,0,1,1,0,0,0,0
"POINT (10.879527386000063 48.402722829000027)",Unfall 178618 (2018) Kat:3, Licht: 0,178618,3,6,2,06,14,1,0,0,0,1,0,0,0,0