WKT,Name,OBJECTID,UKATEGORIE,UTYP1,UART,UMONAT,USTUNDE,UWOCHENTAG,STRZUSTAND,ULICHTVERH,ISTRAD,ISTPKW,ISTFUSS,ISTKRAD,ISTGKFZ,ISTSONSTIG
"POINT (10.904348243000072 48.404063855000061)",Unfall 178679 (2018) Kat:3, Licht: 0,178679,3,5,1,06,14,1,0,0,1,1,0,0,0,0
"POINT (10.865381569000021 48.395427169000072)",Unfall 178700 (2018) Kat:3, Licht: 0,178700,3,6,2,06,17,7,0,0,0,1,0,1,0,0
"POINT (10.880509473000075 48.401451071000054)",Unfall 178707 (2018) Kat:3, Licht: 2,178707,3,7,0,06,02,7,0,2,1,0,0,0,0,0
"POINT (10.863752299000055 48.380758219000029)",Unfall 178711 (2018) Kat:2, Licht: 0,178711,2,6,2,06,18,6,0,0,1,1,0,0,0,0
"POINT (10.942988788000036 48.356982888000061)",Unfall 178714 (2018) Kat:3, Licht: 0,178714,3,3,5,06,18,6,0,0,0,1,0,0,0,0
"POINT (10.946314485000073 48.354863807000072)",Unfall 178716 (2018) Kat:3, Licht: 0,178716,3,7,1,06,17,6,0,0,0,1,0,1,0,0
"POINT (10.948029173000066 48.355851050000069)",Unfall 178717 (2018) Kat:3, Licht: 0,178717,3,3,5,06,12,6,0,0,0,1,0,0,0,0
"POINT (10.884493755000051 48.345607615000063)",Unfall 178719 (2018) Kat:3, Licht: 0,178719,3,3,5,06,06,6,0,0,0,1,0,0,0,0
"POINT (10.900763466000058 48.370674000000065)",Unfall 178721 (2018) Kat:3, Licht: 0,178721,3,6,2,06,17,6,0,0,0,1,0,0,0,0
"POINT (10.940862529000071 48.359713875000068)",Unfall 178773 (2018) Kat:3, Licht: 0,178773,3,3,5,06,19,1,0,0,0,1,0,1,0,0
"POINT (10.895975682000028 48.370174567000049)",Unfall 178835 (2018) Kat:3, Licht: 0,178835,3,5,3,06,10,1,0,0,1,1,0,0,0,0
"POINT (10.879773481000029 48.385015679000048)",Unfall 179008 (2018) Kat:3, Licht: 0,179008,3,1,0,06,17,2,0,0,1,0,0,0,0,0
"POINT (10.865084842000044 48.337598014000037)",Unfall 179010 (2018) Kat:3, Licht: 0,179010,3,7,1,06,16,2,0,0,0,1,1,0,0,0
"POINT (10.879760712000063 48.383373035000034)",Unfall 179049 (2018) Kat:3, Licht: 0,179049,3,3,5,06,12,3,0,0,0,1,0,1,0,0
"POINT (10.929786492000062 48.397261774000071)",Unfall 179055 (2018) Kat:2, Licht: 0,179055,2,3,5,06,08,3,0,0,1,0,0,0,1,0
"POINT (10.909053859000039 48.339628110000035)",Unfall 179058 (2018) Kat:3, Licht: 0,179058,3,7,5,06,08,3,0,0,1,0,0,0,0,1
"POINT (10.877918436000073 48.340412067000045)",Unfall 179061 (2018) Kat:3, Licht: 0,179061,3,7,5,06,12,3,0,0,0,1,0,0,0,0
"POINT (10.906342804000076 48.371706454000048)",Unfall 179067 (2018) Kat:3, Licht: 2,179067,3,5,1,06,21,3,0,2,1,1,0,0,0,0
"POINT (10.904973882000036 48.362169111000071)",Unfall 179069 (2018) Kat:3, Licht: 0,179069,3,2,4,06,10,3,0,0,1,1,0,0,0,0
"POINT (10.860688147000076 48.365478343000063)",Unfall 179102 (2018) Kat:3, Licht: 0,179102,3,1,0,06,18,5,0,0,0,0,0,1,0,0
"POINT (10.932348715000046 48.380699161000052)",Unfall 179103 (2018) Kat:3, Licht: 0,179103,3,7,0,06,15,5,0,0,1,0,0,0,0,0
"POINT (10.915479040000037 48.380424294000079)",Unfall 179105 (2018) Kat:3, Licht: 0,179105,3,2,3,06,13,5,0,0,0,1,0,1,0,0
"POINT (10.890181456000050 48.293040147000056)",Unfall 179107 (2018) Kat:2, Licht: 0,179107,2,3,5,06,16,5,0,0,1,1,0,0,0,0
"POINT (10.907402129000047 48.355203717000052)",Unfall 179108 (2018) Kat:3, Licht: 0,179108,3,7,0,06,08,5,0,0,1,1,0,0,0,0
"POINT (10.910454266000045 48.360545970000032)",Unfall 179109 (2018) Kat:2, Licht: 0,179109,2,7,0,06,07,5,0,0,1,0,0,0,0,0
"POINT (10.902033856000060 48.304218034000030)",Unfall 179110 (2018) Kat:3, Licht: 0,179110,3,3,5,06,10,5,0,0,0,1,0,0,0,0
"POINT (10.892594781000071 48.363087889000042)",Unfall 179112 (2018) Kat:3, Licht: 0,179112,3,2,2,06,15,5,0,0,1,1,0,0,0,0
"POINT (10.864697544000023 48.362973825000040)",Unfall 179263 (2018) Kat:3, Licht: 0,179263,3,1,0,06,18,6,1,0,1,0,0,0,0,0
"POINT (10.943413720000024 48.356415509000044)",Unfall 179266 (2018) Kat:3, Licht: 0,179266,3,3,5,06,14,6,0,0,1,1,0,0,0,0
"POINT (10.897453585000051 48.332809756000074)",Unfall 179267 (2018) Kat:2, Licht: 0,179267,2,3,5,06,15,6,1,0,1,1,0,0,0,0
"POINT (10.901495981000039 48.300312581000071)",Unfall 179269 (2018) Kat:2, Licht: 0,179269,2,6,0,06,12,6,0,0,1,1,0,0,0,0
"POINT (10.907048068000051 48.296104202000038)",Unfall 179272 (2018) Kat:2, Licht: 0,179272,2,3,0,06,16,6,0,0,1,0,0,0,0,0
"POINT (10.888739420000036 48.376741791000029)",Unfall 179275 (2018) Kat:3, Licht: 0,179275,3,3,5,06,06,6,0,0,1,1,0,0,0,0
"POINT (10.904129348000026 48.357871676000059)",Unfall 179330 (2018) Kat:3, Licht: 0,179330,3,1,4,06,15,4,1,0,1,0,0,0,0,0
"POINT (10.869959769000047 48.381701073000045)",Unfall 179336 (2018) Kat:2, Licht: 0,179336,2,1,0,06,16,4,1,0,1,0,0,0,0,0
"POINT (10.865521700000045 48.384114833000069)",Unfall 179341 (2018) Kat:3, Licht: 0,179341,3,2,4,06,08,4,1,0,1,1,0,0,0,0
"POINT (10.857512314000076 48.365389393000044)",Unfall 179342 (2018) Kat:3, Licht: 0,179342,3,1,0,06,15,4,1,0,0,1,0,1,0,0
"POINT (10.847255539000059 48.393829725000046)",Unfall 179344 (2018) Kat:3, Licht: 0,179344,3,1,0,06,15,4,1,0,0,0,0,1,0,0
"POINT (10.903845050000029 48.324697227000058)",Unfall 179347 (2018) Kat:3, Licht: 0,179347,3,6,3,06,07,4,0,0,1,1,0,0,0,0
"POINT (10.899025820000077 48.337536880000073)",Unfall 179349 (2018) Kat:3, Licht: 2,179349,3,6,2,06,23,4,0,2,0,1,0,0,0,0
"POINT (10.895273395000061 48.365421696000055)",Unfall 179351 (2018) Kat:3, Licht: 0,179351,3,7,6,06,07,4,0,0,0,1,1,0,0,0
"POINT (10.882876669000041 48.369187290000070)",Unfall 179354 (2018) Kat:3, Licht: 0,179354,3,1,0,06,15,4,1,0,1,0,0,0,0,0
"POINT (10.903940994000038 48.358480158000077)",Unfall 179420 (2018) Kat:3, Licht: 0,179420,3,6,2,06,15,3,0,0,0,1,0,0,0,0
"POINT (10.899606295000069 48.370618276000073)",Unfall 179421 (2018) Kat:3, Licht: 0,179421,3,6,2,06,18,3,0,0,0,1,0,0,0,0
"POINT (10.931172297000046 48.395629073000066)",Unfall 179457 (2018) Kat:3, Licht: 2,179457,3,3,5,06,01,1,0,2,0,1,0,0,0,0
"POINT (10.890423020000071 48.356653736000055)",Unfall 179460 (2018) Kat:3, Licht: 0,179460,3,5,0,06,06,1,0,0,1,0,0,0,0,0
"POINT (10.896103926000023 48.368177668000044)",Unfall 179461 (2018) Kat:3, Licht: 0,179461,3,1,0,06,09,1,0,0,1,0,0,0,0,0
"POINT (10.840568500000074 48.378886415000068)",Unfall 179587 (2018) Kat:3, Licht: 0,179587,3,6,3,06,16,7,0,0,1,1,0,0,0,0
"POINT (10.855423668000071 48.354171541000028)",Unfall 179588 (2018) Kat:3, Licht: 0,179588,3,3,5,06,13,7,0,0,0,1,0,1,0,0
"POINT (10.882532004000041 48.337784029000034)",Unfall 179591 (2018) Kat:3, Licht: 0,179591,3,7,0,06,16,7,0,0,1,0,0,0,0,0
"POINT (10.877790641000047 48.401320455000075)",Unfall 179600 (2018) Kat:2, Licht: 0,179600,2,3,5,06,16,2,0,0,1,1,0,0,0,0
"POINT (10.862582584000052 48.386519677000081)",Unfall 179601 (2018) Kat:3, Licht: 0,179601,3,3,5,06,16,2,0,0,1,1,0,0,0,0
"POINT (10.877617989000044 48.345331259000034)",Unfall 179604 (2018) Kat:3, Licht: 0,179604,3,2,4,06,18,2,1,0,1,0,0,1,0,0
"POINT (10.886254227000052 48.378082720000066)",Unfall 179607 (2018) Kat:3, Licht: 0,179607,3,4,6,06,17,2,0,0,0,1,1,0,0,0
"POINT (10.849696147000031 48.379659582000045)",Unfall 179650 (2018) Kat:3, Licht: 0,179650,3,6,1,06,18,5,0,0,0,1,0,0,0,0
"POINT (10.867675606000034 48.337349411000048)",Unfall 179651 (2018) Kat:3, Licht: 0,179651,3,7,0,06,07,5,0,0,1,0,0,0,0,0
"POINT (10.889699503000031 48.360388756000077)",Unfall 179654 (2018) Kat:3, Licht: 0,179654,3,6,4,06,21,5,0,0,1,0,0,0,0,0
"POINT (10.893834768000033 48.308261183000070)",Unfall 179656 (2018) Kat:3, Licht: 0,179656,3,7,0,06,07,5,0,0,1,0,0,0,0,0
"POINT (10.901010009000061 48.370630052000081)",Unfall 179658 (2018) Kat:3, Licht: 0,179658,3,2,4,06,16,5,0,0,0,1,0,0,0,0
"POINT (10.890265808000038 48.370093666000059)",Unfall 179659 (2018) Kat:3, Licht: 0,179659,3,3,5,06,16,5,0,0,0,1,0,0,0,0
"POINT (10.940067155000065 48.360771025000076)",Unfall 179732 (2018) Kat:3, Licht: 0,179732,3,2,3,06,16,6,0,0,1,1,0,0,0,0
"POINT (10.864556108000045 48.342444332000071)",Unfall 179734 (2018) Kat:3, Licht: 0,179734,3,1,0,06,10,6,0,0,1,0,0,0,0,0
"POINT (10.900805723000076 48.350678669000047)",Unfall 179735 (2018) Kat:3, Licht: 0,179735,3,1,2,06,20,6,0,0,0,1,0,0,0,0
"POINT (10.898730115000035 48.366505482000036)",Unfall 179736 (2018) Kat:3, Licht: 0,179736,3,2,6,06,13,6,0,0,0,0,1,1,0,0
"POINT (10.889890564000041 48.366608132000067)",Unfall 179738 (2018) Kat:3, Licht: 0,179738,3,5,3,06,08,6,0,0,1,1,0,0,0,0
"POINT (10.944464689000029 48.348490821000041)",Unfall 179798 (2018) Kat:3, Licht: 0,179798,3,7,0,06,15,4,0,0,1,0,0,0,0,0
"POINT (10.886003018000054 48.378114511000035)",Unfall 179799 (2018) Kat:2, Licht: 0,179799,2,5,1,06,06,4,1,0,1,1,0,0,0,0
"POINT (10.877808399000060 48.364680151000073)",Unfall 179972 (2018) Kat:3, Licht: 0,179972,3,2,5,06,15,3,0,0,0,1,0,1,0,0
"POINT (10.919404924000048 48.368129579000026)",Unfall 179973 (2018) Kat:3, Licht: 0,179973,3,7,0,06,20,3,0,0,1,0,0,0,0,0
"POINT (10.887603003000038 48.357750270000054)",Unfall 179976 (2018) Kat:3, Licht: 0,179976,3,1,5,06,07,3,0,0,1,1,0,0,0,0
"POINT (10.884582450000039 48.373856044000036)",Unfall 179980 (2018) Kat:3, Licht: 0,179980,3,3,5,06,07,3,0,0,1,1,0,0,0,0
"POINT (10.894332950000035 48.294679849000033)",Unfall 179986 (2018) Kat:3, Licht: 2,179986,3,7,0,06,00,1,0,2,1,0,0,0,0,0
"POINT (10.898110335000069 48.369707670000025)",Unfall 179989 (2018) Kat:3, Licht: 2,179989,3,5,0,06,21,1,0,2,0,1,0,1,0,0
"POINT (10.913303450000058 48.377350356000079)",Unfall 180101 (2018) Kat:3, Licht: 0,180101,3,7,6,06,10,7,0,0,0,1,1,0,0,0
"POINT (10.916266074000021 48.382097665000060)",Unfall 180102 (2018) Kat:3, Licht: 0,180102,3,5,0,06,11,7,0,0,1,1,0,0,0,0
"POINT (10.925280695000026 48.366544853000050)",Unfall 180104 (2018) Kat:3, Licht: 0,180104,3,6,3,06,15,7,0,0,1,1,0,0,0,0
"POINT (10.898216875000060 48.368979812000077)",Unfall 180109 (2018) Kat:3, Licht: 2,180109,3,7,0,06,01,7,0,2,1,0,0,0,0,0
"POINT (10.885713913000075 48.367640599000026)",Unfall 180110 (2018) Kat:3, Licht: 0,180110,3,1,0,06,20,7,0,0,1,0,0,0,0,0
"POINT (10.855886814000030 48.391605212000059)",Unfall 180130 (2018) Kat:3, Licht: 0,180130,3,2,6,06,14,2,0,0,0,1,1,0,0,0
"POINT (10.873180397000056 48.381469081000034)",Unfall 180191 (2018) Kat:3, Licht: 0,180191,3,6,3,06,12,6,0,0,1,1,0,0,0,0
"POINT (10.878181424000047 48.390509414000064)",Unfall 180195 (2018) Kat:3, Licht: 0,180195,3,6,2,06,12,6,0,0,1,0,0,0,0,0
"POINT (10.915319809000039 48.390229730000044)",Unfall 180198 (2018) Kat:3, Licht: 0,180198,3,4,6,06,17,6,0,0,1,0,1,0,0,0
"POINT (10.896646899000075 48.352844850000054)",Unfall 180201 (2018) Kat:3, Licht: 0,180201,3,1,2,06,17,6,0,0,0,1,0,0,0,0
"POINT (10.898590115000047 48.317837731000054)",Unfall 180202 (2018) Kat:3, Licht: 0,180202,3,1,0,06,14,6,0,0,1,0,0,0,0,0
"POINT (10.910327668000036 48.361157751000064)",Unfall 180204 (2018) Kat:3, Licht: 0,180204,3,2,5,06,16,6,0,0,1,1,0,0,0,0
"POINT (10.885165980000068 48.367415735000066)",Unfall 180205 (2018) Kat:3, Licht: 0,180205,3,7,0,06,13,6,0,0,1,0,0,0,0,0
"POINT (10.892173457000069 48.362549964000038)",Unfall 180207 (2018) Kat:3, Licht: 0,180207,3,7,0,06,07,6,0,0,1,0,0,0,0,0
"POINT (10.880866170000047 48.365639437000027)",Unfall 180247 (2018) Kat:3, Licht: 2,180247,3,6,6,06,22,4,0,2,1,0,1,0,0,0
"POINT (10.900378133000061 48.393081995000045)",Unfall 180248 (2018) Kat:3, Licht: 0,180248,3,1,0,06,11,4,0,0,0,0,0,1,0,0
"POINT (10.950610885000060 48.380356945000074)",Unfall 180251 (2018) Kat:2, Licht: 0,180251,2,2,5,06,11,4,0,0,1,1,0,0,0,0
"POINT (10.915068901000041 48.379727987000081)",Unfall 180254 (2018) Kat:3, Licht: 0,180254,3,6,1,06,19,4,0,0,0,1,0,0,0,0
"POINT (10.821041412000056 48.317224907000082)",Unfall 180255 (2018) Kat:3, Licht: 0,180255,3,1,2,06,16,4,0,0,1,0,0,0,0,0
"POINT (10.893551206000041 48.318227688000036)",Unfall 180257 (2018) Kat:3, Licht: 0,180257,3,7,4,06,17,4,0,0,1,1,0,0,0,0
"POINT (10.906947112000069 48.320279653000057)",Unfall 180258 (2018) Kat:3, Licht: 0,180258,3,3,5,06,15,4,0,0,0,1,0,0,0,0
"POINT (10.892958438000051 48.360317610000038)",Unfall 180366 (2018) Kat:3, Licht: 0,180366,3,2,4,06,08,5,0,0,1,1,0,0,0,0
"POINT (10.878410068000051 48.370128223000052)",Unfall 180369 (2018) Kat:3, Licht: 0,180369,3,6,2,06,19,5,0,0,0,1,0,0,0,0
"POINT (10.880428107000057 48.379371804000073)",Unfall 180370 (2018) Kat:3, Licht: 0,180370,3,6,2,06,07,5,0,0,0,1,0,1,0,0
"POINT (10.914113902000054 48.367758174000073)",Unfall 180372 (2018) Kat:3, Licht: 0,180372,3,1,0,06,13,5,1,0,0,0,0,1,0,0
"POINT (10.895043380000061 48.365840472000059)",Unfall 180373 (2018) Kat:3, Licht: 0,180373,3,7,0,06,04,5,1,0,0,0,1,1,0,0
"POINT (10.898266483000043 48.346369361000029)",Unfall 180468 (2018) Kat:3, Licht: 2,180468,3,1,0,06,00,1,0,2,1,0,0,0,0,0
"POINT (10.901563211000052 48.373220286000048)",Unfall 180469 (2018) Kat:3, Licht: 2,180469,3,7,0,06,00,1,0,2,1,0,0,0,0,0
"POINT (10.915915174000077 48.391498296000066)",Unfall 180512 (2018) Kat:2, Licht: 0,180512,2,3,5,06,20,3,0,0,1,1,0,0,0,0
"POINT (10.922697596000035 48.362151465000068)",Unfall 180515 (2018) Kat:3, Licht: 0,180515,3,1,0,06,14,3,0,0,1,0,0,0,0,0
"POINT (10.855354765000072 48.312759986000060)",Unfall 180518 (2018) Kat:3, Licht: 0,180518,3,7,6,06,07,3,0,0,0,0,1,0,1,0
"POINT (10.885328793000042 48.379113630000063)",Unfall 180519 (2018) Kat:3, Licht: 0,180519,3,5,1,06,07,3,0,0,1,1,0,0,0,0
"POINT (10.885710879000044 48.386362490000067)",Unfall 180564 (2018) Kat:3, Licht: 0,180564,3,5,1,06,08,7,0,0,0,0,0,1,0,1
"POINT (10.899843687000043 48.358058258000028)",Unfall 180566 (2018) Kat:3, Licht: 0,180566,3,6,3,06,22,7,0,0,0,0,0,1,0,0
"POINT (10.880779095000037 48.362145495000050)",Unfall 180649 (2018) Kat:3, Licht: 0,180649,3,1,5,06,19,2,0,0,1,1,0,0,0,0
"POINT (10.884515895000050 48.367105634000040)",Unfall 180651 (2018) Kat:3, Licht: 2,180651,3,7,0,06,15,2,0,2,1,0,0,0,0,0
"POINT (10.884695384000054 48.378286133000074)",Unfall 180652 (2018) Kat:3, Licht: 0,180652,3,5,3,06,19,2,0,0,1,1,0,0,0,0
"POINT (10.854672137000023 48.356040333000067)",Unfall 180760 (2018) Kat:3, Licht: 0,180760,3,6,4,06,13,6,0,0,0,0,0,0,0,1
"POINT (10.874943217000066 48.364013343000067)",Unfall 180762 (2018) Kat:3, Licht: 0,180762,3,1,0,06,09,6,1,0,1,0,0,0,0,0
"POINT (10.880881402000057 48.381295711000064)",Unfall 180819 (2018) Kat:3, Licht: 0,180819,3,1,0,06,14,4,0,0,1,0,0,0,0,0
"POINT (10.927109618000031 48.386778493000065)",Unfall 180821 (2018) Kat:3, Licht: 0,180821,3,7,0,06,08,4,0,0,1,0,1,0,0,0
"POINT (10.947998651000034 48.365692662000072)",Unfall 180824 (2018) Kat:3, Licht: 0,180824,3,3,5,06,15,4,0,0,1,1,0,0,0,0
"POINT (10.895340020000049 48.325133655000059)",Unfall 180827 (2018) Kat:3, Licht: 0,180827,3,1,2,06,19,4,0,0,0,1,0,0,0,0
"POINT (10.898625571000025 48.359750430000076)",Unfall 180830 (2018) Kat:3, Licht: 0,180830,3,2,4,06,15,4,0,0,0,1,0,0,0,0
"POINT (10.885795066000071 48.379513526000039)",Unfall 180831 (2018) Kat:3, Licht: 0,180831,3,3,5,06,17,4,0,0,0,1,0,0,0,0
"POINT (10.885467417000029 48.378175070000054)",Unfall 180923 (2018) Kat:2, Licht: 0,180923,2,1,0,06,19,5,1,0,0,1,0,1,0,0
"POINT (10.869920585000045 48.372031683000046)",Unfall 180930 (2018) Kat:3, Licht: 0,180930,3,2,3,06,10,5,1,0,1,1,0,0,0,0
"POINT (10.905630177000035 48.335382751000054)",Unfall 180932 (2018) Kat:3, Licht: 0,180932,3,1,6,06,13,5,1,0,1,0,1,0,0,0
"POINT (10.899009994000039 48.337451980000026)",Unfall 180935 (2018) Kat:2, Licht: 0,180935,2,4,6,06,15,5,1,0,0,0,1,0,0,1
"POINT (10.890982873000041 48.356436202000054)",Unfall 180938 (2018) Kat:3, Licht: 0,180938,3,7,5,06,19,5,1,0,0,1,0,1,0,0
"POINT (10.892319797000027 48.366406043000040)",Unfall 180940 (2018) Kat:3, Licht: 0,180940,3,7,0,06,17,5,1,0,1,1,0,0,0,0
"POINT (10.915947252000024 48.371985405000032)",Unfall 180942 (2018) Kat:3, Licht: 0,180942,3,3,5,07,17,2,0,0,1,1,0,0,0,0
"POINT (10.932296343000075 48.380781285000069)",Unfall 180978 (2018) Kat:3, Licht: 0,180978,3,6,2,07,14,2,0,0,0,1,0,0,0,0
"POINT (10.891402926000069 48.366289393000045)",Unfall 180988 (2018) Kat:3, Licht: 0,180988,3,7,0,07,16,2,0,0,1,0,0,0,0,0
"POINT (10.894323175000068 48.355757714000049)",Unfall 181027 (2018) Kat:3, Licht: 0,181027,3,1,1,07,08,2,0,0,0,1,0,1,0,0
"POINT (10.882212905000074 48.388605043000041)",Unfall 181080 (2018) Kat:3, Licht: 0,181080,3,3,5,07,06,2,0,0,0,1,0,1,0,0
"POINT (10.886290662000022 48.380881369000065)",Unfall 181091 (2018) Kat:3, Licht: 1,181091,3,7,0,07,21,2,0,1,1,0,0,0,0,0
"POINT (10.925565373000040 48.397389262000047)",Unfall 181135 (2018) Kat:3, Licht: 0,181135,3,2,2,07,13,2,0,0,0,1,0,0,0,0
"POINT (10.893731589000026 48.353158808000046)",Unfall 181169 (2018) Kat:3, Licht: 0,181169,3,1,0,06,14,7,0,0,1,0,0,0,0,0
"POINT (10.870315269000059 48.380640374000052)",Unfall 181172 (2018) Kat:3, Licht: 0,181172,3,3,0,06,20,7,0,0,1,1,0,0,0,0
"POINT (10.898007001000053 48.359822073000032)",Unfall 181173 (2018) Kat:3, Licht: 0,181173,3,6,2,07,14,2,0,0,0,1,0,0,0,0
"POINT (10.881472055000074 48.398064806000036)",Unfall 181174 (2018) Kat:3, Licht: 0,181174,3,3,5,06,15,7,0,0,0,1,0,0,0,0
"POINT (10.917422206000026 48.383516395000072)",Unfall 181175 (2018) Kat:2, Licht: 2,181175,2,7,0,06,23,7,0,2,1,0,0,0,0,0
"POINT (10.869825100000071 48.345451690000061)",Unfall 181176 (2018) Kat:3, Licht: 1,181176,3,1,0,06,05,7,0,1,1,0,0,0,0,0
"POINT (10.875819926000077 48.370589523000035)",Unfall 181184 (2018) Kat:3, Licht: 0,181184,3,3,5,07,19,2,0,0,1,0,0,0,0,1
"POINT (10.877532806000033 48.380346456000041)",Unfall 181227 (2018) Kat:3, Licht: 0,181227,3,3,0,07,16,4,0,0,1,0,0,0,0,0
"POINT (10.858040691000042 48.371342333000030)",Unfall 181263 (2018) Kat:3, Licht: 0,181263,3,3,0,07,07,3,0,0,0,1,1,0,0,0
"POINT (10.865398007000067 48.354333172000054)",Unfall 181266 (2018) Kat:3, Licht: 0,181266,3,2,4,07,19,3,0,0,1,1,0,0,0,0
"POINT (10.850073982000026 48.385758058000079)",Unfall 181270 (2018) Kat:3, Licht: 0,181270,3,1,0,07,19,5,0,0,0,0,0,1,0,0
"POINT (10.856351935000021 48.385124485000063)",Unfall 181271 (2018) Kat:3, Licht: 0,181271,3,1,0,07,18,3,0,0,1,0,0,0,0,0
"POINT (10.863058517000070 48.331657810000081)",Unfall 181272 (2018) Kat:3, Licht: 0,181272,3,7,0,07,15,4,0,0,1,0,0,0,0,1
"POINT (10.914862957000025 48.379277767000076)",Unfall 181273 (2018) Kat:3, Licht: 0,181273,3,6,3,07,17,5,0,0,1,1,0,0,0,0
"POINT (10.870653216000051 48.360867061000079)",Unfall 181274 (2018) Kat:3, Licht: 0,181274,3,6,2,07,19,3,0,0,1,0,0,1,0,0
"POINT (10.910673385000052 48.340061962000050)",Unfall 181275 (2018) Kat:2, Licht: 0,181275,2,1,2,07,16,5,0,0,1,0,0,0,0,0
"POINT (10.885314909000044 48.378210203000037)",Unfall 181277 (2018) Kat:3, Licht: 0,181277,3,6,2,07,16,5,0,0,0,1,0,0,0,0
"POINT (10.903895862000070 48.371028831000046)",Unfall 181279 (2018) Kat:3, Licht: 0,181279,3,6,4,07,06,5,0,0,1,1,0,0,0,0
"POINT (10.884414071000037 48.378320611000049)",Unfall 181280 (2018) Kat:2, Licht: 0,181280,2,1,1,07,20,5,1,0,0,1,0,1,0,0
"POINT (10.899127792000058 48.330420516000061)",Unfall 181283 (2018) Kat:2, Licht: 0,181283,2,7,0,07,10,3,0,0,1,0,1,0,0,0
"POINT (10.904360125000039 48.387486620000061)",Unfall 181391 (2018) Kat:3, Licht: 0,181391,3,7,4,07,17,4,0,0,1,1,0,0,0,0
"POINT (10.856094822000045 48.385258698000030)",Unfall 181458 (2018) Kat:3, Licht: 0,181458,3,6,3,07,12,7,0,0,1,0,0,0,0,0
"POINT (10.870161664000022 48.381299442000056)",Unfall 181585 (2018) Kat:3, Licht: 0,181585,3,3,5,07,17,1,0,0,0,1,0,0,0,0
"POINT (10.898778245000074 48.369473742000025)",Unfall 181587 (2018) Kat:3, Licht: 2,181587,3,7,0,07,04,1,0,2,1,0,0,0,0,0
"POINT (10.920531779000044 48.380305963000069)",Unfall 181591 (2018) Kat:2, Licht: 0,181591,2,2,5,07,16,6,1,0,0,1,0,0,0,1
"POINT (10.872004865000065 48.357618954000031)",Unfall 181593 (2018) Kat:3, Licht: 0,181593,3,3,5,07,18,6,0,0,1,1,0,0,0,0
"POINT (10.839924710000048 48.382807332000027)",Unfall 181746 (2018) Kat:3, Licht: 0,181746,3,7,6,07,16,5,0,0,0,0,1,0,0,1
"POINT (10.880940176000024 48.366829786000039)",Unfall 181748 (2018) Kat:3, Licht: 0,181748,3,1,7,07,16,5,0,0,1,0,0,0,0,0
"POINT (10.864800363000029 48.366925183000035)",Unfall 181749 (2018) Kat:3, Licht: 2,181749,3,1,0,07,00,5,0,2,1,0,0,0,0,0
"POINT (10.881528508000031 48.382625605000044)",Unfall 181751 (2018) Kat:3, Licht: 0,181751,3,7,0,07,16,5,0,0,1,1,0,0,0,0
"POINT (10.880528878000064 48.382086028000060)",Unfall 181753 (2018) Kat:2, Licht: 0,181753,2,4,6,07,17,5,0,0,0,1,1,0,0,0
"POINT (10.921166855000024 48.384200929000031)",Unfall 181754 (2018) Kat:3, Licht: 0,181754,3,1,5,07,16,5,0,0,1,0,0,0,0,1
"POINT (10.910018368000067 48.308993347000069)",Unfall 181756 (2018) Kat:3, Licht: 0,181756,3,7,0,07,18,5,0,0,0,0,0,0,0,1
"POINT (10.841340014000025 48.382316996000043)",Unfall 181763 (2018) Kat:3, Licht: 0,181763,3,2,5,07,16,3,1,0,1,1,0,0,0,0
"POINT (10.879669586000034 48.365241898000079)",Unfall 181764 (2018) Kat:3, Licht: 0,181764,3,2,4,07,16,3,0,0,1,1,0,0,0,0
"POINT (10.891037580000045 48.360843961000057)",Unfall 181765 (2018) Kat:3, Licht: 0,181765,3,1,0,07,17,3,0,0,0,0,0,1,0,0
"POINT (10.892869254000061 48.371044596000047)",Unfall 181766 (2018) Kat:3, Licht: 0,181766,3,3,5,07,08,3,0,0,0,1,0,0,0,0
"POINT (10.885638534000066 48.344359861000044)",Unfall 181767 (2018) Kat:3, Licht: 0,181767,3,1,2,07,15,5,0,0,0,1,0,0,0,0
"POINT (10.867774984000050 48.337332880000076)",Unfall 181768 (2018) Kat:3, Licht: 0,181768,3,1,3,07,15,5,0,0,1,0,0,1,0,0
"POINT (10.887356407000027 48.368718318000049)",Unfall 181769 (2018) Kat:3, Licht: 0,181769,3,7,2,07,16,3,0,0,1,1,0,0,0,0
"POINT (10.882553428000051 48.353875968000068)",Unfall 181770 (2018) Kat:3, Licht: 0,181770,3,1,3,07,07,5,0,0,1,1,0,0,0,0
"POINT (10.944507569000052 48.354266926000037)",Unfall 181920 (2018) Kat:3, Licht: 0,181920,3,2,3,07,15,2,0,0,1,1,0,0,0,0
"POINT (10.906233516000043 48.316436912000029)",Unfall 181923 (2018) Kat:3, Licht: 0,181923,3,1,0,07,18,2,0,0,1,0,0,0,0,0
"POINT (10.901493805000030 48.369701466000038)",Unfall 181925 (2018) Kat:3, Licht: 0,181925,3,3,5,07,17,2,0,0,1,1,0,0,0,0
"POINT (10.884051633000070 48.374474623000026)",Unfall 181926 (2018) Kat:3, Licht: 0,181926,3,3,0,07,07,2,0,0,1,1,0,0,0,0