WKT,Name,OBJECTID,UKATEGORIE,UTYP1,UART,UMONAT,USTUNDE,UWOCHENTAG,STRZUSTAND,ULICHTVERH,ISTRAD,ISTPKW,ISTFUSS,ISTKRAD,ISTGKFZ,ISTSONSTIG
"POINT (10.904808013000036 48.370273468000050)",Unfall 181928 (2018) Kat:3, Licht: 0,181928,3,7,0,07,18,2,0,0,1,0,0,0,0,0
"POINT (10.885101283000040 48.367384996000055)",Unfall 181930 (2018) Kat:3, Licht: 0,181930,3,1,0,07,09,2,0,0,1,0,0,0,0,0
"POINT (10.860075222000035 48.372918126000059)",Unfall 181935 (2018) Kat:3, Licht: 0,181935,3,3,5,07,17,4,0,0,1,1,0,0,0,0
"POINT (10.927251944000034 48.378552459000048)",Unfall 181937 (2018) Kat:3, Licht: 0,181937,3,6,2,07,08,4,0,0,1,1,0,0,0,0
"POINT (10.907511401000022 48.305610025000078)",Unfall 181940 (2018) Kat:2, Licht: 0,181940,2,1,5,07,16,4,0,0,1,1,0,0,0,0
"POINT (10.903619984000045 48.366164006000076)",Unfall 182031 (2018) Kat:3, Licht: 0,182031,3,1,2,07,12,1,0,0,0,1,0,1,0,0
"POINT (10.902964702000077 48.370448987000032)",Unfall 182032 (2018) Kat:3, Licht: 0,182032,3,2,0,07,10,1,0,0,1,1,0,0,0,0
"POINT (10.888388763000023 48.377755143000059)",Unfall 182034 (2018) Kat:3, Licht: 2,182034,3,3,5,07,03,1,0,2,0,1,0,0,0,0
"POINT (10.874421601000051 48.363875216000054)",Unfall 182039 (2018) Kat:2, Licht: 0,182039,2,1,0,07,19,6,0,0,1,0,0,0,0,0
"POINT (10.881551347000027 48.391114638000033)",Unfall 182041 (2018) Kat:3, Licht: 0,182041,3,3,5,07,15,6,0,0,1,1,0,0,0,0
"POINT (10.909877798000025 48.404788740000072)",Unfall 182043 (2018) Kat:3, Licht: 0,182043,3,3,5,07,07,6,0,0,1,1,0,0,0,0
"POINT (10.917225864000045 48.385692235000079)",Unfall 182044 (2018) Kat:3, Licht: 0,182044,3,7,2,07,18,6,0,0,0,1,0,1,0,0
"POINT (10.885121479000077 48.372960844000033)",Unfall 182045 (2018) Kat:3, Licht: 0,182045,3,2,3,07,13,6,0,0,1,1,0,0,0,0
"POINT (10.913743856000053 48.376756107000062)",Unfall 182156 (2018) Kat:2, Licht: 2,182156,2,6,2,07,21,7,0,2,0,1,0,1,0,0
"POINT (10.856376480000051 48.385330106000026)",Unfall 182225 (2018) Kat:2, Licht: 0,182225,2,1,0,07,16,3,0,0,1,0,0,0,0,0
"POINT (10.921460382000021 48.387811042000067)",Unfall 182226 (2018) Kat:3, Licht: 0,182226,3,4,0,07,18,3,0,0,1,0,1,0,0,0
"POINT (10.897827858000028 48.371027220000030)",Unfall 182227 (2018) Kat:3, Licht: 2,182227,3,3,5,07,22,3,1,2,0,1,0,0,0,0
"POINT (10.921106623000071 48.384304203000056)",Unfall 182242 (2018) Kat:3, Licht: 0,182242,3,3,5,07,07,4,0,0,0,1,0,0,0,1
"POINT (10.929788532000032 48.397263396000028)",Unfall 182244 (2018) Kat:3, Licht: 0,182244,3,3,5,07,14,4,0,0,1,1,0,0,0,0
"POINT (10.895814935000033 48.402911177000078)",Unfall 182245 (2018) Kat:3, Licht: 0,182245,3,3,5,07,10,4,0,0,0,1,0,1,0,0
"POINT (10.878095074000043 48.359608341000069)",Unfall 182247 (2018) Kat:3, Licht: 0,182247,3,1,2,07,19,4,0,0,1,0,0,0,0,0
"POINT (10.905572911000036 48.320253133000051)",Unfall 182249 (2018) Kat:3, Licht: 0,182249,3,2,5,07,18,4,0,0,1,1,0,0,0,0
"POINT (10.916240812000069 48.366876397000055)",Unfall 182250 (2018) Kat:3, Licht: 0,182250,3,1,0,07,18,4,0,0,1,0,0,0,0,0
"POINT (10.903399419000039 48.352371010000070)",Unfall 182252 (2018) Kat:3, Licht: 0,182252,3,1,0,07,09,4,0,0,1,0,0,0,0,0
"POINT (10.895746239000061 48.362787177000030)",Unfall 182253 (2018) Kat:3, Licht: 0,182253,3,7,2,07,19,4,0,0,0,1,0,0,0,0
"POINT (10.911237402000040 48.372876266000048)",Unfall 182255 (2018) Kat:3, Licht: 0,182255,3,3,5,07,15,4,0,0,1,1,0,0,0,0
"POINT (10.904245918000072 48.362221912000052)",Unfall 182257 (2018) Kat:3, Licht: 0,182257,3,2,4,07,16,4,0,0,0,1,0,1,0,0
"POINT (10.875804108000068 48.371654923000051)",Unfall 182368 (2018) Kat:3, Licht: 0,182368,3,6,2,07,14,2,0,0,1,1,0,0,0,0
"POINT (10.866759484000056 48.359468469000035)",Unfall 182370 (2018) Kat:3, Licht: 0,182370,3,1,0,07,09,2,0,0,1,0,0,0,0,0
"POINT (10.903053175000025 48.386128007000082)",Unfall 182372 (2018) Kat:2, Licht: 0,182372,2,4,6,07,17,2,0,0,0,1,1,0,0,0
"POINT (10.873605406000024 48.337750574000040)",Unfall 182375 (2018) Kat:3, Licht: 0,182375,3,3,0,07,12,2,0,0,1,0,0,0,0,0
"POINT (10.885899271000028 48.347137210000028)",Unfall 182376 (2018) Kat:3, Licht: 0,182376,3,1,5,07,09,2,0,0,1,1,0,0,0,0
"POINT (10.900862219000032 48.370676903000060)",Unfall 182378 (2018) Kat:3, Licht: 2,182378,3,2,4,07,22,2,0,2,1,1,0,0,0,0
"POINT (10.863575124000022 48.363814162000040)",Unfall 182528 (2018) Kat:3, Licht: 2,182528,3,1,0,07,22,5,0,2,1,0,0,0,0,0
"POINT (10.902400395000029 48.333984883000028)",Unfall 182531 (2018) Kat:3, Licht: 0,182531,3,1,4,07,15,5,0,0,0,1,0,1,0,0
"POINT (10.908307963000027 48.329308789000038)",Unfall 182533 (2018) Kat:3, Licht: 0,182533,3,1,5,07,06,5,0,0,1,1,0,0,0,0
"POINT (10.903727341000035 48.365978834000032)",Unfall 182536 (2018) Kat:2, Licht: 0,182536,2,6,3,07,18,5,0,0,0,1,0,0,0,0
"POINT (10.885400865000065 48.378199668000036)",Unfall 182537 (2018) Kat:3, Licht: 0,182537,3,2,4,07,16,5,0,0,1,1,0,0,0,0
"POINT (10.915209873000038 48.391172416000074)",Unfall 182567 (2018) Kat:3, Licht: 0,182567,3,2,1,07,08,6,0,0,0,1,0,0,0,1
"POINT (10.924317270000074 48.362494967000032)",Unfall 182569 (2018) Kat:3, Licht: 0,182569,3,7,7,07,17,6,0,0,0,0,1,1,0,0
"POINT (10.909283361000064 48.339583656000059)",Unfall 182571 (2018) Kat:3, Licht: 0,182571,3,1,6,07,18,6,0,0,1,0,1,0,0,0
"POINT (10.882328068000049 48.360809142000051)",Unfall 182573 (2018) Kat:3, Licht: 0,182573,3,1,0,07,17,6,0,0,1,0,0,0,0,0
"POINT (10.859254535000048 48.384965265000062)",Unfall 182768 (2018) Kat:3, Licht: 0,182768,3,1,0,07,18,3,0,0,1,0,0,0,0,0
"POINT (10.906882394000036 48.309328667000045)",Unfall 182770 (2018) Kat:3, Licht: 0,182770,3,1,0,07,11,3,0,0,1,1,0,0,0,0
"POINT (10.868687333000025 48.338171761000069)",Unfall 182771 (2018) Kat:3, Licht: 0,182771,3,1,0,07,14,3,0,0,1,0,0,0,0,0
"POINT (10.870422760000054 48.337886659000048)",Unfall 182773 (2018) Kat:2, Licht: 0,182773,2,1,0,07,11,3,0,0,1,0,0,0,0,0
"POINT (10.877789167000060 48.364781438000080)",Unfall 182842 (2018) Kat:3, Licht: 0,182842,3,1,0,07,07,1,1,0,1,0,0,0,0,0
"POINT (10.873713801000065 48.337745657000028)",Unfall 182844 (2018) Kat:3, Licht: 2,182844,3,1,5,07,01,1,1,2,0,1,0,0,0,0
"POINT (10.947050478000051 48.359866111000031)",Unfall 182924 (2018) Kat:3, Licht: 0,182924,3,3,5,07,11,7,1,0,0,1,0,0,0,0
"POINT (10.896525032000056 48.373607900000081)",Unfall 182926 (2018) Kat:3, Licht: 0,182926,3,1,9,07,12,7,1,0,0,1,1,0,0,0
"POINT (10.873900477000063 48.340602724000064)",Unfall 182976 (2018) Kat:3, Licht: 0,182976,3,1,0,07,19,2,0,0,1,0,0,0,0,0
"POINT (10.896591627000021 48.359976748000065)",Unfall 182978 (2018) Kat:3, Licht: 0,182978,3,6,2,07,17,2,0,0,1,1,0,0,0,0
"POINT (10.901711704000036 48.312178800000027)",Unfall 183059 (2018) Kat:3, Licht: 0,183059,3,1,0,07,19,6,0,0,1,0,0,0,0,0
"POINT (10.880588494000051 48.384666988000049)",Unfall 183062 (2018) Kat:3, Licht: 0,183062,3,2,5,07,17,6,0,0,0,1,0,0,0,1
"POINT (10.856469655000069 48.393792731000076)",Unfall 183063 (2018) Kat:3, Licht: 2,183063,3,3,5,07,21,6,0,2,1,1,0,0,0,0
"POINT (10.915292566000062 48.394875953000053)",Unfall 183065 (2018) Kat:3, Licht: 0,183065,3,7,5,07,13,6,0,0,1,1,0,0,0,0
"POINT (10.932456780000052 48.377609216000053)",Unfall 183067 (2018) Kat:3, Licht: 0,183067,3,3,5,07,11,6,0,0,0,1,0,0,0,1
"POINT (10.900814871000023 48.298843550000072)",Unfall 183070 (2018) Kat:3, Licht: 0,183070,3,3,0,07,15,6,0,0,0,1,0,0,0,0
"POINT (10.908302139000057 48.362422353000056)",Unfall 183072 (2018) Kat:3, Licht: 0,183072,3,4,0,07,14,6,0,0,0,0,1,1,0,0
"POINT (10.904109283000025 48.365081975000066)",Unfall 183075 (2018) Kat:3, Licht: 0,183075,3,2,3,07,19,6,0,0,1,1,0,0,0,0
"POINT (10.867898256000046 48.367680714000073)",Unfall 183118 (2018) Kat:3, Licht: 0,183118,3,6,3,07,08,4,0,0,1,1,0,0,0,0
"POINT (10.874913588000027 48.371008274000076)",Unfall 183120 (2018) Kat:3, Licht: 0,183120,3,3,5,07,19,4,0,0,0,1,0,0,0,0
"POINT (10.884333292000065 48.367015600000059)",Unfall 183123 (2018) Kat:3, Licht: 1,183123,3,1,0,07,21,4,0,1,1,0,0,0,0,0
"POINT (10.843016989000034 48.314811293000048)",Unfall 183125 (2018) Kat:3, Licht: 0,183125,3,1,3,07,13,4,0,0,1,1,0,0,0,0
"POINT (10.892668912000033 48.373212901000045)",Unfall 183126 (2018) Kat:3, Licht: 0,183126,3,1,1,07,16,4,0,0,1,1,0,0,0,0
"POINT (10.901648262000037 48.369234669000036)",Unfall 183128 (2018) Kat:3, Licht: 0,183128,3,7,0,07,18,4,0,0,1,0,0,0,0,0
"POINT (10.873032074000037 48.381456366000066)",Unfall 183265 (2018) Kat:3, Licht: 0,183265,3,6,2,07,08,5,0,0,0,1,0,0,0,0
"POINT (10.870910178000031 48.342770039000072)",Unfall 183266 (2018) Kat:3, Licht: 2,183266,3,1,0,07,23,5,0,2,1,0,0,0,0,0
"POINT (10.893647282000074 48.364737082000033)",Unfall 183268 (2018) Kat:3, Licht: 0,183268,3,6,3,07,10,5,0,0,1,0,0,0,0,1
"POINT (10.891400284000042 48.353355471000043)",Unfall 183309 (2018) Kat:3, Licht: 0,183309,3,2,3,07,14,2,0,0,1,1,0,0,0,0
"POINT (10.868452479000041 48.379935978000049)",Unfall 183317 (2018) Kat:3, Licht: 0,183317,3,1,1,07,13,1,0,0,0,1,0,1,0,0
"POINT (10.875051149000058 48.356175427000039)",Unfall 183318 (2018) Kat:3, Licht: 2,183318,3,1,0,07,23,1,0,2,1,0,0,0,0,0
"POINT (10.881867102000058 48.365909525000063)",Unfall 183320 (2018) Kat:3, Licht: 0,183320,3,1,2,07,13,1,0,0,1,0,0,0,0,0
"POINT (10.894283700000074 48.366350059000069)",Unfall 183372 (2018) Kat:3, Licht: 0,183372,3,1,0,07,08,2,0,0,1,0,0,0,0,0
"POINT (10.903938673000027 48.358480225000051)",Unfall 183410 (2018) Kat:3, Licht: 0,183410,3,2,4,07,08,2,0,0,1,0,0,0,0,0
"POINT (10.889626312000075 48.360183925000058)",Unfall 183437 (2018) Kat:3, Licht: 2,183437,3,1,0,07,00,7,0,2,1,0,0,0,0,0
"POINT (10.885578640000062 48.378674074000060)",Unfall 183438 (2018) Kat:2, Licht: 0,183438,2,3,5,07,17,7,0,0,0,1,0,0,0,0
"POINT (10.894376934000036 48.369973735000031)",Unfall 183460 (2018) Kat:3, Licht: 0,183460,3,2,2,07,11,2,0,0,0,1,0,0,0,0
"POINT (10.893827541000064 48.305834225000069)",Unfall 183517 (2018) Kat:2, Licht: 0,183517,2,1,0,07,18,2,0,0,1,0,0,0,0,0
"POINT (10.912457338000024 48.374721688000079)",Unfall 183593 (2018) Kat:3, Licht: 2,183593,3,1,0,07,21,3,0,2,1,0,0,0,0,0
"POINT (10.902525757000035 48.358558458000061)",Unfall 183596 (2018) Kat:3, Licht: 0,183596,3,6,2,07,19,3,0,0,0,1,0,0,0,0
"POINT (10.912637623000023 48.375150938000047)",Unfall 183629 (2018) Kat:3, Licht: 0,183629,3,6,1,08,14,4,0,0,0,1,0,0,0,0
"POINT (10.849947314000076 48.385013921000052)",Unfall 183661 (2018) Kat:3, Licht: 0,183661,3,3,5,08,08,5,0,0,0,1,0,0,0,0
"POINT (10.880457265000075 48.383525691000045)",Unfall 183663 (2018) Kat:3, Licht: 0,183663,3,1,0,08,11,5,0,0,1,1,0,0,0,0
"POINT (10.877283250000062 48.348891582000078)",Unfall 183804 (2018) Kat:3, Licht: 0,183804,3,7,0,08,16,4,0,0,1,0,0,0,0,0
"POINT (10.868382061000034 48.374524842000028)",Unfall 183826 (2018) Kat:3, Licht: 2,183826,3,2,6,08,03,7,0,2,0,1,1,0,0,0
"POINT (10.885211739000056 48.360820212000078)",Unfall 183827 (2018) Kat:2, Licht: 2,183827,2,1,0,08,00,7,0,2,1,0,0,0,0,0
"POINT (10.886202253000022 48.380891969000061)",Unfall 183828 (2018) Kat:3, Licht: 0,183828,3,3,5,08,20,7,0,0,1,1,0,0,0,0
"POINT (10.851198954000040 48.343778256000064)",Unfall 183883 (2018) Kat:3, Licht: 0,183883,3,1,5,08,17,2,0,0,1,0,0,0,0,0
"POINT (10.872097112000063 48.363238205000073)",Unfall 183983 (2018) Kat:3, Licht: 0,183983,3,6,2,08,15,6,0,0,0,1,0,0,0,0
"POINT (10.860085085000037 48.372955576000038)",Unfall 183985 (2018) Kat:3, Licht: 0,183985,3,3,5,08,10,6,0,0,0,1,0,0,0,0
"POINT (10.869862982000029 48.399095153000076)",Unfall 183987 (2018) Kat:3, Licht: 2,183987,3,6,3,08,04,6,0,2,0,0,0,1,1,0
"POINT (10.917573903000061 48.376061247000052)",Unfall 183989 (2018) Kat:3, Licht: 0,183989,3,7,0,08,10,6,0,0,1,0,1,0,0,0
"POINT (10.909562584000071 48.370350925000025)",Unfall 183992 (2018) Kat:3, Licht: 0,183992,3,3,4,08,23,6,0,0,0,1,0,1,0,0
"POINT (10.902548442000068 48.352227501000073)",Unfall 183994 (2018) Kat:2, Licht: 0,183994,2,2,5,08,14,6,0,0,0,1,0,1,0,0
"POINT (10.898614004000024 48.359840709000025)",Unfall 183995 (2018) Kat:3, Licht: 0,183995,3,2,0,08,16,6,0,0,1,1,0,0,0,0
"POINT (10.901589348000073 48.361953059000029)",Unfall 183997 (2018) Kat:3, Licht: 2,183997,3,1,0,08,22,6,0,2,1,0,0,0,0,0
"POINT (10.905759035000074 48.332472692000067)",Unfall 184004 (2018) Kat:3, Licht: 0,184004,3,7,0,08,17,1,0,0,1,0,0,0,0,0
"POINT (10.881021827000041 48.392743213000074)",Unfall 184086 (2018) Kat:3, Licht: 2,184086,3,1,1,08,01,4,0,2,1,1,0,0,0,0
"POINT (10.909532842000033 48.317257554000037)",Unfall 184087 (2018) Kat:2, Licht: 0,184087,2,7,0,08,16,4,0,0,1,0,0,0,0,0
"POINT (10.881554510000058 48.359828506000042)",Unfall 184088 (2018) Kat:3, Licht: 2,184088,3,1,0,08,22,4,0,2,1,0,0,0,0,0
"POINT (10.888618449000035 48.370979285000033)",Unfall 184121 (2018) Kat:3, Licht: 0,184121,3,2,1,08,13,6,0,0,0,1,0,1,0,0
"POINT (10.937783992000050 48.378301407000038)",Unfall 184202 (2018) Kat:3, Licht: 0,184202,3,7,0,08,09,3,0,0,1,0,0,0,0,0
"POINT (10.897325278000039 48.350277608000056)",Unfall 184203 (2018) Kat:3, Licht: 0,184203,3,2,2,08,17,3,0,0,1,1,0,0,0,0
"POINT (10.898038627000062 48.369973905000052)",Unfall 184205 (2018) Kat:3, Licht: 0,184205,3,7,0,08,11,3,0,0,0,0,0,1,0,0
"POINT (10.938617384000054 48.344450064000057)",Unfall 184255 (2018) Kat:3, Licht: 0,184255,3,7,0,08,15,5,0,0,1,0,0,0,0,0
"POINT (10.861674239000024 48.340061087000038)",Unfall 184398 (2018) Kat:3, Licht: 0,184398,3,3,5,08,19,1,0,0,1,1,0,0,0,0
"POINT (10.907077437000055 48.359925320000059)",Unfall 184462 (2018) Kat:3, Licht: 0,184462,3,1,5,08,17,3,0,0,1,1,0,0,0,0
"POINT (10.896719183000073 48.323568844000079)",Unfall 184463 (2018) Kat:3, Licht: 0,184463,3,1,5,08,14,3,0,0,0,1,0,0,0,0
"POINT (10.906628745000035 48.359471062000068)",Unfall 184464 (2018) Kat:3, Licht: 0,184464,3,1,5,08,11,3,0,0,1,1,0,0,0,0
"POINT (10.889060150000034 48.367480416000035)",Unfall 184466 (2018) Kat:3, Licht: 0,184466,3,2,3,08,11,3,0,0,1,1,0,0,0,0
"POINT (10.876837878000060 48.383562028000028)",Unfall 184520 (2018) Kat:3, Licht: 1,184520,3,6,2,08,20,7,0,1,0,1,0,1,0,0
"POINT (10.895834396000055 48.370164175000070)",Unfall 184523 (2018) Kat:3, Licht: 2,184523,3,2,4,08,23,7,0,2,0,1,1,0,0,1
"POINT (10.883492591000049 48.391590674000042)",Unfall 184562 (2018) Kat:3, Licht: 0,184562,3,3,4,08,17,2,0,0,1,1,0,0,0,0
"POINT (10.880530350000072 48.401347392000048)",Unfall 184565 (2018) Kat:3, Licht: 0,184565,3,3,5,08,13,2,0,0,1,1,0,0,0,0
"POINT (10.884113477000028 48.343383127000038)",Unfall 184567 (2018) Kat:3, Licht: 0,184567,3,1,1,08,09,2,0,0,1,1,0,0,0,0
"POINT (10.828045451000037 48.320894854000073)",Unfall 184633 (2018) Kat:3, Licht: 0,184633,3,1,0,08,16,6,0,0,0,1,0,0,0,0
"POINT (10.899764759000050 48.368075574000045)",Unfall 184634 (2018) Kat:3, Licht: 0,184634,3,7,0,08,08,6,0,0,1,1,0,0,0,0
"POINT (10.893400750000069 48.424792209000032)",Unfall 184734 (2018) Kat:3, Licht: 0,184734,3,6,2,08,07,5,0,0,0,0,0,1,1,0
"POINT (10.942295633000072 48.354885392000028)",Unfall 184738 (2018) Kat:3, Licht: 0,184738,3,7,0,08,19,5,0,0,1,0,0,0,0,0
"POINT (10.914414749000059 48.380466298000044)",Unfall 184740 (2018) Kat:3, Licht: 0,184740,3,5,0,08,09,5,0,0,1,1,0,0,0,0
"POINT (10.900715809000076 48.346073396000065)",Unfall 184741 (2018) Kat:3, Licht: 0,184741,3,1,0,08,11,5,0,0,0,0,0,0,0,1
"POINT (10.888401944000066 48.360770085000070)",Unfall 184802 (2018) Kat:3, Licht: 1,184802,3,1,3,08,20,7,0,1,0,1,0,0,0,0
"POINT (10.864443729000072 48.341065748000062)",Unfall 184804 (2018) Kat:3, Licht: 0,184804,3,1,0,08,16,7,0,0,1,0,1,0,0,0
"POINT (10.875515022000059 48.370103147000066)",Unfall 184835 (2018) Kat:3, Licht: 0,184835,3,6,0,08,19,4,0,0,0,0,0,1,0,1
"POINT (10.897823282000047 48.370710375000044)",Unfall 184836 (2018) Kat:3, Licht: 0,184836,3,6,3,08,17,4,0,0,1,1,0,0,0,0
"POINT (10.915440657000033 48.395384337000053)",Unfall 184959 (2018) Kat:3, Licht: 0,184959,3,6,2,08,17,3,0,0,0,0,0,1,0,0
"POINT (10.899940119000064 48.309716442000081)",Unfall 184961 (2018) Kat:3, Licht: 0,184961,3,1,6,08,17,3,0,0,0,1,1,0,0,0
"POINT (10.881559213000060 48.326283381000053)",Unfall 184965 (2018) Kat:3, Licht: 0,184965,3,1,8,08,12,3,0,0,0,1,0,0,0,0
"POINT (10.903293279000025 48.370383698000069)",Unfall 184968 (2018) Kat:3, Licht: 0,184968,3,5,3,08,15,3,0,0,1,1,0,0,0,0
"POINT (10.906616291000034 48.366941097000051)",Unfall 184974 (2018) Kat:3, Licht: 1,184974,3,1,3,08,20,5,1,1,1,1,0,0,0,0
"POINT (10.900004045000060 48.359534974000042)",Unfall 184976 (2018) Kat:3, Licht: 0,184976,3,3,0,08,15,5,0,0,1,0,0,0,0,0
"POINT (10.915234770000040 48.390935592000062)",Unfall 185081 (2018) Kat:3, Licht: 0,185081,3,3,5,08,10,2,0,0,0,1,0,0,1,0
"POINT (10.915316263000022 48.397242075000065)",Unfall 185084 (2018) Kat:3, Licht: 0,185084,3,6,0,08,12,2,0,0,0,1,0,1,0,0
"POINT (10.901570325000023 48.375473599000031)",Unfall 185086 (2018) Kat:3, Licht: 0,185086,3,6,2,08,17,2,0,0,0,1,0,0,0,0
"POINT (10.875662560000023 48.380670091000070)",Unfall 185096 (2018) Kat:3, Licht: 0,185096,3,7,0,08,18,4,0,0,1,0,0,0,0,0
"POINT (10.932915404000028 48.392963722000047)",Unfall 185097 (2018) Kat:3, Licht: 0,185097,3,3,5,08,18,4,0,0,1,1,0,0,0,0
"POINT (10.899593814000070 48.379046801000072)",Unfall 185099 (2018) Kat:3, Licht: 0,185099,3,3,1,08,12,4,0,0,1,1,0,0,0,0
"POINT (10.924406026000042 48.362513763000038)",Unfall 185182 (2018) Kat:3, Licht: 0,185182,3,1,0,08,16,1,0,0,1,0,0,0,0,1
"POINT (10.869975677000070 48.371957269000063)",Unfall 185193 (2018) Kat:3, Licht: 0,185193,3,3,5,08,17,3,0,0,0,1,0,1,0,0
"POINT (10.932160409000062 48.377536621000047)",Unfall 185199 (2018) Kat:3, Licht: 0,185199,3,2,3,08,09,3,0,0,0,0,0,1,0,1
"POINT (10.892827236000073 48.373100404000070)",Unfall 185201 (2018) Kat:3, Licht: 0,185201,3,3,4,08,17,3,0,0,1,1,0,0,0,0
"POINT (10.936943319000022 48.381710603000045)",Unfall 185240 (2018) Kat:3, Licht: 0,185240,3,2,4,08,15,7,1,0,0,1,0,0,0,0
"POINT (10.908725032000063 48.381310590000055)",Unfall 185242 (2018) Kat:3, Licht: 0,185242,3,7,0,08,08,7,1,0,1,0,0,0,0,0
"POINT (10.882365427000025 48.378672975000029)",Unfall 185243 (2018) Kat:3, Licht: 2,185243,3,4,6,08,23,7,0,2,0,0,1,0,0,1
"POINT (10.883813802000077 48.374498571000061)",Unfall 185341 (2018) Kat:3, Licht: 0,185341,3,7,0,08,15,2,0,0,1,0,0,0,0,0
"POINT (10.885049973000037 48.373365733000071)",Unfall 185344 (2018) Kat:3, Licht: 2,185344,3,5,1,08,22,2,0,2,1,1,0,0,0,0
"POINT (10.878066446000048 48.370197031000032)",Unfall 185362 (2018) Kat:3, Licht: 0,185362,3,1,0,08,10,6,1,0,1,0,0,0,0,0
"POINT (10.841998076000039 48.314753938000081)",Unfall 185364 (2018) Kat:3, Licht: 0,185364,3,1,5,08,18,6,0,0,1,1,0,0,0,0
"POINT (10.902255861000071 48.357008626000038)",Unfall 185366 (2018) Kat:3, Licht: 0,185366,3,1,4,08,12,6,1,0,0,1,0,1,0,0
"POINT (10.917239529000028 48.379860220000069)",Unfall 185389 (2018) Kat:2, Licht: 0,185389,2,1,0,08,14,6,1,0,0,0,0,1,0,0
"POINT (10.849488798000039 48.382210536000059)",Unfall 185392 (2018) Kat:3, Licht: 2,185392,3,3,5,08,20,6,0,2,0,1,0,0,0,0
"POINT (10.881404785000029 48.389355383000066)",Unfall 185393 (2018) Kat:3, Licht: 0,185393,3,2,3,08,15,6,1,0,0,1,0,1,0,0
"POINT (10.918674557000031 48.380647647000046)",Unfall 185394 (2018) Kat:3, Licht: 0,185394,3,1,0,08,10,6,1,0,1,0,0,0,0,0
"POINT (10.896186834000048 48.336535400000059)",Unfall 185395 (2018) Kat:3, Licht: 0,185395,3,3,5,08,14,6,1,0,1,1,0,0,0,0
"POINT (10.880142752000040 48.359731670000031)",Unfall 185396 (2018) Kat:3, Licht: 0,185396,3,1,0,08,11,6,1,0,0,0,0,1,0,0
"POINT (10.889047068000025 48.371652360000041)",Unfall 185397 (2018) Kat:3, Licht: 0,185397,3,1,0,08,12,6,1,0,0,0,0,1,0,0
"POINT (10.881283417000077 48.366508691000035)",Unfall 185451 (2018) Kat:3, Licht: 0,185451,3,6,1,09,09,2,0,0,0,1,0,0,0,0
"POINT (10.929874791000032 48.400216818000047)",Unfall 185453 (2018) Kat:3, Licht: 0,185453,3,1,8,09,13,2,0,0,0,1,0,0,0,0
"POINT (10.918388815000071 48.368279407000045)",Unfall 185495 (2018) Kat:3, Licht: 2,185495,3,3,5,08,00,5,0,2,1,1,0,0,0,0
"POINT (10.906126521000033 48.356809684000041)",Unfall 185548 (2018) Kat:3, Licht: 0,185548,3,7,0,09,15,1,0,0,1,0,0,0,0,1
"POINT (10.904799953000065 48.362155298000062)",Unfall 185551 (2018) Kat:3, Licht: 2,185551,3,2,4,09,20,1,0,2,0,1,0,1,0,0
"POINT (10.881556869000065 48.398304082000038)",Unfall 185617 (2018) Kat:3, Licht: 2,185617,3,6,2,08,21,4,1,2,0,1,0,0,1,0
"POINT (10.944667289000051 48.344506282000054)",Unfall 185620 (2018) Kat:3, Licht: 0,185620,3,3,4,08,17,4,0,0,0,1,0,1,0,0
"POINT (10.898816531000023 48.360834957000066)",Unfall 185622 (2018) Kat:3, Licht: 2,185622,3,2,1,08,20,4,1,2,1,1,0,0,0,0
"POINT (10.904742841000029 48.366151462000062)",Unfall 185624 (2018) Kat:3, Licht: 0,185624,3,3,5,08,07,4,0,0,1,1,0,0,0,0
"POINT (10.919894266000028 48.380387595000059)",Unfall 185698 (2018) Kat:3, Licht: 0,185698,3,1,0,09,12,6,0,0,1,0,0,0,0,0
"POINT (10.930756231000032 48.377250929000070)",Unfall 185753 (2018) Kat:3, Licht: 0,185753,3,3,5,09,15,6,0,0,1,1,0,0,0,0
"POINT (10.933204934000059 48.379356489000031)",Unfall 185757 (2018) Kat:3, Licht: 0,185757,3,3,5,09,10,4,0,0,1,1,0,0,0,0
"POINT (10.883408770000074 48.378440457000067)",Unfall 185765 (2018) Kat:3, Licht: 0,185765,3,3,5,09,17,6,0,0,0,1,0,0,0,0
"POINT (10.858735553000031 48.365178006000065)",Unfall 185799 (2018) Kat:3, Licht: 1,185799,3,3,5,09,19,5,0,1,1,1,0,0,0,0
"POINT (10.880438438000056 48.379368364000072)",Unfall 185803 (2018) Kat:3, Licht: 0,185803,3,7,3,09,15,6,0,0,1,1,0,0,0,0
"POINT (10.881578646000037 48.398211316000072)",Unfall 185809 (2018) Kat:2, Licht: 1,185809,2,3,5,09,19,5,0,1,1,0,0,1,0,0
"POINT (10.917505296000058 48.385984226000062)",Unfall 185858 (2018) Kat:3, Licht: 0,185858,3,7,0,09,11,6,0,0,1,0,0,0,0,0
"POINT (10.882545143000073 48.385017665000078)",Unfall 185870 (2018) Kat:3, Licht: 1,185870,3,4,6,09,18,3,0,1,0,1,1,0,0,0
"POINT (10.885950154000057 48.345637598000053)",Unfall 185871 (2018) Kat:2, Licht: 0,185871,2,3,5,09,08,3,1,0,0,1,0,0,0,0
"POINT (10.933938948000048 48.377946507000047)",Unfall 185927 (2018) Kat:3, Licht: 0,185927,3,3,5,09,18,3,0,0,0,1,0,0,0,0