WKT,Name,OBJECTID,UKATEGORIE,UTYP1,UART,UMONAT,USTUNDE,UWOCHENTAG,STRZUSTAND,ULICHTVERH,ISTRAD,ISTPKW,ISTFUSS,ISTKRAD,ISTGKFZ,ISTSONSTIG
"POINT (10.868717121000032 48.399390541000059)",Unfall 185929 (2018) Kat:3, Licht: 0,185929,3,3,5,09,17,2,0,0,1,1,0,0,0,0
"POINT (10.862850833000039 48.340717621000067)",Unfall 185931 (2018) Kat:3, Licht: 0,185931,3,2,5,09,09,2,0,0,1,1,0,0,0,0
"POINT (10.901016906000052 48.370576421000067)",Unfall 185932 (2018) Kat:3, Licht: 0,185932,3,2,3,09,15,2,0,0,1,1,0,0,0,0
"POINT (10.879224439000041 48.359207196000057)",Unfall 185933 (2018) Kat:3, Licht: 0,185933,3,1,0,09,18,3,0,0,1,0,0,0,0,0
"POINT (10.905135904000076 48.307973124000057)",Unfall 185935 (2018) Kat:3, Licht: 0,185935,3,1,0,09,16,3,0,0,0,0,0,1,0,0
"POINT (10.862748067000041 48.356494167000051)",Unfall 186100 (2018) Kat:3, Licht: 0,186100,3,3,5,09,18,7,0,0,1,0,0,0,0,0
"POINT (10.853850478000027 48.379860179000048)",Unfall 186101 (2018) Kat:3, Licht: 0,186101,3,1,1,09,15,7,0,0,1,1,0,0,0,0
"POINT (10.899504009000054 48.377180309000039)",Unfall 186103 (2018) Kat:3, Licht: 0,186103,3,3,5,09,16,7,0,0,1,1,0,0,0,0
"POINT (10.868531060000066 48.385979283000040)",Unfall 186157 (2018) Kat:3, Licht: 0,186157,3,1,2,09,16,5,1,0,0,1,0,1,0,0
"POINT (10.866216204000068 48.393774248000057)",Unfall 186159 (2018) Kat:3, Licht: 0,186159,3,3,5,09,17,5,0,0,0,1,0,1,0,0
"POINT (10.878747004000047 48.350714269000036)",Unfall 186160 (2018) Kat:3, Licht: 0,186160,3,1,5,09,13,5,0,0,1,1,0,0,0,0
"POINT (10.898228504000031 48.367981732000032)",Unfall 186161 (2018) Kat:3, Licht: 0,186161,3,1,0,09,07,5,1,0,1,0,0,0,0,0
"POINT (10.898534718000064 48.297155826000051)",Unfall 186235 (2018) Kat:3, Licht: 0,186235,3,1,3,09,19,6,0,0,1,0,0,0,0,1
"POINT (10.904019183000059 48.365769625000041)",Unfall 186237 (2018) Kat:3, Licht: 2,186237,3,1,5,09,21,6,0,2,1,1,0,0,0,0
"POINT (10.883339078000063 48.346020832000079)",Unfall 186239 (2018) Kat:3, Licht: 0,186239,3,1,0,09,14,6,0,0,1,0,0,0,0,0
"POINT (10.890137753000033 48.311971915000072)",Unfall 186241 (2018) Kat:3, Licht: 0,186241,3,1,1,09,12,6,0,0,0,1,0,0,0,0
"POINT (10.847785130000034 48.386002855000072)",Unfall 186305 (2018) Kat:3, Licht: 0,186305,3,6,2,09,18,4,0,0,0,1,0,0,0,0
"POINT (10.877459355000042 48.401963597000076)",Unfall 186307 (2018) Kat:3, Licht: 0,186307,3,6,2,09,17,4,0,0,0,1,0,1,0,0
"POINT (10.910419005000051 48.350257724000073)",Unfall 186310 (2018) Kat:3, Licht: 0,186310,3,1,0,09,07,4,0,0,1,0,0,0,0,0
"POINT (10.893872760000022 48.373252597000032)",Unfall 186312 (2018) Kat:3, Licht: 0,186312,3,1,0,09,15,4,0,0,1,0,0,0,0,0
"POINT (10.867875249000065 48.367627846000062)",Unfall 186410 (2018) Kat:3, Licht: 0,186410,3,3,5,09,16,5,1,0,1,1,0,0,0,0
"POINT (10.849692879000031 48.373473763000050)",Unfall 186412 (2018) Kat:3, Licht: 0,186412,3,3,5,09,17,5,0,0,1,0,1,0,0,0
"POINT (10.870540052000024 48.371903337000049)",Unfall 186414 (2018) Kat:3, Licht: 0,186414,3,6,2,09,07,5,1,0,0,1,0,0,0,0
"POINT (10.873559478000061 48.360301162000042)",Unfall 186435 (2018) Kat:3, Licht: 0,186435,3,4,6,09,17,1,0,0,1,0,1,0,0,0
"POINT (10.858826624000073 48.390065883000034)",Unfall 186436 (2018) Kat:3, Licht: 0,186436,3,7,0,09,14,1,0,0,1,1,0,0,0,0
"POINT (10.909734686000036 48.404773268000042)",Unfall 186437 (2018) Kat:3, Licht: 0,186437,3,7,2,09,18,1,0,0,0,1,0,0,0,0
"POINT (10.915414467000062 48.389505042000053)",Unfall 186438 (2018) Kat:3, Licht: 0,186438,3,7,2,09,12,1,0,0,0,1,0,1,0,0
"POINT (10.906032255000071 48.343221284000037)",Unfall 186439 (2018) Kat:3, Licht: 0,186439,3,1,5,09,13,1,0,0,1,1,0,0,0,0
"POINT (10.905334350000032 48.362259337000069)",Unfall 186440 (2018) Kat:3, Licht: 0,186440,3,1,0,09,11,1,0,0,1,0,0,0,0,0
"POINT (10.889840829000036 48.379304480000030)",Unfall 186442 (2018) Kat:3, Licht: 0,186442,3,3,5,09,15,1,0,0,1,1,0,0,0,0
"POINT (10.863911434000045 48.362087613000028)",Unfall 186594 (2018) Kat:3, Licht: 0,186594,3,1,0,09,19,7,0,0,1,0,0,0,0,0
"POINT (10.879653980000057 48.385024648000069)",Unfall 186600 (2018) Kat:3, Licht: 0,186600,3,7,0,09,16,7,0,0,1,0,0,0,0,0
"POINT (10.903110575000028 48.304121808000048)",Unfall 186602 (2018) Kat:3, Licht: 0,186602,3,3,5,09,12,7,0,0,0,1,0,0,0,0
"POINT (10.947782859000029 48.376910040000041)",Unfall 186621 (2018) Kat:2, Licht: 2,186621,2,7,0,09,19,2,0,2,0,0,0,1,0,0
"POINT (10.927832711000065 48.372943148000047)",Unfall 186622 (2018) Kat:3, Licht: 0,186622,3,7,3,09,12,2,0,0,1,0,0,0,0,1
"POINT (10.910478534000049 48.361198048000062)",Unfall 186624 (2018) Kat:3, Licht: 0,186624,3,1,5,09,19,2,0,0,1,1,0,0,0,0
"POINT (10.896924836000039 48.325152179000042)",Unfall 186627 (2018) Kat:3, Licht: 2,186627,3,1,4,09,20,2,0,2,1,0,0,0,0,0
"POINT (10.902237316000026 48.356730092000078)",Unfall 186629 (2018) Kat:3, Licht: 0,186629,3,1,5,09,16,2,0,0,1,1,0,0,0,0
"POINT (10.907481807000067 48.380751187000044)",Unfall 186729 (2018) Kat:3, Licht: 0,186729,3,7,0,09,19,4,0,0,1,0,0,0,0,0
"POINT (10.859748587000070 48.371913145000065)",Unfall 186803 (2018) Kat:3, Licht: 0,186803,3,3,5,09,18,5,0,0,0,1,0,1,0,0
"POINT (10.853012512000021 48.379829966000045)",Unfall 186804 (2018) Kat:3, Licht: 0,186804,3,6,1,09,11,5,0,0,1,1,0,0,0,0
"POINT (10.868176775000052 48.365094033000048)",Unfall 186806 (2018) Kat:3, Licht: 0,186806,3,1,0,09,18,5,0,0,1,0,0,0,0,0
"POINT (10.861763931000041 48.379129774000035)",Unfall 186809 (2018) Kat:3, Licht: 0,186809,3,1,0,09,10,5,0,0,1,1,0,0,0,0
"POINT (10.875203790000057 48.380460367000069)",Unfall 186811 (2018) Kat:3, Licht: 0,186811,3,1,0,09,15,5,0,0,1,0,0,0,0,0
"POINT (10.872740512000064 48.387695734000033)",Unfall 186813 (2018) Kat:3, Licht: 0,186813,3,2,5,09,13,5,0,0,1,0,0,0,0,1
"POINT (10.881432927000048 48.389795397000057)",Unfall 186815 (2018) Kat:3, Licht: 0,186815,3,6,2,09,12,5,0,0,0,1,0,0,0,0
"POINT (10.913469027000076 48.386989563000043)",Unfall 186819 (2018) Kat:3, Licht: 0,186819,3,3,5,09,17,5,0,0,1,1,0,0,0,0
"POINT (10.904731478000031 48.370274021000057)",Unfall 186822 (2018) Kat:3, Licht: 0,186822,3,2,4,09,12,5,0,0,1,1,0,0,0,0
"POINT (10.910059940000053 48.371554190000040)",Unfall 186824 (2018) Kat:3, Licht: 0,186824,3,1,0,09,13,5,0,0,1,0,0,0,0,0
"POINT (10.881549198000073 48.391093123000076)",Unfall 186909 (2018) Kat:3, Licht: 0,186909,3,1,0,09,09,3,0,0,0,0,0,1,0,0
"POINT (10.878521217000070 48.358889205000025)",Unfall 186912 (2018) Kat:3, Licht: 0,186912,3,1,5,09,16,3,0,0,1,0,0,0,0,0
"POINT (10.893835079000041 48.308270167000046)",Unfall 186914 (2018) Kat:3, Licht: 0,186914,3,1,0,09,17,3,0,0,1,0,1,0,0,0
"POINT (10.885961538000061 48.367794678000052)",Unfall 186915 (2018) Kat:3, Licht: 0,186915,3,3,2,09,15,3,0,0,1,0,0,0,0,1
"POINT (10.908434940000063 48.370331042000032)",Unfall 186917 (2018) Kat:3, Licht: 0,186917,3,1,0,09,15,3,0,0,1,0,0,0,0,0
"POINT (10.881555534000029 48.365830336000045)",Unfall 187088 (2018) Kat:3, Licht: 0,187088,3,3,5,09,13,2,0,0,1,1,0,0,0,0
"POINT (10.881129200000032 48.380017570000064)",Unfall 187090 (2018) Kat:3, Licht: 0,187090,3,7,6,09,08,2,0,0,0,1,1,0,0,0
"POINT (10.905480056000044 48.387882039000033)",Unfall 187091 (2018) Kat:3, Licht: 0,187091,3,3,5,09,19,2,0,0,1,1,0,0,0,0
"POINT (10.897338564000052 48.359903526000039)",Unfall 187093 (2018) Kat:3, Licht: 0,187093,3,7,0,09,07,2,0,0,1,0,0,0,0,0
"POINT (10.947175074000029 48.356700704000048)",Unfall 187096 (2018) Kat:3, Licht: 0,187096,3,7,3,09,08,2,0,0,1,1,0,0,0,0
"POINT (10.898343510000075 48.367256548000057)",Unfall 187098 (2018) Kat:3, Licht: 2,187098,3,7,0,09,22,2,1,2,1,0,0,0,0,1
"POINT (10.898183781000057 48.369277617000080)",Unfall 187100 (2018) Kat:3, Licht: 2,187100,3,3,5,09,20,2,0,2,1,1,0,0,0,0
"POINT (10.850111018000064 48.385794490000080)",Unfall 187135 (2018) Kat:3, Licht: 0,187135,3,6,2,09,17,6,1,0,0,1,0,0,0,0
"POINT (10.914832922000073 48.379208106000078)",Unfall 187138 (2018) Kat:3, Licht: 0,187138,3,7,0,09,09,6,0,0,0,1,0,0,0,1
"POINT (10.894596987000057 48.369922452000026)",Unfall 187140 (2018) Kat:3, Licht: 2,187140,3,2,3,09,21,6,1,2,1,1,0,0,0,0
"POINT (10.888853262000055 48.371271979000028)",Unfall 187143 (2018) Kat:3, Licht: 0,187143,3,4,0,09,08,6,0,0,0,1,1,0,0,0
"POINT (10.888670200000035 48.376760632000071)",Unfall 187145 (2018) Kat:2, Licht: 0,187145,2,3,5,09,12,6,0,0,1,1,0,0,0,0
"POINT (10.901611678000052 48.369287095000061)",Unfall 187198 (2018) Kat:3, Licht: 0,187198,3,6,1,09,16,1,0,0,0,1,0,1,0,0
"POINT (10.847617955000032 48.385247272000072)",Unfall 187229 (2018) Kat:3, Licht: 0,187229,3,3,5,09,15,6,0,0,1,1,0,0,0,0
"POINT (10.875160341000026 48.380474447000040)",Unfall 187230 (2018) Kat:3, Licht: 0,187230,3,6,4,09,16,6,0,0,1,1,0,0,0,0
"POINT (10.883949872000073 48.398085974000026)",Unfall 187232 (2018) Kat:3, Licht: 0,187232,3,3,5,09,14,6,0,0,0,1,0,0,0,0
"POINT (10.925101244000075 48.359855387000039)",Unfall 187235 (2018) Kat:3, Licht: 0,187235,3,1,3,09,11,6,0,0,1,0,0,0,0,0
"POINT (10.892656949000070 48.335939024000027)",Unfall 187237 (2018) Kat:3, Licht: 0,187237,3,1,9,09,08,6,0,0,0,1,0,0,0,0
"POINT (10.898607408000032 48.355536359000041)",Unfall 187240 (2018) Kat:3, Licht: 0,187240,3,3,5,09,12,6,0,0,1,0,0,0,1,0
"POINT (10.891770495000060 48.373786269000050)",Unfall 187242 (2018) Kat:3, Licht: 0,187242,3,3,5,09,12,6,0,0,0,1,0,1,0,0
"POINT (10.904012152000064 48.358478112000057)",Unfall 187323 (2018) Kat:3, Licht: 0,187323,3,6,2,09,11,4,0,0,0,1,0,0,0,0
"POINT (10.847763782000072 48.385978484000077)",Unfall 187326 (2018) Kat:2, Licht: 0,187326,2,3,5,09,06,4,0,0,0,1,0,1,0,0
"POINT (10.927041576000022 48.378645274000064)",Unfall 187328 (2018) Kat:2, Licht: 0,187328,2,5,1,09,16,4,0,0,1,1,0,0,0,0
"POINT (10.907508515000075 48.355674824000062)",Unfall 187329 (2018) Kat:2, Licht: 0,187329,2,1,1,09,17,4,0,0,1,1,0,0,0,0
"POINT (10.901479894000033 48.373380874000077)",Unfall 187331 (2018) Kat:3, Licht: 1,187331,3,6,2,09,17,4,0,1,0,1,0,0,0,0
"POINT (10.871558828000047 48.398902348000036)",Unfall 187402 (2018) Kat:3, Licht: 2,187402,3,6,2,09,19,5,0,2,0,1,0,0,1,0
"POINT (10.943546146000074 48.363652333000061)",Unfall 187405 (2018) Kat:3, Licht: 0,187405,3,3,5,09,16,5,0,0,0,1,0,0,0,0
"POINT (10.890850546000024 48.315668494000079)",Unfall 187407 (2018) Kat:3, Licht: 0,187407,3,3,5,09,14,5,0,0,0,1,0,0,0,0
"POINT (10.889713733000065 48.360379785000077)",Unfall 187409 (2018) Kat:3, Licht: 0,187409,3,3,5,09,15,5,0,0,1,1,0,0,0,0
"POINT (10.906170013000065 48.331783540000060)",Unfall 187410 (2018) Kat:3, Licht: 0,187410,3,1,0,09,15,5,0,0,1,0,0,0,0,0
"POINT (10.858169200000077 48.334594538000033)",Unfall 187412 (2018) Kat:3, Licht: 0,187412,3,7,5,09,18,5,0,0,1,1,0,0,0,0
"POINT (10.895107412000073 48.365178852000042)",Unfall 187415 (2018) Kat:3, Licht: 0,187415,3,4,6,09,13,5,0,0,0,1,1,0,0,0
"POINT (10.877689837000048 48.349452004000057)",Unfall 187469 (2018) Kat:2, Licht: 0,187469,2,4,6,09,09,3,0,0,0,1,1,0,0,0
"POINT (10.870107222000058 48.375848146000067)",Unfall 187475 (2018) Kat:2, Licht: 0,187475,2,4,6,09,08,3,0,0,0,1,1,0,0,0
"POINT (10.878603955000074 48.403475527000069)",Unfall 187476 (2018) Kat:3, Licht: 0,187476,3,3,5,09,12,3,0,0,0,1,0,0,0,0
"POINT (10.944501324000043 48.354295152000077)",Unfall 187478 (2018) Kat:3, Licht: 0,187478,3,2,6,09,13,3,0,0,0,1,1,0,0,0
"POINT (10.901475365000067 48.373336164000079)",Unfall 187479 (2018) Kat:3, Licht: 0,187479,3,2,1,09,10,3,0,0,0,1,0,0,0,0
"POINT (10.859985858000073 48.365415880000057)",Unfall 187571 (2018) Kat:3, Licht: 0,187571,3,1,0,09,13,1,0,0,1,0,0,0,0,0
"POINT (10.871002375000046 48.362940570000035)",Unfall 187574 (2018) Kat:2, Licht: 2,187574,2,1,0,09,20,1,0,2,1,0,0,0,0,0
"POINT (10.871443194000051 48.332219537000071)",Unfall 187576 (2018) Kat:3, Licht: 1,187576,3,3,5,09,20,1,0,1,0,1,0,1,0,0
"POINT (10.905624365000051 48.352486976000080)",Unfall 187577 (2018) Kat:3, Licht: 2,187577,3,1,0,09,21,1,0,2,1,0,0,0,0,0
"POINT (10.876840598000058 48.364523616000042)",Unfall 187620 (2018) Kat:2, Licht: 0,187620,2,4,6,10,08,3,0,0,1,0,1,0,0,0
"POINT (10.897858080000049 48.370525941000039)",Unfall 187626 (2018) Kat:3, Licht: 0,187626,3,2,4,10,08,3,0,0,1,0,0,0,0,1
"POINT (10.914625607000062 48.378718785000046)",Unfall 187655 (2018) Kat:3, Licht: 0,187655,3,6,2,09,11,7,0,0,0,1,0,0,0,0
"POINT (10.912199084000065 48.363466201000051)",Unfall 187657 (2018) Kat:2, Licht: 0,187657,2,1,0,09,16,7,0,0,1,0,0,0,0,0
"POINT (10.910070639000025 48.371573756000032)",Unfall 187659 (2018) Kat:3, Licht: 0,187659,3,1,4,09,12,7,0,0,1,0,0,0,0,0
"POINT (10.895361367000021 48.360086700000068)",Unfall 187660 (2018) Kat:3, Licht: 0,187660,3,1,0,09,16,7,0,0,1,0,0,0,0,0
"POINT (10.881162695000057 48.353409883000040)",Unfall 187746 (2018) Kat:3, Licht: 0,187746,3,3,5,10,10,6,0,0,1,1,0,0,0,0
"POINT (10.943277334000072 48.358517408000068)",Unfall 187780 (2018) Kat:3, Licht: 0,187780,3,5,1,10,10,1,0,0,1,1,0,0,0,0
"POINT (10.905355038000039 48.378684700000065)",Unfall 187782 (2018) Kat:2, Licht: 1,187782,2,7,2,10,19,1,0,1,0,1,0,1,0,0
"POINT (10.905624025000066 48.370147801000030)",Unfall 187784 (2018) Kat:3, Licht: 0,187784,3,1,0,10,19,1,0,0,1,0,0,0,0,0
"POINT (10.929965465000066 48.377311396000039)",Unfall 187888 (2018) Kat:3, Licht: 0,187888,3,3,5,10,09,7,0,0,1,0,0,0,0,0
"POINT (10.873568984000030 48.337771227000076)",Unfall 187890 (2018) Kat:3, Licht: 2,187890,3,3,5,10,02,7,0,2,0,1,0,0,0,0
"POINT (10.902797960000044 48.370857301000058)",Unfall 187891 (2018) Kat:3, Licht: 0,187891,3,6,4,10,17,7,0,0,0,1,0,1,0,0
"POINT (10.894288817000074 48.366557656000055)",Unfall 187893 (2018) Kat:3, Licht: 0,187893,3,7,4,10,12,7,0,0,1,0,1,0,0,0
"POINT (10.899716896000029 48.364817285000072)",Unfall 187931 (2018) Kat:3, Licht: 2,187931,3,7,2,10,22,5,0,2,0,1,0,1,0,0
"POINT (10.885938764000059 48.353398729000048)",Unfall 187938 (2018) Kat:3, Licht: 0,187938,3,3,2,10,18,5,0,0,0,1,0,0,0,0
"POINT (10.897600265000051 48.350943430000029)",Unfall 187939 (2018) Kat:3, Licht: 2,187939,3,3,5,10,06,5,1,2,0,1,0,0,0,0
"POINT (10.897611497000071 48.360276291000048)",Unfall 187941 (2018) Kat:1, Licht: 0,187941,1,7,6,10,16,5,0,0,0,0,1,0,0,1
"POINT (10.879987379000056 48.393731566000042)",Unfall 188018 (2018) Kat:3, Licht: 0,188018,3,7,1,10,16,6,0,0,0,1,0,0,0,0
"POINT (10.905139600000041 48.307977199000049)",Unfall 188034 (2018) Kat:3, Licht: 0,188034,3,1,5,10,15,4,0,0,1,1,0,0,0,0
"POINT (10.900345606000030 48.369567429000028)",Unfall 188071 (2018) Kat:3, Licht: 2,188071,3,6,3,10,20,4,0,2,1,1,0,0,0,0
"POINT (10.854068486000074 48.352772096000081)",Unfall 188076 (2018) Kat:3, Licht: 0,188076,3,6,2,10,09,4,0,0,0,1,0,0,0,0
"POINT (10.856048715000043 48.380029443000069)",Unfall 188128 (2018) Kat:3, Licht: 0,188128,3,1,0,10,18,3,0,0,1,0,0,0,0,0
"POINT (10.895439479000061 48.364319619000071)",Unfall 188129 (2018) Kat:3, Licht: 0,188129,3,3,5,10,15,3,0,0,1,0,0,0,0,0
"POINT (10.909517400000027 48.370515380000029)",Unfall 188131 (2018) Kat:2, Licht: 0,188131,2,2,6,10,17,3,0,0,0,1,1,0,0,0
"POINT (10.893282798000030 48.402412986000058)",Unfall 188179 (2018) Kat:3, Licht: 0,188179,3,2,4,10,15,4,0,0,0,1,0,1,0,0
"POINT (10.896383306000075 48.397737994000067)",Unfall 188245 (2018) Kat:2, Licht: 0,188245,2,2,0,10,17,2,0,0,1,1,0,0,0,0
"POINT (10.902467401000024 48.352212191000035)",Unfall 188248 (2018) Kat:3, Licht: 1,188248,3,1,5,10,07,2,0,1,1,1,0,0,0,0
"POINT (10.881516274000035 48.365819465000072)",Unfall 188249 (2018) Kat:2, Licht: 0,188249,2,1,5,10,09,2,0,0,1,1,0,0,0,0
"POINT (10.888756331000025 48.368940100000032)",Unfall 188251 (2018) Kat:3, Licht: 1,188251,3,3,6,10,17,2,0,1,0,1,1,0,0,0
"POINT (10.858732734000057 48.365117213000076)",Unfall 188258 (2018) Kat:3, Licht: 0,188258,3,3,0,10,12,4,0,0,1,1,0,0,0,0
"POINT (10.915379078000058 48.367473592000067)",Unfall 188277 (2018) Kat:3, Licht: 0,188277,3,1,2,10,13,6,0,0,0,1,0,0,0,0
"POINT (10.895309263000058 48.360090122000031)",Unfall 188309 (2018) Kat:3, Licht: 0,188309,3,6,2,10,13,6,0,0,0,1,0,0,0,0
"POINT (10.845705625000051 48.390687107000076)",Unfall 188310 (2018) Kat:3, Licht: 0,188310,3,6,2,10,13,6,0,0,0,1,0,0,0,0
"POINT (10.874088675000053 48.341508150000038)",Unfall 188327 (2018) Kat:3, Licht: 0,188327,3,1,0,10,13,1,0,0,1,0,0,0,0,0
"POINT (10.860635146000050 48.338020411000059)",Unfall 188330 (2018) Kat:3, Licht: 0,188330,3,2,5,10,12,1,0,0,0,1,0,0,0,0
"POINT (10.909328098000060 48.339574991000063)",Unfall 188361 (2018) Kat:3, Licht: 0,188361,3,1,7,10,18,6,0,0,1,0,0,0,0,0
"POINT (10.884354063000046 48.376737351000031)",Unfall 188421 (2018) Kat:3, Licht: 0,188421,3,3,5,10,12,6,0,0,0,1,0,1,0,0
"POINT (10.910453958000062 48.361192005000078)",Unfall 188447 (2018) Kat:3, Licht: 0,188447,3,3,4,10,16,7,0,0,1,1,0,0,0,0
"POINT (10.915346063000072 48.354890010000076)",Unfall 188449 (2018) Kat:3, Licht: 1,188449,3,1,5,10,18,7,0,1,1,1,0,0,0,0
"POINT (10.891313626000056 48.353363234000028)",Unfall 188452 (2018) Kat:3, Licht: 0,188452,3,1,1,10,18,7,0,0,0,1,0,1,0,0
"POINT (10.902853714000059 48.361947403000045)",Unfall 188460 (2018) Kat:3, Licht: 0,188460,3,2,0,10,12,5,0,0,0,1,1,0,0,0
"POINT (10.904581596000071 48.374951153000040)",Unfall 188464 (2018) Kat:3, Licht: 0,188464,3,7,6,10,12,5,0,0,0,1,1,0,0,0
"POINT (10.904718326000022 48.370274117000065)",Unfall 188467 (2018) Kat:2, Licht: 0,188467,2,2,6,10,08,5,0,0,0,1,1,0,0,0
"POINT (10.870296374000077 48.371128131000035)",Unfall 188483 (2018) Kat:3, Licht: 0,188483,3,3,5,10,16,6,0,0,0,1,0,0,0,1
"POINT (10.913807310000038 48.376865797000050)",Unfall 188533 (2018) Kat:3, Licht: 0,188533,3,2,0,10,09,3,0,0,0,1,0,0,0,1
"POINT (10.888887813000053 48.376411595000036)",Unfall 188534 (2018) Kat:3, Licht: 0,188534,3,2,4,10,13,3,0,0,1,1,0,0,0,0
"POINT (10.906950699000049 48.390489491000039)",Unfall 188625 (2018) Kat:3, Licht: 0,188625,3,3,5,10,08,4,0,0,0,1,0,0,0,0
"POINT (10.880787320000024 48.365617602000043)",Unfall 188627 (2018) Kat:3, Licht: 0,188627,3,2,1,10,12,4,0,0,1,1,0,0,0,0
"POINT (10.921277166000039 48.369925362000060)",Unfall 188629 (2018) Kat:3, Licht: 0,188629,3,1,0,10,07,4,0,0,1,0,0,0,0,0
"POINT (10.900252521000027 48.359592437000060)",Unfall 188631 (2018) Kat:3, Licht: 0,188631,3,6,2,10,07,4,0,0,0,1,0,1,0,0
"POINT (10.874724052000033 48.363955307000026)",Unfall 188660 (2018) Kat:3, Licht: 0,188660,3,1,3,10,09,2,0,0,1,1,0,0,0,0
"POINT (10.880459020000046 48.393162432000054)",Unfall 188662 (2018) Kat:3, Licht: 2,188662,3,6,4,10,20,2,0,2,1,1,0,0,0,0
"POINT (10.892730814000060 48.405567758000075)",Unfall 188663 (2018) Kat:3, Licht: 0,188663,3,5,0,10,15,2,0,0,0,1,0,1,0,0
"POINT (10.913370032000046 48.383134999000049)",Unfall 188665 (2018) Kat:3, Licht: 0,188665,3,5,0,10,13,2,0,0,1,1,0,0,0,0
"POINT (10.915940587000023 48.391502657000046)",Unfall 188667 (2018) Kat:3, Licht: 0,188667,3,3,5,10,07,2,0,0,1,1,0,0,0,0
"POINT (10.894596987000057 48.369922452000026)",Unfall 188668 (2018) Kat:3, Licht: 0,188668,3,2,3,10,15,2,1,0,1,1,0,0,0,0
"POINT (10.858877072000041 48.380253059000040)",Unfall 188842 (2018) Kat:3, Licht: 0,188842,3,1,0,10,09,1,0,0,1,0,0,0,0,0
"POINT (10.914817436000021 48.307718430000079)",Unfall 188843 (2018) Kat:2, Licht: 0,188843,2,5,0,10,14,1,0,0,1,1,0,0,0,0
"POINT (10.879930281000043 48.372607673000061)",Unfall 188844 (2018) Kat:3, Licht: 2,188844,3,1,0,10,19,1,0,2,1,0,0,0,0,0
"POINT (10.894599297000070 48.369913709000059)",Unfall 188845 (2018) Kat:3, Licht: 2,188845,3,2,4,10,21,1,0,2,1,1,0,0,0,0
"POINT (10.915502876000062 48.396402383000066)",Unfall 188920 (2018) Kat:3, Licht: 2,188920,3,3,5,10,21,5,0,2,1,1,0,0,0,0
"POINT (10.921145626000055 48.392730021000034)",Unfall 188922 (2018) Kat:3, Licht: 0,188922,3,5,1,10,08,5,0,0,0,1,0,0,0,0
"POINT (10.927192938000076 48.378548839000075)",Unfall 188923 (2018) Kat:3, Licht: 0,188923,3,3,5,10,09,5,0,0,1,1,0,0,0,0
"POINT (10.892645670000036 48.352594940000074)",Unfall 188925 (2018) Kat:3, Licht: 0,188925,3,1,0,10,16,5,1,0,1,0,0,0,0,0
"POINT (10.901549507000027 48.373220296000056)",Unfall 188928 (2018) Kat:3, Licht: 0,188928,3,2,4,10,12,5,0,0,1,1,0,0,0,0
"POINT (10.845329482000068 48.386404771000059)",Unfall 188931 (2018) Kat:3, Licht: 2,188931,3,1,9,10,06,7,0,2,0,1,0,0,0,0
"POINT (10.890526429000033 48.313915004000080)",Unfall 188934 (2018) Kat:3, Licht: 1,188934,3,3,5,10,18,7,0,1,0,1,0,1,0,0
"POINT (10.893347129000063 48.368095088000075)",Unfall 188936 (2018) Kat:3, Licht: 1,188936,3,3,5,10,18,7,0,1,1,1,0,0,0,0
"POINT (10.867820776000030 48.370935718000055)",Unfall 189034 (2018) Kat:3, Licht: 0,189034,3,1,0,10,16,6,0,0,1,0,0,0,0,0
"POINT (10.858693980000055 48.376537017000032)",Unfall 189035 (2018) Kat:3, Licht: 0,189035,3,2,5,10,07,6,0,0,0,1,0,1,0,0
"POINT (10.875351947000070 48.364181240000050)",Unfall 189037 (2018) Kat:3, Licht: 2,189037,3,5,0,10,01,6,0,2,1,0,0,0,0,0
"POINT (10.866804339000055 48.380921606000072)",Unfall 189039 (2018) Kat:3, Licht: 0,189039,3,6,2,10,15,6,0,0,0,1,0,0,0,0
"POINT (10.914031729000044 48.377320949000080)",Unfall 189041 (2018) Kat:3, Licht: 0,189041,3,3,0,10,12,6,0,0,1,0,0,0,0,0
"POINT (10.879364938000037 48.337643990000061)",Unfall 189118 (2018) Kat:3, Licht: 0,189118,3,2,5,10,07,3,0,0,1,1,0,0,0,0
"POINT (10.910329162000039 48.379812857000047)",Unfall 189160 (2018) Kat:3, Licht: 2,189160,3,4,0,10,23,5,0,2,0,1,1,0,0,0
"POINT (10.880643443000054 48.365544734000025)",Unfall 189162 (2018) Kat:3, Licht: 0,189162,3,3,5,10,16,5,0,0,1,0,0,0,0,0
"POINT (10.883751715000074 48.366728839000075)",Unfall 189164 (2018) Kat:3, Licht: 0,189164,3,6,3,10,14,5,0,0,1,0,0,0,0,0
"POINT (10.901292953000052 48.370688051000059)",Unfall 189166 (2018) Kat:3, Licht: 0,189166,3,6,2,10,11,5,0,0,0,1,0,0,0,0
"POINT (10.877581786000064 48.370361281000044)",Unfall 189239 (2018) Kat:3, Licht: 1,189239,3,6,3,10,07,2,0,1,0,1,0,0,1,0
"POINT (10.854382094000073 48.400245681000058)",Unfall 189241 (2018) Kat:3, Licht: 0,189241,3,2,2,10,12,2,0,0,0,1,0,0,0,0