WKT,Name,OBJECTID,UKATEGORIE,UTYP1,UART,UMONAT,USTUNDE,UWOCHENTAG,STRZUSTAND,ULICHTVERH,ISTRAD,ISTPKW,ISTFUSS,ISTKRAD,ISTGKFZ,ISTSONSTIG
"POINT (10.898048947000063 48.352697831000057)",Unfall 189242 (2018) Kat:2, Licht: 2,189242,2,1,5,10,05,2,1,2,1,1,0,0,0,0
"POINT (10.879647070000033 48.365297044000044)",Unfall 189244 (2018) Kat:3, Licht: 0,189244,3,3,5,10,11,2,0,0,1,1,0,0,0,0
"POINT (10.886106278000057 48.356029630000080)",Unfall 189246 (2018) Kat:3, Licht: 0,189246,3,1,2,10,15,2,0,0,0,1,0,0,0,0
"POINT (10.873606518000031 48.337750524000057)",Unfall 189249 (2018) Kat:3, Licht: 0,189249,3,2,4,10,16,2,0,0,1,1,0,0,0,0
"POINT (10.874670956000045 48.365231464000033)",Unfall 189299 (2018) Kat:3, Licht: 1,189299,3,3,5,10,19,4,1,1,1,1,0,0,0,0
"POINT (10.870008485000028 48.361810190000028)",Unfall 189302 (2018) Kat:3, Licht: 2,189302,3,3,5,10,20,4,1,2,0,1,0,0,0,0
"POINT (10.880752287000064 48.373252585000046)",Unfall 189304 (2018) Kat:3, Licht: 0,189304,3,1,8,10,11,4,0,0,0,0,0,1,0,0
"POINT (10.873816915000077 48.390625482000075)",Unfall 189343 (2018) Kat:3, Licht: 0,189343,3,7,5,10,11,4,0,0,1,1,0,0,0,0
"POINT (10.900455048000026 48.298111743000050)",Unfall 189344 (2018) Kat:1, Licht: 2,189344,1,3,5,10,01,4,0,2,0,1,0,1,0,0
"POINT (10.907436947000065 48.311854434000054)",Unfall 189347 (2018) Kat:3, Licht: 1,189347,3,3,4,10,16,1,1,1,0,1,0,0,0,0
"POINT (10.887394338000036 48.357826562000071)",Unfall 189349 (2018) Kat:3, Licht: 2,189349,3,3,5,10,02,1,1,2,0,1,0,0,0,0
"POINT (10.888548293000042 48.377792450000072)",Unfall 189352 (2018) Kat:3, Licht: 2,189352,3,2,2,10,19,1,1,2,0,1,0,0,0,0
"POINT (10.909752894000064 48.357922642000062)",Unfall 189425 (2018) Kat:3, Licht: 0,189425,3,1,2,10,15,7,1,0,0,1,0,0,0,0
"POINT (10.919498484000030 48.361903553000047)",Unfall 189427 (2018) Kat:3, Licht: 0,189427,3,1,0,10,10,7,1,0,1,0,0,0,0,0
"POINT (10.908146173000034 48.360899747000076)",Unfall 189429 (2018) Kat:3, Licht: 2,189429,3,1,4,10,21,7,1,2,1,1,0,0,0,0
"POINT (10.907654387000036 48.359082753000052)",Unfall 189431 (2018) Kat:3, Licht: 0,189431,3,1,5,10,15,7,1,0,0,1,0,0,0,0
"POINT (10.893454384000052 48.368818254000075)",Unfall 189433 (2018) Kat:3, Licht: 2,189433,3,3,5,10,18,7,1,2,1,1,0,0,0,0
"POINT (10.917815776000054 48.373374796000064)",Unfall 189436 (2018) Kat:3, Licht: 0,189436,3,3,4,10,14,3,0,0,0,1,0,0,0,0
"POINT (10.880171467000025 48.367638329000044)",Unfall 189523 (2018) Kat:3, Licht: 0,189523,3,3,5,10,16,6,0,0,0,1,0,0,0,0
"POINT (10.844053202000055 48.382567960000074)",Unfall 189526 (2018) Kat:3, Licht: 0,189526,3,6,3,10,13,6,0,0,0,1,0,0,0,0
"POINT (10.885218239000039 48.354964161000055)",Unfall 189530 (2018) Kat:3, Licht: 0,189530,3,1,0,10,15,6,0,0,0,0,0,1,0,1
"POINT (10.897420202000035 48.370469676000027)",Unfall 189531 (2018) Kat:3, Licht: 0,189531,3,7,0,10,16,6,0,0,0,0,0,0,0,1
"POINT (10.886887621000028 48.368475274000048)",Unfall 189533 (2018) Kat:3, Licht: 0,189533,3,6,2,10,12,6,0,0,0,1,0,0,0,0
"POINT (10.865000184000053 48.358444402000032)",Unfall 189555 (2018) Kat:2, Licht: 0,189555,2,2,6,10,11,2,1,0,0,1,1,0,0,0
"POINT (10.854701393000028 48.379918850000081)",Unfall 189557 (2018) Kat:3, Licht: 0,189557,3,1,0,10,09,2,1,0,1,0,0,0,0,0
"POINT (10.889694865000024 48.373040049000053)",Unfall 189559 (2018) Kat:3, Licht: 0,189559,3,3,5,10,13,2,0,0,1,1,0,0,0,0
"POINT (10.891018050000071 48.360860985000045)",Unfall 189654 (2018) Kat:3, Licht: 1,189654,3,2,3,11,17,7,0,1,1,1,0,0,0,0
"POINT (10.883164006000072 48.362430993000032)",Unfall 189694 (2018) Kat:3, Licht: 0,189694,3,2,6,11,07,3,0,0,0,1,1,0,0,0
"POINT (10.897135522000042 48.349515817000054)",Unfall 189696 (2018) Kat:3, Licht: 2,189696,3,1,6,11,19,3,0,2,0,1,1,0,0,0
"POINT (10.906227202000025 48.331524902000069)",Unfall 189698 (2018) Kat:3, Licht: 0,189698,3,3,5,11,15,3,0,0,1,1,0,0,0,0
"POINT (10.883817655000030 48.366761347000079)",Unfall 189700 (2018) Kat:3, Licht: 2,189700,3,1,0,11,18,3,0,2,1,0,0,0,0,0
"POINT (10.870299081000041 48.381276614000058)",Unfall 189714 (2018) Kat:3, Licht: 0,189714,3,7,0,11,15,6,0,0,0,0,1,0,0,1
"POINT (10.883561198000052 48.360882893000053)",Unfall 189773 (2018) Kat:3, Licht: 2,189773,3,1,0,11,04,5,0,2,1,0,0,0,0,0
"POINT (10.909626343000070 48.361074159000054)",Unfall 189775 (2018) Kat:2, Licht: 0,189775,2,1,0,11,15,5,0,0,1,0,0,0,0,0
"POINT (10.868391397000039 48.372184240000081)",Unfall 189825 (2018) Kat:3, Licht: 0,189825,3,2,4,11,12,2,0,0,0,1,0,0,0,0
"POINT (10.878155599000024 48.349978763000081)",Unfall 189827 (2018) Kat:3, Licht: 0,189827,3,1,3,11,07,2,0,0,1,1,0,0,0,0
"POINT (10.889146817000039 48.365862636000031)",Unfall 189829 (2018) Kat:3, Licht: 0,189829,3,2,3,11,13,2,0,0,1,1,0,0,0,0
"POINT (10.882940449000046 48.355976531000067)",Unfall 189919 (2018) Kat:3, Licht: 2,189919,3,3,5,11,04,1,1,2,0,1,0,0,0,1
"POINT (10.902837637000061 48.305101633000049)",Unfall 189920 (2018) Kat:3, Licht: 0,189920,3,3,5,11,15,1,0,0,1,1,0,0,0,0
"POINT (10.909427838000056 48.370289245000038)",Unfall 189921 (2018) Kat:3, Licht: 0,189921,3,3,5,11,10,1,1,0,0,1,0,0,0,0
"POINT (10.873425989000054 48.363601721000066)",Unfall 189938 (2018) Kat:3, Licht: 0,189938,3,2,3,11,08,5,1,0,1,1,0,0,0,0
"POINT (10.913555705000022 48.396256563000065)",Unfall 189940 (2018) Kat:3, Licht: 0,189940,3,2,1,11,09,5,0,0,1,1,0,0,0,0
"POINT (10.889119964000031 48.378569473000027)",Unfall 189942 (2018) Kat:3, Licht: 0,189942,3,6,2,11,16,5,0,0,1,1,0,0,0,0
"POINT (10.902422802000046 48.358891451000034)",Unfall 189943 (2018) Kat:3, Licht: 0,189943,3,6,2,11,12,5,0,0,0,1,0,0,0,0
"POINT (10.896741128000031 48.370265413000027)",Unfall 189945 (2018) Kat:3, Licht: 0,189945,3,5,1,11,12,5,0,0,1,1,0,0,0,0
"POINT (10.922857625000063 48.357546219000028)",Unfall 190058 (2018) Kat:3, Licht: 0,190058,3,3,3,11,14,4,0,0,0,1,0,0,0,1
"POINT (10.893787610000061 48.375072735000060)",Unfall 190059 (2018) Kat:3, Licht: 2,190059,3,2,4,11,19,4,0,2,1,1,0,0,0,0
"POINT (10.880827946000068 48.381295427000055)",Unfall 190089 (2018) Kat:3, Licht: 0,190089,3,3,5,11,16,6,0,0,0,1,0,1,0,0
"POINT (10.884411358000023 48.361082466000028)",Unfall 190091 (2018) Kat:3, Licht: 2,190091,3,1,0,11,18,6,1,2,1,1,0,0,0,0
"POINT (10.869850221000036 48.347670409000045)",Unfall 190093 (2018) Kat:3, Licht: 1,190093,3,1,0,11,17,6,1,1,1,0,0,0,0,1
"POINT (10.841985375000036 48.314753350000046)",Unfall 190095 (2018) Kat:3, Licht: 0,190095,3,1,0,11,15,6,0,0,0,0,0,1,0,0
"POINT (10.868493687000068 48.374524466000025)",Unfall 190164 (2018) Kat:3, Licht: 2,190164,3,2,5,11,18,6,0,2,1,1,0,0,0,0
"POINT (10.863782659000037 48.372570915000040)",Unfall 190166 (2018) Kat:3, Licht: 0,190166,3,6,2,11,16,6,0,0,0,1,0,0,0,0
"POINT (10.856592641000077 48.385211181000045)",Unfall 190227 (2018) Kat:3, Licht: 1,190227,3,6,2,11,16,3,0,1,0,1,0,0,0,0
"POINT (10.884763306000025 48.373890742000071)",Unfall 190229 (2018) Kat:3, Licht: 2,190229,3,1,0,11,21,3,1,2,0,0,0,1,0,0
"POINT (10.901626030000045 48.374088217000065)",Unfall 190231 (2018) Kat:3, Licht: 0,190231,3,2,4,11,16,3,1,0,1,1,0,0,0,0
"POINT (10.880449303000034 48.384970516000067)",Unfall 190323 (2018) Kat:3, Licht: 0,190323,3,2,3,11,09,2,0,0,1,1,0,0,0,0
"POINT (10.897069182000052 48.352799530000027)",Unfall 190325 (2018) Kat:3, Licht: 0,190325,3,7,5,11,09,2,0,0,1,1,0,0,0,0
"POINT (10.938758960000030 48.357062128000052)",Unfall 190383 (2018) Kat:3, Licht: 0,190383,3,6,4,11,08,4,1,0,1,0,0,0,0,0
"POINT (10.897886250000056 48.359836082000072)",Unfall 190385 (2018) Kat:3, Licht: 1,190385,3,3,5,11,17,4,1,1,0,1,0,0,0,0
"POINT (10.870265696000047 48.379548166000063)",Unfall 190424 (2018) Kat:2, Licht: 2,190424,2,4,6,11,06,3,0,2,1,0,1,0,0,0
"POINT (10.855282581000040 48.379981370000053)",Unfall 190465 (2018) Kat:3, Licht: 0,190465,3,7,0,11,08,5,0,0,0,1,0,0,0,1
"POINT (10.894186689000037 48.313638007000065)",Unfall 190492 (2018) Kat:3, Licht: 2,190492,3,2,6,11,16,4,1,2,0,1,1,0,0,0
"POINT (10.883726421000063 48.374787624000078)",Unfall 190514 (2018) Kat:3, Licht: 0,190514,3,3,5,11,08,2,0,0,1,1,0,0,0,0
"POINT (10.883793363000052 48.340181159000053)",Unfall 190578 (2018) Kat:3, Licht: 2,190578,3,1,5,11,21,1,0,2,0,1,0,0,0,0
"POINT (10.849810875000060 48.395908612000028)",Unfall 190620 (2018) Kat:3, Licht: 0,190620,3,7,6,11,15,7,0,0,0,1,1,0,0,0
"POINT (10.924552070000061 48.377486593000071)",Unfall 190621 (2018) Kat:3, Licht: 2,190621,3,3,5,11,19,7,0,2,1,1,0,0,0,0
"POINT (10.875915408000026 48.337712528000054)",Unfall 190664 (2018) Kat:3, Licht: 0,190664,3,3,5,11,15,2,1,0,0,1,0,0,0,0
"POINT (10.848580419000029 48.373728716000073)",Unfall 190665 (2018) Kat:3, Licht: 2,190665,3,3,6,11,18,7,0,2,0,1,1,0,0,0
"POINT (10.885917165000023 48.347766633000049)",Unfall 190667 (2018) Kat:3, Licht: 0,190667,3,3,5,11,13,7,1,0,0,1,0,0,0,0
"POINT (10.885897597000053 48.347100487000034)",Unfall 190717 (2018) Kat:3, Licht: 2,190717,3,1,5,11,17,2,1,2,0,1,0,0,0,0
"POINT (10.872522339000056 48.368176968000057)",Unfall 190723 (2018) Kat:3, Licht: 2,190723,3,3,5,11,16,4,0,2,0,1,0,0,0,0
"POINT (10.881727157000057 48.393224290000035)",Unfall 190734 (2018) Kat:3, Licht: 0,190734,3,6,2,11,14,1,0,0,0,1,0,0,0,0
"POINT (10.930683210000041 48.372232540000027)",Unfall 190764 (2018) Kat:3, Licht: 2,190764,3,2,4,11,18,2,1,2,1,1,0,0,0,0
"POINT (10.910436572000037 48.379752801000052)",Unfall 190807 (2018) Kat:2, Licht: 0,190807,2,3,5,11,07,6,0,0,1,1,0,0,0,0
"POINT (10.897558956000069 48.359877679000078)",Unfall 190811 (2018) Kat:3, Licht: 2,190811,3,6,2,11,23,6,1,2,0,1,0,0,0,0
"POINT (10.905823412000075 48.334304552000049)",Unfall 190818 (2018) Kat:3, Licht: 2,190818,3,2,6,11,17,2,1,2,1,0,1,0,0,0
"POINT (10.878926929000045 48.370834977000072)",Unfall 190831 (2018) Kat:3, Licht: 0,190831,3,3,5,11,15,3,1,0,1,1,0,0,0,0
"POINT (10.895966167000040 48.370173868000052)",Unfall 190832 (2018) Kat:3, Licht: 0,190832,3,4,6,11,16,3,0,0,1,0,1,0,0,0
"POINT (10.891670141000077 48.370125172000030)",Unfall 190834 (2018) Kat:3, Licht: 2,190834,3,4,6,11,17,3,0,2,0,1,1,0,0,0
"POINT (10.880433840000023 48.382631778000075)",Unfall 190883 (2018) Kat:3, Licht: 2,190883,3,2,4,11,17,2,1,2,1,1,0,0,0,0
"POINT (10.888346818000059 48.377685554000038)",Unfall 190918 (2018) Kat:3, Licht: 2,190918,3,2,2,12,19,1,0,2,0,1,0,0,0,0
"POINT (10.939393269000050 48.378568555000072)",Unfall 190955 (2018) Kat:3, Licht: 0,190955,3,3,5,12,11,7,0,0,0,1,0,0,1,0
"POINT (10.901054834000035 48.371090137000067)",Unfall 190957 (2018) Kat:3, Licht: 0,190957,3,7,0,12,15,7,0,0,0,0,0,0,0,1
"POINT (10.870690370000034 48.365279967000049)",Unfall 190965 (2018) Kat:3, Licht: 2,190965,3,3,5,12,16,3,1,2,0,1,0,0,0,0
"POINT (10.917521278000038 48.394032871000036)",Unfall 190967 (2018) Kat:3, Licht: 2,190967,3,5,1,12,17,3,1,2,1,1,0,0,0,0
"POINT (10.892629390000025 48.354584943000077)",Unfall 190969 (2018) Kat:3, Licht: 2,190969,3,1,2,12,18,3,1,2,1,0,0,0,0,0
"POINT (10.878926929000045 48.370834977000072)",Unfall 191045 (2018) Kat:3, Licht: 2,191045,3,3,5,11,18,6,1,2,1,1,0,0,0,0
"POINT (10.898253821000026 48.367635924000069)",Unfall 191049 (2018) Kat:3, Licht: 1,191049,3,1,0,11,16,6,1,1,1,0,0,0,0,0
"POINT (10.898274486000048 48.369399776000080)",Unfall 191051 (2018) Kat:3, Licht: 2,191051,3,4,6,11,17,6,1,2,0,1,1,0,0,0
"POINT (10.857813223000051 48.347470548000047)",Unfall 191074 (2018) Kat:3, Licht: 2,191074,3,1,8,12,20,2,1,2,0,0,0,1,0,0
"POINT (10.868328693000024 48.342066320000072)",Unfall 191076 (2018) Kat:3, Licht: 2,191076,3,4,6,12,18,2,0,2,0,1,1,0,0,0
"POINT (10.868159323000043 48.365119961000062)",Unfall 191134 (2018) Kat:3, Licht: 0,191134,3,3,5,11,15,5,0,0,0,1,0,0,0,0
"POINT (10.916078859000038 48.387697371000058)",Unfall 191175 (2018) Kat:3, Licht: 0,191175,3,2,4,12,15,6,0,0,0,1,0,0,0,0
"POINT (10.885466769000061 48.343896840000070)",Unfall 191203 (2018) Kat:3, Licht: 2,191203,3,3,5,12,21,2,2,2,0,1,0,0,0,0
"POINT (10.902515741000059 48.352221323000038)",Unfall 191212 (2018) Kat:3, Licht: 2,191212,3,2,6,12,07,2,1,2,0,0,1,0,1,0
"POINT (10.889491761000045 48.368138986000076)",Unfall 191215 (2018) Kat:3, Licht: 0,191215,3,1,5,12,12,2,0,0,0,1,0,0,0,0
"POINT (10.900246495000033 48.342830435000053)",Unfall 191216 (2018) Kat:3, Licht: 2,191216,3,1,2,12,05,2,1,2,0,1,0,0,0,0
"POINT (10.873502365000036 48.350450356000067)",Unfall 191217 (2018) Kat:3, Licht: 1,191217,3,4,6,12,07,2,1,1,0,1,1,0,0,0
"POINT (10.927271145000077 48.363859789000060)",Unfall 191245 (2018) Kat:3, Licht: 0,191245,3,3,5,12,10,5,1,0,0,1,0,0,0,0
"POINT (10.874723211000060 48.382150273000036)",Unfall 191251 (2018) Kat:3, Licht: 1,191251,3,7,1,12,15,5,0,1,0,1,0,0,0,0
"POINT (10.918035427000063 48.380894454000043)",Unfall 191252 (2018) Kat:2, Licht: 0,191252,2,7,0,12,14,5,1,0,1,0,0,0,0,0
"POINT (10.916326307000077 48.381134515000042)",Unfall 191254 (2018) Kat:3, Licht: 0,191254,3,2,6,12,11,5,0,0,0,0,1,0,1,0
"POINT (10.915349886000058 48.354837306000036)",Unfall 191256 (2018) Kat:3, Licht: 0,191256,3,2,5,12,08,5,1,0,1,1,0,0,0,0
"POINT (10.869976805000022 48.371776027000067)",Unfall 191293 (2018) Kat:3, Licht: 0,191293,3,6,2,12,11,1,1,0,0,1,0,0,0,0
"POINT (10.875769416000026 48.386005601000079)",Unfall 191295 (2018) Kat:3, Licht: 0,191295,3,6,4,12,13,1,1,0,0,1,0,0,0,0
"POINT (10.894734587000073 48.320617574000039)",Unfall 191338 (2018) Kat:3, Licht: 0,191338,3,1,2,12,14,7,1,0,0,1,0,0,1,0
"POINT (10.881441721000044 48.389931186000069)",Unfall 191367 (2018) Kat:3, Licht: 2,191367,3,6,2,12,19,4,1,2,0,1,0,0,0,0
"POINT (10.896099701000026 48.370183691000079)",Unfall 191369 (2018) Kat:3, Licht: 0,191369,3,4,1,12,09,4,0,0,1,1,0,0,0,1
"POINT (10.948999607000076 48.351227420000043)",Unfall 191440 (2018) Kat:2, Licht: 0,191440,2,4,6,12,12,6,0,0,0,1,1,0,0,0
"POINT (10.881758384000022 48.393521523000061)",Unfall 191568 (2018) Kat:3, Licht: 2,191568,3,2,6,12,19,7,0,2,0,1,1,0,0,0
"POINT (10.882816681000065 48.378508831000033)",Unfall 191583 (2018) Kat:3, Licht: 0,191583,3,5,4,12,12,3,0,0,0,1,0,0,0,0
"POINT (10.880532973000072 48.382069946000058)",Unfall 191613 (2018) Kat:2, Licht: 2,191613,2,4,6,12,01,6,0,2,0,0,1,0,1,0
"POINT (10.896059185000070 48.320918669000037)",Unfall 191615 (2018) Kat:3, Licht: 0,191615,3,3,5,12,12,6,0,0,1,0,0,0,0,0
"POINT (10.893878067000060 48.338740796000081)",Unfall 191698 (2018) Kat:3, Licht: 1,191698,3,1,0,12,07,5,2,1,1,0,0,0,0,0
"POINT (10.904660971000055 48.370274531000064)",Unfall 191699 (2018) Kat:3, Licht: 0,191699,3,2,4,12,11,5,1,0,0,1,0,0,0,0
"POINT (10.887380383000050 48.357831532000034)",Unfall 191728 (2018) Kat:3, Licht: 0,191728,3,3,6,12,15,4,1,0,1,0,1,0,0,0
"POINT (10.901642989000038 48.369240177000052)",Unfall 191760 (2018) Kat:3, Licht: 0,191760,3,7,0,12,14,6,1,0,1,0,0,0,0,0
"POINT (10.902068091000046 48.359580868000080)",Unfall 191765 (2018) Kat:3, Licht: 0,191765,3,7,0,12,13,6,0,0,0,0,0,0,0,1
"POINT (10.916937444000041 48.378105210000058)",Unfall 191855 (2018) Kat:3, Licht: 0,191855,3,4,6,12,15,5,0,0,0,1,1,0,0,0
"POINT (10.879688905000023 48.365294177000067)",Unfall 191856 (2018) Kat:3, Licht: 0,191856,3,1,0,12,13,5,0,0,1,0,0,0,0,0
"POINT (10.909817707000059 48.404782244000046)",Unfall 191857 (2018) Kat:3, Licht: 0,191857,3,7,0,12,14,3,0,0,0,0,0,0,0,1
"POINT (10.886029701000041 48.351516044000050)",Unfall 191858 (2018) Kat:3, Licht: 0,191858,3,1,5,12,15,5,0,0,1,1,0,0,0,0
"POINT (10.898667979000038 48.336580340000069)",Unfall 191859 (2018) Kat:2, Licht: 0,191859,2,1,5,12,13,3,1,0,1,1,0,0,0,0
"POINT (10.890025594000065 48.370230687000060)",Unfall 191860 (2018) Kat:3, Licht: 2,191860,3,2,4,12,18,5,0,2,0,1,0,1,0,0
"POINT (10.904506882000021 48.370627844000069)",Unfall 191969 (2018) Kat:3, Licht: 0,191969,3,4,6,12,13,2,0,0,0,1,1,0,0,0
"POINT (10.894770785000048 48.314672365000035)",Unfall 191998 (2018) Kat:3, Licht: 0,191998,3,2,5,12,10,5,0,0,1,1,0,0,0,0
"POINT (10.891868905000024 48.319226020000031)",Unfall 191999 (2018) Kat:3, Licht: 2,191999,3,1,5,12,18,5,0,2,0,1,0,0,0,0
"POINT (10.913797001000034 48.377071820000026)",Unfall 192039 (2018) Kat:3, Licht: 2,192039,3,3,5,12,18,2,1,2,0,1,0,0,0,0
"POINT (10.855827828000031 48.374006463000057)",Unfall 192061 (2018) Kat:3, Licht: 0,192061,3,6,1,12,14,1,1,0,0,1,0,0,0,0
"POINT (10.868210229000056 48.372265740000046)",Unfall 192063 (2018) Kat:3, Licht: 2,192063,3,2,6,12,16,1,1,2,0,1,1,0,0,0
"POINT (10.931106763000059 48.376693321000062)",Unfall 192068 (2018) Kat:3, Licht: 0,192068,3,6,2,12,10,2,0,0,0,1,0,0,0,0
"POINT (10.940497256000072 48.360204670000030)",Unfall 192110 (2018) Kat:3, Licht: 0,192110,3,5,1,12,11,7,1,0,1,0,0,0,1,0
"POINT (10.884330020000050 48.341246145000071)",Unfall 192113 (2018) Kat:3, Licht: 0,192113,3,2,6,12,12,7,0,0,0,1,1,0,0,0
"POINT (10.890523852000058 48.314031389000036)",Unfall 192115 (2018) Kat:3, Licht: 0,192115,3,1,2,12,10,7,0,0,0,1,0,0,0,0
"POINT (10.886694221000027 48.378029029000061)",Unfall 192159 (2018) Kat:3, Licht: 2,192159,3,3,5,12,17,6,0,2,0,1,0,0,0,0
"POINT (10.919965808000029 48.420724214000074)",Unfall 51095 (2019) Kat:3, Licht: 2,51095,3,6,2,01,00,3,1,2,0,1,0,0,0,0
"POINT (10.907317034000073 48.385811123000053)",Unfall 51905 (2019) Kat:3, Licht: 0,51905,3,3,5,01,13,2,1,0,0,1,0,0,0,1
"POINT (10.873029082000073 48.347543211000072)",Unfall 52066 (2019) Kat:3, Licht: 2,52066,3,1,9,01,23,6,2,2,0,1,0,0,0,0
"POINT (10.915234198000064 48.393818333000070)",Unfall 52245 (2019) Kat:3, Licht: 0,52245,3,6,2,01,08,4,1,0,0,1,0,0,0,0
"POINT (10.885830271000032 48.310035696000057)",Unfall 52246 (2019) Kat:3, Licht: 2,52246,3,2,5,01,18,4,2,2,0,1,0,0,0,0
"POINT (10.868476747000045 48.389830944000039)",Unfall 52354 (2019) Kat:3, Licht: 1,52354,3,2,5,01,07,3,2,1,1,1,0,0,0,0
"POINT (10.936755876000063 48.383607580000046)",Unfall 52357 (2019) Kat:2, Licht: 2,52357,2,3,5,01,17,3,1,2,1,1,0,0,0,0
"POINT (10.854524241000036 48.337015605000033)",Unfall 52358 (2019) Kat:3, Licht: 0,52358,3,2,5,01,16,3,1,0,0,1,0,1,0,0
"POINT (10.907228522000025 48.385614480000072)",Unfall 52589 (2019) Kat:3, Licht: 0,52589,3,2,6,01,11,6,1,0,0,1,1,0,0,0
"POINT (10.906240434000040 48.353529530000060)",Unfall 52590 (2019) Kat:3, Licht: 2,52590,3,1,1,01,17,6,2,2,0,1,0,0,0,0
"POINT (10.901981244000069 48.308354471000030)",Unfall 52591 (2019) Kat:3, Licht: 2,52591,3,1,8,01,21,6,2,2,0,1,0,0,0,0
"POINT (10.902126318000057 48.381767368000055)",Unfall 52592 (2019) Kat:3, Licht: 2,52592,3,6,2,01,05,6,2,2,0,1,0,0,0,0
"POINT (10.906386025000074 48.379229751000025)",Unfall 52761 (2019) Kat:3, Licht: 1,52761,3,3,5,01,18,2,2,1,0,1,0,0,0,0
"POINT (10.905162749000056 48.308002730000055)",Unfall 52885 (2019) Kat:3, Licht: 0,52885,3,2,0,01,10,7,0,0,1,1,0,0,0,0
"POINT (10.915216343000054 48.355982676000053)",Unfall 53016 (2019) Kat:3, Licht: 2,53016,3,3,1,01,06,4,1,2,0,1,1,0,0,0
"POINT (10.874137391000033 48.347019463000038)",Unfall 53034 (2019) Kat:3, Licht: 0,53034,3,3,2,01,12,3,0,0,0,1,0,0,1,0
"POINT (10.908368529000029 48.327314226000055)",Unfall 53085 (2019) Kat:3, Licht: 2,53085,3,7,8,01,07,1,0,2,0,1,0,0,0,0
"POINT (10.936392916000045 48.388819926000053)",Unfall 53121 (2019) Kat:3, Licht: 2,53121,3,2,4,01,21,6,1,2,0,1,0,0,0,0
"POINT (10.920010981000075 48.396832768000081)",Unfall 53154 (2019) Kat:3, Licht: 2,53154,3,6,1,01,18,5,0,2,0,1,0,0,0,0
"POINT (10.885176326000021 48.313649977000068)",Unfall 53257 (2019) Kat:3, Licht: 2,53257,3,6,2,01,17,4,0,2,0,1,0,0,0,0
"POINT (10.938029742000026 48.406958213000053)",Unfall 53456 (2019) Kat:3, Licht: 2,53456,3,1,9,01,20,2,1,2,0,1,0,0,0,0
"POINT (10.919967817000042 48.420835955000030)",Unfall 53516 (2019) Kat:3, Licht: 0,53516,3,2,2,01,11,5,1,0,0,1,0,0,0,0
"POINT (10.909883304000061 48.364369621000037)",Unfall 53521 (2019) Kat:3, Licht: 2,53521,3,6,2,02,18,7,0,2,0,1,0,0,0,0
"POINT (10.889729955000064 48.414214189000063)",Unfall 53556 (2019) Kat:3, Licht: 2,53556,3,6,2,01,17,4,0,2,0,1,0,0,0,1
"POINT (10.867480097000055 48.336515477000034)",Unfall 53559 (2019) Kat:3, Licht: 2,53559,3,1,1,01,06,4,1,2,0,1,0,0,0,0
"POINT (10.884991587000059 48.344111660000067)",Unfall 53604 (2019) Kat:3, Licht: 0,53604,3,6,2,01,08,5,0,0,0,1,0,0,0,0
"POINT (10.905290722000075 48.412378361000037)",Unfall 53640 (2019) Kat:3, Licht: 0,53640,3,3,3,02,15,6,0,0,0,1,0,0,1,0
"POINT (10.956184840000049 48.336569964000034)",Unfall 53642 (2019) Kat:3, Licht: 0,53642,3,6,2,01,08,3,1,0,0,1,0,0,0,0
"POINT (10.927545753000061 48.355179718000045)",Unfall 53644 (2019) Kat:3, Licht: 0,53644,3,1,3,01,16,3,0,0,1,0,0,0,1,0
"POINT (10.907446659000072 48.354084576000048)",Unfall 53646 (2019) Kat:3, Licht: 0,53646,3,1,3,01,11,3,0,0,0,1,0,0,1,0
"POINT (10.923457037000048 48.370744918000071)",Unfall 53684 (2019) Kat:3, Licht: 2,53684,3,3,1,02,23,7,1,2,0,1,0,0,0,0
"POINT (10.899712026000032 48.327696814000035)",Unfall 53857 (2019) Kat:3, Licht: 2,53857,3,1,9,02,01,7,1,2,0,1,0,0,0,0
"POINT (10.920042299000045 48.396862802000044)",Unfall 53878 (2019) Kat:3, Licht: 0,53878,3,6,3,01,16,1,0,0,0,1,0,0,0,0
"POINT (10.952472291000049 48.355360327000028)",Unfall 53903 (2019) Kat:3, Licht: 0,53903,3,2,2,02,12,6,1,0,0,1,0,0,0,0
"POINT (10.882045199000061 48.310131264000063)",Unfall 54063 (2019) Kat:3, Licht: 2,54063,3,6,2,02,20,3,0,2,0,1,0,0,0,0
"POINT (10.927957724000066 48.365700579000077)",Unfall 54177 (2019) Kat:3, Licht: 0,54177,3,1,1,02,13,6,0,0,0,1,0,0,0,0
"POINT (10.872122610000076 48.389124584000058)",Unfall 54411 (2019) Kat:3, Licht: 0,54411,3,6,2,02,14,4,0,0,0,1,0,0,0,0
"POINT (10.905092559000025 48.308010992000050)",Unfall 54428 (2019) Kat:3, Licht: 2,54428,3,1,5,02,00,1,0,2,0,1,0,0,0,0
"POINT (10.857073598000056 48.377659656000048)",Unfall 54646 (2019) Kat:3, Licht: 0,54646,3,6,2,02,13,6,0,0,0,1,0,0,0,0
"POINT (10.879308845000025 48.310224248000054)",Unfall 54651 (2019) Kat:3, Licht: 0,54651,3,1,1,02,13,6,0,0,0,1,0,0,0,0
"POINT (10.872054256000069 48.348023428000033)",Unfall 54652 (2019) Kat:3, Licht: 0,54652,3,1,5,02,16,6,0,0,1,1,0,0,0,0
"POINT (10.944566440000074 48.355008742000052)",Unfall 54818 (2019) Kat:2, Licht: 2,54818,2,2,6,02,18,1,1,2,0,1,1,0,0,0