WKT,Name,OBJECTID,UKATEGORIE,UTYP1,UART,UMONAT,USTUNDE,UWOCHENTAG,STRZUSTAND,ULICHTVERH,ISTRAD,ISTPKW,ISTFUSS,ISTKRAD,ISTGKFZ,ISTSONSTIG
"POINT (10.895202589000064 48.325131117000069)",Unfall 54820 (2019) Kat:3, Licht: 0,54820,3,1,4,02,07,5,0,0,0,1,0,0,0,1
"POINT (10.935181595000074 48.355166821000068)",Unfall 54821 (2019) Kat:3, Licht: 0,54821,3,2,0,02,11,1,0,0,1,1,0,0,0,0
"POINT (10.906358378000050 48.379251541000031)",Unfall 54822 (2019) Kat:3, Licht: 0,54822,3,3,5,02,07,5,1,0,1,1,0,0,0,0
"POINT (10.909605247000059 48.317003053000064)",Unfall 54824 (2019) Kat:3, Licht: 2,54824,3,2,6,02,20,1,1,2,0,1,1,0,0,0
"POINT (10.849029800000039 48.374491003000060)",Unfall 54834 (2019) Kat:2, Licht: 2,54834,2,4,6,02,20,7,0,2,0,1,1,0,0,0
"POINT (10.949600864000047 48.383836609000070)",Unfall 54840 (2019) Kat:3, Licht: 0,54840,3,3,5,02,11,7,0,0,0,1,0,0,0,0
"POINT (10.895100247000073 48.413828758000079)",Unfall 55077 (2019) Kat:3, Licht: 0,55077,3,6,2,02,07,2,0,0,0,1,0,0,1,0
"POINT (10.920166959000028 48.413175636000062)",Unfall 55085 (2019) Kat:3, Licht: 0,55085,3,6,2,02,16,4,0,0,0,1,0,0,0,0
"POINT (10.907019713000068 48.339782333000073)",Unfall 55087 (2019) Kat:3, Licht: 0,55087,3,1,2,02,16,4,0,0,0,1,0,0,0,0
"POINT (10.915429432000053 48.393764607000037)",Unfall 55195 (2019) Kat:3, Licht: 0,55195,3,2,2,02,14,3,0,0,0,1,0,0,0,0
"POINT (10.927414285000054 48.355180702000041)",Unfall 55197 (2019) Kat:3, Licht: 0,55197,3,2,6,02,07,3,0,0,0,1,1,0,0,0
"POINT (10.944711100000063 48.355023673000062)",Unfall 55269 (2019) Kat:3, Licht: 0,55269,3,1,0,02,15,7,0,0,0,0,0,1,0,0
"POINT (10.862760696000066 48.393375357000082)",Unfall 55336 (2019) Kat:3, Licht: 0,55336,3,6,2,02,12,2,0,0,0,1,0,0,1,0
"POINT (10.908276498000021 48.354631727000026)",Unfall 55338 (2019) Kat:3, Licht: 0,55338,3,1,2,02,15,2,0,0,0,1,0,0,0,0
"POINT (10.842106126000033 48.386478511000064)",Unfall 55355 (2019) Kat:3, Licht: 0,55355,3,3,5,02,11,6,0,0,0,1,0,1,0,0
"POINT (10.936949218000052 48.381744754000067)",Unfall 55543 (2019) Kat:3, Licht: 1,55543,3,2,4,03,18,7,0,1,0,1,0,0,0,0
"POINT (10.867820201000029 48.337325358000044)",Unfall 55595 (2019) Kat:3, Licht: 0,55595,3,1,5,03,06,6,0,0,0,1,0,0,0,0
"POINT (10.908609964000050 48.354930849000027)",Unfall 55660 (2019) Kat:3, Licht: 0,55660,3,2,5,03,11,6,1,0,1,1,0,0,0,0
"POINT (10.944292265000058 48.354979933000038)",Unfall 55700 (2019) Kat:3, Licht: 0,55700,3,2,6,03,08,5,0,0,0,1,1,0,0,0
"POINT (10.907671699000048 48.337361155000053)",Unfall 55918 (2019) Kat:3, Licht: 0,55918,3,1,0,03,12,1,0,0,1,0,0,0,0,0
"POINT (10.897706704000029 48.379730108000047)",Unfall 56037 (2019) Kat:3, Licht: 0,56037,3,1,4,02,13,4,0,0,0,1,0,0,0,0
"POINT (10.902506693000021 48.381586748000075)",Unfall 56203 (2019) Kat:3, Licht: 1,56203,3,2,2,03,18,3,0,1,0,1,0,0,0,0
"POINT (10.891724324000052 48.325354482000080)",Unfall 56287 (2019) Kat:3, Licht: 2,56287,3,3,5,03,22,2,0,2,1,1,0,0,0,0
"POINT (10.913013501000023 48.375652485000046)",Unfall 56289 (2019) Kat:3, Licht: 0,56289,3,6,3,03,11,2,0,0,0,1,0,0,1,0
"POINT (10.888325166000072 48.384566408000069)",Unfall 56310 (2019) Kat:3, Licht: 0,56310,3,6,2,03,17,5,1,0,0,1,0,0,0,0
"POINT (10.893924510000033 48.309208330000047)",Unfall 56406 (2019) Kat:3, Licht: 2,56406,3,2,5,03,05,3,0,2,0,1,0,0,0,0
"POINT (10.920204329000057 48.412105787000030)",Unfall 56556 (2019) Kat:2, Licht: 1,56556,2,6,2,03,18,7,0,1,0,1,0,0,0,0
"POINT (10.920204638000030 48.412096797000061)",Unfall 56557 (2019) Kat:3, Licht: 1,56557,3,6,2,03,18,7,0,1,0,1,0,0,0,0
"POINT (10.843566317000068 48.385511344000065)",Unfall 56626 (2019) Kat:3, Licht: 0,56626,3,6,2,03,11,6,1,0,0,1,0,0,0,0
"POINT (10.876156523000077 48.346687667000026)",Unfall 56676 (2019) Kat:3, Licht: 0,56676,3,6,2,03,13,6,0,0,0,1,0,0,0,0
"POINT (10.921652961000063 48.369726284000080)",Unfall 56722 (2019) Kat:3, Licht: 0,56722,3,3,5,03,17,7,0,0,1,1,0,0,0,0
"POINT (10.920298067000033 48.409067023000034)",Unfall 56805 (2019) Kat:3, Licht: 0,56805,3,6,2,03,16,5,0,0,0,1,0,0,0,1
"POINT (10.891882614000053 48.414091614000029)",Unfall 56920 (2019) Kat:3, Licht: 0,56920,3,6,3,03,16,4,0,0,0,1,0,0,1,0
"POINT (10.897937375000026 48.308800142000052)",Unfall 56922 (2019) Kat:3, Licht: 0,56922,3,4,6,03,13,4,0,0,0,1,1,0,0,0
"POINT (10.897052583000061 48.380182617000060)",Unfall 56925 (2019) Kat:3, Licht: 0,56925,3,1,0,03,07,4,0,0,1,0,0,0,0,0
"POINT (10.915693413000042 48.374422091000042)",Unfall 57091 (2019) Kat:3, Licht: 0,57091,3,1,0,03,14,4,0,0,1,0,0,0,0,0
"POINT (10.919967126000074 48.420797528000037)",Unfall 57134 (2019) Kat:3, Licht: 0,57134,3,2,2,03,14,6,0,0,0,1,0,0,0,0
"POINT (10.905046158000061 48.382547265000028)",Unfall 57244 (2019) Kat:3, Licht: 0,57244,3,6,4,03,13,2,0,0,1,0,0,0,0,0
"POINT (10.859600808000039 48.351337167000054)",Unfall 57246 (2019) Kat:3, Licht: 0,57246,3,1,2,03,07,2,0,0,0,1,0,0,0,0
"POINT (10.879882911000038 48.301298126000063)",Unfall 57367 (2019) Kat:3, Licht: 0,57367,3,6,2,03,15,5,0,0,0,1,0,0,0,0
"POINT (10.910248916000057 48.357797925000057)",Unfall 57377 (2019) Kat:3, Licht: 0,57377,3,1,3,03,15,6,0,0,0,1,0,0,1,0
"POINT (10.910441404000039 48.376808883000081)",Unfall 57505 (2019) Kat:3, Licht: 0,57505,3,3,5,04,07,2,0,0,1,1,0,0,0,0
"POINT (10.909415809000052 48.317877780000060)",Unfall 57555 (2019) Kat:3, Licht: 0,57555,3,3,5,04,14,3,0,0,0,1,0,0,0,1
"POINT (10.899932862000071 48.308576711000057)",Unfall 57644 (2019) Kat:3, Licht: 0,57644,3,7,0,04,07,5,0,0,0,1,1,0,0,0
"POINT (10.878099688000077 48.296959698000080)",Unfall 57656 (2019) Kat:3, Licht: 0,57656,3,6,2,04,08,3,0,0,0,1,0,0,0,0
"POINT (10.955928295000035 48.337943651000046)",Unfall 57668 (2019) Kat:3, Licht: 0,57668,3,6,2,04,15,2,0,0,0,1,0,0,0,0
"POINT (10.891878377000069 48.413965538000070)",Unfall 58007 (2019) Kat:3, Licht: 0,58007,3,6,2,04,06,5,0,0,0,1,0,0,0,0
"POINT (10.890511595000021 48.414049034000072)",Unfall 58008 (2019) Kat:3, Licht: 0,58008,3,6,2,04,06,5,0,0,0,1,0,0,0,0
"POINT (10.890410459000066 48.325468922000027)",Unfall 58012 (2019) Kat:3, Licht: 0,58012,3,6,5,04,12,5,0,0,1,0,0,0,1,0
"POINT (10.923392769000031 48.370542354000065)",Unfall 58013 (2019) Kat:3, Licht: 0,58013,3,2,3,04,09,5,0,0,1,1,0,0,0,0
"POINT (10.898636352000040 48.379576587000031)",Unfall 58014 (2019) Kat:3, Licht: 0,58014,3,6,2,04,09,5,0,0,0,1,0,0,0,0
"POINT (10.850118091000070 48.377294210000059)",Unfall 58079 (2019) Kat:3, Licht: 0,58079,3,7,6,04,13,7,0,0,1,0,1,0,0,0
"POINT (10.907787125000027 48.335382714000048)",Unfall 58082 (2019) Kat:3, Licht: 2,58082,3,1,7,04,21,7,0,2,1,0,0,0,0,0
"POINT (10.896072288000028 48.337723624000034)",Unfall 58083 (2019) Kat:3, Licht: 0,58083,3,1,2,04,17,7,0,0,0,1,0,0,0,0
"POINT (10.905189332000077 48.308031671000037)",Unfall 58086 (2019) Kat:2, Licht: 0,58086,2,2,5,04,13,7,0,0,0,1,0,0,0,0
"POINT (10.916779663000057 48.355734181000059)",Unfall 58119 (2019) Kat:3, Licht: 0,58119,3,6,2,04,07,4,0,0,1,0,0,0,0,0
"POINT (10.860749144000067 48.388383012000077)",Unfall 58234 (2019) Kat:3, Licht: 0,58234,3,6,1,04,17,3,0,0,0,1,0,0,0,0
"POINT (10.869864204000066 48.399578636000058)",Unfall 58237 (2019) Kat:3, Licht: 0,58237,3,6,2,04,18,3,0,0,0,1,0,0,0,0
"POINT (10.909846334000065 48.364326946000062)",Unfall 58291 (2019) Kat:3, Licht: 0,58291,3,7,2,04,18,6,0,0,0,1,0,0,0,0
"POINT (10.902308375000075 48.382609087000048)",Unfall 58377 (2019) Kat:3, Licht: 0,58377,3,7,1,04,11,2,0,0,0,1,0,0,1,0
"POINT (10.854782117000070 48.369286444000068)",Unfall 58411 (2019) Kat:3, Licht: 0,58411,3,6,2,04,15,5,0,0,0,1,0,0,1,0
"POINT (10.928107956000076 48.375138373000027)",Unfall 58419 (2019) Kat:3, Licht: 0,58419,3,2,2,04,19,5,0,0,0,1,0,0,0,0
"POINT (10.920185211000046 48.397012212000050)",Unfall 58420 (2019) Kat:3, Licht: 2,58420,3,2,4,04,21,5,0,2,0,1,0,0,0,0
"POINT (10.891861804000030 48.413966717000051)",Unfall 58594 (2019) Kat:3, Licht: 0,58594,3,6,1,04,17,4,0,0,0,1,0,0,0,0
"POINT (10.908360758000072 48.313919585000065)",Unfall 58603 (2019) Kat:2, Licht: 0,58603,2,1,3,04,10,4,0,0,1,0,0,0,0,0
"POINT (10.870714648000046 48.332572377000076)",Unfall 58618 (2019) Kat:3, Licht: 2,58618,3,1,5,04,01,7,0,2,0,1,0,0,0,0
"POINT (10.929463199000054 48.408239808000076)",Unfall 58823 (2019) Kat:3, Licht: 0,58823,3,6,3,04,09,3,0,0,0,1,0,0,0,1
"POINT (10.907528561000049 48.386135366000076)",Unfall 58956 (2019) Kat:3, Licht: 0,58956,3,3,5,04,10,5,0,0,1,1,0,0,0,0
"POINT (10.893498569000030 48.382603822000078)",Unfall 59164 (2019) Kat:3, Licht: 0,59164,3,2,3,04,14,4,0,0,1,0,0,0,0,1
"POINT (10.902570217000061 48.381763300000046)",Unfall 59304 (2019) Kat:3, Licht: 0,59304,3,1,0,04,16,6,1,0,1,0,0,0,0,0
"POINT (10.920274003000031 48.404094062000070)",Unfall 59363 (2019) Kat:3, Licht: 0,59363,3,7,8,05,06,7,1,0,0,0,0,0,1,0
"POINT (10.868346584000051 48.348634746000073)",Unfall 59453 (2019) Kat:3, Licht: 0,59453,3,3,3,05,10,6,1,0,0,1,0,0,1,0
"POINT (10.928981194000073 48.376607300000046)",Unfall 59659 (2019) Kat:3, Licht: 0,59659,3,6,3,05,13,1,0,0,0,1,0,0,0,0
"POINT (10.868084010000075 48.338301888000046)",Unfall 59686 (2019) Kat:3, Licht: 2,59686,3,3,5,04,22,2,1,2,0,1,0,0,0,0
"POINT (10.882138663000035 48.310217563000037)",Unfall 59813 (2019) Kat:3, Licht: 0,59813,3,1,0,04,10,1,1,0,0,1,0,1,0,0
"POINT (10.921373008000046 48.371887328000071)",Unfall 59815 (2019) Kat:3, Licht: 0,59815,3,2,0,04,11,1,1,0,0,1,0,0,0,0
"POINT (10.920097532000057 48.396915769000032)",Unfall 59892 (2019) Kat:3, Licht: 0,59892,3,6,1,04,17,7,0,0,0,1,0,0,0,1
"POINT (10.914526351000063 48.366216752000071)",Unfall 59896 (2019) Kat:3, Licht: 1,59896,3,3,5,04,19,7,1,1,1,1,0,0,0,0
"POINT (10.852216952000049 48.355099484000050)",Unfall 60011 (2019) Kat:3, Licht: 0,60011,3,6,2,05,07,5,0,0,0,1,0,0,0,0
"POINT (10.859657531000039 48.386160876000076)",Unfall 60080 (2019) Kat:3, Licht: 0,60080,3,6,2,05,07,4,0,0,0,1,0,0,1,0
"POINT (10.902148151000063 48.381864149000080)",Unfall 60082 (2019) Kat:2, Licht: 0,60082,2,1,0,05,15,4,0,0,1,0,0,0,0,0
"POINT (10.890021655000055 48.383551869000030)",Unfall 60083 (2019) Kat:3, Licht: 0,60083,3,3,5,05,17,4,0,0,0,1,0,0,0,1
"POINT (10.903448718000050 48.350073561000045)",Unfall 60227 (2019) Kat:3, Licht: 0,60227,3,1,3,05,15,3,0,0,0,1,0,1,0,0
"POINT (10.858609792000038 48.351879054000051)",Unfall 60300 (2019) Kat:2, Licht: 0,60300,2,6,2,05,17,2,0,0,0,1,0,0,0,0
"POINT (10.853064261000043 48.354418744000043)",Unfall 60301 (2019) Kat:3, Licht: 0,60301,3,6,1,05,07,2,0,0,0,1,0,0,0,0
"POINT (10.882044947000054 48.310129978000077)",Unfall 60431 (2019) Kat:3, Licht: 0,60431,3,6,2,05,12,7,1,0,0,1,0,0,0,0
"POINT (10.952700762000063 48.354274884000063)",Unfall 60432 (2019) Kat:3, Licht: 0,60432,3,3,5,05,13,7,0,0,0,1,0,0,0,0
"POINT (10.857172881000054 48.377833286000055)",Unfall 60580 (2019) Kat:3, Licht: 0,60580,3,6,1,05,14,6,0,0,0,1,0,0,0,0
"POINT (10.910397655000054 48.360842354000056)",Unfall 60583 (2019) Kat:3, Licht: 0,60583,3,1,1,05,17,6,0,0,1,1,0,0,0,0
"POINT (10.891205253000066 48.309538043000032)",Unfall 60584 (2019) Kat:3, Licht: 0,60584,3,1,2,05,18,6,0,0,0,1,0,0,0,0
"POINT (10.902291399000035 48.381678905000058)",Unfall 60585 (2019) Kat:3, Licht: 0,60585,3,2,3,05,16,6,0,0,1,1,0,0,0,0
"POINT (10.897699603000035 48.379734140000039)",Unfall 60746 (2019) Kat:3, Licht: 0,60746,3,1,0,05,19,4,0,0,1,0,0,0,0,0
"POINT (10.865927337000073 48.338549456000067)",Unfall 60982 (2019) Kat:3, Licht: 0,60982,3,1,0,05,16,1,0,0,1,0,0,0,0,0
"POINT (10.882499114000041 48.385728367000070)",Unfall 61004 (2019) Kat:3, Licht: 0,61004,3,1,0,05,07,5,0,0,0,0,0,1,0,0
"POINT (10.933743915000036 48.357726644000081)",Unfall 61143 (2019) Kat:3, Licht: 0,61143,3,1,5,05,20,4,0,0,1,1,0,0,0,0
"POINT (10.915094516000067 48.393570083000043)",Unfall 61357 (2019) Kat:2, Licht: 0,61357,2,2,1,05,09,6,0,0,0,1,0,1,0,0
"POINT (10.944270965000044 48.354977659000042)",Unfall 61358 (2019) Kat:3, Licht: 0,61358,3,3,5,05,17,6,0,0,1,1,0,0,0,0
"POINT (10.906531416000064 48.412187182000025)",Unfall 61383 (2019) Kat:3, Licht: 1,61383,3,1,3,05,20,2,1,1,0,1,0,0,0,0
"POINT (10.936529171000075 48.388659960000041)",Unfall 61388 (2019) Kat:2, Licht: 0,61388,2,6,2,05,11,2,0,0,0,1,0,0,0,0
"POINT (10.905019887000037 48.308019547000072)",Unfall 61389 (2019) Kat:3, Licht: 2,61389,3,3,5,05,22,2,1,2,0,1,0,0,0,1
"POINT (10.910190313000044 48.362582080000038)",Unfall 61696 (2019) Kat:3, Licht: 0,61696,3,1,0,06,13,7,0,0,1,0,0,0,0,0
"POINT (10.886850407000054 48.317550040000071)",Unfall 61895 (2019) Kat:3, Licht: 0,61895,3,6,2,05,09,3,1,0,0,1,0,0,0,0
"POINT (10.949728290000053 48.383822379000037)",Unfall 62047 (2019) Kat:3, Licht: 0,62047,3,1,9,06,18,5,0,0,0,1,0,0,0,0
"POINT (10.907442862000039 48.311822723000034)",Unfall 62091 (2019) Kat:3, Licht: 0,62091,3,2,5,06,18,2,0,0,0,1,0,0,0,0
"POINT (10.904188147000070 48.381002248000073)",Unfall 62093 (2019) Kat:3, Licht: 0,62093,3,2,4,06,20,2,0,0,0,1,0,0,0,0
"POINT (10.934322538000060 48.372435257000063)",Unfall 62203 (2019) Kat:2, Licht: 0,62203,2,2,2,06,06,4,0,0,0,1,0,1,0,0
"POINT (10.914206014000058 48.374985718000062)",Unfall 62205 (2019) Kat:3, Licht: 0,62205,3,2,5,06,17,4,0,0,0,1,0,0,0,0
"POINT (10.867906857000037 48.337616973000081)",Unfall 62207 (2019) Kat:3, Licht: 0,62207,3,2,2,06,11,4,0,0,0,1,0,1,0,0
"POINT (10.902103232000059 48.381760409000037)",Unfall 62208 (2019) Kat:3, Licht: 0,62208,3,3,5,06,08,4,0,0,0,1,0,0,0,0
"POINT (10.861287188000063 48.389622239000062)",Unfall 62416 (2019) Kat:3, Licht: 0,62416,3,6,2,06,07,3,0,0,0,1,0,0,0,0
"POINT (10.937088351000057 48.389271021000070)",Unfall 62418 (2019) Kat:3, Licht: 0,62418,3,6,1,06,09,3,0,0,0,1,0,0,1,1
"POINT (10.890472787000022 48.383403343000055)",Unfall 62639 (2019) Kat:3, Licht: 2,62639,3,1,0,06,21,3,0,2,1,0,0,0,0,0
"POINT (10.859540868000067 48.315372586000080)",Unfall 62655 (2019) Kat:3, Licht: 0,62655,3,1,2,06,10,7,0,0,0,1,0,0,0,0
"POINT (10.927935270000035 48.375302532000035)",Unfall 62816 (2019) Kat:2, Licht: 0,62816,2,2,6,06,11,6,0,0,0,1,1,0,0,0
"POINT (10.906968655000071 48.378770538000026)",Unfall 62977 (2019) Kat:3, Licht: 0,62977,3,7,0,06,17,1,0,0,1,0,0,0,0,0
"POINT (10.864748660000032 48.390268560000038)",Unfall 63036 (2019) Kat:3, Licht: 0,63036,3,2,5,06,15,5,0,0,1,0,0,0,1,0
"POINT (10.920243200000073 48.397338298000079)",Unfall 63202 (2019) Kat:3, Licht: 2,63202,3,2,2,06,21,6,0,2,0,1,0,0,0,0
"POINT (10.882444966000037 48.385727922000058)",Unfall 63272 (2019) Kat:3, Licht: 0,63272,3,2,5,06,06,2,0,0,1,1,0,0,0,0
"POINT (10.888997628000027 48.384149995000030)",Unfall 63357 (2019) Kat:3, Licht: 0,63357,3,6,3,06,07,3,0,0,1,0,0,0,0,0
"POINT (10.889531844000032 48.339087017000054)",Unfall 63383 (2019) Kat:3, Licht: 2,63383,3,1,2,06,22,5,0,2,0,1,0,0,0,0
"POINT (10.932359963000067 48.381422375000056)",Unfall 63392 (2019) Kat:3, Licht: 0,63392,3,3,5,06,10,5,0,0,1,1,0,0,0,0
"POINT (10.923348469000075 48.370823424000037)",Unfall 63394 (2019) Kat:3, Licht: 0,63394,3,2,4,06,18,5,0,0,1,1,0,0,0,0
"POINT (10.909539584000072 48.356437330000063)",Unfall 63403 (2019) Kat:2, Licht: 0,63403,2,1,3,06,18,5,0,0,0,1,0,1,0,0
"POINT (10.949637774000053 48.383832487000063)",Unfall 63442 (2019) Kat:3, Licht: 0,63442,3,3,5,06,19,3,0,0,1,1,0,0,0,0
"POINT (10.948444454000025 48.383911533000060)",Unfall 63470 (2019) Kat:3, Licht: 0,63470,3,7,0,06,08,3,0,0,1,0,0,0,0,1
"POINT (10.906857215000059 48.423032800000044)",Unfall 63499 (2019) Kat:3, Licht: 0,63499,3,7,0,06,15,3,0,0,1,0,0,0,0,0
"POINT (10.915666439000063 48.394072821000066)",Unfall 63625 (2019) Kat:3, Licht: 0,63625,3,6,2,06,07,4,0,0,0,1,0,0,1,0
"POINT (10.882485950000046 48.385728259000075)",Unfall 63626 (2019) Kat:3, Licht: 0,63626,3,2,3,06,15,7,0,0,1,1,0,0,0,0
"POINT (10.902519347000066 48.381886706000046)",Unfall 63781 (2019) Kat:3, Licht: 0,63781,3,6,3,06,15,5,0,0,1,0,0,0,0,0
"POINT (10.849933856000064 48.379683966000073)",Unfall 63863 (2019) Kat:3, Licht: 2,63863,3,3,5,06,23,4,0,2,0,1,0,0,0,0
"POINT (10.936761891000060 48.383613989000025)",Unfall 63865 (2019) Kat:3, Licht: 0,63865,3,3,5,06,20,4,0,0,1,1,0,0,0,0
"POINT (10.919965718000071 48.420719209000026)",Unfall 63867 (2019) Kat:3, Licht: 0,63867,3,6,2,06,18,4,0,0,0,1,0,0,0,0
"POINT (10.899903779000056 48.327809296000055)",Unfall 63868 (2019) Kat:3, Licht: 0,63868,3,7,0,06,10,4,0,0,1,0,0,0,0,0
"POINT (10.908269301000075 48.354626312000050)",Unfall 64008 (2019) Kat:3, Licht: 0,64008,3,6,2,06,08,2,0,0,0,1,0,0,0,1
"POINT (10.915531118000047 48.355935817000045)",Unfall 64086 (2019) Kat:3, Licht: 0,64086,3,1,0,06,15,3,0,0,1,0,0,0,0,0
"POINT (10.883238881000068 48.309278518000042)",Unfall 64139 (2019) Kat:2, Licht: 0,64139,2,1,8,06,04,7,0,0,0,1,0,0,0,0
"POINT (10.888155238000024 48.334666399000071)",Unfall 64144 (2019) Kat:3, Licht: 0,64144,3,6,2,06,13,7,0,0,0,1,0,0,0,1
"POINT (10.881694158000073 48.385701090000055)",Unfall 64158 (2019) Kat:3, Licht: 0,64158,3,2,5,06,19,7,1,0,0,1,0,0,0,0
"POINT (10.899657878000028 48.327648991000046)",Unfall 64317 (2019) Kat:3, Licht: 0,64317,3,1,5,06,06,6,0,0,1,1,0,0,0,0
"POINT (10.903630542000030 48.349700069000050)",Unfall 64514 (2019) Kat:3, Licht: 0,64514,3,1,0,06,07,6,0,0,0,1,0,1,0,0
"POINT (10.855767697000033 48.373398051000038)",Unfall 64559 (2019) Kat:2, Licht: 0,64559,2,4,6,06,12,7,0,0,0,1,1,0,0,0
"POINT (10.929328174000034 48.377693031000035)",Unfall 64620 (2019) Kat:3, Licht: 0,64620,3,6,3,07,11,2,0,0,0,1,0,0,1,0
"POINT (10.890020465000077 48.383552491000046)",Unfall 64861 (2019) Kat:3, Licht: 0,64861,3,7,3,07,15,2,1,0,1,1,0,0,0,0
"POINT (10.918063728000050 48.373361405000026)",Unfall 64948 (2019) Kat:3, Licht: 0,64948,3,1,2,07,13,5,0,0,0,1,0,0,0,0
"POINT (10.910455435000074 48.359904960000051)",Unfall 64949 (2019) Kat:3, Licht: 0,64949,3,1,2,07,07,5,0,0,0,1,0,1,0,0
"POINT (10.866864155000030 48.349060602000066)",Unfall 65194 (2019) Kat:3, Licht: 0,65194,3,6,2,07,13,6,0,0,0,1,0,0,0,0
"POINT (10.855516507000061 48.373425514000076)",Unfall 65206 (2019) Kat:2, Licht: 0,65206,2,3,5,07,06,6,0,0,1,0,0,1,0,0
"POINT (10.909299400000066 48.387774767000053)",Unfall 65209 (2019) Kat:2, Licht: 0,65209,2,6,9,07,14,6,0,0,1,0,0,0,0,0
"POINT (10.902522343000044 48.381748549000065)",Unfall 65211 (2019) Kat:3, Licht: 0,65211,3,3,5,07,12,6,0,0,1,1,0,0,0,0
"POINT (10.903746076000061 48.349450756000067)",Unfall 65251 (2019) Kat:3, Licht: 0,65251,3,5,2,07,18,3,0,0,0,0,0,1,0,1
"POINT (10.882364279000058 48.385726200000079)",Unfall 65257 (2019) Kat:3, Licht: 0,65257,3,2,5,07,13,3,0,0,0,1,0,0,0,0
"POINT (10.887333470000044 48.326398372000028)",Unfall 65331 (2019) Kat:3, Licht: 0,65331,3,6,2,07,08,3,0,0,0,1,0,1,0,0
"POINT (10.933027674000073 48.372987979000072)",Unfall 65333 (2019) Kat:3, Licht: 0,65333,3,3,5,07,11,3,0,0,0,1,0,0,0,0
"POINT (10.912111654000057 48.374338030000047)",Unfall 65507 (2019) Kat:3, Licht: 0,65507,3,3,5,07,15,1,0,0,1,1,0,0,0,0
"POINT (10.880605126000034 48.345657207000045)",Unfall 65521 (2019) Kat:3, Licht: 0,65521,3,6,2,07,06,4,0,0,0,1,0,0,0,0
"POINT (10.942434589000072 48.354884147000064)",Unfall 65524 (2019) Kat:3, Licht: 0,65524,3,7,0,07,13,4,0,0,1,0,0,0,0,0
"POINT (10.910353642000075 48.364733210000054)",Unfall 65668 (2019) Kat:3, Licht: 0,65668,3,1,5,07,12,7,0,0,1,1,0,0,0,0
"POINT (10.898643005000054 48.379581148000057)",Unfall 65670 (2019) Kat:3, Licht: 0,65670,3,7,0,07,19,7,1,0,0,0,0,0,0,1
"POINT (10.881863625000051 48.326327633000062)",Unfall 65742 (2019) Kat:2, Licht: 0,65742,2,1,5,07,14,7,0,0,0,1,0,0,0,0
"POINT (10.912137023000071 48.374299546000032)",Unfall 65743 (2019) Kat:3, Licht: 0,65743,3,3,5,07,08,7,0,0,1,1,0,0,0,0
"POINT (10.887571008000066 48.342865962000076)",Unfall 65884 (2019) Kat:3, Licht: 0,65884,3,6,2,07,16,2,0,0,0,1,0,0,0,0
"POINT (10.897636892000037 48.379769753000062)",Unfall 65888 (2019) Kat:3, Licht: 0,65888,3,1,0,07,10,2,0,0,1,0,0,0,0,0
"POINT (10.918182624000053 48.411005206000027)",Unfall 66080 (2019) Kat:3, Licht: 2,66080,3,7,2,07,22,5,0,2,0,1,0,0,0,0
"POINT (10.905046158000061 48.382547265000028)",Unfall 66083 (2019) Kat:2, Licht: 0,66083,2,7,0,07,14,5,1,0,1,0,0,0,0,0
"POINT (10.897827922000033 48.379676208000035)",Unfall 66085 (2019) Kat:3, Licht: 0,66085,3,3,5,07,13,5,1,0,1,0,0,0,0,0
"POINT (10.898798015000068 48.379701218000037)",Unfall 66266 (2019) Kat:3, Licht: 2,66266,3,7,0,07,01,1,0,2,1,0,0,0,0,0
"POINT (10.900822697000024 48.381255389000046)",Unfall 66324 (2019) Kat:3, Licht: 0,66324,3,1,0,07,05,7,0,0,1,0,0,0,0,0
"POINT (10.906376880000039 48.379236959000082)",Unfall 66408 (2019) Kat:3, Licht: 0,66408,3,3,5,07,16,4,0,0,1,1,0,0,0,0
"POINT (10.911708125000075 48.411315441000056)",Unfall 66505 (2019) Kat:3, Licht: 0,66505,3,6,2,07,17,6,0,0,0,1,0,0,0,0
"POINT (10.850689832000057 48.373990462000052)",Unfall 66510 (2019) Kat:3, Licht: 1,66510,3,1,7,07,20,6,0,1,1,0,0,0,0,0
"POINT (10.914773452000077 48.374844717000030)",Unfall 66512 (2019) Kat:3, Licht: 0,66512,3,1,3,07,18,6,0,0,0,1,0,1,0,0
"POINT (10.861344412000051 48.318791208000050)",Unfall 66706 (2019) Kat:3, Licht: 0,66706,3,1,5,07,08,5,0,0,1,1,0,0,0,0
"POINT (10.898185279000074 48.308775201000060)",Unfall 66747 (2019) Kat:3, Licht: 0,66747,3,1,0,07,12,4,0,0,1,0,0,0,0,0
"POINT (10.945079473000021 48.355051836000030)",Unfall 66787 (2019) Kat:2, Licht: 0,66787,2,7,0,07,09,4,0,0,1,0,0,0,0,0
"POINT (10.891384045000052 48.325382809000075)",Unfall 66857 (2019) Kat:3, Licht: 0,66857,3,1,2,07,07,5,0,0,0,1,0,0,0,1
"POINT (10.920249124000065 48.410687689000042)",Unfall 66945 (2019) Kat:3, Licht: 0,66945,3,6,2,07,18,3,0,0,0,1,0,0,0,0
"POINT (10.954179390000036 48.345468155000049)",Unfall 66952 (2019) Kat:3, Licht: 0,66952,3,6,2,07,17,3,0,0,0,1,0,0,0,0
"POINT (10.850230305000025 48.294903782000063)",Unfall 66955 (2019) Kat:2, Licht: 2,66955,2,1,4,07,22,3,0,2,1,0,0,0,0,0
"POINT (10.867166388000044 48.333971212000051)",Unfall 66956 (2019) Kat:3, Licht: 0,66956,3,1,5,07,13,3,0,0,1,1,0,0,0,0