WKT,Name,OBJECTID,UKATEGORIE,UTYP1,UART,UMONAT,USTUNDE,UWOCHENTAG,STRZUSTAND,ULICHTVERH,ISTRAD,ISTPKW,ISTFUSS,ISTKRAD,ISTGKFZ,ISTSONSTIG
"POINT (10.924514658000021 48.369733481000026)",Unfall 66959 (2019) Kat:3, Licht: 0,66959,3,1,2,07,13,3,0,0,0,1,0,0,0,0
"POINT (10.860754125000028 48.388393835000045)",Unfall 67016 (2019) Kat:3, Licht: 0,67016,3,6,1,07,07,4,0,0,0,1,0,0,1,0
"POINT (10.887880252000059 48.321073436000063)",Unfall 67030 (2019) Kat:3, Licht: 0,67030,3,6,3,07,13,6,0,0,0,0,0,0,0,1
"POINT (10.915351723000072 48.410912426000039)",Unfall 67038 (2019) Kat:3, Licht: 0,67038,3,6,2,07,14,6,0,0,0,1,0,0,0,0
"POINT (10.929110618000038 48.377431182000066)",Unfall 67048 (2019) Kat:3, Licht: 0,67048,3,2,2,07,07,6,0,0,0,1,0,0,0,0
"POINT (10.939124100000072 48.355127078000066)",Unfall 67051 (2019) Kat:3, Licht: 0,67051,3,2,2,07,19,6,0,0,0,1,0,0,0,0
"POINT (10.902522343000044 48.381748549000065)",Unfall 67054 (2019) Kat:3, Licht: 0,67054,3,3,5,07,16,6,0,0,1,1,0,0,0,0
"POINT (10.849325347000047 48.374408029000051)",Unfall 67126 (2019) Kat:3, Licht: 0,67126,3,6,2,07,18,5,0,0,0,1,0,0,0,0
"POINT (10.857244851000075 48.352300992000039)",Unfall 67287 (2019) Kat:3, Licht: 0,67287,3,6,2,07,09,4,0,0,0,1,0,0,1,0
"POINT (10.846596889000068 48.382529174000069)",Unfall 67349 (2019) Kat:3, Licht: 0,67349,3,1,0,07,07,5,0,0,1,0,0,0,0,0
"POINT (10.910168530000021 48.423058718000050)",Unfall 67607 (2019) Kat:3, Licht: 0,67607,3,2,1,07,13,7,0,0,0,1,0,0,1,0
"POINT (10.905346746000021 48.380051043000037)",Unfall 67608 (2019) Kat:3, Licht: 2,67608,3,1,0,07,21,7,0,2,1,0,0,0,0,0
"POINT (10.905175241000052 48.308016331000033)",Unfall 68057 (2019) Kat:3, Licht: 0,68057,3,1,2,08,19,7,0,0,0,1,0,0,0,0
"POINT (10.849513080000065 48.380065274000060)",Unfall 68081 (2019) Kat:3, Licht: 0,68081,3,6,0,08,16,2,1,0,0,0,0,1,0,1
"POINT (10.910542602000021 48.423102358000051)",Unfall 68083 (2019) Kat:3, Licht: 0,68083,3,2,2,08,17,2,1,0,0,1,0,0,0,1
"POINT (10.899710833000029 48.327821003000054)",Unfall 68084 (2019) Kat:3, Licht: 0,68084,3,1,5,08,09,2,0,0,1,0,0,0,0,1
"POINT (10.896423575000028 48.325095274000034)",Unfall 68085 (2019) Kat:2, Licht: 0,68085,2,1,4,08,08,2,0,0,0,1,0,0,0,0
"POINT (10.952714630000060 48.354087030000073)",Unfall 68217 (2019) Kat:3, Licht: 0,68217,3,7,0,08,20,1,0,0,1,0,0,0,0,0
"POINT (10.915039215000036 48.374722114000065)",Unfall 68219 (2019) Kat:3, Licht: 0,68219,3,1,8,08,10,1,0,0,1,0,0,0,0,0
"POINT (10.883141898000076 48.308168247000026)",Unfall 68304 (2019) Kat:3, Licht: 0,68304,3,6,2,08,11,5,0,0,0,1,0,0,0,0
"POINT (10.869811213000048 48.389681777000078)",Unfall 68308 (2019) Kat:3, Licht: 0,68308,3,1,0,08,12,5,0,0,1,0,0,0,0,0
"POINT (10.910144079000077 48.357740863000060)",Unfall 68310 (2019) Kat:3, Licht: 2,68310,3,1,9,08,03,5,0,2,0,1,0,0,0,0
"POINT (10.919333286000040 48.355312671000036)",Unfall 68430 (2019) Kat:3, Licht: 0,68430,3,2,2,08,15,6,0,0,0,1,0,0,0,0
"POINT (10.928165001000025 48.375211792000073)",Unfall 68596 (2019) Kat:3, Licht: 0,68596,3,3,5,08,13,3,0,0,0,1,0,0,0,0
"POINT (10.914078798000048 48.375164518000076)",Unfall 68825 (2019) Kat:3, Licht: 0,68825,3,2,5,08,16,5,0,0,1,1,0,0,0,0
"POINT (10.929048749000060 48.380102874000045)",Unfall 68878 (2019) Kat:2, Licht: 0,68878,2,7,0,08,08,2,1,0,1,0,0,0,0,0
"POINT (10.856531225000026 48.352769983000030)",Unfall 69072 (2019) Kat:3, Licht: 0,69072,3,6,1,08,17,7,0,0,0,1,0,1,0,0
"POINT (10.925824947000024 48.372992458000056)",Unfall 69288 (2019) Kat:3, Licht: 0,69288,3,6,3,08,06,3,0,0,0,1,0,0,1,0
"POINT (10.923628705000056 48.371127538000053)",Unfall 69291 (2019) Kat:3, Licht: 0,69291,3,7,0,08,12,3,1,0,0,1,0,1,0,0
"POINT (10.908487847000060 48.326212455000075)",Unfall 69304 (2019) Kat:3, Licht: 0,69304,3,1,5,08,17,6,0,0,1,1,0,0,0,0
"POINT (10.904098877000024 48.380869391000033)",Unfall 69318 (2019) Kat:3, Licht: 0,69318,3,3,2,08,11,7,0,0,1,1,0,0,0,0
"POINT (10.908711822000043 48.355035433000069)",Unfall 69449 (2019) Kat:3, Licht: 0,69449,3,1,3,08,11,2,0,0,0,1,0,0,1,0
"POINT (10.909841251000046 48.364320387000078)",Unfall 69451 (2019) Kat:3, Licht: 0,69451,3,1,1,08,07,2,0,0,0,1,0,0,1,0
"POINT (10.882295187000068 48.306674722000025)",Unfall 69643 (2019) Kat:3, Licht: 0,69643,3,6,2,08,14,6,0,0,0,1,0,0,0,0
"POINT (10.898533583000074 48.379527937000034)",Unfall 69646 (2019) Kat:3, Licht: 0,69646,3,2,2,08,14,6,0,0,1,0,0,0,0,0
"POINT (10.935227657000041 48.355166498000074)",Unfall 69800 (2019) Kat:3, Licht: 0,69800,3,1,3,08,14,5,0,0,1,1,0,0,0,0
"POINT (10.925426481000045 48.409047235000060)",Unfall 69871 (2019) Kat:3, Licht: 2,69871,3,1,3,08,21,1,0,2,0,1,0,0,0,0
"POINT (10.860632694000060 48.351075926000078)",Unfall 69873 (2019) Kat:3, Licht: 0,69873,3,6,2,08,14,1,0,0,0,1,0,0,0,0
"POINT (10.871867679000047 48.347730858000034)",Unfall 69930 (2019) Kat:3, Licht: 0,69930,3,2,5,08,13,4,0,0,0,1,0,0,0,0
"POINT (10.934974019000038 48.355676640000070)",Unfall 69933 (2019) Kat:3, Licht: 0,69933,3,1,0,08,10,4,0,0,1,0,0,0,0,0
"POINT (10.883252953000067 48.308425763000059)",Unfall 69981 (2019) Kat:3, Licht: 2,69981,3,6,3,09,21,2,0,2,0,1,0,0,0,0
"POINT (10.908026064000069 48.332214427000054)",Unfall 69986 (2019) Kat:1, Licht: 0,69986,1,1,4,09,15,2,0,0,0,1,0,0,0,0
"POINT (10.849984629000062 48.379633195000054)",Unfall 70020 (2019) Kat:3, Licht: 2,70020,3,6,2,08,20,6,0,2,0,1,0,0,0,0
"POINT (10.927784350000024 48.374786610000058)",Unfall 70022 (2019) Kat:3, Licht: 0,70022,3,6,2,08,14,6,0,0,0,1,0,0,0,0
"POINT (10.894313137000040 48.337799374000042)",Unfall 70024 (2019) Kat:3, Licht: 0,70024,3,1,3,08,13,6,0,0,0,1,0,1,0,0
"POINT (10.952506611000047 48.355247762000033)",Unfall 70149 (2019) Kat:3, Licht: 0,70149,3,2,2,08,12,5,0,0,0,1,0,0,0,0
"POINT (10.856511157000057 48.375652220000063)",Unfall 70152 (2019) Kat:2, Licht: 1,70152,2,6,4,09,06,1,0,1,0,1,0,0,0,0
"POINT (10.943256367000060 48.392810802000042)",Unfall 70296 (2019) Kat:3, Licht: 0,70296,3,3,5,08,17,4,0,0,0,1,0,0,0,0
"POINT (10.909049444000061 48.319296696000038)",Unfall 70298 (2019) Kat:2, Licht: 0,70298,2,3,5,08,17,4,0,0,1,1,0,0,0,0
"POINT (10.912114542000040 48.374333649000050)",Unfall 70299 (2019) Kat:3, Licht: 0,70299,3,3,5,08,15,4,0,0,1,1,0,0,0,0
"POINT (10.860417539000025 48.387692129000072)",Unfall 70490 (2019) Kat:3, Licht: 0,70490,3,6,2,08,14,3,0,0,0,1,0,0,0,0
"POINT (10.859919035000075 48.386666694000041)",Unfall 70492 (2019) Kat:3, Licht: 0,70492,3,6,2,08,07,3,0,0,0,1,0,0,0,0
"POINT (10.902315102000045 48.381824253000048)",Unfall 70533 (2019) Kat:3, Licht: 0,70533,3,2,3,09,09,6,1,0,1,1,0,0,0,0
"POINT (10.931989071000032 48.381309165000062)",Unfall 70711 (2019) Kat:2, Licht: 0,70711,2,3,5,09,11,1,0,0,0,1,0,0,0,0
"POINT (10.896840254000040 48.325162363000061)",Unfall 70809 (2019) Kat:3, Licht: 0,70809,3,7,5,09,19,3,0,0,1,0,0,0,0,1
"POINT (10.924951005000025 48.369180451000034)",Unfall 71026 (2019) Kat:3, Licht: 0,71026,3,1,2,09,18,3,0,0,0,1,0,0,0,0
"POINT (10.902133998000068 48.381881391000036)",Unfall 71139 (2019) Kat:3, Licht: 0,71139,3,2,2,09,08,4,0,0,0,1,0,0,0,0
"POINT (10.914758728000038 48.393368052000028)",Unfall 71161 (2019) Kat:3, Licht: 0,71161,3,6,2,09,11,4,0,0,1,0,0,0,0,0
"POINT (10.856472687000064 48.373477567000066)",Unfall 71166 (2019) Kat:3, Licht: 0,71166,3,6,1,09,14,6,0,0,0,1,0,0,0,0
"POINT (10.898497367000061 48.379519792000053)",Unfall 71167 (2019) Kat:3, Licht: 0,71167,3,7,0,09,15,6,0,0,0,0,0,1,0,0
"POINT (10.869510560000037 48.389719541000034)",Unfall 71204 (2019) Kat:3, Licht: 0,71204,3,6,4,09,07,4,0,0,1,0,0,0,0,0
"POINT (10.872331580000036 48.389061866000077)",Unfall 71409 (2019) Kat:3, Licht: 0,71409,3,6,2,09,10,2,0,0,0,1,0,1,0,0
"POINT (10.888180133000048 48.337907958000073)",Unfall 71410 (2019) Kat:2, Licht: 0,71410,2,1,0,09,10,2,0,0,1,0,0,0,0,0
"POINT (10.848900316000027 48.374527355000055)",Unfall 71489 (2019) Kat:2, Licht: 0,71489,2,2,4,09,17,1,0,0,0,1,0,0,0,0
"POINT (10.909699359000058 48.364070847000050)",Unfall 71491 (2019) Kat:3, Licht: 0,71491,3,1,0,09,10,1,0,0,0,0,0,1,0,0
"POINT (10.943080797000050 48.382979455000054)",Unfall 71574 (2019) Kat:3, Licht: 0,71574,3,6,4,09,14,3,0,0,0,1,0,0,0,0
"POINT (10.881829687000049 48.305605500000070)",Unfall 71647 (2019) Kat:3, Licht: 2,71647,3,6,3,09,20,7,0,2,0,1,0,0,0,0
"POINT (10.899603271000046 48.380352095000035)",Unfall 71675 (2019) Kat:3, Licht: 0,71675,3,1,0,09,13,6,0,0,1,0,0,0,0,0
"POINT (10.911078749000069 48.357316086000026)",Unfall 71775 (2019) Kat:3, Licht: 0,71775,3,1,2,09,17,5,0,0,0,1,0,0,0,0
"POINT (10.908812151000063 48.321904636000056)",Unfall 71776 (2019) Kat:3, Licht: 0,71776,3,2,2,09,15,5,0,0,0,1,0,0,0,0
"POINT (10.924669723000022 48.409171907000029)",Unfall 71862 (2019) Kat:1, Licht: 0,71862,1,6,2,09,08,4,0,0,0,0,0,0,1,1
"POINT (10.927283619000036 48.408736978000036)",Unfall 71863 (2019) Kat:3, Licht: 0,71863,3,6,2,09,09,4,0,0,0,1,0,0,0,0
"POINT (10.878706855000075 48.386108418000049)",Unfall 71865 (2019) Kat:3, Licht: 2,71865,3,3,5,09,04,4,1,2,1,1,0,0,0,0
"POINT (10.935553247000030 48.382354174000056)",Unfall 72053 (2019) Kat:3, Licht: 0,72053,3,7,0,09,14,2,0,0,1,0,0,0,0,0
"POINT (10.860745388000055 48.317731332000051)",Unfall 72177 (2019) Kat:3, Licht: 0,72177,3,1,1,09,16,4,0,0,0,1,0,0,0,0
"POINT (10.910285659000067 48.362280347000080)",Unfall 72179 (2019) Kat:3, Licht: 0,72179,3,1,2,09,16,4,0,0,0,1,0,0,0,0
"POINT (10.915631612000027 48.355920683000079)",Unfall 72181 (2019) Kat:3, Licht: 0,72181,3,1,2,09,16,4,0,0,0,1,0,0,0,0
"POINT (10.914919321000070 48.410520663000057)",Unfall 72296 (2019) Kat:3, Licht: 2,72296,3,1,9,09,05,7,0,2,0,1,0,0,0,0
"POINT (10.937128602000030 48.407108492000077)",Unfall 72324 (2019) Kat:2, Licht: 0,72324,2,6,2,09,08,3,0,0,0,0,0,0,1,0
"POINT (10.937569189000044 48.384430333000068)",Unfall 72470 (2019) Kat:3, Licht: 0,72470,3,6,0,09,14,6,0,0,0,1,0,0,0,0
"POINT (10.891762467000035 48.337802060000058)",Unfall 72471 (2019) Kat:3, Licht: 0,72471,3,1,2,09,15,6,0,0,0,1,0,0,0,0
"POINT (10.895083029000034 48.309097782000038)",Unfall 72472 (2019) Kat:3, Licht: 1,72472,3,1,2,09,17,6,1,1,0,1,0,0,0,0
"POINT (10.910056598000040 48.423044759000049)",Unfall 72546 (2019) Kat:3, Licht: 2,72546,3,6,0,09,00,2,0,2,1,0,0,1,0,0
"POINT (10.944175598000072 48.354967921000082)",Unfall 72765 (2019) Kat:2, Licht: 2,72765,2,2,6,10,20,5,1,2,0,1,1,0,0,0
"POINT (10.914324677000025 48.410882084000036)",Unfall 72858 (2019) Kat:3, Licht: 0,72858,3,6,2,10,17,4,1,0,0,0,0,0,0,1
"POINT (10.920050080000067 48.410133885000050)",Unfall 72873 (2019) Kat:3, Licht: 0,72873,3,6,1,10,07,4,0,0,0,1,0,0,0,0
"POINT (10.909130428000026 48.318613487000050)",Unfall 73040 (2019) Kat:3, Licht: 0,73040,3,1,6,10,11,7,0,0,0,1,1,0,0,0
"POINT (10.913681499000063 48.410988614000075)",Unfall 73083 (2019) Kat:2, Licht: 0,73083,2,6,2,10,10,3,0,0,0,1,0,0,1,0
"POINT (10.934027860000072 48.381923432000065)",Unfall 73092 (2019) Kat:3, Licht: 0,73092,3,2,1,10,16,3,0,0,1,1,0,0,0,0
"POINT (10.911173507000058 48.357152383000027)",Unfall 73094 (2019) Kat:3, Licht: 0,73094,3,1,5,10,17,3,0,0,0,1,0,0,0,1
"POINT (10.866486137000038 48.329982538000081)",Unfall 73096 (2019) Kat:3, Licht: 2,73096,3,3,5,10,06,3,0,2,0,1,0,0,0,0
"POINT (10.894195642000057 48.382440791000079)",Unfall 73099 (2019) Kat:3, Licht: 0,73099,3,2,4,10,17,3,0,0,0,0,0,0,1,1
"POINT (10.862724430000071 48.393290869000054)",Unfall 73277 (2019) Kat:3, Licht: 0,73277,3,3,3,10,10,5,1,0,0,1,0,0,0,1
"POINT (10.908640538000043 48.354962241000067)",Unfall 73280 (2019) Kat:3, Licht: 0,73280,3,1,1,10,16,5,1,0,0,1,0,0,0,0
"POINT (10.910375579000060 48.423084539000058)",Unfall 73344 (2019) Kat:3, Licht: 0,73344,3,3,5,10,11,7,0,0,1,1,0,0,0,0
"POINT (10.897724817000039 48.379719821000037)",Unfall 73346 (2019) Kat:3, Licht: 2,73346,3,2,4,10,21,7,0,2,0,1,0,0,0,0
"POINT (10.897724817000039 48.379719821000037)",Unfall 73349 (2019) Kat:3, Licht: 2,73349,3,2,4,10,21,7,0,2,0,1,0,0,0,0
"POINT (10.903015110000069 48.412619389000042)",Unfall 73568 (2019) Kat:3, Licht: 0,73568,3,6,1,10,08,3,0,0,0,1,0,0,0,0
"POINT (10.855779858000062 48.373761806000061)",Unfall 73715 (2019) Kat:3, Licht: 0,73715,3,6,2,10,13,5,0,0,0,1,0,0,0,0
"POINT (10.869566793000047 48.348230884000031)",Unfall 73775 (2019) Kat:3, Licht: 0,73775,3,1,8,10,14,2,0,0,0,1,0,0,0,0
"POINT (10.900566663000063 48.308507403000078)",Unfall 73883 (2019) Kat:2, Licht: 0,73883,2,1,0,10,10,4,0,0,1,0,0,0,0,0
"POINT (10.937023908000072 48.355140673000051)",Unfall 74046 (2019) Kat:3, Licht: 0,74046,3,6,2,10,13,3,0,0,0,1,0,0,0,0
"POINT (10.919967606000057 48.420824258000039)",Unfall 74260 (2019) Kat:3, Licht: 0,74260,3,2,1,10,12,6,0,0,0,1,0,0,0,0
"POINT (10.929082089000076 48.376906900000051)",Unfall 74301 (2019) Kat:3, Licht: 0,74301,3,6,3,10,11,5,1,0,0,1,0,1,0,0
"POINT (10.906701214000066 48.340779874000077)",Unfall 74302 (2019) Kat:3, Licht: 0,74302,3,1,6,10,12,5,0,0,1,0,1,0,0,0
"POINT (10.908615051000027 48.324620286000027)",Unfall 74304 (2019) Kat:3, Licht: 2,74304,3,2,2,10,19,5,0,2,0,1,0,0,0,0
"POINT (10.874287942000024 48.346977259000028)",Unfall 74451 (2019) Kat:3, Licht: 0,74451,3,1,8,10,09,4,0,0,0,1,0,0,0,0
"POINT (10.910395552000068 48.360959265000076)",Unfall 74480 (2019) Kat:3, Licht: 0,74480,3,1,2,10,13,7,0,0,0,1,0,0,0,0
"POINT (10.907443534000038 48.311823939000078)",Unfall 74481 (2019) Kat:3, Licht: 0,74481,3,2,4,10,14,7,1,0,0,1,0,0,0,0
"POINT (10.917881364000039 48.373442813000054)",Unfall 74484 (2019) Kat:2, Licht: 2,74484,2,1,0,10,06,7,1,2,1,0,0,0,0,0
"POINT (10.880477670000062 48.385661338000034)",Unfall 74636 (2019) Kat:3, Licht: 0,74636,3,2,3,10,07,3,0,0,1,1,0,0,0,0
"POINT (10.933027674000073 48.372987979000072)",Unfall 74638 (2019) Kat:3, Licht: 1,74638,3,3,5,10,06,3,0,1,0,1,0,0,0,0
"POINT (10.861379324000040 48.318859297000074)",Unfall 74640 (2019) Kat:3, Licht: 0,74640,3,2,5,10,13,3,0,0,1,1,0,0,0,0
"POINT (10.899596726000027 48.380347537000034)",Unfall 74642 (2019) Kat:3, Licht: 0,74642,3,6,3,10,16,3,0,0,1,0,0,0,0,0
"POINT (10.854481261000046 48.308643945000028)",Unfall 74652 (2019) Kat:3, Licht: 0,74652,3,1,2,10,12,6,0,0,0,1,0,0,0,0
"POINT (10.931920694000041 48.381286585000055)",Unfall 74672 (2019) Kat:3, Licht: 1,74672,3,2,4,10,18,6,0,1,0,1,0,0,0,0
"POINT (10.907484961000023 48.337850547000073)",Unfall 74815 (2019) Kat:3, Licht: 0,74815,3,1,1,10,09,2,0,0,0,1,0,0,0,0
"POINT (10.909861634000038 48.364346689000058)",Unfall 75024 (2019) Kat:3, Licht: 0,75024,3,3,5,10,16,7,0,0,1,0,0,1,0,0
"POINT (10.917906886000026 48.373431420000031)",Unfall 75053 (2019) Kat:3, Licht: 2,75053,3,2,3,10,05,3,1,2,1,1,0,0,0,0
"POINT (10.868704579000052 48.342065239000078)",Unfall 75055 (2019) Kat:3, Licht: 0,75055,3,3,5,10,15,3,1,0,0,1,0,0,0,0
"POINT (10.902446733000033 48.381655292000062)",Unfall 75056 (2019) Kat:3, Licht: 1,75056,3,3,5,10,17,3,0,1,1,1,0,0,0,0
"POINT (10.882201496000050 48.306459525000037)",Unfall 75130 (2019) Kat:3, Licht: 0,75130,3,3,0,11,13,7,0,0,0,1,0,0,0,0
"POINT (10.902507447000062 48.381585885000050)",Unfall 75131 (2019) Kat:3, Licht: 2,75131,3,3,2,11,18,7,0,2,0,1,0,0,0,0
"POINT (10.875488695000058 48.346827389000055)",Unfall 75149 (2019) Kat:3, Licht: 2,75149,3,6,1,11,20,1,1,2,0,1,0,0,0,0
"POINT (10.926115902000049 48.367580617000044)",Unfall 75204 (2019) Kat:3, Licht: 2,75204,3,1,0,11,18,6,1,2,1,0,0,0,0,0
"POINT (10.907542890000059 48.385578456000076)",Unfall 75255 (2019) Kat:3, Licht: 2,75255,3,3,5,10,23,5,1,2,0,1,0,0,0,0
"POINT (10.923434250000071 48.370760820000044)",Unfall 75256 (2019) Kat:3, Licht: 2,75256,3,1,5,10,18,5,0,2,0,1,0,0,0,0
"POINT (10.896331580000037 48.380719276000036)",Unfall 75257 (2019) Kat:3, Licht: 0,75257,3,6,2,10,14,5,0,0,0,1,0,0,0,0
"POINT (10.869091496000067 48.397955347000050)",Unfall 75321 (2019) Kat:3, Licht: 0,75321,3,7,8,11,13,1,1,0,0,1,0,0,0,0
"POINT (10.878734012000052 48.386083021000047)",Unfall 75346 (2019) Kat:3, Licht: 0,75346,3,2,5,10,10,4,0,0,0,1,0,0,0,1
"POINT (10.953063141000030 48.351515602000063)",Unfall 75452 (2019) Kat:3, Licht: 2,75452,3,5,4,11,17,5,0,2,1,1,0,0,0,0
"POINT (10.907385166000040 48.385929192000049)",Unfall 75530 (2019) Kat:3, Licht: 0,75530,3,3,5,11,11,3,0,0,0,1,0,0,0,0
"POINT (10.894174132000046 48.413915167000027)",Unfall 75618 (2019) Kat:3, Licht: 2,75618,3,6,3,11,16,2,1,2,0,1,0,0,0,0
"POINT (10.848629100000039 48.374463375000062)",Unfall 75709 (2019) Kat:2, Licht: 0,75709,2,3,5,11,14,5,0,0,1,1,0,0,0,0
"POINT (10.854510199000060 48.353571523000028)",Unfall 75794 (2019) Kat:3, Licht: 2,75794,3,6,3,11,05,3,1,2,0,1,0,0,1,0
"POINT (10.859330658000033 48.385475965000069)",Unfall 75798 (2019) Kat:3, Licht: 0,75798,3,6,2,11,08,3,0,0,0,1,0,0,0,0
"POINT (10.937381611000035 48.387615397000047)",Unfall 75807 (2019) Kat:2, Licht: 0,75807,2,3,5,11,08,3,0,0,0,1,0,0,0,0
"POINT (10.938639019000050 48.355133769000076)",Unfall 75990 (2019) Kat:3, Licht: 0,75990,3,7,3,11,15,6,1,0,0,1,0,0,0,1
"POINT (10.911507991000065 48.357112879000056)",Unfall 75992 (2019) Kat:3, Licht: 0,75992,3,1,3,11,18,6,0,0,0,1,0,0,0,1
"POINT (10.867355942000074 48.348915190000071)",Unfall 76168 (2019) Kat:3, Licht: 0,76168,3,6,2,11,14,6,0,0,0,1,0,0,0,0
"POINT (10.956278550000036 48.336112213000035)",Unfall 76336 (2019) Kat:3, Licht: 2,76336,3,6,2,11,17,5,0,2,0,1,0,0,0,0
"POINT (10.890546435000033 48.414173433000030)",Unfall 76396 (2019) Kat:3, Licht: 1,76396,3,6,5,11,16,3,0,1,0,1,0,0,0,0
"POINT (10.903349351000031 48.350423085000045)",Unfall 76477 (2019) Kat:3, Licht: 0,76477,3,1,3,11,07,3,0,0,0,1,0,0,1,0
"POINT (10.896347211000034 48.380707525000048)",Unfall 76478 (2019) Kat:3, Licht: 0,76478,3,3,5,11,07,4,1,0,0,1,0,0,0,0
"POINT (10.899043089000031 48.337634859000048)",Unfall 76554 (2019) Kat:3, Licht: 2,76554,3,1,2,11,20,6,0,2,0,1,0,0,0,0
"POINT (10.878732746000026 48.346177929000078)",Unfall 76698 (2019) Kat:3, Licht: 0,76698,3,6,2,11,16,5,0,0,0,1,0,0,0,0
"POINT (10.904385127000069 48.347996948000059)",Unfall 76882 (2019) Kat:3, Licht: 0,76882,3,6,2,11,07,7,0,0,0,1,0,0,0,0
"POINT (10.882545886000059 48.307250543000066)",Unfall 76888 (2019) Kat:3, Licht: 0,76888,3,3,1,11,13,4,0,0,0,1,0,0,1,0
"POINT (10.901043147000053 48.424217918000068)",Unfall 77053 (2019) Kat:3, Licht: 0,77053,3,2,2,11,14,6,1,0,0,1,0,0,1,0
"POINT (10.910272695000060 48.362326901000074)",Unfall 77055 (2019) Kat:3, Licht: 2,77055,3,1,2,11,20,6,1,2,0,1,0,0,0,1
"POINT (10.947195039000064 48.366219492000027)",Unfall 77246 (2019) Kat:3, Licht: 0,77246,3,7,0,12,11,2,0,0,1,0,0,0,0,0
"POINT (10.925757954000062 48.372933383000031)",Unfall 77248 (2019) Kat:3, Licht: 0,77248,3,1,2,12,07,2,0,0,0,1,0,0,0,0
"POINT (10.843545043000063 48.385531227000058)",Unfall 77388 (2019) Kat:3, Licht: 2,77388,3,1,0,11,18,4,1,2,1,0,0,0,0,0
"POINT (10.908666971000059 48.354989381000053)",Unfall 77389 (2019) Kat:3, Licht: 0,77389,3,1,1,11,13,4,0,0,0,1,0,0,0,0
"POINT (10.932330675000060 48.407756372000051)",Unfall 77491 (2019) Kat:3, Licht: 2,77491,3,6,2,12,05,7,1,2,0,1,0,0,1,0
"POINT (10.948986521000052 48.355150419000040)",Unfall 77580 (2019) Kat:3, Licht: 0,77580,3,2,6,12,12,3,1,0,0,1,1,0,0,0
"POINT (10.859628390000069 48.351472894000040)",Unfall 77627 (2019) Kat:3, Licht: 0,77627,3,6,2,12,13,6,0,0,0,1,0,0,0,0
"POINT (10.850787718000049 48.374103275000039)",Unfall 77635 (2019) Kat:3, Licht: 2,77635,3,6,2,12,18,6,0,2,0,1,0,0,0,0
"POINT (10.885585683000045 48.385675384000081)",Unfall 77637 (2019) Kat:3, Licht: 0,77637,3,2,5,12,15,6,0,0,1,0,0,0,1,0
"POINT (10.863951461000056 48.308988661000058)",Unfall 77638 (2019) Kat:3, Licht: 0,77638,3,1,9,12,10,6,0,0,0,1,0,0,0,0
"POINT (10.919968740000058 48.413535634000027)",Unfall 77642 (2019) Kat:3, Licht: 0,77642,3,3,5,12,09,6,1,0,0,1,0,0,0,0
"POINT (10.894706222000025 48.309136101000036)",Unfall 77781 (2019) Kat:3, Licht: 2,77781,3,3,5,12,17,2,1,2,0,1,0,0,0,0
"POINT (10.881060224000066 48.303885795000042)",Unfall 77928 (2019) Kat:3, Licht: 0,77928,3,6,2,12,15,4,0,0,0,1,0,0,0,0
"POINT (10.846639939000056 48.382494272000031)",Unfall 77938 (2019) Kat:3, Licht: 1,77938,3,3,5,12,15,4,0,1,0,1,0,0,0,0
"POINT (10.920298021000065 48.409067989000050)",Unfall 78311 (2019) Kat:2, Licht: 0,78311,2,7,8,12,15,5,0,0,0,0,0,0,0,1
"POINT (10.918560621000040 48.367934593000030)",Unfall 78313 (2019) Kat:3, Licht: 0,78313,3,1,5,12,13,5,1,0,1,1,0,0,0,0
"POINT (10.906936464000069 48.340057944000080)",Unfall 78316 (2019) Kat:3, Licht: 0,78316,3,2,3,12,08,5,1,0,0,1,0,0,0,1
"POINT (10.850173680000069 48.377450743000054)",Unfall 78814 (2019) Kat:3, Licht: 2,78814,3,3,5,12,17,6,0,2,0,1,0,1,0,0
"POINT (10.889681227000040 48.383742292000079)",Unfall 78815 (2019) Kat:3, Licht: 2,78815,3,4,6,12,23,6,1,2,0,1,1,0,0,0
"POINT (10.938369989000023 48.355125760000078)",Unfall 78960 (2019) Kat:3, Licht: 0,78960,3,2,0,12,14,2,0,0,1,1,0,0,0,0
"POINT (10.927379935000033 48.374317206000057)",Unfall 78961 (2019) Kat:3, Licht: 0,78961,3,6,2,12,15,2,0,0,0,1,0,0,0,0
"POINT (10.899134185000037 48.379991542000027)",Unfall 79001 (2019) Kat:3, Licht: 2,79001,3,6,6,12,17,1,1,2,1,0,1,0,0,0
"POINT (10.928938411000047 48.374728011000059)",Unfall 79030 (2019) Kat:3, Licht: 2,79030,3,6,3,12,23,7,0,2,0,1,0,0,0,0
"POINT (10.897735383000054 48.379713821000053)",Unfall 79031 (2019) Kat:3, Licht: 2,79031,3,7,2,12,19,7,0,2,0,1,0,0,0,0
"POINT (10.906934259000025 48.340064712000071)",Unfall 79072 (2019) Kat:3, Licht: 0,79072,3,1,2,12,12,6,1,0,0,1,0,0,1,0
"POINT (10.906645015000038 48.340952333000075)",Unfall 79171 (2019) Kat:3, Licht: 0,79171,3,6,2,12,15,2,0,0,0,1,0,0,0,0
"POINT (10.907704112000033 48.336858452000058)",Unfall 79178 (2019) Kat:3, Licht: 2,79178,3,1,0,12,07,2,1,2,1,0,0,0,0,0
"POINT (10.904871715000070 48.382486506000077)",Unfall 79182 (2019) Kat:3, Licht: 2,79182,3,1,0,12,17,2,1,2,1,0,0,0,0,0
"POINT (10.909351797000056 48.404731872000070)",Unfall 202722 (2019) Kat:3, Licht: 2,202722,3,4,6,01,00,3,0,2,0,1,1,0,0,0
"POINT (10.892264519000037 48.334104638000042)",Unfall 202725 (2019) Kat:2, Licht: 2,202725,2,1,9,01,02,3,1,2,0,1,0,0,0,0