WKT,Name,OBJECTID,UKATEGORIE,UTYP1,UART,UMONAT,USTUNDE,UWOCHENTAG,STRZUSTAND,ULICHTVERH,ISTRAD,ISTPKW,ISTFUSS,ISTKRAD,ISTGKFZ,ISTSONSTIG
"POINT (10.914752269000076 48.398203892000026)",Unfall 202817 (2019) Kat:3, Licht: 0,202817,3,3,5,01,13,5,1,0,1,1,0,0,0,0
"POINT (10.897946176000062 48.351802145000079)",Unfall 202818 (2019) Kat:3, Licht: 0,202818,3,3,5,01,16,5,1,0,0,1,0,0,0,0
"POINT (10.885902230000056 48.347958152000047)",Unfall 202851 (2019) Kat:3, Licht: 2,202851,3,1,2,01,18,4,2,2,0,1,0,0,0,0
"POINT (10.878657368000063 48.403431432000048)",Unfall 202894 (2019) Kat:3, Licht: 0,202894,3,3,5,01,11,3,1,0,0,1,0,0,0,0
"POINT (10.909803435000072 48.362862527000061)",Unfall 202923 (2019) Kat:3, Licht: 0,202923,3,1,0,01,10,2,0,0,1,0,0,0,0,0
"POINT (10.885919330000036 48.347856777000061)",Unfall 202924 (2019) Kat:3, Licht: 0,202924,3,1,1,01,14,2,1,0,0,1,0,0,0,0
"POINT (10.915374551000070 48.396944184000063)",Unfall 202956 (2019) Kat:3, Licht: 2,202956,3,1,0,01,04,7,2,2,0,0,0,1,0,0
"POINT (10.868261943000050 48.371616317000075)",Unfall 203004 (2019) Kat:3, Licht: 2,203004,3,6,2,01,16,6,2,2,0,1,0,0,0,0
"POINT (10.901425821000032 48.300321885000074)",Unfall 203005 (2019) Kat:3, Licht: 0,203005,3,1,1,01,15,6,1,0,0,1,0,0,0,0
"POINT (10.878530439000031 48.343277144000069)",Unfall 203006 (2019) Kat:3, Licht: 0,203006,3,3,2,01,16,6,2,0,0,1,0,0,0,0
"POINT (10.850611397000023 48.377326843000048)",Unfall 203049 (2019) Kat:3, Licht: 0,203049,3,4,6,01,08,6,1,0,0,1,1,0,0,0
"POINT (10.873477061000074 48.386331983000048)",Unfall 203095 (2019) Kat:3, Licht: 1,203095,3,4,6,01,16,5,1,1,0,1,1,0,0,0
"POINT (10.915234770000040 48.390935592000062)",Unfall 203096 (2019) Kat:3, Licht: 2,203096,3,3,5,01,18,5,1,2,0,1,0,0,0,0
"POINT (10.898179419000030 48.353094296000052)",Unfall 203097 (2019) Kat:3, Licht: 1,203097,3,3,5,01,16,5,0,1,1,1,0,0,0,0
"POINT (10.916081628000029 48.362066918000039)",Unfall 203098 (2019) Kat:3, Licht: 0,203098,3,2,1,01,07,5,1,0,1,1,0,0,0,0
"POINT (10.882483855000032 48.378524654000046)",Unfall 203099 (2019) Kat:3, Licht: 2,203099,3,2,3,01,02,5,0,2,1,0,0,0,0,1
"POINT (10.884626173000072 48.368784701000038)",Unfall 203134 (2019) Kat:3, Licht: 0,203134,3,3,5,01,14,4,0,0,0,1,0,0,0,0
"POINT (10.885656596000047 48.355490154000051)",Unfall 203170 (2019) Kat:3, Licht: 0,203170,3,1,1,01,12,3,0,0,0,1,0,0,0,0
"POINT (10.857296418000033 48.397944288000076)",Unfall 203212 (2019) Kat:3, Licht: 0,203212,3,7,1,01,14,2,2,0,1,1,0,0,0,0
"POINT (10.867243806000033 48.362366385000030)",Unfall 203242 (2019) Kat:3, Licht: 0,203242,3,3,5,01,14,1,1,0,0,1,1,0,0,0
"POINT (10.869784141000025 48.372055002000081)",Unfall 203265 (2019) Kat:3, Licht: 0,203265,3,6,2,01,14,7,0,0,0,1,0,0,0,0
"POINT (10.914598589000036 48.378652445000057)",Unfall 203266 (2019) Kat:2, Licht: 2,203266,2,4,6,01,17,7,1,2,0,1,1,0,0,0
"POINT (10.885944276000032 48.345637979000060)",Unfall 203288 (2019) Kat:3, Licht: 0,203288,3,1,0,01,09,1,1,0,1,0,0,0,0,0
"POINT (10.902321551000057 48.370587437000040)",Unfall 203301 (2019) Kat:3, Licht: 0,203301,3,7,3,01,13,7,1,0,0,1,0,0,0,1
"POINT (10.915544167000064 48.376957018000041)",Unfall 203333 (2019) Kat:3, Licht: 0,203333,3,3,5,01,10,6,1,0,0,1,0,0,0,0
"POINT (10.900836306000031 48.298886993000053)",Unfall 203334 (2019) Kat:3, Licht: 2,203334,3,2,1,01,06,6,1,2,0,1,0,0,0,0
"POINT (10.901251513000034 48.371747689000074)",Unfall 203447 (2019) Kat:3, Licht: 2,203447,3,4,6,01,06,3,0,2,1,0,1,0,0,0
"POINT (10.869803671000057 48.399111710000057)",Unfall 203482 (2019) Kat:3, Licht: 2,203482,3,6,4,01,21,2,0,2,0,1,0,0,0,0
"POINT (10.885342448000074 48.360814095000080)",Unfall 203494 (2019) Kat:3, Licht: 0,203494,3,7,6,01,11,7,0,0,0,1,1,0,0,0
"POINT (10.915227027000071 48.391009242000052)",Unfall 203552 (2019) Kat:3, Licht: 2,203552,3,3,5,02,17,1,2,2,0,1,0,0,0,0
"POINT (10.876424128000053 48.385514798000031)",Unfall 203588 (2019) Kat:3, Licht: 0,203588,3,6,2,02,10,7,1,0,0,1,0,0,0,0
"POINT (10.909428222000031 48.384108693000030)",Unfall 203589 (2019) Kat:3, Licht: 2,203589,3,4,6,02,20,7,0,2,0,1,1,0,0,0
"POINT (10.890634501000022 48.313907304000054)",Unfall 203590 (2019) Kat:3, Licht: 0,203590,3,1,2,02,13,7,0,0,0,1,0,0,0,0
"POINT (10.881588976000046 48.366010536000033)",Unfall 203618 (2019) Kat:3, Licht: 0,203618,3,6,2,02,08,6,0,0,0,1,0,0,0,0
"POINT (10.899826643000040 48.378936051000039)",Unfall 203650 (2019) Kat:2, Licht: 0,203650,2,2,4,01,16,5,0,0,1,1,0,0,0,0
"POINT (10.894214668000075 48.336675705000061)",Unfall 203651 (2019) Kat:3, Licht: 1,203651,3,1,1,01,17,5,0,1,1,1,0,0,0,0
"POINT (10.871969582000077 48.363203686000077)",Unfall 203653 (2019) Kat:3, Licht: 0,203653,3,6,2,01,10,5,0,0,0,1,0,0,0,0
"POINT (10.893877622000048 48.338750241000071)",Unfall 203654 (2019) Kat:3, Licht: 0,203654,3,1,6,01,11,5,0,0,0,1,1,0,0,0
"POINT (10.944457105000026 48.348013128000048)",Unfall 203693 (2019) Kat:3, Licht: 0,203693,3,4,6,01,07,4,1,0,0,1,1,0,0,0
"POINT (10.882377933000043 48.364186351000058)",Unfall 203732 (2019) Kat:3, Licht: 2,203732,3,1,6,01,06,3,1,2,0,1,1,0,0,0
"POINT (10.884512101000041 48.341663221000033)",Unfall 203762 (2019) Kat:3, Licht: 2,203762,3,2,1,01,19,2,0,2,0,1,0,0,0,0
"POINT (10.865968394000049 48.308939447000057)",Unfall 203764 (2019) Kat:3, Licht: 0,203764,3,1,1,01,09,2,2,0,0,1,1,0,1,0
"POINT (10.887755088000063 48.365527454000073)",Unfall 203767 (2019) Kat:3, Licht: 1,203767,3,3,2,01,17,2,1,1,0,1,0,0,0,0
"POINT (10.869009602000062 48.381225481000058)",Unfall 203890 (2019) Kat:2, Licht: 0,203890,2,3,5,02,12,6,1,0,1,0,0,0,0,1
"POINT (10.934214220000058 48.412197203000062)",Unfall 203891 (2019) Kat:2, Licht: 0,203891,2,2,4,02,15,6,0,0,0,1,0,0,0,0
"POINT (10.902254430000028 48.320414124000081)",Unfall 203892 (2019) Kat:3, Licht: 0,203892,3,2,5,02,15,6,0,0,1,0,0,0,1,0
"POINT (10.892246163000038 48.367769242000065)",Unfall 203893 (2019) Kat:3, Licht: 0,203893,3,6,3,02,11,6,1,0,0,1,0,0,0,0
"POINT (10.879999897000062 48.338463581000042)",Unfall 203940 (2019) Kat:3, Licht: 0,203940,3,7,1,02,14,5,1,0,0,1,0,0,0,0
"POINT (10.883281813000053 48.375638300000048)",Unfall 203941 (2019) Kat:3, Licht: 2,203941,3,4,6,02,17,5,1,2,1,0,1,0,0,0
"POINT (10.889982995000025 48.370272474000046)",Unfall 204039 (2019) Kat:3, Licht: 2,204039,3,3,5,02,22,2,1,2,0,1,0,0,0,0
"POINT (10.917360092000024 48.383252853000045)",Unfall 204055 (2019) Kat:3, Licht: 0,204055,3,6,2,02,08,2,1,0,0,1,0,0,0,0
"POINT (10.889827422000053 48.377150421000067)",Unfall 204075 (2019) Kat:3, Licht: 0,204075,3,3,5,02,16,1,0,0,1,1,0,0,0,0
"POINT (10.870116377000045 48.376024117000043)",Unfall 204171 (2019) Kat:3, Licht: 0,204171,3,6,2,02,12,6,0,0,0,1,0,0,0,0
"POINT (10.859231123000029 48.384967326000037)",Unfall 204173 (2019) Kat:3, Licht: 0,204173,3,6,1,02,09,6,0,0,0,1,0,0,0,0
"POINT (10.917744663000065 48.385791565000034)",Unfall 204174 (2019) Kat:3, Licht: 0,204174,3,7,0,02,12,6,0,0,1,0,0,0,0,0
"POINT (10.916193445000033 48.387799630000075)",Unfall 204236 (2019) Kat:2, Licht: 0,204236,2,3,5,02,16,5,0,0,1,1,0,0,0,0
"POINT (10.889707449000070 48.360383746000082)",Unfall 204237 (2019) Kat:3, Licht: 0,204237,3,2,5,02,16,5,0,0,1,1,0,0,0,0
"POINT (10.897669820000033 48.370509659000049)",Unfall 204238 (2019) Kat:3, Licht: 0,204238,3,2,1,02,12,5,0,0,0,1,0,0,0,0
"POINT (10.859236976000034 48.384966810000037)",Unfall 204282 (2019) Kat:3, Licht: 2,204282,3,3,5,02,04,4,0,2,0,1,0,0,0,0
"POINT (10.897174308000046 48.360147327000050)",Unfall 204284 (2019) Kat:3, Licht: 0,204284,3,6,2,02,13,4,0,0,0,1,0,0,0,0
"POINT (10.885523350000028 48.373725744000069)",Unfall 204285 (2019) Kat:3, Licht: 1,204285,3,3,5,02,17,4,0,1,1,1,0,0,0,0
"POINT (10.892637467000043 48.363250416000028)",Unfall 204286 (2019) Kat:3, Licht: 0,204286,3,1,0,02,10,4,0,0,1,0,0,0,0,0
"POINT (10.881125939000071 48.387584179000044)",Unfall 204314 (2019) Kat:3, Licht: 0,204314,3,6,2,02,14,3,0,0,0,1,0,0,1,0
"POINT (10.876864567000041 48.386290582000072)",Unfall 204315 (2019) Kat:3, Licht: 0,204315,3,4,6,02,13,3,0,0,0,1,1,0,0,0
"POINT (10.865901322000070 48.309031387000061)",Unfall 204342 (2019) Kat:3, Licht: 2,204342,3,7,9,02,05,1,0,2,0,1,0,0,0,0
"POINT (10.893673125000021 48.382586736000064)",Unfall 204360 (2019) Kat:3, Licht: 0,204360,3,6,2,02,14,7,0,0,0,1,0,0,0,0
"POINT (10.871180124000034 48.359245755000074)",Unfall 204383 (2019) Kat:3, Licht: 1,204383,3,3,5,02,17,6,0,1,1,1,0,0,0,0
"POINT (10.870003124000050 48.381426634000036)",Unfall 204384 (2019) Kat:3, Licht: 0,204384,3,6,1,02,14,6,0,0,0,1,0,0,0,0
"POINT (10.902295553000044 48.352204940000036)",Unfall 204385 (2019) Kat:3, Licht: 0,204385,3,1,5,02,13,6,0,0,1,1,0,0,0,0
"POINT (10.874698100000046 48.343320481000035)",Unfall 204428 (2019) Kat:3, Licht: 0,204428,3,1,0,02,16,5,0,0,0,0,0,1,0,0
"POINT (10.882358666000073 48.355134777000046)",Unfall 204429 (2019) Kat:3, Licht: 2,204429,3,3,5,02,18,5,0,2,1,1,0,0,0,0
"POINT (10.885388606000049 48.358561027000064)",Unfall 204431 (2019) Kat:3, Licht: 0,204431,3,1,5,02,15,5,0,0,1,1,0,0,0,0
"POINT (10.898430146000067 48.358256964000077)",Unfall 204432 (2019) Kat:3, Licht: 0,204432,3,4,6,02,07,5,0,0,0,1,1,0,0,0
"POINT (10.894139475000031 48.407830488000059)",Unfall 204476 (2019) Kat:3, Licht: 0,204476,3,7,0,02,13,4,0,0,1,0,0,0,0,0
"POINT (10.881779129000051 48.354277340000067)",Unfall 204477 (2019) Kat:3, Licht: 0,204477,3,1,5,02,07,4,0,0,1,0,0,0,0,0
"POINT (10.841945088000045 48.314751484000055)",Unfall 204521 (2019) Kat:3, Licht: 0,204521,3,1,8,02,07,3,2,0,1,0,0,0,0,0
"POINT (10.881504113000062 48.398066493000044)",Unfall 204559 (2019) Kat:3, Licht: 0,204559,3,3,5,02,13,2,0,0,0,1,0,0,0,0
"POINT (10.865130752000027 48.372565796000060)",Unfall 204560 (2019) Kat:3, Licht: 2,204560,3,5,9,02,18,2,0,2,0,1,0,0,0,0
"POINT (10.880274601000053 48.401867963000029)",Unfall 204561 (2019) Kat:3, Licht: 0,204561,3,6,2,02,11,2,0,0,0,1,0,0,0,0
"POINT (10.890100230000030 48.377044770000055)",Unfall 204562 (2019) Kat:3, Licht: 1,204562,3,1,0,02,06,2,2,1,1,0,0,0,0,0
"POINT (10.856572258000028 48.380064316000073)",Unfall 204626 (2019) Kat:2, Licht: 1,204626,2,7,6,03,19,6,0,1,0,0,1,0,0,1
"POINT (10.880342246000055 48.364512431000037)",Unfall 204628 (2019) Kat:3, Licht: 1,204628,3,1,5,03,17,6,1,1,1,1,0,0,0,0
"POINT (10.890011231000074 48.370222383000055)",Unfall 204629 (2019) Kat:3, Licht: 2,204629,3,1,2,03,21,6,1,2,0,1,0,0,0,0
"POINT (10.912803049000047 48.371353975000034)",Unfall 204630 (2019) Kat:2, Licht: 0,204630,2,1,0,03,16,6,1,0,0,0,0,1,0,0
"POINT (10.890010004000032 48.370221674000049)",Unfall 204631 (2019) Kat:3, Licht: 2,204631,3,1,2,03,21,6,1,2,0,1,0,0,0,0
"POINT (10.919314287000077 48.377482821000058)",Unfall 204704 (2019) Kat:3, Licht: 0,204704,3,5,1,03,17,1,0,0,1,1,0,0,0,0
"POINT (10.938866625000060 48.362158767000039)",Unfall 204742 (2019) Kat:3, Licht: 0,204742,3,3,0,02,16,4,0,0,1,0,0,0,0,0
"POINT (10.897926260000077 48.351818234000064)",Unfall 204743 (2019) Kat:3, Licht: 0,204743,3,1,5,02,07,4,0,0,0,1,0,0,0,0
"POINT (10.908347472000059 48.327672661000065)",Unfall 204744 (2019) Kat:3, Licht: 0,204744,3,1,2,02,15,4,0,0,0,1,0,0,0,0
"POINT (10.907858250000061 48.358907545000079)",Unfall 204745 (2019) Kat:3, Licht: 0,204745,3,1,4,02,07,4,0,0,1,0,0,0,1,0
"POINT (10.914013095000030 48.377281151000034)",Unfall 204862 (2019) Kat:3, Licht: 0,204862,3,6,2,02,11,2,0,0,0,1,0,0,0,0
"POINT (10.895627215000047 48.370020708000027)",Unfall 204888 (2019) Kat:3, Licht: 0,204888,3,4,6,03,12,2,0,0,1,0,1,0,0,0
"POINT (10.889734988000043 48.360366387000056)",Unfall 204920 (2019) Kat:3, Licht: 2,204920,3,2,4,03,02,1,0,2,0,1,0,0,0,0
"POINT (10.878622534000044 48.403460189000043)",Unfall 204921 (2019) Kat:3, Licht: 0,204921,3,3,5,03,12,1,1,0,0,1,0,0,0,0
"POINT (10.931028562000051 48.395597450000025)",Unfall 204922 (2019) Kat:3, Licht: 0,204922,3,3,5,03,08,1,1,0,0,1,0,0,0,0
"POINT (10.900828339000043 48.298870845000067)",Unfall 204923 (2019) Kat:2, Licht: 2,204923,2,1,2,03,02,1,0,2,1,1,0,0,0,0
"POINT (10.930457785000044 48.359442488000070)",Unfall 204936 (2019) Kat:3, Licht: 2,204936,3,1,6,03,02,7,1,2,1,0,1,0,0,0
"POINT (10.913610280000057 48.377985095000042)",Unfall 204970 (2019) Kat:3, Licht: 0,204970,3,2,4,03,10,3,0,0,0,1,0,1,0,0
"POINT (10.851682553000046 48.379771377000054)",Unfall 204973 (2019) Kat:3, Licht: 0,204973,3,2,4,03,09,6,0,0,1,1,0,0,0,0
"POINT (10.885704293000060 48.355551005000052)",Unfall 204974 (2019) Kat:3, Licht: 0,204974,3,1,2,03,14,6,0,0,0,1,0,0,0,0
"POINT (10.897041459000036 48.357423798000070)",Unfall 204975 (2019) Kat:3, Licht: 2,204975,3,3,5,03,20,3,0,2,0,1,0,0,0,0
"POINT (10.899732655000037 48.378983863000030)",Unfall 204976 (2019) Kat:3, Licht: 0,204976,3,6,3,03,13,6,0,0,0,1,0,0,0,0
"POINT (10.888507168000046 48.377885195000033)",Unfall 205022 (2019) Kat:3, Licht: 0,205022,3,2,0,03,17,5,0,0,1,1,0,0,0,0
"POINT (10.879669586000034 48.365241898000079)",Unfall 205024 (2019) Kat:3, Licht: 0,205024,3,1,5,03,16,5,0,0,0,1,0,0,0,1
"POINT (10.885595118000026 48.344822350000072)",Unfall 205064 (2019) Kat:3, Licht: 0,205064,3,4,6,03,15,4,0,0,0,1,1,0,0,0
"POINT (10.847661159000040 48.386015001000032)",Unfall 205066 (2019) Kat:3, Licht: 1,205066,3,6,2,03,17,4,0,1,0,1,0,0,0,0
"POINT (10.842381553000052 48.382480199000042)",Unfall 205108 (2019) Kat:3, Licht: 0,205108,3,3,5,03,13,3,0,0,0,1,0,0,0,0
"POINT (10.908730192000064 48.383658704000027)",Unfall 205109 (2019) Kat:3, Licht: 2,205109,3,4,0,03,21,3,0,2,0,0,1,0,0,1
"POINT (10.885506715000076 48.373704860000032)",Unfall 205111 (2019) Kat:3, Licht: 0,205111,3,3,5,03,17,3,1,0,1,1,0,0,0,0
"POINT (10.896296036000024 48.362724756000034)",Unfall 205139 (2019) Kat:3, Licht: 1,205139,3,5,1,03,18,2,1,1,1,1,0,0,0,0
"POINT (10.876397853000071 48.379052985000044)",Unfall 205174 (2019) Kat:3, Licht: 2,205174,3,3,5,03,18,1,1,2,0,1,0,0,0,0
"POINT (10.935771077000027 48.378059927000038)",Unfall 205175 (2019) Kat:3, Licht: 0,205175,3,1,0,03,14,1,0,0,1,0,0,0,0,0
"POINT (10.841997345000038 48.314753905000032)",Unfall 205177 (2019) Kat:3, Licht: 0,205177,3,7,8,03,16,1,0,0,0,1,0,0,0,0
"POINT (10.910065901000053 48.371565092000026)",Unfall 205211 (2019) Kat:3, Licht: 0,205211,3,1,0,03,12,7,0,0,1,0,0,0,0,0
"POINT (10.866546225000036 48.312581074000036)",Unfall 205258 (2019) Kat:3, Licht: 0,205258,3,1,1,03,15,6,1,0,1,1,0,0,0,0
"POINT (10.888914016000058 48.365160389000039)",Unfall 205259 (2019) Kat:3, Licht: 0,205259,3,2,6,03,10,6,1,0,0,1,1,0,0,0
"POINT (10.890465571000050 48.372647948000065)",Unfall 205320 (2019) Kat:2, Licht: 0,205320,2,3,0,03,17,5,1,0,0,1,0,1,0,0
"POINT (10.855749040000035 48.385293614000034)",Unfall 205321 (2019) Kat:3, Licht: 0,205321,3,6,2,03,11,5,0,0,0,1,0,0,0,0
"POINT (10.856818031000046 48.353877033000060)",Unfall 205322 (2019) Kat:3, Licht: 0,205322,3,1,8,03,14,5,1,0,0,1,0,0,0,0
"POINT (10.904717648000030 48.370274121000080)",Unfall 205323 (2019) Kat:3, Licht: 2,205323,3,2,6,03,18,5,1,2,0,1,1,0,0,0
"POINT (10.880314292000037 48.367488106000053)",Unfall 205337 (2019) Kat:3, Licht: 0,205337,3,4,6,03,10,2,0,0,0,1,1,0,0,0
"POINT (10.930953754000029 48.372018077000064)",Unfall 205340 (2019) Kat:3, Licht: 0,205340,3,6,2,03,14,2,0,0,0,1,0,0,0,0
"POINT (10.853924851000045 48.379863065000052)",Unfall 205376 (2019) Kat:3, Licht: 0,205376,3,1,0,03,07,4,0,0,1,0,0,0,0,0
"POINT (10.864357207000069 48.341061195000066)",Unfall 205377 (2019) Kat:3, Licht: 0,205377,3,1,2,03,09,4,0,0,0,1,0,0,0,0
"POINT (10.917826035000076 48.373385436000035)",Unfall 205378 (2019) Kat:3, Licht: 0,205378,3,1,0,03,09,4,1,0,0,0,0,1,0,0
"POINT (10.900901848000046 48.370678069000064)",Unfall 205379 (2019) Kat:3, Licht: 2,205379,3,2,6,03,23,4,1,2,0,1,1,0,0,0
"POINT (10.891960964000077 48.369940679000081)",Unfall 205380 (2019) Kat:3, Licht: 0,205380,3,1,0,03,17,4,0,0,1,0,0,0,0,0
"POINT (10.901012389000073 48.370611542000063)",Unfall 205479 (2019) Kat:3, Licht: 1,205479,3,2,4,03,19,6,0,1,0,1,0,0,0,0
"POINT (10.915505751000069 48.378050406000057)",Unfall 205549 (2019) Kat:3, Licht: 1,205549,3,3,5,03,19,5,0,1,1,0,0,0,0,0
"POINT (10.927903037000021 48.375261048000027)",Unfall 205550 (2019) Kat:3, Licht: 1,205550,3,2,5,03,19,5,0,1,1,1,0,0,0,0
"POINT (10.898031627000023 48.352699629000028)",Unfall 205551 (2019) Kat:3, Licht: 0,205551,3,3,4,03,12,5,0,0,0,1,0,0,0,0
"POINT (10.868376139000077 48.371632248000026)",Unfall 205600 (2019) Kat:3, Licht: 0,205600,3,3,5,03,15,4,0,0,0,1,0,1,0,0
"POINT (10.878460350000069 48.380033527000080)",Unfall 205601 (2019) Kat:3, Licht: 0,205601,3,6,2,03,07,4,0,0,0,1,0,1,0,0
"POINT (10.915333845000021 48.390121859000033)",Unfall 205602 (2019) Kat:3, Licht: 0,205602,3,7,0,03,08,4,0,0,1,0,0,0,0,0
"POINT (10.896495875000028 48.355995342000028)",Unfall 205603 (2019) Kat:3, Licht: 0,205603,3,1,1,03,15,4,0,0,1,1,0,0,0,0
"POINT (10.882141118000050 48.378796812000076)",Unfall 205604 (2019) Kat:3, Licht: 0,205604,3,6,2,03,14,4,0,0,0,1,0,0,0,0
"POINT (10.913016541000047 48.364055275000055)",Unfall 205661 (2019) Kat:3, Licht: 0,205661,3,1,1,03,15,3,0,0,0,1,0,0,0,0
"POINT (10.865502599000024 48.384077674000025)",Unfall 205715 (2019) Kat:3, Licht: 0,205715,3,3,5,03,16,5,0,0,0,1,0,0,0,0
"POINT (10.876586295000038 48.385563785000045)",Unfall 205716 (2019) Kat:3, Licht: 0,205716,3,7,0,03,12,5,0,0,0,0,0,0,0,1
"POINT (10.914882120000073 48.396417941000038)",Unfall 205717 (2019) Kat:3, Licht: 0,205717,3,2,6,03,08,5,0,0,0,1,1,0,0,0
"POINT (10.908010506000039 48.367530925000040)",Unfall 205767 (2019) Kat:3, Licht: 0,205767,3,1,5,03,16,4,0,0,0,1,0,0,0,0
"POINT (10.859360243000026 48.392648879000035)",Unfall 205811 (2019) Kat:3, Licht: 0,205811,3,7,6,03,06,3,0,0,0,1,1,0,0,0
"POINT (10.893400230000054 48.365301126000077)",Unfall 205812 (2019) Kat:3, Licht: 0,205812,3,5,1,03,14,3,0,0,1,1,0,0,0,0
"POINT (10.868481900000063 48.374144242000057)",Unfall 205847 (2019) Kat:3, Licht: 0,205847,3,3,3,03,08,2,0,0,1,1,0,0,0,0
"POINT (10.880718108000053 48.389901309000038)",Unfall 205848 (2019) Kat:3, Licht: 0,205848,3,7,6,03,09,2,0,0,0,1,1,0,0,0
"POINT (10.915724459000046 48.380721483000059)",Unfall 205849 (2019) Kat:3, Licht: 0,205849,3,7,0,03,12,2,0,0,0,0,0,0,0,1
"POINT (10.931439979000061 48.371316640000032)",Unfall 205890 (2019) Kat:3, Licht: 0,205890,3,3,5,03,16,1,0,0,1,0,0,1,0,0
"POINT (10.890738291000048 48.370783077000056)",Unfall 205891 (2019) Kat:3, Licht: 0,205891,3,2,4,03,13,1,0,0,1,1,0,0,0,0
"POINT (10.876012174000039 48.386003268000081)",Unfall 205901 (2019) Kat:3, Licht: 0,205901,3,7,6,03,10,7,0,0,0,1,1,0,0,0
"POINT (10.919076655000026 48.390787544000034)",Unfall 205969 (2019) Kat:3, Licht: 0,205969,3,3,5,04,07,2,0,0,1,1,0,0,0,0
"POINT (10.913655937000044 48.354131224000071)",Unfall 205970 (2019) Kat:2, Licht: 0,205970,2,1,6,04,17,2,0,0,0,1,1,0,0,0
"POINT (10.904135098000040 48.371073939000041)",Unfall 205971 (2019) Kat:3, Licht: 0,205971,3,7,2,04,18,2,0,0,0,1,0,1,0,0
"POINT (10.908829327000035 48.305325490000030)",Unfall 206034 (2019) Kat:2, Licht: 0,206034,2,1,1,03,11,1,0,0,1,1,0,0,0,0
"POINT (10.900786992000064 48.364705578000041)",Unfall 206035 (2019) Kat:3, Licht: 0,206035,3,1,0,03,16,1,0,0,0,0,0,1,0,0
"POINT (10.860243119000074 48.383558690000029)",Unfall 206085 (2019) Kat:3, Licht: 0,206085,3,7,6,03,12,7,0,0,0,1,1,0,0,0
"POINT (10.873302054000021 48.381478726000068)",Unfall 206086 (2019) Kat:3, Licht: 0,206086,3,1,6,03,07,7,0,0,0,1,1,0,0,0
"POINT (10.915403225000034 48.367456419000064)",Unfall 206146 (2019) Kat:3, Licht: 0,206146,3,2,2,03,17,6,0,0,1,1,0,0,0,0
"POINT (10.863175970000043 48.342243926000037)",Unfall 206147 (2019) Kat:3, Licht: 0,206147,3,1,5,03,13,6,0,0,1,1,0,0,0,0
"POINT (10.898271835000060 48.367552829000033)",Unfall 206148 (2019) Kat:3, Licht: 0,206148,3,7,0,03,17,6,0,0,1,0,0,0,0,0
"POINT (10.869971778000036 48.372087893000071)",Unfall 206235 (2019) Kat:3, Licht: 0,206235,3,3,5,04,07,6,0,0,1,1,0,0,0,0
"POINT (10.880642539000064 48.385094840000079)",Unfall 206236 (2019) Kat:3, Licht: 0,206236,3,4,6,04,08,6,0,0,0,1,1,0,0,0
"POINT (10.878559604000031 48.403411765000044)",Unfall 206282 (2019) Kat:3, Licht: 0,206282,3,2,4,04,11,5,0,0,0,1,0,0,0,0
"POINT (10.874715172000037 48.343319607000069)",Unfall 206283 (2019) Kat:3, Licht: 0,206283,3,4,6,04,11,5,0,0,0,1,1,0,0,0
"POINT (10.893539811000039 48.365101847000062)",Unfall 206284 (2019) Kat:3, Licht: 0,206284,3,4,6,04,13,5,0,0,1,0,1,0,0,0
"POINT (10.870062348000033 48.376024822000034)",Unfall 206352 (2019) Kat:3, Licht: 0,206352,3,3,5,04,16,4,0,0,0,1,0,0,0,0
"POINT (10.854164863000051 48.376277314000049)",Unfall 206354 (2019) Kat:3, Licht: 0,206354,3,3,5,04,12,4,0,0,0,1,0,0,0,0
"POINT (10.870322789000056 48.379492810000045)",Unfall 206355 (2019) Kat:3, Licht: 0,206355,3,3,5,04,09,4,0,0,1,1,0,0,0,0
"POINT (10.905876600000056 48.360969793000038)",Unfall 206385 (2019) Kat:3, Licht: 2,206385,3,1,3,04,20,7,0,2,1,1,0,0,0,0
"POINT (10.948956635000059 48.343735706000075)",Unfall 206421 (2019) Kat:3, Licht: 0,206421,3,6,2,04,14,3,0,0,0,1,0,0,0,0
"POINT (10.907979493000028 48.355213194000044)",Unfall 206422 (2019) Kat:3, Licht: 0,206422,3,1,6,04,12,3,0,0,0,1,1,0,0,0
"POINT (10.901425821000032 48.300321885000074)",Unfall 206424 (2019) Kat:3, Licht: 0,206424,3,1,2,04,14,3,0,0,0,1,0,0,0,0
"POINT (10.890815369000052 48.365170911000064)",Unfall 206425 (2019) Kat:2, Licht: 0,206425,2,4,6,04,15,3,0,0,0,1,1,0,0,0
"POINT (10.901021029000049 48.370821008000064)",Unfall 206426 (2019) Kat:3, Licht: 0,206426,3,2,2,04,18,3,0,0,0,1,0,1,0,0
"POINT (10.888400840000031 48.365888013000074)",Unfall 206430 (2019) Kat:3, Licht: 0,206430,3,7,0,04,17,7,0,0,1,0,0,0,0,0
"POINT (10.904745151000043 48.366149673000052)",Unfall 206470 (2019) Kat:2, Licht: 0,206470,2,4,0,04,17,4,0,0,1,0,1,0,0,0
"POINT (10.873615579000045 48.359053698000025)",Unfall 206474 (2019) Kat:3, Licht: 0,206474,3,6,4,04,07,4,0,0,1,1,0,0,0,0