WKT,Name,OBJECTID,UKATEGORIE,UTYP1,UART,UMONAT,USTUNDE,UWOCHENTAG,STRZUSTAND,ULICHTVERH,ISTRAD,ISTPKW,ISTFUSS,ISTKRAD,ISTGKFZ,ISTSONSTIG
"POINT (10.894947956000067 48.376570722000054)",Unfall 217449 (2019) Kat:3, Licht: 0,217449,3,6,2,09,07,2,0,0,1,1,0,0,0,0
"POINT (10.914065880000066 48.394073946000049)",Unfall 217489 (2019) Kat:3, Licht: 2,217489,3,1,0,09,01,1,0,2,1,0,0,0,0,0
"POINT (10.899345651000033 48.369542932000058)",Unfall 217490 (2019) Kat:3, Licht: 2,217490,3,1,0,09,04,1,0,2,1,0,0,0,0,0
"POINT (10.888658647000057 48.372048819000042)",Unfall 217550 (2019) Kat:3, Licht: 0,217550,3,7,6,09,19,7,0,0,0,1,1,0,0,0
"POINT (10.891316675000041 48.369427593000069)",Unfall 217551 (2019) Kat:3, Licht: 0,217551,3,7,0,09,18,7,0,0,0,0,0,1,0,0
"POINT (10.865647234000051 48.372515916000054)",Unfall 217553 (2019) Kat:3, Licht: 0,217553,3,3,5,09,10,7,0,0,0,1,0,0,0,0
"POINT (10.903898280000021 48.370301131000076)",Unfall 217554 (2019) Kat:3, Licht: 0,217554,3,1,0,09,14,7,0,0,1,0,0,0,0,0
"POINT (10.874586299000043 48.381892063000066)",Unfall 217621 (2019) Kat:3, Licht: 0,217621,3,1,2,09,16,6,0,0,1,1,0,0,0,0
"POINT (10.879670410000074 48.365240175000054)",Unfall 217622 (2019) Kat:3, Licht: 0,217622,3,2,5,09,17,6,0,0,0,1,0,1,0,0
"POINT (10.903284738000025 48.302432667000062)",Unfall 217623 (2019) Kat:2, Licht: 0,217623,2,7,0,09,10,6,0,0,1,0,0,0,0,0
"POINT (10.859846873000038 48.372982045000072)",Unfall 217694 (2019) Kat:3, Licht: 0,217694,3,3,5,09,16,5,0,0,1,1,0,0,0,0
"POINT (10.910453958000062 48.361192005000078)",Unfall 217695 (2019) Kat:3, Licht: 0,217695,3,1,2,09,16,5,0,0,0,1,0,0,0,0
"POINT (10.890713068000025 48.360830345000068)",Unfall 217759 (2019) Kat:3, Licht: 1,217759,3,6,2,09,06,5,0,1,0,1,0,1,0,0
"POINT (10.857263737000039 48.380229229000065)",Unfall 217815 (2019) Kat:3, Licht: 0,217815,3,3,5,09,17,4,0,0,1,1,0,0,0,0
"POINT (10.942088190000050 48.360030647000031)",Unfall 217816 (2019) Kat:3, Licht: 1,217816,3,3,5,09,06,4,1,1,0,1,0,0,0,0
"POINT (10.873827461000076 48.340145710000058)",Unfall 217817 (2019) Kat:3, Licht: 0,217817,3,1,0,09,18,4,0,0,1,0,0,0,0,0
"POINT (10.892213179000066 48.369786278000049)",Unfall 217818 (2019) Kat:3, Licht: 0,217818,3,7,0,09,15,4,0,0,0,0,0,0,0,1
"POINT (10.897523316000047 48.365450272000032)",Unfall 217873 (2019) Kat:3, Licht: 0,217873,3,1,0,09,13,3,0,0,0,1,1,0,0,0
"POINT (10.943663204000075 48.356080016000078)",Unfall 217874 (2019) Kat:3, Licht: 0,217874,3,4,6,09,13,3,0,0,1,0,1,0,0,0
"POINT (10.949106371000028 48.355962080000040)",Unfall 217875 (2019) Kat:2, Licht: 2,217875,2,7,0,09,20,3,1,2,1,0,0,0,0,0
"POINT (10.934951600000034 48.395633381000039)",Unfall 217942 (2019) Kat:3, Licht: 0,217942,3,5,1,09,07,2,1,0,1,1,0,0,0,0
"POINT (10.914284242000065 48.383266031000062)",Unfall 217943 (2019) Kat:3, Licht: 0,217943,3,3,5,09,17,2,1,0,0,1,0,0,0,0
"POINT (10.858968899000047 48.373201970000025)",Unfall 218062 (2019) Kat:3, Licht: 0,218062,3,6,2,09,11,2,0,0,0,1,0,0,0,0
"POINT (10.859554478000064 48.380315744000029)",Unfall 218064 (2019) Kat:3, Licht: 0,218064,3,3,5,09,13,2,0,0,1,1,0,0,0,0
"POINT (10.917320524000047 48.383138358000053)",Unfall 218065 (2019) Kat:3, Licht: 0,218065,3,6,3,09,11,2,0,0,0,1,0,0,0,0
"POINT (10.907204204000038 48.316444551000075)",Unfall 218066 (2019) Kat:2, Licht: 0,218066,2,1,5,09,16,2,0,0,1,1,0,0,0,0
"POINT (10.903487104000021 48.304089940000040)",Unfall 218067 (2019) Kat:3, Licht: 0,218067,3,7,0,09,12,2,0,0,1,0,0,0,0,0
"POINT (10.907856512000023 48.370333149000032)",Unfall 218068 (2019) Kat:2, Licht: 0,218068,2,2,3,09,14,2,0,0,0,1,0,0,0,1
"POINT (10.906635663000031 48.386682184000051)",Unfall 218162 (2019) Kat:3, Licht: 1,218162,3,2,0,09,19,7,0,1,0,1,0,0,0,1
"POINT (10.895784569000057 48.402848754000047)",Unfall 218163 (2019) Kat:3, Licht: 0,218163,3,7,0,09,11,7,0,0,1,0,0,0,0,0
"POINT (10.917230582000059 48.385667362000049)",Unfall 218213 (2019) Kat:3, Licht: 0,218213,3,2,0,09,10,6,0,0,0,1,0,0,0,0
"POINT (10.913327207000066 48.377335964000054)",Unfall 218214 (2019) Kat:3, Licht: 0,218214,3,5,0,09,15,6,1,0,1,1,0,0,0,0
"POINT (10.909584458000040 48.364441802000044)",Unfall 218215 (2019) Kat:3, Licht: 0,218215,3,1,0,09,16,6,0,0,1,0,0,0,0,0
"POINT (10.887856145000057 48.371906940000031)",Unfall 218245 (2019) Kat:3, Licht: 2,218245,3,1,0,10,21,1,1,2,0,0,0,1,0,0
"POINT (10.877128251000045 48.348333577000062)",Unfall 218271 (2019) Kat:3, Licht: 0,218271,3,2,5,10,17,7,0,0,1,1,0,0,0,0
"POINT (10.867179845000067 48.362241476000065)",Unfall 218308 (2019) Kat:2, Licht: 0,218308,2,3,5,10,16,6,0,0,1,1,0,0,0,0
"POINT (10.943568217000063 48.356172683000068)",Unfall 218309 (2019) Kat:3, Licht: 0,218309,3,2,4,10,12,6,1,0,0,1,0,0,0,0
"POINT (10.908765584000037 48.383556284000065)",Unfall 218393 (2019) Kat:3, Licht: 0,218393,3,6,2,10,16,4,1,0,0,1,0,0,0,0
"POINT (10.945402550000040 48.361845076000066)",Unfall 218394 (2019) Kat:3, Licht: 0,218394,3,4,6,10,10,4,0,0,0,1,1,0,0,0
"POINT (10.876035278000074 48.337693332000072)",Unfall 218395 (2019) Kat:3, Licht: 0,218395,3,1,5,10,17,4,1,0,0,1,0,1,0,0
"POINT (10.895627215000047 48.370020708000027)",Unfall 218396 (2019) Kat:3, Licht: 0,218396,3,3,6,10,18,4,1,0,1,0,1,0,0,0
"POINT (10.890014427000040 48.379481481000028)",Unfall 218397 (2019) Kat:3, Licht: 0,218397,3,4,6,10,16,4,1,0,0,1,1,0,0,0
"POINT (10.864494548000039 48.384400541000048)",Unfall 218493 (2019) Kat:3, Licht: 0,218493,3,1,0,10,09,3,0,0,0,0,0,0,0,1
"POINT (10.859520459000066 48.384940539000070)",Unfall 218494 (2019) Kat:3, Licht: 0,218494,3,7,3,10,08,3,0,0,0,1,0,0,0,0
"POINT (10.876331708000066 48.380761241000073)",Unfall 218495 (2019) Kat:2, Licht: 0,218495,2,7,5,10,15,3,0,0,1,0,0,1,0,0
"POINT (10.914879710000037 48.379316625000058)",Unfall 218496 (2019) Kat:3, Licht: 0,218496,3,5,1,10,11,3,0,0,0,1,0,1,0,0
"POINT (10.922515380000050 48.317716177000079)",Unfall 218497 (2019) Kat:3, Licht: 0,218497,3,2,0,10,12,3,0,0,1,0,0,0,0,0
"POINT (10.891396201000077 48.370303667000030)",Unfall 218498 (2019) Kat:3, Licht: 0,218498,3,6,3,10,13,3,0,0,0,1,0,1,0,0
"POINT (10.895088894000025 48.376698476000058)",Unfall 218499 (2019) Kat:3, Licht: 0,218499,3,3,5,10,11,3,0,0,1,1,0,0,0,0
"POINT (10.895725717000062 48.356470963000049)",Unfall 218552 (2019) Kat:3, Licht: 0,218552,3,1,0,10,12,5,0,0,1,0,0,0,0,0
"POINT (10.887976223000067 48.369045691000053)",Unfall 218553 (2019) Kat:3, Licht: 0,218553,3,6,2,10,16,5,0,0,0,1,0,0,0,0
"POINT (10.937188130000038 48.364609133000044)",Unfall 218608 (2019) Kat:2, Licht: 0,218608,2,2,5,10,11,4,1,0,1,1,0,0,0,0
"POINT (10.889029296000047 48.367846691000068)",Unfall 218609 (2019) Kat:3, Licht: 2,218609,3,5,5,10,21,4,1,2,1,1,0,0,0,0
"POINT (10.898775419000060 48.336579251000046)",Unfall 218660 (2019) Kat:3, Licht: 2,218660,3,3,5,10,18,3,0,2,1,1,0,0,0,0
"POINT (10.901015755000060 48.370585368000036)",Unfall 218661 (2019) Kat:3, Licht: 2,218661,3,2,3,10,22,3,0,2,1,1,0,0,0,0
"POINT (10.885601851000047 48.344253553000044)",Unfall 218723 (2019) Kat:3, Licht: 2,218723,3,3,4,10,19,2,0,2,0,1,0,0,0,0
"POINT (10.874955323000052 48.382563384000036)",Unfall 218768 (2019) Kat:3, Licht: 0,218768,3,6,1,10,17,1,1,0,0,1,0,0,0,0
"POINT (10.934586522000075 48.367748915000050)",Unfall 218769 (2019) Kat:3, Licht: 2,218769,3,7,0,10,03,1,1,2,1,0,0,0,0,0
"POINT (10.898773369000025 48.366792177000036)",Unfall 218770 (2019) Kat:3, Licht: 2,218770,3,5,1,10,03,1,0,2,1,1,0,0,0,0
"POINT (10.915720364000038 48.388489186000072)",Unfall 218826 (2019) Kat:3, Licht: 0,218826,3,3,5,10,14,2,0,0,0,1,0,0,0,0
"POINT (10.885660137000059 48.354048004000049)",Unfall 218827 (2019) Kat:2, Licht: 2,218827,2,1,0,10,22,2,0,2,1,0,0,0,0,0
"POINT (10.892854531000069 48.369734586000050)",Unfall 218828 (2019) Kat:3, Licht: 0,218828,3,6,2,10,17,2,0,0,0,1,0,0,0,0
"POINT (10.885309329000052 48.377666163000072)",Unfall 218829 (2019) Kat:3, Licht: 2,218829,3,1,0,10,22,2,0,2,1,0,0,0,0,0
"POINT (10.895936875000075 48.369890065000050)",Unfall 218830 (2019) Kat:3, Licht: 0,218830,3,6,6,10,16,2,0,0,0,0,1,0,0,1
"POINT (10.893691938000075 48.377407028000050)",Unfall 218831 (2019) Kat:3, Licht: 0,218831,3,3,5,10,09,2,0,0,0,1,0,0,0,0
"POINT (10.886895194000033 48.400876814000071)",Unfall 218886 (2019) Kat:3, Licht: 2,218886,3,1,0,10,22,1,0,2,1,0,0,0,0,0
"POINT (10.874673007000069 48.365228301000059)",Unfall 219017 (2019) Kat:3, Licht: 2,219017,3,3,5,10,20,6,0,2,0,1,0,0,0,0
"POINT (10.878426181000066 48.370131969000056)",Unfall 219018 (2019) Kat:3, Licht: 2,219018,3,6,2,10,20,6,0,2,0,1,0,0,0,0
"POINT (10.870216908000032 48.381301982000082)",Unfall 219019 (2019) Kat:3, Licht: 2,219019,3,2,5,10,19,6,0,2,0,1,0,0,0,0
"POINT (10.848672954000051 48.385923257000059)",Unfall 219052 (2019) Kat:3, Licht: 0,219052,3,6,2,10,10,6,0,0,0,1,0,0,0,0
"POINT (10.864491858000065 48.395979805000081)",Unfall 219053 (2019) Kat:3, Licht: 2,219053,3,7,1,10,23,6,0,2,0,1,0,0,0,0
"POINT (10.916076773000043 48.387696842000025)",Unfall 219054 (2019) Kat:3, Licht: 0,219054,3,2,0,10,13,6,0,0,0,1,0,1,0,0
"POINT (10.878858038000033 48.350666067000077)",Unfall 219055 (2019) Kat:3, Licht: 0,219055,3,1,2,10,11,6,0,0,0,1,0,0,0,0
"POINT (10.900765139000043 48.350707996000040)",Unfall 219056 (2019) Kat:3, Licht: 0,219056,3,3,5,10,16,6,0,0,1,1,0,0,0,0
"POINT (10.888635934000035 48.354133576000038)",Unfall 219057 (2019) Kat:3, Licht: 0,219057,3,2,3,10,07,6,0,0,1,1,0,0,0,0
"POINT (10.906007255000077 48.311853409000037)",Unfall 219058 (2019) Kat:3, Licht: 0,219058,3,3,5,10,07,6,0,0,1,1,0,0,0,0
"POINT (10.894822145000035 48.366545612000039)",Unfall 219059 (2019) Kat:3, Licht: 0,219059,3,7,6,10,13,6,0,0,0,0,1,0,0,1
"POINT (10.908778812000037 48.370325051000066)",Unfall 219060 (2019) Kat:3, Licht: 2,219060,3,3,0,10,22,6,0,2,1,1,0,0,0,0
"POINT (10.895481621000044 48.375592033000032)",Unfall 219061 (2019) Kat:3, Licht: 0,219061,3,6,4,10,13,6,0,0,0,0,0,0,1,1
"POINT (10.930526891000056 48.355957484000044)",Unfall 219135 (2019) Kat:3, Licht: 0,219135,3,7,5,10,16,5,0,0,0,1,0,0,0,1
"POINT (10.906460294000055 48.366875100000073)",Unfall 219136 (2019) Kat:3, Licht: 0,219136,3,1,4,10,16,5,0,0,1,1,0,0,0,0
"POINT (10.890093166000042 48.370203280000055)",Unfall 219137 (2019) Kat:3, Licht: 0,219137,3,2,4,10,16,5,0,0,0,1,0,1,0,0
"POINT (10.894740730000024 48.365429859000074)",Unfall 219138 (2019) Kat:3, Licht: 0,219138,3,4,6,10,09,5,0,0,0,0,1,0,0,1
"POINT (10.886263201000077 48.367248149000034)",Unfall 219139 (2019) Kat:3, Licht: 0,219139,3,7,6,10,13,5,0,0,0,1,1,0,0,0
"POINT (10.909125786000061 48.381112876000032)",Unfall 219214 (2019) Kat:3, Licht: 0,219214,3,7,0,10,15,4,0,0,1,0,0,0,0,0
"POINT (10.874902707000047 48.370994147000033)",Unfall 219278 (2019) Kat:3, Licht: 0,219278,3,3,5,10,07,3,0,0,1,1,0,0,0,0
"POINT (10.871480343000030 48.358322157000032)",Unfall 219279 (2019) Kat:3, Licht: 0,219279,3,7,0,10,11,3,1,0,1,0,0,0,0,0
"POINT (10.914885435000031 48.379329904000031)",Unfall 219280 (2019) Kat:2, Licht: 0,219280,2,5,1,10,14,3,0,0,1,1,0,0,0,0
"POINT (10.864428030000056 48.372633659000030)",Unfall 219356 (2019) Kat:3, Licht: 2,219356,3,1,0,10,22,3,0,2,1,0,0,0,0,0
"POINT (10.911457538000036 48.373108493000075)",Unfall 219357 (2019) Kat:3, Licht: 0,219357,3,6,3,10,08,3,0,0,1,0,0,0,0,0
"POINT (10.846999607000043 48.386179242000026)",Unfall 219426 (2019) Kat:3, Licht: 0,219426,3,3,5,10,11,2,0,0,1,1,0,0,0,0
"POINT (10.879213373000027 48.368717870000069)",Unfall 219427 (2019) Kat:3, Licht: 0,219427,3,7,0,10,15,2,0,0,0,1,0,0,0,0
"POINT (10.868079023000064 48.338271214000031)",Unfall 219428 (2019) Kat:3, Licht: 2,219428,3,3,4,10,20,2,0,2,1,1,0,0,0,0
"POINT (10.898611443000050 48.370983044000070)",Unfall 219429 (2019) Kat:3, Licht: 0,219429,3,1,0,10,11,2,1,0,1,0,0,0,0,0
"POINT (10.904645495000068 48.347169200000053)",Unfall 219492 (2019) Kat:3, Licht: 1,219492,3,1,2,10,18,1,0,1,0,1,0,0,0,0
"POINT (10.889840351000032 48.310723780000046)",Unfall 219493 (2019) Kat:3, Licht: 0,219493,3,3,5,10,11,1,0,0,0,1,0,0,0,0
"POINT (10.897846977000029 48.370586237000055)",Unfall 219494 (2019) Kat:3, Licht: 0,219494,3,2,4,10,17,1,0,0,0,1,0,0,0,0
"POINT (10.918274597000050 48.377738370000031)",Unfall 219546 (2019) Kat:3, Licht: 2,219546,3,1,0,10,22,7,0,2,0,0,0,1,0,0
"POINT (10.889777235000054 48.309846599000082)",Unfall 219547 (2019) Kat:3, Licht: 0,219547,3,1,2,10,12,7,1,0,0,1,0,0,0,0
"POINT (10.896835241000076 48.359952917000044)",Unfall 219548 (2019) Kat:2, Licht: 0,219548,2,1,0,10,13,7,1,0,1,0,0,0,0,0
"POINT (10.881366769000067 48.368612889000076)",Unfall 219586 (2019) Kat:3, Licht: 0,219586,3,7,6,10,15,4,0,0,1,0,1,0,0,0
"POINT (10.945773106000047 48.377342903000056)",Unfall 219591 (2019) Kat:3, Licht: 0,219591,3,5,0,10,16,4,0,0,1,1,0,0,0,0
"POINT (10.931931154000040 48.395787847000065)",Unfall 219600 (2019) Kat:3, Licht: 0,219600,3,3,5,10,16,4,0,0,1,1,0,0,0,0
"POINT (10.852107493000062 48.379788790000077)",Unfall 219602 (2019) Kat:3, Licht: 0,219602,3,2,5,10,16,4,0,0,1,1,0,0,0,0
"POINT (10.876046264000024 48.401503148000074)",Unfall 219628 (2019) Kat:2, Licht: 0,219628,2,3,5,10,11,7,0,0,1,1,0,0,0,0
"POINT (10.917227784000033 48.385682115000066)",Unfall 219629 (2019) Kat:3, Licht: 0,219629,3,3,5,10,13,7,0,0,0,1,0,0,0,0
"POINT (10.900836448000064 48.298887280000031)",Unfall 219630 (2019) Kat:3, Licht: 0,219630,3,1,1,10,17,7,0,0,0,1,0,0,0,0
"POINT (10.897044583000024 48.370348930000034)",Unfall 219631 (2019) Kat:3, Licht: 2,219631,3,1,0,10,06,7,0,2,1,0,0,0,0,0
"POINT (10.898275165000030 48.367537469000069)",Unfall 219632 (2019) Kat:3, Licht: 2,219632,3,1,0,10,23,7,0,2,1,0,0,0,0,0
"POINT (10.915345636000040 48.395059260000039)",Unfall 219684 (2019) Kat:3, Licht: 2,219684,3,7,0,10,23,6,0,2,1,0,0,0,0,0
"POINT (10.894757992000052 48.427968238000062)",Unfall 219685 (2019) Kat:3, Licht: 0,219685,3,4,6,10,17,6,0,0,0,1,1,0,0,0
"POINT (10.877886447000037 48.349807859000066)",Unfall 219686 (2019) Kat:3, Licht: 0,219686,3,3,5,10,12,6,0,0,1,1,0,0,0,0
"POINT (10.908146031000058 48.367513268000039)",Unfall 219687 (2019) Kat:3, Licht: 0,219687,3,1,2,10,10,6,0,0,0,1,0,0,0,0
"POINT (10.901226334000057 48.371743059000039)",Unfall 219688 (2019) Kat:3, Licht: 2,219688,3,1,0,10,02,6,0,2,0,0,0,0,0,1
"POINT (10.893685263000066 48.377411459000029)",Unfall 219689 (2019) Kat:3, Licht: 2,219689,3,2,4,10,18,6,0,2,0,1,0,1,0,0
"POINT (10.857833878000065 48.391371697000068)",Unfall 219757 (2019) Kat:3, Licht: 2,219757,3,3,5,10,18,5,0,2,0,1,0,0,0,0
"POINT (10.949571666000054 48.341127272000051)",Unfall 219758 (2019) Kat:3, Licht: 2,219758,3,7,0,10,06,5,1,2,1,0,0,0,0,0
"POINT (10.923781397000027 48.375292237000053)",Unfall 219759 (2019) Kat:3, Licht: 0,219759,3,3,5,10,11,5,0,0,1,1,0,0,0,0
"POINT (10.902696676000062 48.361968267000066)",Unfall 219760 (2019) Kat:3, Licht: 0,219760,3,7,0,10,08,5,0,0,0,1,1,0,0,0
"POINT (10.904116941000041 48.377636721000044)",Unfall 219761 (2019) Kat:3, Licht: 1,219761,3,1,0,10,06,5,1,1,0,0,0,1,0,0
"POINT (10.901269545000048 48.365801068000053)",Unfall 219762 (2019) Kat:3, Licht: 0,219762,3,6,2,10,09,5,0,0,1,1,0,0,0,0
"POINT (10.902315752000050 48.363418146000072)",Unfall 219829 (2019) Kat:3, Licht: 0,219829,3,7,0,10,19,4,0,0,0,1,1,0,0,0
"POINT (10.891525226000056 48.353344278000066)",Unfall 219836 (2019) Kat:3, Licht: 2,219836,3,2,4,11,17,6,1,2,1,1,0,0,0,0
"POINT (10.882790883000041 48.363115318000041)",Unfall 219837 (2019) Kat:3, Licht: 2,219837,3,1,2,11,17,6,1,2,0,1,0,0,0,0
"POINT (10.900855826000054 48.377980996000076)",Unfall 219838 (2019) Kat:3, Licht: 2,219838,3,1,0,11,19,6,1,2,1,0,0,0,0,0
"POINT (10.887591594000071 48.351758944000039)",Unfall 219877 (2019) Kat:3, Licht: 0,219877,3,1,5,10,14,5,0,0,1,1,0,0,0,0
"POINT (10.901913128000047 48.361955997000052)",Unfall 219878 (2019) Kat:3, Licht: 2,219878,3,3,0,10,23,5,0,2,1,0,0,0,0,1
"POINT (10.894424409000067 48.353085589000045)",Unfall 219992 (2019) Kat:3, Licht: 2,219992,3,3,5,10,19,3,0,2,0,1,0,0,0,0
"POINT (10.900606470000071 48.349652976000073)",Unfall 220039 (2019) Kat:3, Licht: 0,220039,3,1,2,10,09,2,0,0,1,1,0,0,0,0
"POINT (10.914298572000064 48.377897620000056)",Unfall 220062 (2019) Kat:3, Licht: 0,220062,3,6,2,10,16,1,0,0,0,1,0,0,0,0
"POINT (10.899592375000054 48.334761484000069)",Unfall 220063 (2019) Kat:1, Licht: 2,220063,1,1,8,10,01,1,0,2,0,1,0,0,0,0
"POINT (10.887336668000046 48.377996669000026)",Unfall 220064 (2019) Kat:3, Licht: 2,220064,3,3,5,10,23,1,1,2,1,1,0,0,0,0
"POINT (10.892841495000027 48.373090273000059)",Unfall 220105 (2019) Kat:3, Licht: 0,220105,3,5,3,11,09,4,1,0,1,1,0,0,0,0
"POINT (10.858566722000035 48.391329070000040)",Unfall 220107 (2019) Kat:3, Licht: 2,220107,3,4,6,11,05,4,0,2,0,1,1,0,0,0
"POINT (10.903561342000046 48.390088975000026)",Unfall 220108 (2019) Kat:3, Licht: 2,220108,3,6,0,11,19,4,0,2,1,0,0,0,0,0
"POINT (10.873129977000076 48.353461296000035)",Unfall 220109 (2019) Kat:2, Licht: 0,220109,2,1,0,11,09,4,1,0,1,0,0,0,0,0
"POINT (10.909885922000058 48.364339365000035)",Unfall 220119 (2019) Kat:3, Licht: 0,220119,3,2,5,11,14,4,0,0,1,1,0,0,0,0
"POINT (10.896525323000049 48.376862988000028)",Unfall 220120 (2019) Kat:3, Licht: 0,220120,3,1,8,11,07,4,0,0,0,0,0,1,0,0
"POINT (10.870102386000042 48.375755179000066)",Unfall 220163 (2019) Kat:3, Licht: 0,220163,3,6,1,11,15,3,0,0,1,1,0,0,0,0
"POINT (10.897264172000064 48.331992870000079)",Unfall 220164 (2019) Kat:3, Licht: 0,220164,3,7,5,11,14,3,0,0,1,1,0,0,0,0
"POINT (10.890474377000032 48.379908757000067)",Unfall 220165 (2019) Kat:3, Licht: 1,220165,3,3,5,11,17,3,0,1,0,1,0,0,0,0
"POINT (10.905402074000051 48.366420491000042)",Unfall 220224 (2019) Kat:3, Licht: 2,220224,3,1,1,11,18,2,0,2,0,1,0,0,0,0
"POINT (10.896195133000049 48.320899146000045)",Unfall 220225 (2019) Kat:3, Licht: 2,220225,3,1,5,11,17,2,1,2,0,1,0,0,0,1
"POINT (10.929923622000047 48.358993148000081)",Unfall 220226 (2019) Kat:3, Licht: 0,220226,3,1,0,11,15,2,1,0,0,1,0,0,0,0
"POINT (10.901086180000050 48.369658607000076)",Unfall 220227 (2019) Kat:3, Licht: 2,220227,3,6,6,11,21,2,1,2,0,0,1,0,0,1
"POINT (10.878597277000040 48.403285860000040)",Unfall 220292 (2019) Kat:3, Licht: 2,220292,3,3,5,11,01,1,0,2,0,1,0,0,0,0
"POINT (10.857751318000055 48.395532795000065)",Unfall 220293 (2019) Kat:3, Licht: 2,220293,3,7,0,11,01,1,0,2,0,0,0,0,0,1
"POINT (10.899687625000070 48.376775406000036)",Unfall 220316 (2019) Kat:3, Licht: 0,220316,3,1,0,11,11,7,0,0,1,0,0,0,0,0
"POINT (10.841492121000044 48.382393125000078)",Unfall 220318 (2019) Kat:2, Licht: 0,220318,2,2,4,11,14,7,0,0,1,1,0,0,0,0
"POINT (10.865659525000069 48.382433585000058)",Unfall 220319 (2019) Kat:3, Licht: 0,220319,3,3,5,11,11,7,0,0,0,1,0,0,0,0
"POINT (10.858854642000040 48.334133208000026)",Unfall 220320 (2019) Kat:3, Licht: 1,220320,3,7,3,11,16,7,1,1,1,1,0,0,0,0
"POINT (10.894266939000033 48.344369759000074)",Unfall 220321 (2019) Kat:3, Licht: 0,220321,3,1,0,11,13,7,0,0,1,0,1,0,0,1
"POINT (10.900805101000060 48.370675224000081)",Unfall 220322 (2019) Kat:3, Licht: 2,220322,3,6,2,11,21,7,0,2,0,1,0,0,0,0
"POINT (10.860686718000068 48.365461056000072)",Unfall 220349 (2019) Kat:3, Licht: 0,220349,3,3,5,11,13,6,0,0,0,1,0,0,0,0
"POINT (10.872236340000029 48.346791488000065)",Unfall 220367 (2019) Kat:3, Licht: 0,220367,3,1,0,11,15,3,0,0,1,0,0,0,0,0
"POINT (10.891278133000071 48.371947281000075)",Unfall 220372 (2019) Kat:3, Licht: 0,220372,3,6,6,11,13,3,0,0,0,0,1,1,0,0
"POINT (10.906408901000077 48.310099786000080)",Unfall 220469 (2019) Kat:3, Licht: 0,220469,3,1,0,11,13,7,0,0,1,0,0,0,0,0
"POINT (10.900039827000057 48.369503710000060)",Unfall 220470 (2019) Kat:3, Licht: 0,220470,3,1,0,11,17,7,0,0,1,0,0,0,0,0
"POINT (10.878861630000074 48.353304392000041)",Unfall 220512 (2019) Kat:3, Licht: 2,220512,3,1,5,11,22,6,0,2,1,0,0,0,0,0
"POINT (10.881646548000049 48.365876314000047)",Unfall 220513 (2019) Kat:3, Licht: 0,220513,3,1,3,11,13,6,1,0,1,1,0,0,0,0
"POINT (10.927668026000049 48.357223879000060)",Unfall 220584 (2019) Kat:3, Licht: 0,220584,3,4,6,11,07,5,0,0,0,1,1,0,0,0
"POINT (10.904104119000067 48.365372077000075)",Unfall 220585 (2019) Kat:3, Licht: 2,220585,3,6,2,11,17,5,0,2,1,0,0,0,0,0
"POINT (10.892523566000023 48.360283971000058)",Unfall 220586 (2019) Kat:3, Licht: 0,220586,3,5,1,11,08,5,0,0,1,1,0,0,0,0
"POINT (10.917891722000036 48.413658474000044)",Unfall 220631 (2019) Kat:3, Licht: 2,220631,3,7,8,11,05,2,0,2,1,0,0,0,0,0
"POINT (10.916531068000040 48.387077267000052)",Unfall 220632 (2019) Kat:3, Licht: 0,220632,3,7,0,11,14,2,0,0,1,0,0,0,0,0
"POINT (10.897876479000047 48.370474744000035)",Unfall 220633 (2019) Kat:3, Licht: 0,220633,3,2,4,11,07,2,0,0,0,0,0,0,1,1
"POINT (10.898780306000049 48.369191119000050)",Unfall 220662 (2019) Kat:3, Licht: 0,220662,3,3,5,11,12,1,0,0,1,1,0,0,0,0
"POINT (10.879639510000061 48.368420781000054)",Unfall 220727 (2019) Kat:3, Licht: 0,220727,3,3,5,11,11,6,0,0,1,1,0,0,0,0
"POINT (10.893262259000039 48.374738288000060)",Unfall 220728 (2019) Kat:2, Licht: 2,220728,2,4,6,11,19,6,0,2,0,1,1,0,0,0
"POINT (10.880873683000061 48.373418960000038)",Unfall 220729 (2019) Kat:3, Licht: 0,220729,3,3,5,11,14,6,0,0,1,1,0,0,0,0
"POINT (10.891054290000056 48.369593750000035)",Unfall 220730 (2019) Kat:3, Licht: 0,220730,3,6,2,11,11,6,0,0,0,1,0,0,0,0
"POINT (10.933044595000069 48.379607929000031)",Unfall 220767 (2019) Kat:3, Licht: 0,220767,3,3,0,11,16,5,0,0,0,1,0,1,0,0
"POINT (10.923781397000027 48.375292237000053)",Unfall 220768 (2019) Kat:3, Licht: 0,220768,3,3,5,11,16,5,0,0,0,1,0,1,0,0
"POINT (10.885976947000074 48.348896920000072)",Unfall 220769 (2019) Kat:3, Licht: 2,220769,3,1,2,11,18,5,0,2,0,1,0,0,0,0
"POINT (10.896812361000059 48.370273478000058)",Unfall 220770 (2019) Kat:3, Licht: 2,220770,3,7,3,11,05,5,0,2,0,1,0,1,0,0
"POINT (10.895480834000068 48.363282505000029)",Unfall 220771 (2019) Kat:3, Licht: 2,220771,3,6,2,11,18,5,0,2,0,1,0,0,0,0