WKT,Name,OBJECTID,UKATEGORIE,UTYP1,UART,UMONAT,USTUNDE,UWOCHENTAG,STRZUSTAND,ULICHTVERH,ISTRAD,ISTPKW,ISTFUSS,ISTKRAD,ISTGKFZ,ISTSONSTIG
"POINT (10.921685396000044 48.396703094000031)",Unfall 220829 (2019) Kat:3, Licht: 1,220829,3,6,2,11,16,4,0,1,0,1,0,0,0,0
"POINT (10.883130319000031 48.362292460000049)",Unfall 220830 (2019) Kat:3, Licht: 0,220830,3,3,5,11,07,4,1,0,0,1,0,1,0,0
"POINT (10.907069276000072 48.360859788000027)",Unfall 220831 (2019) Kat:3, Licht: 2,220831,3,2,5,11,17,4,0,2,1,1,0,0,0,0
"POINT (10.880958575000022 48.366736437000043)",Unfall 220888 (2019) Kat:3, Licht: 0,220888,3,3,5,11,08,3,0,0,0,1,0,0,0,0
"POINT (10.869990890000054 48.371888383000055)",Unfall 220902 (2019) Kat:2, Licht: 2,220902,2,3,5,11,00,1,0,2,1,1,0,0,0,0
"POINT (10.878920465000022 48.370836004000068)",Unfall 220925 (2019) Kat:3, Licht: 0,220925,3,3,0,11,13,7,1,0,1,1,0,0,0,0
"POINT (10.913553424000042 48.396263366000028)",Unfall 220926 (2019) Kat:3, Licht: 2,220926,3,3,5,11,17,7,0,2,1,1,0,0,0,0
"POINT (10.903930563000074 48.336309731000028)",Unfall 220927 (2019) Kat:3, Licht: 0,220927,3,1,0,11,10,7,0,0,0,1,0,1,0,0
"POINT (10.878773348000038 48.403240478000043)",Unfall 220968 (2019) Kat:3, Licht: 1,220968,3,2,5,11,16,6,0,1,1,1,0,0,0,0
"POINT (10.905569425000067 48.361004751000053)",Unfall 220969 (2019) Kat:3, Licht: 0,220969,3,2,5,11,07,6,0,0,1,1,0,0,0,0
"POINT (10.898754779000058 48.358214468000028)",Unfall 220970 (2019) Kat:3, Licht: 2,220970,3,4,6,11,18,6,0,2,0,1,1,0,0,0
"POINT (10.904117737000036 48.371190889000047)",Unfall 220971 (2019) Kat:3, Licht: 0,220971,3,3,5,11,08,6,0,0,1,1,0,0,0,0
"POINT (10.897600443000044 48.358360722000043)",Unfall 221016 (2019) Kat:3, Licht: 2,221016,3,2,4,11,20,5,0,2,1,1,0,0,0,0
"POINT (10.875205180000023 48.364081125000041)",Unfall 221062 (2019) Kat:3, Licht: 0,221062,3,6,3,11,13,4,0,0,1,0,0,0,0,1
"POINT (10.899188721000030 48.330529101000081)",Unfall 221063 (2019) Kat:3, Licht: 2,221063,3,1,1,11,18,4,0,2,0,1,0,0,0,0
"POINT (10.900039265000032 48.341223179000053)",Unfall 221064 (2019) Kat:2, Licht: 0,221064,2,2,3,11,15,4,0,0,1,1,0,0,0,0
"POINT (10.902095808000070 48.377392335000081)",Unfall 221113 (2019) Kat:3, Licht: 0,221113,3,3,0,11,10,3,0,0,1,1,0,0,0,0
"POINT (10.873974211000075 48.380880407000063)",Unfall 221175 (2019) Kat:3, Licht: 0,221175,3,3,5,11,08,6,1,0,1,1,0,0,0,0
"POINT (10.917242543000043 48.385604308000040)",Unfall 221176 (2019) Kat:2, Licht: 0,221176,2,2,6,11,07,6,0,0,0,1,1,0,0,0
"POINT (10.894602352000049 48.369902146000072)",Unfall 221177 (2019) Kat:3, Licht: 0,221177,3,2,3,11,09,6,0,0,1,1,0,0,0,0
"POINT (10.910170508000022 48.354767731000038)",Unfall 221178 (2019) Kat:3, Licht: 2,221178,3,3,5,11,18,6,1,2,0,1,0,1,0,0
"POINT (10.888752823000061 48.370950290000053)",Unfall 221179 (2019) Kat:3, Licht: 2,221179,3,3,5,11,17,6,1,2,0,1,0,0,0,0
"POINT (10.868391397000039 48.372184240000081)",Unfall 221240 (2019) Kat:3, Licht: 2,221240,3,6,3,11,23,5,1,2,0,1,0,0,0,0
"POINT (10.870160934000069 48.381299409000064)",Unfall 221241 (2019) Kat:3, Licht: 2,221241,3,6,2,11,16,5,0,2,0,1,0,0,0,0
"POINT (10.908629248000068 48.383899859000053)",Unfall 221242 (2019) Kat:3, Licht: 1,221242,3,3,5,11,07,5,0,1,1,1,0,0,0,0
"POINT (10.911866461000045 48.373537127000077)",Unfall 221243 (2019) Kat:3, Licht: 2,221243,3,6,2,11,19,5,0,2,0,1,0,0,0,0
"POINT (10.899394721000021 48.365369462000046)",Unfall 221244 (2019) Kat:3, Licht: 2,221244,3,5,1,11,17,5,1,2,1,1,0,0,0,0
"POINT (10.893582641000023 48.367900014000043)",Unfall 221245 (2019) Kat:3, Licht: 0,221245,3,2,4,11,15,5,0,0,0,1,0,1,0,0
"POINT (10.852124769000056 48.379789620000054)",Unfall 221291 (2019) Kat:3, Licht: 0,221291,3,1,0,11,10,4,1,0,1,0,0,0,0,0
"POINT (10.874276200000054 48.386366768000073)",Unfall 221292 (2019) Kat:3, Licht: 0,221292,3,7,6,11,13,4,1,0,0,1,1,0,0,0
"POINT (10.922727857000041 48.381040867000081)",Unfall 221293 (2019) Kat:2, Licht: 2,221293,2,5,1,11,20,4,0,2,1,1,0,0,0,1
"POINT (10.901494299000035 48.373523059000036)",Unfall 221294 (2019) Kat:3, Licht: 0,221294,3,7,0,11,12,4,1,0,1,0,0,0,0,1
"POINT (10.893663906000029 48.368050125000082)",Unfall 221295 (2019) Kat:3, Licht: 2,221295,3,4,6,11,16,4,1,2,1,0,1,0,0,0
"POINT (10.866369992000045 48.341348774000039)",Unfall 221351 (2019) Kat:3, Licht: 2,221351,3,1,6,11,20,3,0,2,0,1,1,0,0,0
"POINT (10.923324139000044 48.354507044000059)",Unfall 221352 (2019) Kat:3, Licht: 2,221352,3,7,1,11,18,3,0,2,1,1,0,0,0,0
"POINT (10.883238455000026 48.369121874000029)",Unfall 221353 (2019) Kat:3, Licht: 2,221353,3,4,6,11,17,3,0,2,0,1,1,0,0,0
"POINT (10.898071050000055 48.352695536000056)",Unfall 221450 (2019) Kat:3, Licht: 2,221450,3,1,3,12,17,5,0,2,1,1,0,0,0,0
"POINT (10.883045179000021 48.362275099000044)",Unfall 221451 (2019) Kat:3, Licht: 0,221451,3,1,0,12,15,5,0,0,1,0,0,0,0,0
"POINT (10.896110269000076 48.314513903000034)",Unfall 221452 (2019) Kat:3, Licht: 0,221452,3,1,5,12,13,5,0,0,0,1,0,0,0,0
"POINT (10.879209948000039 48.366676710000036)",Unfall 221501 (2019) Kat:3, Licht: 2,221501,3,7,6,12,17,4,0,2,0,1,1,0,0,0
"POINT (10.880460338000034 48.352640768000072)",Unfall 221502 (2019) Kat:3, Licht: 0,221502,3,2,3,12,13,4,0,0,1,1,0,0,0,0
"POINT (10.881373727000039 48.388799367000047)",Unfall 221602 (2019) Kat:3, Licht: 0,221602,3,6,2,12,14,2,0,0,0,1,0,0,1,0
"POINT (10.914684694000073 48.399419721000072)",Unfall 221631 (2019) Kat:2, Licht: 2,221631,2,7,0,12,20,1,0,2,1,0,0,0,0,0
"POINT (10.907531111000026 48.370285499000033)",Unfall 221632 (2019) Kat:3, Licht: 1,221632,3,1,0,12,05,1,0,1,1,0,0,0,0,0
"POINT (10.892049253000039 48.368314830000031)",Unfall 221633 (2019) Kat:3, Licht: 2,221633,3,6,2,12,19,1,0,2,0,1,0,0,0,0
"POINT (10.924398226000051 48.384347989000048)",Unfall 221654 (2019) Kat:3, Licht: 2,221654,3,2,4,11,22,7,0,2,1,1,0,0,0,0
"POINT (10.902241861000050 48.352207224000040)",Unfall 221655 (2019) Kat:3, Licht: 0,221655,3,1,5,11,16,7,0,0,1,1,0,0,0,0
"POINT (10.897817495000027 48.370528966000052)",Unfall 221656 (2019) Kat:3, Licht: 0,221656,3,2,2,11,14,7,0,0,0,1,0,0,0,0
"POINT (10.887420315000043 48.378353183000058)",Unfall 221657 (2019) Kat:3, Licht: 2,221657,3,1,0,11,01,7,0,2,0,0,0,0,0,1
"POINT (10.879670410000074 48.365240175000054)",Unfall 221702 (2019) Kat:3, Licht: 2,221702,3,1,5,12,05,4,1,2,0,1,0,0,0,0
"POINT (10.916583206000041 48.385821481000050)",Unfall 221741 (2019) Kat:3, Licht: 0,221741,3,4,6,12,11,3,0,0,0,1,1,0,0,0
"POINT (10.897858649000057 48.304650273000050)",Unfall 221742 (2019) Kat:3, Licht: 1,221742,3,3,5,12,07,3,1,1,0,1,0,0,0,0
"POINT (10.895537417000071 48.369289247000040)",Unfall 221743 (2019) Kat:3, Licht: 0,221743,3,1,0,12,09,3,0,0,1,0,0,0,0,0
"POINT (10.866036126000040 48.394146685000067)",Unfall 221798 (2019) Kat:3, Licht: 0,221798,3,3,5,12,14,2,0,0,1,1,0,0,0,0
"POINT (10.949279659000069 48.350882894000051)",Unfall 221799 (2019) Kat:3, Licht: 2,221799,3,1,0,12,06,2,1,2,1,0,0,0,0,0
"POINT (10.916194313000062 48.422829168000078)",Unfall 221842 (2019) Kat:3, Licht: 0,221842,3,3,5,12,11,1,0,0,0,1,0,0,0,0
"POINT (10.920253901000024 48.392538038000055)",Unfall 221870 (2019) Kat:3, Licht: 0,221870,3,3,5,12,11,7,0,0,0,0,0,1,0,1
"POINT (10.913953150000054 48.377025254000046)",Unfall 221871 (2019) Kat:3, Licht: 2,221871,3,2,3,12,18,7,0,2,0,1,0,0,0,1
"POINT (10.893118248000064 48.369861872000058)",Unfall 221872 (2019) Kat:3, Licht: 0,221872,3,3,5,12,10,7,0,0,0,1,0,0,0,1
"POINT (10.909584778000067 48.370344178000039)",Unfall 221935 (2019) Kat:3, Licht: 1,221935,3,7,4,12,16,6,0,1,0,1,0,0,0,0
"POINT (10.872109750000050 48.365317681000079)",Unfall 221997 (2019) Kat:3, Licht: 0,221997,3,3,5,12,14,2,0,0,1,1,0,0,0,0
"POINT (10.900057259000050 48.363325744000065)",Unfall 221998 (2019) Kat:3, Licht: 2,221998,3,5,1,12,22,2,0,2,0,1,0,0,0,1
"POINT (10.902460502000054 48.370561301000066)",Unfall 221999 (2019) Kat:3, Licht: 1,221999,3,2,4,12,17,2,0,1,1,1,0,0,0,0
"POINT (10.905381839000029 48.361035510000079)",Unfall 222045 (2019) Kat:3, Licht: 2,222045,3,1,2,12,23,1,1,2,0,1,0,0,0,0
"POINT (10.892004180000072 48.366365888000075)",Unfall 222046 (2019) Kat:3, Licht: 2,222046,3,7,0,12,03,1,1,2,1,0,0,0,0,0
"POINT (10.881476380000038 48.398065033000080)",Unfall 222072 (2019) Kat:3, Licht: 0,222072,3,2,5,12,10,7,1,0,0,1,0,0,0,0
"POINT (10.894123645000036 48.366691610000032)",Unfall 222073 (2019) Kat:3, Licht: 0,222073,3,1,0,12,10,7,1,0,1,0,0,0,0,0
"POINT (10.902063695000038 48.353405308000049)",Unfall 222117 (2019) Kat:3, Licht: 0,222117,3,7,8,12,11,6,1,0,0,1,0,0,0,0
"POINT (10.910081674000025 48.364280340000050)",Unfall 222118 (2019) Kat:3, Licht: 0,222118,3,1,2,12,11,6,1,0,0,1,0,0,0,0
"POINT (10.901709107000045 48.369171124000047)",Unfall 222190 (2019) Kat:3, Licht: 0,222190,3,1,0,12,09,5,1,0,0,0,0,0,0,1
"POINT (10.878560965000077 48.370893132000049)",Unfall 222192 (2019) Kat:3, Licht: 2,222192,3,3,5,12,20,5,1,2,1,1,0,0,0,0
"POINT (10.885589391000053 48.344217442000058)",Unfall 222193 (2019) Kat:3, Licht: 2,222193,3,2,0,12,19,5,2,2,1,1,0,0,0,0
"POINT (10.889679356000045 48.360401455000044)",Unfall 222194 (2019) Kat:3, Licht: 2,222194,3,1,0,12,18,5,2,2,1,0,0,0,0,0
"POINT (10.897251613000037 48.360013038000034)",Unfall 222228 (2019) Kat:3, Licht: 2,222228,3,2,6,12,23,6,1,2,0,1,1,0,0,0
"POINT (10.852774978000070 48.379820838000057)",Unfall 222299 (2019) Kat:3, Licht: 0,222299,3,6,3,12,13,5,0,0,1,1,0,0,0,0
"POINT (10.899968515000069 48.317672276000053)",Unfall 222300 (2019) Kat:3, Licht: 0,222300,3,2,5,12,11,5,0,0,0,1,0,0,0,0
"POINT (10.885140026000045 48.343120140000053)",Unfall 222301 (2019) Kat:3, Licht: 2,222301,3,1,3,12,17,5,0,2,0,1,0,0,0,0
"POINT (10.915362522000066 48.354776952000066)",Unfall 222302 (2019) Kat:3, Licht: 2,222302,3,3,5,12,18,5,1,2,1,1,0,0,0,0
"POINT (10.897883931000024 48.370454014000074)",Unfall 222303 (2019) Kat:3, Licht: 0,222303,3,2,3,12,10,5,0,0,1,1,0,0,0,0
"POINT (10.884593059000053 48.367142499000067)",Unfall 222304 (2019) Kat:3, Licht: 0,222304,3,7,0,12,07,5,1,0,1,0,0,0,0,0
"POINT (10.895748259000072 48.370828338000081)",Unfall 222367 (2019) Kat:3, Licht: 0,222367,3,3,5,12,08,4,0,0,1,1,0,0,0,0
"POINT (10.885496373000024 48.343974057000025)",Unfall 222422 (2019) Kat:3, Licht: 2,222422,3,2,2,12,20,3,1,2,0,1,0,0,0,0
"POINT (10.894295509000074 48.361006400000065)",Unfall 222425 (2019) Kat:3, Licht: 0,222425,3,5,1,12,15,3,0,0,1,1,0,0,0,0
"POINT (10.915858719000028 48.380894335000050)",Unfall 222507 (2019) Kat:3, Licht: 2,222507,3,4,6,12,17,2,0,2,0,0,1,0,0,1
"POINT (10.917513260000021 48.388119710000069)",Unfall 222508 (2019) Kat:3, Licht: 0,222508,3,3,5,12,13,2,0,0,0,1,0,0,0,0
"POINT (10.891693880000048 48.378777568000032)",Unfall 222509 (2019) Kat:3, Licht: 1,222509,3,7,0,12,18,2,0,1,0,0,1,0,0,1
"POINT (10.865090674000044 48.358372759000076)",Unfall 222552 (2019) Kat:3, Licht: 0,222552,3,3,5,12,09,7,0,0,0,1,0,0,0,0
"POINT (10.881817011000066 48.394678535000025)",Unfall 222553 (2019) Kat:3, Licht: 2,222553,3,6,2,12,18,7,0,2,0,1,0,0,0,0
"POINT (10.870054495000034 48.374797091000062)",Unfall 222570 (2019) Kat:3, Licht: 0,222570,3,6,2,12,11,6,1,0,1,1,0,0,0,0
"POINT (10.881219001000034 48.366566317000036)",Unfall 222571 (2019) Kat:3, Licht: 0,222571,3,2,5,12,13,6,1,0,0,1,0,0,0,0
"POINT (10.856369859000040 48.385231733000069)",Unfall 222611 (2019) Kat:3, Licht: 0,222611,3,3,5,12,09,3,0,0,0,1,0,0,0,0
"POINT (10.912235271000043 48.397698859000059)",Unfall 222640 (2019) Kat:2, Licht: 0,222640,2,4,6,12,12,2,1,0,0,1,1,0,0,0
"POINT (10.898835998000038 48.312476219000075)",Unfall 222641 (2019) Kat:3, Licht: 2,222641,3,1,6,12,17,2,1,2,0,1,1,0,0,0
"POINT (10.906811234000031 48.370185690000028)",Unfall 222642 (2019) Kat:3, Licht: 2,222642,3,4,6,12,18,2,1,2,0,1,1,0,0,0
"POINT (10.886550122000074 48.378044342000067)",Unfall 222643 (2019) Kat:3, Licht: 0,222643,3,2,2,12,10,2,0,0,0,1,0,0,0,1
"POINT (10.892663435000031 48.370922844000063)",Unfall 222644 (2019) Kat:3, Licht: 0,222644,3,7,1,12,12,2,1,0,0,1,0,1,0,0
"POINT (10.887977511000031 48.365392191000069)",Unfall 222671 (2019) Kat:3, Licht: 2,222671,3,6,4,12,00,1,0,2,1,0,0,0,0,1
"POINT (10.886089686000048 48.371583650000048)",Unfall 222672 (2019) Kat:3, Licht: 0,222672,3,6,2,12,13,1,0,0,0,1,0,0,0,0
"POINT (10.923805789000028 48.376590708000037)",Unfall 222701 (2019) Kat:3, Licht: 0,222701,3,3,5,12,12,7,0,0,0,1,0,0,0,0
"POINT (10.916309317000071 48.381870468000045)",Unfall 222702 (2019) Kat:3, Licht: 2,222702,3,4,6,12,20,7,1,2,0,1,1,0,0,0
"POINT (10.876985756000067 48.348249135000060)",Unfall 222703 (2019) Kat:3, Licht: 0,222703,3,1,0,12,11,7,0,0,1,0,0,0,0,0
"POINT (10.855434422000030 48.371311443000081)",Unfall 22864 (2020) Kat:3, Licht: 0,22864,3,1,8,01,10,6,0,0,0,1,0,0,0,0
"POINT (10.890015360000064 48.383555163000040)",Unfall 22996 (2020) Kat:2, Licht: 2,22996,2,1,0,01,01,4,0,2,0,0,0,0,0,1
"POINT (10.871994775000076 48.389162951000060)",Unfall 23001 (2020) Kat:3, Licht: 2,23001,3,6,4,01,19,6,0,2,0,1,0,0,0,1
"POINT (10.900952573000041 48.381309076000036)",Unfall 23003 (2020) Kat:3, Licht: 2,23003,3,4,6,01,22,5,0,2,0,1,1,0,0,0
"POINT (10.860794528000042 48.351011997000057)",Unfall 23108 (2020) Kat:3, Licht: 0,23108,3,6,2,01,14,6,0,0,0,1,0,0,0,0
"POINT (10.870606539000050 48.332604509000078)",Unfall 23190 (2020) Kat:3, Licht: 2,23190,3,3,5,01,23,6,1,2,0,1,0,0,0,0
"POINT (10.924034233000043 48.371269660000053)",Unfall 23212 (2020) Kat:3, Licht: 0,23212,3,1,0,01,11,7,0,0,0,0,0,1,0,0
"POINT (10.944342352000035 48.354985282000030)",Unfall 23290 (2020) Kat:3, Licht: 0,23290,3,3,5,01,13,4,0,0,0,1,0,0,0,0
"POINT (10.910159440000029 48.357733570000050)",Unfall 23307 (2020) Kat:3, Licht: 2,23307,3,2,5,01,17,5,0,2,0,1,0,0,0,0
"POINT (10.889702998000075 48.339600497000049)",Unfall 23344 (2020) Kat:3, Licht: 2,23344,3,6,2,01,17,5,1,2,0,1,0,0,0,0
"POINT (10.920064899000067 48.410287708000055)",Unfall 23349 (2020) Kat:3, Licht: 1,23349,3,6,2,01,06,5,0,1,0,1,0,0,0,0
"POINT (10.856466090000026 48.373443962000067)",Unfall 23383 (2020) Kat:3, Licht: 2,23383,3,6,2,01,18,3,0,2,0,1,0,0,0,0
"POINT (10.956184841000038 48.336569963000045)",Unfall 23393 (2020) Kat:3, Licht: 2,23393,3,6,2,01,06,3,0,2,0,1,0,0,0,0
"POINT (10.857812386000035 48.380495817000053)",Unfall 23432 (2020) Kat:3, Licht: 2,23432,3,6,2,01,05,6,0,2,0,1,0,0,1,0
"POINT (10.881309007000027 48.345615644000077)",Unfall 23576 (2020) Kat:3, Licht: 1,23576,3,1,0,01,16,6,0,1,0,1,0,1,0,0
"POINT (10.936242352000022 48.382807538000066)",Unfall 23750 (2020) Kat:3, Licht: 0,23750,3,7,3,01,10,6,0,0,0,1,0,0,0,0
"POINT (10.928239812000072 48.408575817000042)",Unfall 23777 (2020) Kat:3, Licht: 2,23777,3,1,8,01,05,5,1,2,0,1,0,0,0,0
"POINT (10.861145676000035 48.389288176000036)",Unfall 23806 (2020) Kat:3, Licht: 2,23806,3,6,1,01,17,2,1,2,0,1,0,0,0,0
"POINT (10.849005681000051 48.374360692000039)",Unfall 23808 (2020) Kat:3, Licht: 0,23808,3,2,6,01,15,2,0,0,0,1,1,0,0,0
"POINT (10.901556373000062 48.381590677000077)",Unfall 23832 (2020) Kat:3, Licht: 0,23832,3,3,2,01,14,6,0,0,1,0,0,0,0,0
"POINT (10.877916873000061 48.296991392000052)",Unfall 23838 (2020) Kat:3, Licht: 0,23838,3,6,2,01,14,6,0,0,0,1,0,0,0,0
"POINT (10.906649024000046 48.383413989000076)",Unfall 23873 (2020) Kat:2, Licht: 2,23873,2,1,8,01,23,3,0,2,0,1,0,0,0,0
"POINT (10.903359342000044 48.350503945000071)",Unfall 24001 (2020) Kat:3, Licht: 0,24001,3,2,2,01,14,6,0,0,0,1,0,0,0,0
"POINT (10.883684585000026 48.309932238000044)",Unfall 24026 (2020) Kat:3, Licht: 2,24026,3,6,2,01,06,5,0,2,0,1,0,0,0,0
"POINT (10.854114802000026 48.373565269000039)",Unfall 24039 (2020) Kat:3, Licht: 0,24039,3,6,2,01,07,3,1,0,0,1,0,0,0,0
"POINT (10.908209179000039 48.329806362000056)",Unfall 24153 (2020) Kat:1, Licht: 0,24153,1,2,5,01,13,5,1,0,0,1,0,0,0,1
"POINT (10.888247723000063 48.342081491000044)",Unfall 24314 (2020) Kat:3, Licht: 0,24314,3,6,3,01,10,6,0,0,0,1,0,0,1,0
"POINT (10.887419844000021 48.385127031000081)",Unfall 24486 (2020) Kat:3, Licht: 2,24486,3,2,6,01,00,1,0,2,0,1,1,0,0,0
"POINT (10.929085084000064 48.380063505000066)",Unfall 24502 (2020) Kat:2, Licht: 0,24502,2,2,5,01,13,5,0,0,1,1,0,0,0,0
"POINT (10.920198141000071 48.406367992000071)",Unfall 24525 (2020) Kat:3, Licht: 2,24525,3,6,3,02,06,4,1,2,0,1,0,0,0,0
"POINT (10.882131743000059 48.385719970000025)",Unfall 24531 (2020) Kat:3, Licht: 0,24531,3,6,1,02,11,7,0,0,0,1,0,0,0,0
"POINT (10.930022868000037 48.408275271000036)",Unfall 24782 (2020) Kat:2, Licht: 2,24782,2,6,2,02,05,1,1,2,0,1,0,0,0,0
"POINT (10.915528719000065 48.355936173000032)",Unfall 24785 (2020) Kat:3, Licht: 2,24785,3,1,5,02,00,1,1,2,0,1,0,0,0,0
"POINT (10.891219582000076 48.383244500000046)",Unfall 24789 (2020) Kat:3, Licht: 0,24789,3,1,0,02,08,1,1,0,0,0,0,0,0,1
"POINT (10.906980918000045 48.378760872000043)",Unfall 24792 (2020) Kat:3, Licht: 0,24792,3,7,0,02,10,1,1,0,1,0,1,0,0,0
"POINT (10.880680225000049 48.345773137000037)",Unfall 24912 (2020) Kat:3, Licht: 2,24912,3,6,2,02,17,7,0,2,0,1,0,0,0,0
"POINT (10.920070363000036 48.396907003000081)",Unfall 24937 (2020) Kat:3, Licht: 0,24937,3,6,2,02,13,1,0,0,0,1,0,0,0,0
"POINT (10.908537621000050 48.354857938000066)",Unfall 25041 (2020) Kat:2, Licht: 2,25041,2,1,5,02,21,4,1,2,1,1,0,0,0,0
"POINT (10.954755283000054 48.342876382000043)",Unfall 25260 (2020) Kat:3, Licht: 2,25260,3,7,7,02,06,2,1,2,1,0,0,0,0,0
"POINT (10.855235487000073 48.373583133000068)",Unfall 25492 (2020) Kat:3, Licht: 2,25492,3,1,8,02,02,1,0,2,0,1,0,0,0,0
"POINT (10.923201951000067 48.370913784000038)",Unfall 25493 (2020) Kat:3, Licht: 0,25493,3,1,5,02,08,1,0,0,0,1,0,0,0,0
"POINT (10.951097879000031 48.355310731000031)",Unfall 25760 (2020) Kat:3, Licht: 0,25760,3,3,5,02,11,2,0,0,1,1,0,0,0,0
"POINT (10.938372548000075 48.385556272000031)",Unfall 25820 (2020) Kat:3, Licht: 2,25820,3,7,3,02,21,1,1,2,0,1,0,0,0,0
"POINT (10.914324579000038 48.375051790000043)",Unfall 25821 (2020) Kat:3, Licht: 2,25821,3,2,4,02,06,1,1,2,0,1,0,0,0,0
"POINT (10.862754664000022 48.393361303000063)",Unfall 25857 (2020) Kat:3, Licht: 0,25857,3,3,3,02,14,7,0,0,0,1,0,0,0,0
"POINT (10.934766949000050 48.355176668000070)",Unfall 25904 (2020) Kat:3, Licht: 0,25904,3,1,5,02,07,5,0,0,1,1,0,0,0,0
"POINT (10.900319904000071 48.380910102000030)",Unfall 25956 (2020) Kat:3, Licht: 2,25956,3,6,4,02,21,7,1,2,1,0,0,0,0,0
"POINT (10.869922786000075 48.399175226000068)",Unfall 26071 (2020) Kat:3, Licht: 2,26071,3,1,9,03,01,1,1,2,0,1,0,0,1,0
"POINT (10.944342049000056 48.354985250000027)",Unfall 26105 (2020) Kat:3, Licht: 2,26105,3,2,4,02,20,7,1,2,0,1,0,0,0,0
"POINT (10.927943669000058 48.375313342000027)",Unfall 26306 (2020) Kat:3, Licht: 2,26306,3,2,5,03,18,6,1,2,1,1,0,0,0,0
"POINT (10.885754532000021 48.310040552000032)",Unfall 26311 (2020) Kat:3, Licht: 2,26311,3,2,5,03,23,6,1,2,0,1,0,0,0,0
"POINT (10.908569337000074 48.354889133000029)",Unfall 26365 (2020) Kat:3, Licht: 0,26365,3,1,1,03,09,2,1,0,0,1,0,0,1,0
"POINT (10.897724817000039 48.379719821000037)",Unfall 26595 (2020) Kat:3, Licht: 0,26595,3,2,4,03,08,3,1,0,0,1,0,0,0,1
"POINT (10.928779912000039 48.379830292000065)",Unfall 26640 (2020) Kat:3, Licht: 0,26640,3,2,2,03,11,4,0,0,0,1,0,0,0,0
"POINT (10.929674913000042 48.363748001000033)",Unfall 26780 (2020) Kat:3, Licht: 1,26780,3,6,2,03,19,7,0,1,0,1,0,0,0,0
"POINT (10.949141810000071 48.355142463000050)",Unfall 26816 (2020) Kat:3, Licht: 0,26816,3,6,2,03,13,2,0,0,0,1,0,0,0,1
"POINT (10.884052969000038 48.385726641000076)",Unfall 26836 (2020) Kat:3, Licht: 0,26836,3,2,4,03,17,5,0,0,1,1,0,0,0,0
"POINT (10.920217486000070 48.397060482000029)",Unfall 27075 (2020) Kat:3, Licht: 0,27075,3,2,5,03,09,1,0,0,0,1,0,0,0,0
"POINT (10.912554151000052 48.374673821000044)",Unfall 27082 (2020) Kat:3, Licht: 0,27082,3,3,5,03,17,2,0,0,1,1,0,0,0,0
"POINT (10.920221937000065 48.397065377000047)",Unfall 27131 (2020) Kat:3, Licht: 1,27131,3,2,5,03,05,6,0,1,0,1,0,0,0,0
"POINT (10.920762529000058 48.265273708000052)",Unfall 27264 (2020) Kat:3, Licht: 0,27264,3,6,2,03,17,5,0,0,0,1,0,0,0,0
"POINT (10.907223055000031 48.385621851000053)",Unfall 27268 (2020) Kat:3, Licht: 0,27268,3,2,6,03,16,5,0,0,0,1,1,0,0,0
"POINT (10.952135214000066 48.355404019000048)",Unfall 27286 (2020) Kat:3, Licht: 0,27286,3,2,5,03,09,2,0,0,1,1,0,0,0,0
"POINT (10.898533583000074 48.379527937000034)",Unfall 27305 (2020) Kat:3, Licht: 0,27305,3,2,5,03,17,7,0,0,1,0,0,0,0,0
"POINT (10.952261736000025 48.383472846000075)",Unfall 27402 (2020) Kat:3, Licht: 0,27402,3,6,2,03,17,3,0,0,0,1,0,0,0,0
"POINT (10.897833184000035 48.379673795000031)",Unfall 27445 (2020) Kat:3, Licht: 0,27445,3,2,3,04,08,4,0,0,0,1,0,0,1,0
"POINT (10.908828313000072 48.321690082000032)",Unfall 27480 (2020) Kat:3, Licht: 2,27480,3,6,2,03,21,7,0,2,0,1,0,0,0,0
"POINT (10.939144034000037 48.382106030000045)",Unfall 27485 (2020) Kat:3, Licht: 0,27485,3,3,0,03,10,6,0,0,0,1,0,1,0,0
"POINT (10.918405457000063 48.355466178000029)",Unfall 27488 (2020) Kat:3, Licht: 0,27488,3,1,2,03,13,6,0,0,0,1,0,1,0,0
"POINT (10.910240264000038 48.423067664000030)",Unfall 27814 (2020) Kat:3, Licht: 0,27814,3,3,5,04,17,6,0,0,1,1,0,0,0,0
"POINT (10.918139741000061 48.409195888000056)",Unfall 27959 (2020) Kat:3, Licht: 0,27959,3,1,8,04,12,4,0,0,0,1,0,0,0,0
"POINT (10.889219280000077 48.384015964000071)",Unfall 27961 (2020) Kat:3, Licht: 0,27961,3,7,0,04,17,2,0,0,1,0,0,0,0,0
"POINT (10.849933856000064 48.379683966000073)",Unfall 28007 (2020) Kat:3, Licht: 0,28007,3,3,5,04,13,6,0,0,0,1,0,0,0,1
"POINT (10.919170013000041 48.368253041000060)",Unfall 28244 (2020) Kat:3, Licht: 2,28244,3,2,5,04,20,2,0,2,0,0,0,0,0,1
"POINT (10.916671231000066 48.373984454000038)",Unfall 28252 (2020) Kat:3, Licht: 0,28252,3,1,1,04,16,5,0,0,1,0,0,1,0,0
"POINT (10.900000654000053 48.308569191000061)",Unfall 28262 (2020) Kat:3, Licht: 0,28262,3,1,0,04,06,4,0,0,0,1,0,1,0,0
"POINT (10.910073384000043 48.388721531000044)",Unfall 28346 (2020) Kat:2, Licht: 0,28346,2,1,0,04,08,6,0,0,1,0,0,0,0,0