WKT,Name,OBJECTID,UKATEGORIE,UTYP1,UART,UMONAT,USTUNDE,UWOCHENTAG,STRZUSTAND,ULICHTVERH,ISTRAD,ISTPKW,ISTFUSS,ISTKRAD,ISTGKFZ,ISTSONSTIG
"POINT (10.905648391000057 48.337444659000028)",Unfall 28360 (2020) Kat:3, Licht: 0,28360,3,1,0,04,18,1,0,0,1,0,0,0,0,0
"POINT (10.926017634000061 48.367671782000059)",Unfall 28436 (2020) Kat:3, Licht: 0,28436,3,1,0,04,12,5,0,0,1,0,0,0,0,0
"POINT (10.854986754000038 48.337046706000081)",Unfall 28550 (2020) Kat:3, Licht: 0,28550,3,1,5,04,14,6,0,0,1,1,0,0,0,0
"POINT (10.906662216000029 48.383427134000044)",Unfall 28561 (2020) Kat:3, Licht: 0,28561,3,1,8,04,18,3,0,0,0,1,0,0,0,0
"POINT (10.952274634000048 48.383471054000040)",Unfall 28567 (2020) Kat:3, Licht: 0,28567,3,6,0,04,13,1,0,0,0,0,0,1,0,0
"POINT (10.855024235000030 48.370264408000025)",Unfall 28950 (2020) Kat:3, Licht: 0,28950,3,6,2,05,15,2,0,0,0,1,0,0,0,0
"POINT (10.926434670000049 48.367263467000043)",Unfall 29097 (2020) Kat:3, Licht: 0,29097,3,1,0,05,14,4,0,0,1,0,0,0,0,0
"POINT (10.848596904000033 48.374471847000052)",Unfall 29254 (2020) Kat:3, Licht: 0,29254,3,1,4,05,16,1,0,0,0,1,0,0,0,0
"POINT (10.882471964000047 48.385728143000051)",Unfall 29259 (2020) Kat:2, Licht: 0,29259,2,2,3,05,09,6,0,0,1,1,0,0,0,0
"POINT (10.924543749000065 48.371911154000031)",Unfall 29270 (2020) Kat:2, Licht: 0,29270,2,7,0,05,13,6,0,0,0,0,0,1,0,0
"POINT (10.897735383000054 48.379713821000053)",Unfall 29284 (2020) Kat:3, Licht: 0,29284,3,2,4,05,18,6,0,0,0,1,0,1,0,0
"POINT (10.954464214000041 48.344153035000033)",Unfall 29361 (2020) Kat:3, Licht: 0,29361,3,6,2,05,14,7,0,0,0,1,0,0,0,0
"POINT (10.941717601000050 48.354911469000058)",Unfall 29506 (2020) Kat:3, Licht: 0,29506,3,2,2,05,20,7,0,0,0,1,0,0,0,0
"POINT (10.848849120000068 48.374540825000054)",Unfall 29618 (2020) Kat:2, Licht: 0,29618,2,3,5,05,09,6,0,0,1,1,0,0,0,0
"POINT (10.924123153000039 48.409261949000040)",Unfall 29709 (2020) Kat:2, Licht: 0,29709,2,6,2,05,16,2,0,0,0,0,0,0,1,1
"POINT (10.909097569000039 48.318825983000067)",Unfall 29730 (2020) Kat:3, Licht: 2,29730,3,1,5,05,23,7,0,2,1,1,0,0,0,0
"POINT (10.893705224000030 48.382555776000061)",Unfall 29801 (2020) Kat:2, Licht: 0,29801,2,2,4,05,07,2,0,0,1,1,0,0,0,0
"POINT (10.941813834000072 48.382715830000052)",Unfall 29838 (2020) Kat:3, Licht: 0,29838,3,5,1,05,15,5,0,0,0,1,0,0,0,0
"POINT (10.873963377000052 48.404658745000063)",Unfall 29874 (2020) Kat:3, Licht: 2,29874,3,6,2,05,22,1,0,2,0,1,0,0,0,0
"POINT (10.937947432000044 48.370930611000063)",Unfall 29930 (2020) Kat:3, Licht: 0,29930,3,7,0,05,14,6,0,0,1,0,0,0,0,0
"POINT (10.928219311000021 48.375281692000044)",Unfall 29988 (2020) Kat:3, Licht: 0,29988,3,7,0,05,14,4,0,0,1,0,0,0,0,0
"POINT (10.935133246000021 48.355167161000054)",Unfall 30058 (2020) Kat:3, Licht: 0,30058,3,1,2,05,17,1,0,0,0,1,0,0,0,0
"POINT (10.908826335000072 48.321712618000049)",Unfall 30193 (2020) Kat:3, Licht: 0,30193,3,2,3,05,10,6,0,0,0,1,0,0,0,1
"POINT (10.858633849000057 48.383664909000061)",Unfall 30209 (2020) Kat:3, Licht: 0,30209,3,6,3,05,09,3,0,0,0,1,0,0,1,0
"POINT (10.937952346000031 48.386842890000025)",Unfall 30219 (2020) Kat:3, Licht: 0,30219,3,7,0,05,14,3,0,0,1,0,0,0,0,0
"POINT (10.878102757000022 48.386960115000079)",Unfall 30553 (2020) Kat:3, Licht: 0,30553,3,4,6,05,18,2,0,0,0,1,1,0,0,0
"POINT (10.844036930000073 48.385025311000049)",Unfall 30816 (2020) Kat:3, Licht: 0,30816,3,6,1,06,06,5,0,0,1,1,0,0,0,0
"POINT (10.909598971000037 48.316952969000056)",Unfall 31073 (2020) Kat:3, Licht: 0,31073,3,1,2,06,17,2,0,0,0,1,0,1,0,0
"POINT (10.935186537000050 48.355166787000030)",Unfall 31105 (2020) Kat:3, Licht: 0,31105,3,2,3,06,18,5,1,0,0,1,0,0,0,1
"POINT (10.847832799000059 48.381572002000041)",Unfall 31164 (2020) Kat:3, Licht: 0,31164,3,6,2,06,13,6,0,0,0,1,0,0,0,0
"POINT (10.873633090000055 48.388459075000071)",Unfall 31463 (2020) Kat:3, Licht: 0,31463,3,6,2,06,11,4,0,0,0,1,0,0,0,0
"POINT (10.905748856000059 48.308828279000068)",Unfall 31466 (2020) Kat:3, Licht: 0,31466,3,2,6,06,18,4,0,0,0,1,1,0,0,0
"POINT (10.877447113000073 48.295486977000053)",Unfall 31686 (2020) Kat:1, Licht: 0,31686,1,6,2,06,16,6,0,0,0,1,0,1,0,0
"POINT (10.903674310000042 48.423999231000039)",Unfall 31741 (2020) Kat:3, Licht: 0,31741,3,7,0,06,16,1,0,0,1,0,0,0,0,0
"POINT (10.854368904000069 48.373541837000062)",Unfall 31791 (2020) Kat:3, Licht: 0,31791,3,6,2,06,13,2,0,0,0,1,0,0,0,0
"POINT (10.899198451000075 48.380041622000078)",Unfall 31931 (2020) Kat:3, Licht: 0,31931,3,1,0,06,16,4,0,0,1,0,0,0,0,0
"POINT (10.894563803000040 48.413879430000065)",Unfall 31934 (2020) Kat:3, Licht: 0,31934,3,6,2,06,14,6,0,0,0,1,0,0,0,0
"POINT (10.899387893000039 48.327587587000039)",Unfall 31936 (2020) Kat:3, Licht: 0,31936,3,1,0,06,15,6,1,0,0,0,0,1,0,0
"POINT (10.932162930000061 48.373347125000066)",Unfall 31940 (2020) Kat:3, Licht: 0,31940,3,3,5,06,09,6,0,0,0,1,0,0,0,0
"POINT (10.869410468000069 48.398552360000053)",Unfall 32046 (2020) Kat:3, Licht: 0,32046,3,6,2,06,19,5,0,0,0,1,0,0,1,0
"POINT (10.910142158000042 48.362734194000041)",Unfall 32049 (2020) Kat:3, Licht: 0,32049,3,5,2,06,17,5,0,0,0,1,0,0,0,0
"POINT (10.886796357000037 48.327788993000070)",Unfall 32107 (2020) Kat:3, Licht: 0,32107,3,6,2,06,16,3,0,0,0,1,0,0,0,1
"POINT (10.888527573000033 48.414264920000051)",Unfall 32268 (2020) Kat:3, Licht: 0,32268,3,6,2,06,18,3,0,0,0,1,0,0,0,0
"POINT (10.894652028000053 48.382054566000079)",Unfall 32637 (2020) Kat:3, Licht: 0,32637,3,7,0,06,14,1,0,0,1,0,0,0,0,0
"POINT (10.856073189000028 48.373362734000068)",Unfall 32652 (2020) Kat:3, Licht: 0,32652,3,6,2,06,19,3,0,0,0,1,0,0,0,0
"POINT (10.900074399000061 48.380703766000067)",Unfall 32715 (2020) Kat:3, Licht: 0,32715,3,1,0,06,15,1,0,0,1,0,0,0,0,0
"POINT (10.848607786000059 48.374468984000032)",Unfall 32817 (2020) Kat:3, Licht: 0,32817,3,6,1,06,14,1,0,0,0,1,0,1,0,0
"POINT (10.857706169000039 48.381133423000051)",Unfall 32933 (2020) Kat:3, Licht: 0,32933,3,6,2,07,15,5,0,0,0,1,0,1,0,0
"POINT (10.927866463000043 48.375215925000077)",Unfall 32949 (2020) Kat:3, Licht: 0,32949,3,6,2,07,10,5,0,0,0,1,0,0,0,0
"POINT (10.933971918000054 48.381948270000066)",Unfall 32950 (2020) Kat:3, Licht: 0,32950,3,3,5,07,11,5,0,0,1,1,0,0,0,0
"POINT (10.878276123000035 48.386739577000071)",Unfall 32976 (2020) Kat:3, Licht: 0,32976,3,6,2,07,12,7,0,0,0,1,0,1,0,0
"POINT (10.909617727000068 48.411531191000051)",Unfall 33028 (2020) Kat:3, Licht: 2,33028,3,6,2,07,04,7,0,2,0,1,0,0,1,0
"POINT (10.937916393000023 48.370944769000062)",Unfall 33182 (2020) Kat:3, Licht: 0,33182,3,6,4,07,16,7,0,0,1,0,0,0,0,0
"POINT (10.930811402000074 48.355190879000077)",Unfall 33217 (2020) Kat:3, Licht: 2,33217,3,1,3,07,00,1,0,2,0,1,0,1,0,0
"POINT (10.869442788000072 48.389731101000052)",Unfall 33265 (2020) Kat:3, Licht: 0,33265,3,3,5,07,18,3,0,0,1,0,1,0,0,0
"POINT (10.897206203000053 48.380070777000071)",Unfall 33338 (2020) Kat:3, Licht: 0,33338,3,7,8,07,13,3,0,0,0,0,0,1,0,0
"POINT (10.913605873000051 48.264468642000054)",Unfall 33371 (2020) Kat:3, Licht: 0,33371,3,6,2,07,15,1,0,0,0,1,0,0,0,1
"POINT (10.843707338000058 48.385365703000048)",Unfall 33399 (2020) Kat:2, Licht: 2,33399,2,6,3,07,22,3,0,2,1,1,0,0,0,0
"POINT (10.869255603000056 48.398115109000059)",Unfall 33436 (2020) Kat:3, Licht: 0,33436,3,6,8,07,15,2,0,0,0,1,0,0,0,1
"POINT (10.944415968000044 48.354993144000048)",Unfall 33494 (2020) Kat:3, Licht: 0,33494,3,6,7,07,08,3,0,0,0,0,0,1,0,0
"POINT (10.903414574000067 48.350661194000054)",Unfall 33549 (2020) Kat:3, Licht: 0,33549,3,1,0,07,19,3,0,0,0,0,0,1,0,0
"POINT (10.849934941000072 48.374135136000064)",Unfall 33666 (2020) Kat:3, Licht: 0,33666,3,7,7,07,07,6,0,0,1,0,0,0,0,0
"POINT (10.897718986000029 48.379723132000038)",Unfall 33670 (2020) Kat:3, Licht: 2,33670,3,2,4,07,21,6,1,2,0,1,0,0,0,0
"POINT (10.943733333000068 48.354931887000077)",Unfall 33780 (2020) Kat:3, Licht: 0,33780,3,7,0,07,18,7,0,0,1,0,0,0,0,0
"POINT (10.910024835000058 48.357755206000036)",Unfall 33908 (2020) Kat:3, Licht: 0,33908,3,1,0,07,15,5,0,0,1,0,0,0,0,0
"POINT (10.915687034000030 48.374424946000033)",Unfall 33921 (2020) Kat:3, Licht: 0,33921,3,1,3,07,14,5,0,0,0,1,0,0,0,0
"POINT (10.894612163000033 48.382088811000074)",Unfall 34044 (2020) Kat:3, Licht: 0,34044,3,7,0,07,17,4,0,0,1,0,1,0,0,0
"POINT (10.928090706000035 48.375119772000062)",Unfall 34058 (2020) Kat:3, Licht: 0,34058,3,3,5,07,13,6,0,0,0,1,0,0,0,1
"POINT (10.938034396000035 48.384882280000056)",Unfall 34099 (2020) Kat:3, Licht: 0,34099,3,3,0,07,19,7,0,0,1,1,0,0,0,0
"POINT (10.908498857000041 48.326108503000057)",Unfall 34348 (2020) Kat:3, Licht: 1,34348,3,2,2,07,20,6,0,1,0,1,0,0,0,0
"POINT (10.945996829000023 48.355072299000028)",Unfall 34566 (2020) Kat:3, Licht: 0,34566,3,6,3,07,10,3,0,0,1,0,0,0,1,0
"POINT (10.947108370000024 48.355111661000080)",Unfall 34574 (2020) Kat:3, Licht: 0,34574,3,7,0,07,20,7,0,0,1,0,0,0,0,0
"POINT (10.897657219000052 48.379758209000045)",Unfall 34741 (2020) Kat:2, Licht: 2,34741,2,1,0,07,21,4,0,2,1,0,0,0,0,0
"POINT (10.868309155000077 48.389838556000029)",Unfall 34822 (2020) Kat:3, Licht: 0,34822,3,2,5,07,17,6,0,0,1,1,0,0,0,0
"POINT (10.882553019000056 48.385728810000046)",Unfall 34918 (2020) Kat:3, Licht: 0,34918,3,6,2,07,16,2,0,0,0,1,0,0,0,0
"POINT (10.862205072000052 48.338917664000064)",Unfall 34922 (2020) Kat:3, Licht: 0,34922,3,2,3,07,07,2,0,0,0,1,0,1,0,0
"POINT (10.908347472000059 48.327672661000065)",Unfall 34926 (2020) Kat:3, Licht: 0,34926,3,1,1,07,18,2,0,0,1,1,0,0,0,0
"POINT (10.937075477000064 48.381736452000041)",Unfall 34952 (2020) Kat:3, Licht: 0,34952,3,3,5,07,10,4,0,0,1,1,0,0,0,0
"POINT (10.857907647000047 48.352163239000049)",Unfall 35021 (2020) Kat:3, Licht: 0,35021,3,6,1,07,16,6,0,0,0,1,0,0,0,0
"POINT (10.938853497000025 48.382034315000055)",Unfall 35128 (2020) Kat:3, Licht: 0,35128,3,3,0,07,16,4,0,0,1,1,0,0,0,0
"POINT (10.893965580000042 48.309206035000045)",Unfall 35134 (2020) Kat:3, Licht: 2,35134,3,1,0,07,22,3,0,2,1,0,0,0,0,0
"POINT (10.909875162000048 48.364361005000035)",Unfall 35169 (2020) Kat:2, Licht: 0,35169,2,1,1,07,15,2,0,0,0,0,0,1,1,0
"POINT (10.934011033000047 48.381959480000035)",Unfall 35268 (2020) Kat:3, Licht: 0,35268,3,3,5,07,08,5,0,0,1,0,0,0,0,1
"POINT (10.893523073000040 48.382597245000056)",Unfall 35675 (2020) Kat:3, Licht: 0,35675,3,7,7,08,17,6,0,0,1,0,0,0,0,0
"POINT (10.903014248000034 48.308235697000043)",Unfall 35739 (2020) Kat:3, Licht: 0,35739,3,7,0,08,12,2,1,0,1,1,0,0,0,0
"POINT (10.891086121000058 48.414142713000047)",Unfall 35741 (2020) Kat:3, Licht: 0,35741,3,6,3,08,14,4,0,0,0,1,0,0,1,0
"POINT (10.917894142000023 48.373437109000065)",Unfall 35780 (2020) Kat:3, Licht: 0,35780,3,1,1,08,06,4,0,0,0,0,0,1,0,1
"POINT (10.862876784000036 48.393637006000063)",Unfall 35808 (2020) Kat:3, Licht: 0,35808,3,6,2,08,15,5,0,0,0,1,0,0,0,0
"POINT (10.901634489000060 48.308391024000059)",Unfall 35852 (2020) Kat:3, Licht: 0,35852,3,1,0,08,13,7,0,0,1,0,0,0,0,0
"POINT (10.943957205000061 48.383161478000034)",Unfall 35858 (2020) Kat:3, Licht: 0,35858,3,2,4,08,14,2,0,0,0,1,0,0,0,0
"POINT (10.903924284000027 48.349062381000067)",Unfall 35921 (2020) Kat:3, Licht: 0,35921,3,7,0,08,15,6,0,0,1,0,0,0,0,0
"POINT (10.887480008000068 48.337471058000062)",Unfall 35939 (2020) Kat:3, Licht: 0,35939,3,1,9,08,17,6,1,0,0,0,0,1,0,1
"POINT (10.910041533000026 48.357789547000039)",Unfall 36121 (2020) Kat:3, Licht: 0,36121,3,1,5,08,17,6,0,0,1,0,0,0,0,0
"POINT (10.932193502000075 48.381313820000059)",Unfall 36178 (2020) Kat:3, Licht: 0,36178,3,1,0,08,10,3,0,0,1,0,0,0,0,0
"POINT (10.914340732000028 48.366006353000046)",Unfall 36204 (2020) Kat:3, Licht: 0,36204,3,1,5,08,09,2,0,0,1,1,0,0,0,0
"POINT (10.883065604000024 48.309189831000026)",Unfall 36207 (2020) Kat:3, Licht: 0,36207,3,1,9,08,14,2,0,0,0,1,0,0,0,0
"POINT (10.855689769000037 48.371930570000075)",Unfall 36263 (2020) Kat:3, Licht: 0,36263,3,6,2,08,15,2,0,0,0,1,0,1,0,0
"POINT (10.910349466000071 48.423081282000055)",Unfall 36292 (2020) Kat:3, Licht: 0,36292,3,3,5,08,14,3,0,0,1,1,0,0,0,0
"POINT (10.936309373000029 48.382909112000050)",Unfall 36688 (2020) Kat:3, Licht: 0,36688,3,3,0,08,14,4,0,0,1,1,0,0,0,0
"POINT (10.927758270000027 48.375099195000075)",Unfall 36746 (2020) Kat:3, Licht: 0,36746,3,7,0,08,09,2,1,0,0,0,0,1,0,0
"POINT (10.871381610000071 48.347058410000045)",Unfall 36826 (2020) Kat:3, Licht: 0,36826,3,1,4,08,18,4,0,0,1,1,0,0,0,0
"POINT (10.931790297000077 48.381301002000043)",Unfall 37158 (2020) Kat:2, Licht: 0,37158,2,7,0,08,13,5,0,0,1,0,0,0,0,0
"POINT (10.934542293000050 48.407396495000057)",Unfall 37361 (2020) Kat:3, Licht: 0,37361,3,6,2,08,18,2,0,0,0,1,0,0,0,0
"POINT (10.928942086000063 48.378729571000065)",Unfall 37467 (2020) Kat:3, Licht: 2,37467,3,2,4,08,20,1,1,2,0,1,0,0,0,0
"POINT (10.930638153000075 48.355190893000042)",Unfall 37562 (2020) Kat:3, Licht: 2,37562,3,2,5,08,05,4,0,2,1,1,0,0,0,0
"POINT (10.865847059000032 48.308693263000066)",Unfall 37708 (2020) Kat:3, Licht: 0,37708,3,1,2,08,16,3,0,0,0,1,0,0,0,0
"POINT (10.930023783000024 48.408275117000073)",Unfall 37761 (2020) Kat:3, Licht: 0,37761,3,6,2,08,17,6,1,0,0,1,0,0,0,0
"POINT (10.854712537000069 48.309169865000058)",Unfall 37805 (2020) Kat:3, Licht: 0,37805,3,3,5,08,14,4,0,0,1,1,0,0,0,0
"POINT (10.918253645000050 48.410230045000048)",Unfall 37856 (2020) Kat:3, Licht: 0,37856,3,6,2,09,14,6,0,0,0,1,0,0,0,0
"POINT (10.910197938000067 48.364450938000061)",Unfall 37892 (2020) Kat:3, Licht: 2,37892,3,1,1,09,21,5,0,2,0,1,0,0,0,0
"POINT (10.885049043000038 48.312824829000078)",Unfall 37895 (2020) Kat:3, Licht: 2,37895,3,6,2,09,20,4,0,2,0,1,0,0,0,0
"POINT (10.868643268000028 48.389820607000047)",Unfall 37937 (2020) Kat:3, Licht: 0,37937,3,6,2,09,13,6,0,0,0,1,0,0,0,0
"POINT (10.870941174000052 48.389479158000029)",Unfall 37971 (2020) Kat:3, Licht: 0,37971,3,2,5,09,07,5,0,0,0,1,0,1,0,0
"POINT (10.899021670000025 48.337636908000036)",Unfall 38037 (2020) Kat:3, Licht: 0,38037,3,3,4,09,15,5,0,0,0,1,0,1,0,0
"POINT (10.864322720000075 48.325399897000068)",Unfall 38066 (2020) Kat:2, Licht: 0,38066,2,1,3,09,16,3,0,0,0,0,0,1,0,1
"POINT (10.915584771000056 48.355927859000076)",Unfall 38217 (2020) Kat:3, Licht: 0,38217,3,1,5,09,13,5,0,0,0,1,0,0,0,0
"POINT (10.884336254000061 48.344736429000079)",Unfall 38328 (2020) Kat:3, Licht: 0,38328,3,1,6,09,13,4,0,0,1,0,1,0,0,0
"POINT (10.848798623000050 48.336667427000066)",Unfall 38332 (2020) Kat:3, Licht: 0,38332,3,3,0,09,15,7,0,0,1,1,0,0,0,0
"POINT (10.900451722000071 48.381015890000072)",Unfall 38608 (2020) Kat:3, Licht: 0,38608,3,6,3,09,15,3,0,0,1,0,0,0,0,0
"POINT (10.900222468000038 48.380828212000040)",Unfall 38610 (2020) Kat:3, Licht: 0,38610,3,7,0,09,12,4,0,0,1,0,0,0,0,0
"POINT (10.881707607000067 48.385701697000059)",Unfall 38643 (2020) Kat:3, Licht: 0,38643,3,2,4,09,14,5,0,0,0,1,0,0,0,0
"POINT (10.908569337000074 48.354889133000029)",Unfall 38717 (2020) Kat:3, Licht: 0,38717,3,2,5,09,14,2,0,0,1,0,0,0,0,1
"POINT (10.937082293000060 48.388063825000074)",Unfall 38719 (2020) Kat:3, Licht: 0,38719,3,6,3,09,12,7,0,0,0,1,0,0,0,0
"POINT (10.885609305000060 48.310049863000074)",Unfall 38770 (2020) Kat:3, Licht: 2,38770,3,3,5,09,21,3,0,2,0,1,0,0,0,0
"POINT (10.882421319000059 48.385727728000063)",Unfall 39067 (2020) Kat:3, Licht: 0,39067,3,2,0,09,07,6,0,0,1,1,0,0,0,0
"POINT (10.952461087000074 48.355397075000042)",Unfall 39068 (2020) Kat:3, Licht: 0,39068,3,2,4,09,07,6,0,0,1,1,0,0,0,0
"POINT (10.923646833000021 48.371143046000043)",Unfall 39071 (2020) Kat:3, Licht: 0,39071,3,6,2,09,13,6,0,0,0,1,0,0,0,0
"POINT (10.902874574000066 48.308253443000069)",Unfall 39283 (2020) Kat:3, Licht: 0,39283,3,1,0,09,15,1,0,0,1,0,0,0,0,0
"POINT (10.916054666000036 48.355852268000035)",Unfall 39287 (2020) Kat:3, Licht: 0,39287,3,1,5,09,15,7,0,0,1,0,0,0,0,0
"POINT (10.893312977000051 48.424796639000078)",Unfall 39371 (2020) Kat:3, Licht: 0,39371,3,3,5,09,13,7,0,0,1,1,0,0,0,0
"POINT (10.911466998000037 48.423214920000078)",Unfall 39419 (2020) Kat:2, Licht: 0,39419,2,2,2,09,15,5,0,0,0,1,0,0,0,0
"POINT (10.903973630000053 48.348946349000073)",Unfall 39424 (2020) Kat:3, Licht: 0,39424,3,1,2,09,08,5,0,0,0,1,0,0,0,0
"POINT (10.898269412000047 48.379535264000026)",Unfall 39425 (2020) Kat:3, Licht: 0,39425,3,6,2,09,15,5,0,0,0,1,0,0,0,0
"POINT (10.923124649000044 48.370714435000082)",Unfall 39481 (2020) Kat:3, Licht: 2,39481,3,1,4,09,19,7,0,2,1,1,0,0,0,0
"POINT (10.919982553000068 48.412985075000051)",Unfall 39508 (2020) Kat:2, Licht: 0,39508,2,6,3,09,17,1,0,0,0,0,0,1,0,0
"POINT (10.890233798000054 48.424758494000059)",Unfall 39625 (2020) Kat:2, Licht: 0,39625,2,6,3,09,16,1,0,0,1,0,0,0,0,0
"POINT (10.905964954000069 48.343142820000025)",Unfall 39707 (2020) Kat:2, Licht: 0,39707,2,1,5,09,12,7,0,0,0,1,0,1,0,0
"POINT (10.907145875000026 48.337537510000061)",Unfall 39723 (2020) Kat:3, Licht: 0,39723,3,1,0,09,18,4,0,0,1,0,0,0,0,0
"POINT (10.952317047000065 48.355420388000027)",Unfall 39796 (2020) Kat:3, Licht: 0,39796,3,2,3,09,07,6,0,0,1,0,0,0,0,1
"POINT (10.889155639000023 48.341178628000080)",Unfall 40027 (2020) Kat:3, Licht: 0,40027,3,6,2,09,07,3,1,0,0,1,0,0,0,0
"POINT (10.868695982000077 48.342041350000045)",Unfall 40028 (2020) Kat:3, Licht: 2,40028,3,2,4,09,05,3,1,2,0,0,0,1,0,0
"POINT (10.895139994000033 48.381645934000062)",Unfall 40103 (2020) Kat:3, Licht: 2,40103,3,4,6,09,05,3,0,2,1,0,1,0,0,0
"POINT (10.943746618000034 48.383117739000056)",Unfall 40197 (2020) Kat:3, Licht: 0,40197,3,7,7,09,09,1,0,0,1,0,0,0,0,1
"POINT (10.920265067000059 48.409930030000055)",Unfall 40245 (2020) Kat:3, Licht: 0,40245,3,6,2,09,12,6,1,0,0,1,0,0,0,0
"POINT (10.881933844000059 48.345438305000073)",Unfall 40249 (2020) Kat:3, Licht: 0,40249,3,3,2,09,13,6,1,0,0,1,0,0,0,0
"POINT (10.910026044000062 48.356865652000067)",Unfall 40269 (2020) Kat:3, Licht: 0,40269,3,1,2,09,16,6,1,0,0,1,0,0,0,0
"POINT (10.850018975000069 48.379598852000072)",Unfall 40363 (2020) Kat:2, Licht: 0,40363,2,2,6,09,18,2,0,0,0,0,1,0,1,0
"POINT (10.847640296000066 48.341319133000070)",Unfall 40384 (2020) Kat:3, Licht: 0,40384,3,1,1,09,14,1,0,0,0,1,0,0,0,0
"POINT (10.897600178000062 48.379790603000060)",Unfall 40517 (2020) Kat:3, Licht: 0,40517,3,1,0,10,11,7,0,0,1,0,0,0,0,0
"POINT (10.910251561000052 48.423069073000079)",Unfall 40566 (2020) Kat:3, Licht: 0,40566,3,2,4,10,17,5,0,0,0,1,0,0,0,0
"POINT (10.906999869000060 48.339848483000026)",Unfall 40570 (2020) Kat:3, Licht: 0,40570,3,1,1,10,15,5,0,0,0,1,0,0,0,0
"POINT (10.889950536000072 48.383589086000029)",Unfall 40656 (2020) Kat:3, Licht: 0,40656,3,3,5,10,15,7,0,0,0,1,0,0,0,0
"POINT (10.920298468000055 48.409058681000033)",Unfall 40751 (2020) Kat:3, Licht: 0,40751,3,6,1,10,16,5,0,0,0,1,0,0,0,0
"POINT (10.885780484000065 48.343897232000074)",Unfall 40805 (2020) Kat:3, Licht: 0,40805,3,6,2,10,10,5,0,0,0,1,0,0,0,0
"POINT (10.911233603000028 48.357240926000031)",Unfall 40809 (2020) Kat:3, Licht: 0,40809,3,2,4,10,16,3,1,0,1,1,0,0,0,0
"POINT (10.870684479000033 48.332581344000062)",Unfall 40824 (2020) Kat:3, Licht: 2,40824,3,3,5,10,22,5,0,2,0,1,0,0,0,0
"POINT (10.855902850000064 48.373509968000064)",Unfall 40959 (2020) Kat:3, Licht: 0,40959,3,6,2,10,14,3,1,0,0,1,0,0,0,0
"POINT (10.917358733000071 48.367291282000053)",Unfall 40973 (2020) Kat:3, Licht: 0,40973,3,1,2,10,18,5,0,0,0,1,0,0,0,1
"POINT (10.890120971000044 48.383506686000032)",Unfall 40994 (2020) Kat:3, Licht: 1,40994,3,2,3,10,07,4,1,1,1,0,0,0,0,1
"POINT (10.855834491000053 48.373390284000038)",Unfall 41026 (2020) Kat:3, Licht: 1,41026,3,6,2,10,18,5,0,1,0,1,0,0,0,0
"POINT (10.906465214000036 48.341495892000069)",Unfall 41043 (2020) Kat:3, Licht: 1,41043,3,1,3,10,18,5,0,1,1,1,0,0,0,0
"POINT (10.912119542000028 48.374326065000048)",Unfall 41193 (2020) Kat:3, Licht: 0,41193,3,3,5,10,15,2,1,0,1,1,0,0,0,0
"POINT (10.905448561000071 48.337438480000060)",Unfall 41345 (2020) Kat:3, Licht: 0,41345,3,2,0,10,16,1,0,0,0,1,0,0,0,0
"POINT (10.933983376000072 48.381951553000079)",Unfall 41361 (2020) Kat:3, Licht: 0,41361,3,3,5,10,13,5,0,0,1,1,0,0,0,0
"POINT (10.948183592000021 48.365748654000072)",Unfall 41426 (2020) Kat:3, Licht: 0,41426,3,3,5,10,17,6,0,0,1,1,0,0,0,0
"POINT (10.906640147000076 48.383904390000055)",Unfall 41543 (2020) Kat:3, Licht: 1,41543,3,1,0,10,07,2,0,1,1,0,0,0,0,0
"POINT (10.851278855000032 48.299141994000081)",Unfall 41631 (2020) Kat:3, Licht: 2,41631,3,1,9,10,00,7,1,2,0,1,0,0,0,0
"POINT (10.903524807000053 48.350822710000045)",Unfall 41700 (2020) Kat:3, Licht: 1,41700,3,6,4,10,07,3,1,1,1,0,0,0,0,0
"POINT (10.942942586000072 48.382950739000080)",Unfall 41767 (2020) Kat:3, Licht: 0,41767,3,6,1,10,12,6,0,0,0,1,0,0,0,0
"POINT (10.888057931000048 48.325702931000080)",Unfall 41817 (2020) Kat:3, Licht: 0,41817,3,1,2,10,12,3,0,0,0,1,0,0,0,0
"POINT (10.920251283000027 48.410737605000065)",Unfall 41837 (2020) Kat:3, Licht: 0,41837,3,6,1,10,15,6,1,0,0,1,0,0,1,0
"POINT (10.929126500000052 48.377338476000034)",Unfall 41842 (2020) Kat:3, Licht: 0,41842,3,2,0,10,10,2,0,0,0,1,0,0,0,0
"POINT (10.953316452000024 48.349794847000055)",Unfall 41920 (2020) Kat:3, Licht: 0,41920,3,6,2,10,14,1,0,0,0,1,0,0,0,0
"POINT (10.946414399000048 48.355080448000081)",Unfall 41955 (2020) Kat:3, Licht: 2,41955,3,6,2,10,17,2,1,2,0,1,0,0,0,0
"POINT (10.918964078000045 48.368145413000036)",Unfall 41987 (2020) Kat:3, Licht: 0,41987,3,3,5,10,14,5,1,0,1,1,0,0,0,0
"POINT (10.912558427000022 48.374660156000061)",Unfall 42043 (2020) Kat:3, Licht: 0,42043,3,6,2,10,15,2,0,0,0,1,0,0,0,0
"POINT (10.896772557000077 48.325145973000076)",Unfall 42078 (2020) Kat:3, Licht: 2,42078,3,1,5,10,19,1,0,2,1,1,0,0,0,0
"POINT (10.872000638000031 48.347933422000040)",Unfall 42230 (2020) Kat:3, Licht: 0,42230,3,1,0,10,13,4,0,0,1,0,0,0,0,0
"POINT (10.904502714000046 48.347623818000045)",Unfall 42234 (2020) Kat:3, Licht: 0,42234,3,1,2,10,12,2,1,0,0,1,0,0,0,0
"POINT (10.882406807000052 48.385727339000027)",Unfall 42248 (2020) Kat:3, Licht: 0,42248,3,2,5,10,15,3,0,0,0,1,0,0,0,0