WKT,Name,OBJECTID,UKATEGORIE,UTYP1,UART,UMONAT,USTUNDE,UWOCHENTAG,STRZUSTAND,ULICHTVERH,ISTRAD,ISTPKW,ISTFUSS,ISTKRAD,ISTGKFZ,ISTSONSTIG
"POINT (10.894736822000027 48.320637805000047)",Unfall 161055 (2020) Kat:3, Licht: 0,161055,3,1,0,03,14,2,0,0,1,0,0,0,0,0
"POINT (10.893965580000042 48.309206035000045)",Unfall 161061 (2020) Kat:3, Licht: 0,161061,3,1,0,03,10,2,0,0,0,0,0,1,0,0
"POINT (10.891780302000029 48.365092502000039)",Unfall 161064 (2020) Kat:3, Licht: 0,161064,3,2,4,03,07,2,0,0,1,1,0,0,0,0
"POINT (10.899017043000072 48.377044088000048)",Unfall 161069 (2020) Kat:3, Licht: 0,161069,3,6,2,03,17,2,0,0,1,1,0,0,0,0
"POINT (10.903827323000030 48.374716216000081)",Unfall 161073 (2020) Kat:3, Licht: 0,161073,3,2,5,03,10,2,0,0,1,1,0,0,0,0
"POINT (10.885906131000070 48.379946444000041)",Unfall 161076 (2020) Kat:3, Licht: 2,161076,3,3,5,03,19,2,0,2,0,1,0,0,0,0
"POINT (10.932578416000069 48.321584054000027)",Unfall 161084 (2020) Kat:3, Licht: 0,161084,3,1,6,03,17,6,0,0,1,0,1,0,0,0
"POINT (10.848334230000034 48.385953626000060)",Unfall 161095 (2020) Kat:3, Licht: 0,161095,3,6,2,03,16,3,0,0,0,1,0,0,0,0
"POINT (10.883296098000073 48.375534397000081)",Unfall 161098 (2020) Kat:3, Licht: 0,161098,3,6,1,03,12,5,0,0,0,1,0,0,0,0
"POINT (10.861104253000065 48.341003997000030)",Unfall 161123 (2020) Kat:3, Licht: 0,161123,3,7,0,03,13,4,0,0,1,0,0,0,0,0
"POINT (10.851513664000038 48.372190345000035)",Unfall 161135 (2020) Kat:3, Licht: 0,161135,3,6,1,03,17,3,0,0,0,1,0,0,0,0
"POINT (10.941704133000030 48.352448201000072)",Unfall 161161 (2020) Kat:3, Licht: 0,161161,3,5,1,04,19,6,0,0,1,1,0,0,0,0
"POINT (10.912638946000072 48.400447015000054)",Unfall 161215 (2020) Kat:3, Licht: 0,161215,3,5,0,04,11,7,0,0,0,1,0,1,0,0
"POINT (10.880367944000056 48.392757698000025)",Unfall 161265 (2020) Kat:3, Licht: 0,161265,3,3,5,04,13,6,0,0,0,1,0,0,0,0
"POINT (10.870308357000056 48.381157449000057)",Unfall 161324 (2020) Kat:3, Licht: 0,161324,3,7,0,03,15,7,0,0,1,0,0,0,0,0
"POINT (10.904763411000033 48.307333990000075)",Unfall 161332 (2020) Kat:3, Licht: 0,161332,3,2,5,04,13,6,0,0,1,1,0,0,0,0
"POINT (10.907872737000048 48.381107330000077)",Unfall 161335 (2020) Kat:3, Licht: 0,161335,3,6,4,03,15,7,0,0,1,1,0,0,0,0
"POINT (10.913676028000054 48.395889151000063)",Unfall 161339 (2020) Kat:3, Licht: 2,161339,3,7,0,04,20,5,0,2,1,0,0,0,0,0
"POINT (10.951125238000031 48.359835767000050)",Unfall 161353 (2020) Kat:2, Licht: 0,161353,2,1,0,03,16,2,0,0,1,0,0,0,0,0
"POINT (10.924207440000032 48.390224584000066)",Unfall 161368 (2020) Kat:3, Licht: 0,161368,3,6,0,04,15,1,0,0,0,1,0,0,0,1
"POINT (10.848839786000042 48.314650762000042)",Unfall 161370 (2020) Kat:3, Licht: 0,161370,3,1,0,04,15,7,0,0,1,0,0,0,0,0
"POINT (10.899456339000039 48.367267982000044)",Unfall 161401 (2020) Kat:3, Licht: 0,161401,3,7,6,04,20,4,0,0,1,0,1,0,0,0
"POINT (10.898625431000028 48.297336956000038)",Unfall 161424 (2020) Kat:3, Licht: 0,161424,3,1,0,04,16,3,0,0,1,0,0,0,0,0
"POINT (10.901402730000029 48.300324948000082)",Unfall 161426 (2020) Kat:3, Licht: 0,161426,3,1,3,04,12,3,0,0,1,1,0,0,0,0
"POINT (10.880194854000024 48.372855494000078)",Unfall 161472 (2020) Kat:3, Licht: 0,161472,3,1,0,04,12,7,0,0,1,0,0,0,0,0
"POINT (10.870685253000033 48.332548507000070)",Unfall 161580 (2020) Kat:3, Licht: 0,161580,3,1,2,04,15,7,0,0,0,1,0,0,0,0
"POINT (10.863150735000033 48.386392684000043)",Unfall 161605 (2020) Kat:3, Licht: 1,161605,3,2,4,04,06,4,0,1,1,1,0,0,0,0
"POINT (10.873676900000021 48.337747331000060)",Unfall 161664 (2020) Kat:3, Licht: 0,161664,3,1,0,04,14,7,0,0,1,0,0,0,0,0
"POINT (10.870051381000053 48.362511649000055)",Unfall 161674 (2020) Kat:3, Licht: 0,161674,3,3,5,04,13,6,0,0,1,1,0,0,0,0
"POINT (10.899047710000048 48.337657770000078)",Unfall 161699 (2020) Kat:2, Licht: 0,161699,2,1,5,04,13,7,0,0,1,1,0,0,0,0
"POINT (10.878466503000027 48.370141343000057)",Unfall 161727 (2020) Kat:3, Licht: 0,161727,3,6,2,04,16,4,0,0,0,1,0,0,0,0
"POINT (10.854218783000022 48.338389502000041)",Unfall 161729 (2020) Kat:3, Licht: 0,161729,3,1,8,04,15,4,0,0,1,0,0,0,0,0
"POINT (10.877170012000022 48.348658844000056)",Unfall 161731 (2020) Kat:3, Licht: 0,161731,3,1,0,04,13,4,0,0,1,0,0,0,0,0
"POINT (10.888111059000039 48.377849563000041)",Unfall 161732 (2020) Kat:2, Licht: 0,161732,2,1,0,04,19,4,0,0,0,0,0,0,0,1
"POINT (10.896902066000052 48.357006618000071)",Unfall 161748 (2020) Kat:3, Licht: 0,161748,3,7,0,04,14,7,0,0,1,0,0,0,0,0
"POINT (10.916900474000045 48.352653620000069)",Unfall 161786 (2020) Kat:2, Licht: 0,161786,2,1,5,04,16,3,0,0,1,0,0,0,0,0
"POINT (10.878828242000054 48.338308523000080)",Unfall 161808 (2020) Kat:3, Licht: 0,161808,3,1,0,04,14,7,0,0,1,1,0,0,0,0
"POINT (10.894606380000027 48.365698125000051)",Unfall 161857 (2020) Kat:3, Licht: 0,161857,3,4,6,04,17,7,1,0,1,0,1,0,0,0
"POINT (10.871431735000044 48.369508442000040)",Unfall 161858 (2020) Kat:3, Licht: 0,161858,3,1,0,04,15,5,0,0,1,0,0,0,0,0
"POINT (10.859585496000022 48.391085054000030)",Unfall 161863 (2020) Kat:3, Licht: 0,161863,3,2,4,04,17,5,0,0,1,1,0,0,0,0
"POINT (10.930638228000021 48.377370829000029)",Unfall 161876 (2020) Kat:3, Licht: 2,161876,3,7,0,04,22,5,0,2,1,0,0,0,0,0
"POINT (10.929472436000026 48.397360941000045)",Unfall 161883 (2020) Kat:3, Licht: 0,161883,3,7,3,04,09,5,0,0,0,1,0,0,0,0
"POINT (10.893837024000049 48.308326427000054)",Unfall 161886 (2020) Kat:3, Licht: 0,161886,3,1,8,04,16,5,0,0,1,0,0,0,0,0
"POINT (10.925219502000061 48.366600599000037)",Unfall 161887 (2020) Kat:3, Licht: 0,161887,3,1,5,04,11,5,0,0,0,1,0,0,0,1
"POINT (10.867327655000054 48.399120765000077)",Unfall 161897 (2020) Kat:3, Licht: 0,161897,3,7,0,04,12,7,0,0,1,0,0,0,0,0
"POINT (10.917521765000060 48.366467621000027)",Unfall 161984 (2020) Kat:3, Licht: 0,161984,3,4,6,04,09,5,0,0,1,0,1,0,0,0
"POINT (10.911958580000032 48.378903483000045)",Unfall 161987 (2020) Kat:3, Licht: 2,161987,3,7,0,04,22,3,0,2,1,0,0,0,0,0
"POINT (10.895175095000070 48.314533770000025)",Unfall 161988 (2020) Kat:3, Licht: 1,161988,3,1,0,04,06,4,0,1,0,0,0,1,0,1
"POINT (10.893527698000071 48.376098783000032)",Unfall 161990 (2020) Kat:3, Licht: 0,161990,3,3,5,04,16,3,0,0,0,1,0,1,0,0
"POINT (10.873570167000025 48.337781761000031)",Unfall 162032 (2020) Kat:3, Licht: 0,162032,3,1,0,04,15,1,0,0,1,0,0,0,0,0
"POINT (10.904660971000055 48.370274531000064)",Unfall 162035 (2020) Kat:3, Licht: 0,162035,3,2,4,04,19,5,0,0,0,1,0,1,0,0
"POINT (10.900306728000032 48.393215955000073)",Unfall 162093 (2020) Kat:2, Licht: 0,162093,2,7,0,04,15,5,0,0,1,0,0,0,0,0
"POINT (10.865952208000067 48.384798090000061)",Unfall 162097 (2020) Kat:3, Licht: 0,162097,3,1,0,04,11,4,0,0,1,0,0,0,0,0
"POINT (10.866162579000047 48.355102236000050)",Unfall 162141 (2020) Kat:3, Licht: 2,162141,3,1,0,04,20,1,0,2,0,1,0,1,0,1
"POINT (10.833359978000033 48.324284221000028)",Unfall 162144 (2020) Kat:3, Licht: 0,162144,3,1,0,04,15,5,0,0,0,1,0,1,0,0
"POINT (10.910708662000047 48.340101959000037)",Unfall 162147 (2020) Kat:3, Licht: 0,162147,3,1,7,04,18,4,0,0,1,0,0,0,0,0
"POINT (10.892998883000075 48.366024894000077)",Unfall 162206 (2020) Kat:3, Licht: 0,162206,3,1,4,04,19,1,0,0,1,0,1,0,0,0
"POINT (10.902397102000066 48.361953671000038)",Unfall 162254 (2020) Kat:3, Licht: 0,162254,3,1,0,04,17,1,0,0,1,0,0,0,0,0
"POINT (10.861958918000028 48.365299737000043)",Unfall 162258 (2020) Kat:3, Licht: 0,162258,3,4,6,04,17,1,0,0,1,0,1,0,0,0
"POINT (10.898607077000065 48.359752460000038)",Unfall 162261 (2020) Kat:3, Licht: 0,162261,3,2,4,04,14,7,0,0,0,1,0,1,0,0
"POINT (10.902214661000073 48.356389849000038)",Unfall 162262 (2020) Kat:3, Licht: 0,162262,3,1,0,04,18,6,0,0,1,0,0,0,0,0
"POINT (10.923497369000074 48.384968753000066)",Unfall 162307 (2020) Kat:3, Licht: 0,162307,3,7,0,04,10,1,0,0,1,0,0,0,0,0
"POINT (10.924942095000063 48.358369484000036)",Unfall 162358 (2020) Kat:3, Licht: 0,162358,3,1,0,04,14,1,0,0,1,0,0,0,0,0
"POINT (10.904500458000030 48.382347050000078)",Unfall 162365 (2020) Kat:3, Licht: 0,162365,3,6,4,04,17,7,0,0,1,0,0,0,0,0
"POINT (10.907604592000041 48.380721652000034)",Unfall 162375 (2020) Kat:3, Licht: 0,162375,3,7,0,04,15,2,0,0,1,0,0,0,0,0
"POINT (10.922313171000042 48.386675630000070)",Unfall 162496 (2020) Kat:3, Licht: 0,162496,3,7,0,04,15,4,1,0,1,0,0,0,0,0
"POINT (10.886632903000077 48.360770277000029)",Unfall 162511 (2020) Kat:3, Licht: 0,162511,3,1,0,05,14,1,0,0,1,1,0,0,0,0
"POINT (10.910252986000046 48.308162290000041)",Unfall 162546 (2020) Kat:3, Licht: 0,162546,3,1,0,05,11,7,0,0,0,1,0,0,0,0
"POINT (10.866952286000071 48.351393656000027)",Unfall 162547 (2020) Kat:3, Licht: 0,162547,3,3,5,05,17,2,0,0,1,0,0,0,0,0
"POINT (10.893642106000073 48.365033317000041)",Unfall 162549 (2020) Kat:3, Licht: 0,162549,3,2,4,05,15,7,1,0,1,1,0,0,0,0
"POINT (10.869923387000028 48.381286402000057)",Unfall 162579 (2020) Kat:3, Licht: 0,162579,3,2,3,05,16,2,0,0,1,0,0,0,1,0
"POINT (10.902058598000053 48.369810856000072)",Unfall 162592 (2020) Kat:3, Licht: 0,162592,3,1,0,05,20,2,1,0,1,0,0,0,0,0
"POINT (10.863305931000070 48.365122006000036)",Unfall 162601 (2020) Kat:3, Licht: 0,162601,3,6,0,05,14,6,1,0,1,0,0,0,0,0
"POINT (10.885646461000022 48.344382834000044)",Unfall 162647 (2020) Kat:3, Licht: 0,162647,3,1,3,04,15,5,1,0,0,1,0,0,1,0
"POINT (10.901073760000031 48.370399546000044)",Unfall 162648 (2020) Kat:3, Licht: 0,162648,3,2,4,04,17,5,1,0,1,1,0,0,0,0
"POINT (10.897825996000051 48.370718233000048)",Unfall 162649 (2020) Kat:3, Licht: 0,162649,3,6,0,04,15,5,0,0,1,0,0,0,0,0
"POINT (10.890286804000027 48.370431189000044)",Unfall 162661 (2020) Kat:3, Licht: 0,162661,3,6,2,04,12,3,0,0,0,1,0,0,0,0
"POINT (10.908652116000042 48.370465568000043)",Unfall 162713 (2020) Kat:3, Licht: 0,162713,3,3,5,05,17,6,0,0,1,1,0,0,0,0
"POINT (10.934562281000069 48.396351784000046)",Unfall 162782 (2020) Kat:3, Licht: 0,162782,3,3,5,05,09,5,0,0,0,1,0,1,0,0
"POINT (10.903391090000071 48.384029707000082)",Unfall 162835 (2020) Kat:3, Licht: 0,162835,3,7,0,05,14,4,0,0,1,0,0,0,0,0
"POINT (10.867864463000046 48.344776490000072)",Unfall 162836 (2020) Kat:3, Licht: 2,162836,3,1,6,05,23,5,0,2,0,1,1,0,0,0
"POINT (10.913048157000048 48.400233314000047)",Unfall 162846 (2020) Kat:3, Licht: 0,162846,3,2,3,05,13,4,0,0,1,1,0,0,0,0
"POINT (10.908517448000055 48.360955406000073)",Unfall 162855 (2020) Kat:3, Licht: 0,162855,3,7,1,05,15,4,0,0,0,1,0,0,0,0
"POINT (10.912799584000027 48.357857649000039)",Unfall 162879 (2020) Kat:3, Licht: 0,162879,3,7,5,05,12,5,0,0,1,1,0,0,0,0
"POINT (10.847700930000030 48.385663335000061)",Unfall 162886 (2020) Kat:3, Licht: 0,162886,3,1,0,05,11,3,0,0,1,0,0,0,0,0
"POINT (10.937504683000043 48.359994972000038)",Unfall 162888 (2020) Kat:3, Licht: 0,162888,3,7,6,05,18,3,0,0,1,0,1,0,0,0
"POINT (10.893715117000056 48.382630751000079)",Unfall 162927 (2020) Kat:2, Licht: 0,162927,2,1,0,05,17,5,0,0,0,0,0,1,0,0
"POINT (10.934543274000021 48.396347667000043)",Unfall 162939 (2020) Kat:3, Licht: 0,162939,3,3,5,05,14,5,0,0,1,1,0,0,0,0
"POINT (10.901133839000067 48.351525150000043)",Unfall 162968 (2020) Kat:2, Licht: 0,162968,2,3,5,05,17,3,0,0,1,1,0,0,0,0
"POINT (10.873605846000032 48.350445060000027)",Unfall 162972 (2020) Kat:2, Licht: 0,162972,2,7,0,05,09,3,1,0,0,0,0,1,0,0
"POINT (10.877155830000049 48.348626473000081)",Unfall 162973 (2020) Kat:3, Licht: 0,162973,3,1,0,05,14,3,0,0,1,0,0,0,0,0
"POINT (10.875831269000059 48.370529416000068)",Unfall 162997 (2020) Kat:3, Licht: 2,162997,3,1,0,05,21,4,1,2,1,0,0,0,0,0
"POINT (10.853966406000040 48.379864677000057)",Unfall 163008 (2020) Kat:3, Licht: 0,163008,3,6,0,05,07,4,0,0,1,1,0,0,0,0
"POINT (10.915777876000050 48.398154887000032)",Unfall 163015 (2020) Kat:2, Licht: 0,163015,2,7,0,05,10,4,0,0,1,0,0,0,0,0
"POINT (10.888846528000045 48.376459154000031)",Unfall 163016 (2020) Kat:3, Licht: 0,163016,3,6,4,05,16,4,1,0,1,1,0,0,0,0
"POINT (10.845241688000044 48.386279607000063)",Unfall 163032 (2020) Kat:3, Licht: 0,163032,3,6,4,05,08,2,0,0,0,1,0,1,0,0
"POINT (10.871162456000036 48.362983613000040)",Unfall 163034 (2020) Kat:3, Licht: 0,163034,3,1,0,05,08,2,1,0,1,0,0,0,0,0
"POINT (10.865733944000056 48.367100920000041)",Unfall 163098 (2020) Kat:3, Licht: 0,163098,3,6,0,05,19,1,0,0,1,0,1,0,0,0
"POINT (10.878178757000057 48.369477563000032)",Unfall 163100 (2020) Kat:3, Licht: 2,163100,3,1,0,05,22,1,0,2,1,0,0,0,0,0
"POINT (10.917531809000025 48.383406328000035)",Unfall 163180 (2020) Kat:3, Licht: 0,163180,3,6,2,05,15,7,0,0,0,1,0,0,0,0
"POINT (10.910008292000043 48.354803059000062)",Unfall 163181 (2020) Kat:3, Licht: 0,163181,3,7,5,05,09,7,0,0,1,1,0,0,0,0
"POINT (10.853543079000076 48.313353642000038)",Unfall 163182 (2020) Kat:3, Licht: 0,163182,3,7,8,05,17,7,0,0,1,0,0,0,0,0
"POINT (10.884081033000029 48.378360803000078)",Unfall 163183 (2020) Kat:3, Licht: 2,163183,3,7,0,05,21,7,1,2,1,1,0,0,0,0
"POINT (10.903671822000035 48.371600665000074)",Unfall 163247 (2020) Kat:3, Licht: 0,163247,3,7,0,05,11,2,0,0,1,0,0,0,0,0
"POINT (10.918787727000051 48.385995161000039)",Unfall 163259 (2020) Kat:3, Licht: 0,163259,3,3,5,05,17,7,0,0,1,1,0,0,0,0
"POINT (10.866259180000043 48.365012286000081)",Unfall 163266 (2020) Kat:3, Licht: 0,163266,3,3,5,05,16,1,0,0,0,1,0,0,0,0
"POINT (10.896178713000040 48.374233274000062)",Unfall 163349 (2020) Kat:3, Licht: 0,163349,3,3,5,05,09,6,0,0,0,1,0,0,0,0
"POINT (10.892261931000064 48.367729087000043)",Unfall 163353 (2020) Kat:3, Licht: 0,163353,3,6,3,05,16,2,0,0,0,1,0,1,0,0
"POINT (10.917171635000045 48.382847996000066)",Unfall 163366 (2020) Kat:2, Licht: 0,163366,2,3,5,05,13,7,0,0,1,1,0,0,0,0
"POINT (10.896874780000076 48.359949049000079)",Unfall 163417 (2020) Kat:3, Licht: 0,163417,3,7,0,05,19,7,0,0,1,0,0,0,0,0
"POINT (10.938281667000069 48.352705368000045)",Unfall 163424 (2020) Kat:2, Licht: 0,163424,2,7,0,05,15,1,0,0,1,0,0,0,0,0
"POINT (10.879642090000061 48.379556707000063)",Unfall 163458 (2020) Kat:3, Licht: 0,163458,3,3,5,05,19,2,0,0,1,1,0,0,0,0
"POINT (10.877686380000057 48.369233923000081)",Unfall 163470 (2020) Kat:3, Licht: 2,163470,3,1,0,05,21,7,0,2,1,0,0,0,0,0
"POINT (10.889949396000077 48.294999534000056)",Unfall 163478 (2020) Kat:3, Licht: 0,163478,3,1,3,05,19,5,0,0,1,0,0,0,0,0
"POINT (10.861936273000026 48.390748697000049)",Unfall 163576 (2020) Kat:3, Licht: 0,163576,3,1,8,05,20,3,0,0,0,0,0,1,0,0
"POINT (10.915470047000042 48.388961154000071)",Unfall 163586 (2020) Kat:3, Licht: 0,163586,3,3,5,05,09,3,0,0,0,1,0,1,0,0
"POINT (10.899656042000061 48.340556433000074)",Unfall 163588 (2020) Kat:3, Licht: 0,163588,3,1,3,05,17,3,0,0,1,0,0,0,0,0
"POINT (10.874254398000062 48.381466779000050)",Unfall 163609 (2020) Kat:3, Licht: 0,163609,3,4,6,05,19,4,0,0,0,1,1,0,0,0
"POINT (10.878910974000064 48.370837513000026)",Unfall 163611 (2020) Kat:3, Licht: 2,163611,3,3,5,05,22,4,0,2,1,1,0,0,0,0
"POINT (10.863594512000077 48.361581991000037)",Unfall 163612 (2020) Kat:3, Licht: 0,163612,3,3,5,05,15,4,0,0,1,1,0,0,0,0
"POINT (10.861057797000058 48.384817790000056)",Unfall 163614 (2020) Kat:3, Licht: 0,163614,3,6,2,05,16,4,0,0,0,1,0,0,0,0
"POINT (10.907883025000046 48.355302158000029)",Unfall 163616 (2020) Kat:3, Licht: 2,163616,3,3,0,05,23,4,0,2,1,0,0,0,0,0
"POINT (10.885402411000030 48.373500069000045)",Unfall 163669 (2020) Kat:3, Licht: 2,163669,3,1,0,05,22,5,0,2,1,0,0,0,0,0
"POINT (10.863566271000025 48.363173404000065)",Unfall 163737 (2020) Kat:3, Licht: 0,163737,3,1,0,05,14,3,0,0,1,0,0,0,0,0
"POINT (10.917734073000076 48.381505983000068)",Unfall 163777 (2020) Kat:3, Licht: 0,163777,3,1,0,05,14,3,0,0,1,0,0,0,0,0
"POINT (10.878860295000038 48.357834090000040)",Unfall 163781 (2020) Kat:3, Licht: 0,163781,3,1,6,05,14,1,0,0,1,0,1,0,0,0
"POINT (10.910386280000068 48.397282031000032)",Unfall 163786 (2020) Kat:3, Licht: 0,163786,3,3,5,05,14,6,0,0,1,1,0,0,0,0
"POINT (10.890879636000022 48.366223551000076)",Unfall 163788 (2020) Kat:3, Licht: 0,163788,3,5,1,05,11,3,0,0,1,1,0,0,0,0
"POINT (10.925449769000068 48.384732627000062)",Unfall 163797 (2020) Kat:3, Licht: 0,163797,3,3,5,05,15,6,0,0,1,1,0,0,0,0
"POINT (10.914100880000035 48.394334785000069)",Unfall 163800 (2020) Kat:3, Licht: 0,163800,3,5,1,05,11,6,0,0,1,1,0,0,0,0
"POINT (10.917155836000063 48.385893317000068)",Unfall 163803 (2020) Kat:3, Licht: 0,163803,3,6,2,05,17,6,0,0,0,1,0,0,0,0
"POINT (10.921259744000054 48.371781478000059)",Unfall 163809 (2020) Kat:3, Licht: 0,163809,3,3,5,05,10,6,0,0,1,1,0,0,0,0
"POINT (10.898547123000071 48.358242335000057)",Unfall 163811 (2020) Kat:3, Licht: 0,163811,3,5,1,05,10,6,0,0,1,1,0,0,0,0
"POINT (10.915862534000041 48.380899309000029)",Unfall 163823 (2020) Kat:3, Licht: 0,163823,3,6,2,05,09,7,1,0,0,1,0,0,0,0
"POINT (10.885447699000053 48.378193927000041)",Unfall 163833 (2020) Kat:3, Licht: 0,163833,3,2,4,05,17,1,0,0,1,1,0,0,0,0
"POINT (10.870144570000036 48.381298656000070)",Unfall 163896 (2020) Kat:3, Licht: 0,163896,3,7,0,05,21,2,1,0,0,1,0,1,0,0
"POINT (10.936659577000057 48.351475063000066)",Unfall 163899 (2020) Kat:3, Licht: 0,163899,3,1,0,05,14,3,0,0,1,0,1,0,0,0
"POINT (10.868673924000063 48.372213677000047)",Unfall 163936 (2020) Kat:3, Licht: 0,163936,3,7,2,05,14,7,1,0,0,1,0,0,0,0
"POINT (10.901575833000038 48.300445463000074)",Unfall 163945 (2020) Kat:3, Licht: 0,163945,3,1,0,05,10,1,0,0,1,0,0,0,0,0
"POINT (10.914925742000037 48.365179653000041)",Unfall 164016 (2020) Kat:3, Licht: 0,164016,3,1,5,05,16,1,0,0,1,1,0,0,0,0
"POINT (10.870181909000053 48.371978906000038)",Unfall 164072 (2020) Kat:3, Licht: 0,164072,3,6,2,05,12,6,0,0,0,1,0,1,0,0
"POINT (10.868121100000053 48.399211567000066)",Unfall 164073 (2020) Kat:3, Licht: 0,164073,3,7,0,05,19,6,0,0,1,0,1,0,0,0
"POINT (10.934189131000039 48.368200467000065)",Unfall 164075 (2020) Kat:3, Licht: 0,164075,3,4,6,05,12,6,0,0,0,1,1,0,0,0
"POINT (10.896943547000035 48.325091982000060)",Unfall 164076 (2020) Kat:3, Licht: 0,164076,3,3,5,05,12,6,0,0,1,1,0,0,0,0
"POINT (10.883147913000073 48.362296047000029)",Unfall 164102 (2020) Kat:3, Licht: 0,164102,3,6,5,05,19,7,0,0,0,0,0,0,0,1
"POINT (10.869612742000072 48.372083207000060)",Unfall 164117 (2020) Kat:3, Licht: 0,164117,3,3,5,05,13,4,0,0,1,1,0,0,0,0
"POINT (10.905046937000066 48.362744519000046)",Unfall 164120 (2020) Kat:3, Licht: 0,164120,3,1,6,05,16,4,0,0,1,0,1,0,0,0
"POINT (10.905162749000056 48.308002730000055)",Unfall 164122 (2020) Kat:3, Licht: 0,164122,3,2,5,05,11,4,0,0,1,1,0,0,0,0
"POINT (10.879900859000031 48.365357223000046)",Unfall 164124 (2020) Kat:3, Licht: 0,164124,3,1,0,05,13,7,0,0,1,1,0,0,0,0
"POINT (10.898485385000072 48.367117991000043)",Unfall 164129 (2020) Kat:3, Licht: 0,164129,3,1,0,05,16,4,0,0,1,0,0,0,0,0
"POINT (10.897140777000061 48.357542890000047)",Unfall 164132 (2020) Kat:3, Licht: 2,164132,3,5,1,05,23,4,0,2,1,1,0,0,0,0
"POINT (10.861676370000055 48.384765216000062)",Unfall 164196 (2020) Kat:3, Licht: 0,164196,3,7,0,05,16,5,0,0,1,0,0,0,0,1
"POINT (10.867130555000074 48.351530926000066)",Unfall 164197 (2020) Kat:3, Licht: 0,164197,3,1,0,05,13,5,0,0,1,0,0,0,0,0
"POINT (10.893126464000034 48.360241277000057)",Unfall 164200 (2020) Kat:3, Licht: 0,164200,3,5,1,05,08,5,0,0,1,1,0,0,0,0
"POINT (10.885728009000047 48.382557413000029)",Unfall 164294 (2020) Kat:3, Licht: 0,164294,3,1,0,06,17,3,0,0,1,0,0,0,0,0
"POINT (10.869948081000075 48.372789989000069)",Unfall 164329 (2020) Kat:3, Licht: 0,164329,3,3,5,06,18,4,0,0,0,1,0,1,0,0
"POINT (10.882831899000053 48.377726620000033)",Unfall 164395 (2020) Kat:3, Licht: 0,164395,3,6,2,06,18,4,0,0,0,1,0,0,0,0
"POINT (10.917461413000069 48.385737298000038)",Unfall 164419 (2020) Kat:3, Licht: 0,164419,3,3,5,06,18,2,0,0,1,1,0,0,0,0
"POINT (10.913390495000044 48.377297631000033)",Unfall 164429 (2020) Kat:3, Licht: 0,164429,3,7,0,06,15,2,0,0,1,0,0,0,0,0
"POINT (10.817945188000067 48.320043256000076)",Unfall 164469 (2020) Kat:3, Licht: 0,164469,3,1,3,06,14,2,0,0,1,0,0,0,0,0
"POINT (10.904602971000031 48.362171520000061)",Unfall 164473 (2020) Kat:2, Licht: 0,164473,2,1,0,06,18,2,0,0,1,0,0,0,0,0
"POINT (10.882743106000021 48.363374824000061)",Unfall 164500 (2020) Kat:3, Licht: 0,164500,3,1,0,06,09,4,0,0,1,0,0,0,0,0
"POINT (10.919037986000035 48.375549051000064)",Unfall 164530 (2020) Kat:3, Licht: 0,164530,3,4,0,06,16,2,0,0,0,0,1,1,0,0
"POINT (10.897931749000065 48.370320990000039)",Unfall 164622 (2020) Kat:3, Licht: 2,164622,3,1,0,06,22,7,1,2,1,0,0,0,0,0
"POINT (10.867800221000039 48.356704607000040)",Unfall 164631 (2020) Kat:3, Licht: 0,164631,3,1,0,06,13,7,0,0,1,0,0,0,0,0
"POINT (10.929869695000036 48.377325191000068)",Unfall 164632 (2020) Kat:3, Licht: 0,164632,3,2,3,06,10,7,1,0,1,1,0,0,0,0
"POINT (10.900638075000074 48.369608495000080)",Unfall 164634 (2020) Kat:3, Licht: 2,164634,3,7,0,06,04,7,0,2,1,0,0,0,0,0
"POINT (10.889468593000061 48.371571216000063)",Unfall 164685 (2020) Kat:3, Licht: 0,164685,3,1,0,06,14,6,0,0,1,0,0,0,0,0
"POINT (10.897838614000023 48.370638854000049)",Unfall 164687 (2020) Kat:3, Licht: 0,164687,3,2,3,06,06,6,1,0,1,1,0,0,0,0
"POINT (10.898981261000074 48.370938875000036)",Unfall 164690 (2020) Kat:3, Licht: 0,164690,3,3,5,06,14,6,0,0,1,1,0,0,0,0
"POINT (10.879861421000044 48.367964431000075)",Unfall 164771 (2020) Kat:3, Licht: 0,164771,3,6,3,06,19,4,0,0,1,1,0,0,0,0
"POINT (10.846906248000039 48.393947164000053)",Unfall 164773 (2020) Kat:3, Licht: 0,164773,3,1,0,06,18,2,0,0,1,0,0,0,0,0
"POINT (10.879908369000077 48.364902214000040)",Unfall 164820 (2020) Kat:3, Licht: 0,164820,3,6,1,06,09,6,0,0,0,1,0,0,0,0
"POINT (10.901683877000039 48.300290026000027)",Unfall 164825 (2020) Kat:3, Licht: 0,164825,3,1,0,06,17,6,0,0,1,0,0,0,0,0
"POINT (10.897183401000063 48.306867219000026)",Unfall 164831 (2020) Kat:3, Licht: 0,164831,3,1,0,06,13,6,0,0,1,0,0,0,0,0
"POINT (10.930252577000033 48.373033136000060)",Unfall 164836 (2020) Kat:2, Licht: 0,164836,2,7,0,06,17,6,0,0,1,0,0,0,0,0