WKT,Name,OBJECTID,UKATEGORIE,UTYP1,UART,UMONAT,USTUNDE,UWOCHENTAG,STRZUSTAND,ULICHTVERH,ISTRAD,ISTPKW,ISTFUSS,ISTKRAD,ISTGKFZ,ISTSONSTIG
"POINT (10.906449275000057 48.316438610000034)",Unfall 164838 (2020) Kat:3, Licht: 0,164838,3,1,0,06,13,6,0,0,0,1,0,1,0,0
"POINT (10.900172399000041 48.362285613000040)",Unfall 164850 (2020) Kat:3, Licht: 0,164850,3,3,5,06,13,4,0,0,1,1,0,0,0,0
"POINT (10.915033666000056 48.379701857000043)",Unfall 165010 (2020) Kat:3, Licht: 0,165010,3,1,0,06,12,3,1,0,0,0,0,1,0,0
"POINT (10.881372630000044 48.388778169000034)",Unfall 165046 (2020) Kat:3, Licht: 0,165046,3,6,2,06,17,2,1,0,0,1,0,0,0,0
"POINT (10.906566953000038 48.371639851000054)",Unfall 165058 (2020) Kat:3, Licht: 0,165058,3,3,5,06,16,3,0,0,1,1,0,0,0,0
"POINT (10.878663460000041 48.380690281000057)",Unfall 165061 (2020) Kat:3, Licht: 0,165061,3,3,5,06,14,1,1,0,0,1,0,0,0,0
"POINT (10.871784025000068 48.359607656000037)",Unfall 165066 (2020) Kat:3, Licht: 0,165066,3,3,5,06,08,4,0,0,0,1,0,0,0,0
"POINT (10.892041206000044 48.362348800000063)",Unfall 165094 (2020) Kat:3, Licht: 0,165094,3,2,3,06,13,2,1,0,1,0,0,1,0,0
"POINT (10.872194717000070 48.360993977000078)",Unfall 165112 (2020) Kat:3, Licht: 0,165112,3,2,3,06,13,7,0,0,1,0,0,0,0,0
"POINT (10.851245506000055 48.342953016000081)",Unfall 165114 (2020) Kat:3, Licht: 0,165114,3,1,6,06,16,4,0,0,1,0,1,0,0,0
"POINT (10.882623656000021 48.388654636000069)",Unfall 165115 (2020) Kat:3, Licht: 0,165115,3,4,6,06,17,7,0,0,1,0,1,0,0,0
"POINT (10.923037317000023 48.384840344000054)",Unfall 165120 (2020) Kat:2, Licht: 0,165120,2,7,0,06,14,7,0,0,1,0,0,0,0,0
"POINT (10.906484710000029 48.360920348000036)",Unfall 165124 (2020) Kat:3, Licht: 0,165124,3,1,5,06,15,7,0,0,1,1,0,0,0,0
"POINT (10.899334754000051 48.334887461000051)",Unfall 165133 (2020) Kat:2, Licht: 2,165133,2,1,8,06,00,7,0,2,1,0,0,0,0,0
"POINT (10.899278604000074 48.312429794000082)",Unfall 165145 (2020) Kat:3, Licht: 0,165145,3,1,0,06,21,7,0,0,1,0,0,0,0,0
"POINT (10.890635475000067 48.370702218000076)",Unfall 165146 (2020) Kat:3, Licht: 0,165146,3,3,0,06,11,7,0,0,1,0,0,0,0,0
"POINT (10.868501901000059 48.385929592000082)",Unfall 165149 (2020) Kat:3, Licht: 0,165149,3,3,5,06,07,2,1,0,1,1,0,0,0,0
"POINT (10.851257925000027 48.379756710000038)",Unfall 165164 (2020) Kat:2, Licht: 0,165164,2,1,0,06,09,3,1,0,1,0,0,0,0,0
"POINT (10.887757340000064 48.372936744000071)",Unfall 165195 (2020) Kat:2, Licht: 0,165195,2,7,6,06,12,4,0,0,1,0,1,0,0,0
"POINT (10.916815123000049 48.382289762000028)",Unfall 165201 (2020) Kat:3, Licht: 0,165201,3,7,4,06,10,2,1,0,0,1,0,0,0,0
"POINT (10.885414216000072 48.385416060000068)",Unfall 165221 (2020) Kat:3, Licht: 0,165221,3,7,0,06,11,4,0,0,1,0,0,0,0,0
"POINT (10.905222840000022 48.370240206000062)",Unfall 165271 (2020) Kat:3, Licht: 0,165271,3,4,6,06,08,4,0,0,0,0,1,0,1,0
"POINT (10.921915377000062 48.382725377000042)",Unfall 165294 (2020) Kat:3, Licht: 0,165294,3,5,1,06,15,1,0,0,1,1,0,0,0,0
"POINT (10.898894131000077 48.369492705000027)",Unfall 165319 (2020) Kat:3, Licht: 2,165319,3,1,0,06,04,1,0,2,0,0,0,0,0,1
"POINT (10.860112904000061 48.373056625000061)",Unfall 165358 (2020) Kat:3, Licht: 0,165358,3,6,2,06,13,6,0,0,0,1,0,0,0,0
"POINT (10.907128303000036 48.367157709000026)",Unfall 165362 (2020) Kat:3, Licht: 0,165362,3,1,2,06,18,6,0,0,0,1,0,0,0,0
"POINT (10.882329435000031 48.364291844000036)",Unfall 165364 (2020) Kat:2, Licht: 0,165364,2,1,2,06,07,6,1,0,0,1,0,1,0,0
"POINT (10.875056715000028 48.370587883000042)",Unfall 165481 (2020) Kat:3, Licht: 2,165481,3,1,0,06,22,5,0,2,0,0,0,1,0,0
"POINT (10.899667608000073 48.307678566000050)",Unfall 165484 (2020) Kat:2, Licht: 0,165484,2,7,5,06,15,5,0,0,1,0,0,0,0,0
"POINT (10.900862148000044 48.357881945000031)",Unfall 165486 (2020) Kat:3, Licht: 0,165486,3,3,5,06,15,5,0,0,1,1,0,0,0,0
"POINT (10.867153660000042 48.359679314000061)",Unfall 165577 (2020) Kat:3, Licht: 0,165577,3,1,0,06,08,4,0,0,1,0,0,0,0,0
"POINT (10.847078726000063 48.382810862000042)",Unfall 165641 (2020) Kat:3, Licht: 0,165641,3,3,5,06,16,2,0,0,1,1,0,0,0,0
"POINT (10.889955436000037 48.370190127000058)",Unfall 165643 (2020) Kat:3, Licht: 0,165643,3,6,3,06,08,4,0,0,1,1,0,0,0,0
"POINT (10.889736317000029 48.360276926000040)",Unfall 165651 (2020) Kat:3, Licht: 0,165651,3,1,0,06,07,2,0,0,1,0,0,0,0,0
"POINT (10.876767207000057 48.347782316000064)",Unfall 165661 (2020) Kat:3, Licht: 0,165661,3,1,0,06,10,2,0,0,1,0,0,0,0,0
"POINT (10.877591130000042 48.336912498000061)",Unfall 165663 (2020) Kat:3, Licht: 0,165663,3,1,0,06,14,2,0,0,1,0,0,0,0,0
"POINT (10.889975303000028 48.370277253000040)",Unfall 165666 (2020) Kat:3, Licht: 0,165666,3,3,5,06,13,2,0,0,0,1,0,0,0,0
"POINT (10.878829688000053 48.377200294000033)",Unfall 165736 (2020) Kat:3, Licht: 0,165736,3,7,0,06,20,3,0,0,1,1,0,0,0,0
"POINT (10.861208985000076 48.340830313000026)",Unfall 165750 (2020) Kat:3, Licht: 0,165750,3,1,0,06,13,4,1,0,1,0,0,0,0,0
"POINT (10.878442321000023 48.370135722000043)",Unfall 165854 (2020) Kat:3, Licht: 0,165854,3,6,2,06,13,5,0,0,0,1,0,0,0,0
"POINT (10.924484407000023 48.384391127000072)",Unfall 165859 (2020) Kat:2, Licht: 0,165859,2,7,0,06,16,5,0,0,0,0,0,1,0,0
"POINT (10.929681040000048 48.397263608000060)",Unfall 165864 (2020) Kat:3, Licht: 0,165864,3,3,5,06,16,5,0,0,1,0,0,1,0,0
"POINT (10.888692019000075 48.365292715000066)",Unfall 165866 (2020) Kat:3, Licht: 0,165866,3,7,0,06,20,5,0,0,0,0,0,0,0,1
"POINT (10.863755733000062 48.362939660000052)",Unfall 165913 (2020) Kat:3, Licht: 0,165913,3,1,0,06,14,6,0,0,0,0,0,1,0,0
"POINT (10.864029006000067 48.362133048000032)",Unfall 165915 (2020) Kat:3, Licht: 0,165915,3,3,5,06,14,6,0,0,0,1,0,0,0,0
"POINT (10.882412831000067 48.355136120000054)",Unfall 165916 (2020) Kat:2, Licht: 0,165916,2,3,5,06,10,6,0,0,1,1,0,0,0,0
"POINT (10.867343096000070 48.364165043000071)",Unfall 165917 (2020) Kat:3, Licht: 0,165917,3,4,6,06,16,7,0,0,0,1,1,0,0,0
"POINT (10.902837163000072 48.362076006000052)",Unfall 165918 (2020) Kat:3, Licht: 0,165918,3,3,5,06,14,6,0,0,1,0,0,0,0,0
"POINT (10.897097107000036 48.359927299000049)",Unfall 165920 (2020) Kat:3, Licht: 0,165920,3,2,3,06,19,6,0,0,1,1,0,0,0,0
"POINT (10.866828756000075 48.392870767000034)",Unfall 165927 (2020) Kat:3, Licht: 1,165927,3,7,0,06,05,7,0,1,1,0,0,0,0,0
"POINT (10.903789718000041 48.396339053000077)",Unfall 165939 (2020) Kat:3, Licht: 0,165939,3,7,0,06,17,7,0,0,1,0,0,0,0,0
"POINT (10.909711116000040 48.361082838000073)",Unfall 165958 (2020) Kat:3, Licht: 2,165958,3,1,0,06,01,7,0,2,1,0,0,0,0,0
"POINT (10.922148887000048 48.317095987000073)",Unfall 165960 (2020) Kat:2, Licht: 0,165960,2,1,3,06,15,7,0,0,1,0,0,0,0,0
"POINT (10.904927301000043 48.363789337000071)",Unfall 165979 (2020) Kat:3, Licht: 2,165979,3,1,0,06,04,7,0,2,0,0,0,0,0,1
"POINT (10.893939475000025 48.364941627000064)",Unfall 166001 (2020) Kat:3, Licht: 0,166001,3,2,2,06,16,7,0,0,0,1,1,0,0,0
"POINT (10.895256983000024 48.365414356000031)",Unfall 166059 (2020) Kat:3, Licht: 2,166059,3,3,0,06,22,7,0,2,1,1,0,0,0,0
"POINT (10.908235443000024 48.361767404000034)",Unfall 166073 (2020) Kat:2, Licht: 0,166073,2,4,0,06,07,2,1,0,0,0,1,0,0,1
"POINT (10.878025347000062 48.377505880000058)",Unfall 166083 (2020) Kat:3, Licht: 0,166083,3,3,5,06,10,3,0,0,1,1,0,0,0,0
"POINT (10.891065695000066 48.360868402000051)",Unfall 166111 (2020) Kat:3, Licht: 0,166111,3,3,5,06,18,2,1,0,1,1,0,0,0,0
"POINT (10.879555454000069 48.344791954000073)",Unfall 166122 (2020) Kat:3, Licht: 0,166122,3,3,5,06,11,2,0,0,0,1,0,0,0,0
"POINT (10.889783072000057 48.370090478000066)",Unfall 166146 (2020) Kat:3, Licht: 0,166146,3,5,1,06,09,3,0,0,1,1,0,0,0,0
"POINT (10.908628843000031 48.397028808000073)",Unfall 166177 (2020) Kat:3, Licht: 1,166177,3,5,1,06,18,2,1,1,1,1,0,0,0,0
"POINT (10.903371688000050 48.350808209000036)",Unfall 166229 (2020) Kat:3, Licht: 2,166229,3,1,2,06,00,2,1,2,0,1,0,0,0,0
"POINT (10.914203490000034 48.359957048000069)",Unfall 166254 (2020) Kat:3, Licht: 0,166254,3,2,5,06,16,3,0,0,1,0,0,0,0,0
"POINT (10.869964333000041 48.362651151000080)",Unfall 166269 (2020) Kat:2, Licht: 0,166269,2,7,0,06,15,2,0,0,1,0,0,0,0,0
"POINT (10.862785935000034 48.373804397000072)",Unfall 166422 (2020) Kat:3, Licht: 0,166422,3,3,5,07,13,6,0,0,1,1,0,0,0,0
"POINT (10.901955593000025 48.364824142000032)",Unfall 166430 (2020) Kat:3, Licht: 0,166430,3,1,1,07,19,5,1,0,1,1,0,0,0,0
"POINT (10.887676024000029 48.365777202000061)",Unfall 166431 (2020) Kat:3, Licht: 0,166431,3,7,0,07,13,6,0,0,1,0,0,0,0,0
"POINT (10.863734363000049 48.371748452000077)",Unfall 166434 (2020) Kat:3, Licht: 0,166434,3,3,5,07,18,5,0,0,0,1,0,0,0,0
"POINT (10.865341950000072 48.362977343000068)",Unfall 166436 (2020) Kat:3, Licht: 0,166436,3,5,1,07,11,5,0,0,1,1,0,0,0,0
"POINT (10.885954634000029 48.345637308000050)",Unfall 166437 (2020) Kat:3, Licht: 0,166437,3,2,3,07,08,5,0,0,1,1,0,0,0,0
"POINT (10.897239834000061 48.379269590000035)",Unfall 166438 (2020) Kat:3, Licht: 0,166438,3,7,0,07,12,5,1,0,1,0,0,0,0,0
"POINT (10.880102360000024 48.367618882000045)",Unfall 166578 (2020) Kat:2, Licht: 1,166578,2,7,0,07,21,4,1,1,0,1,0,1,0,0
"POINT (10.880599837000034 48.384969553000076)",Unfall 166581 (2020) Kat:3, Licht: 0,166581,3,3,5,07,16,4,0,0,0,1,0,0,0,1
"POINT (10.930057928000053 48.372005532000060)",Unfall 166582 (2020) Kat:3, Licht: 0,166582,3,3,5,07,14,4,0,0,0,1,0,0,0,0
"POINT (10.942099381000048 48.360034091000045)",Unfall 166585 (2020) Kat:3, Licht: 0,166585,3,3,5,07,11,4,0,0,0,1,0,0,0,0
"POINT (10.916507989000024 48.383152252000059)",Unfall 166587 (2020) Kat:3, Licht: 0,166587,3,5,0,07,09,4,0,0,1,1,0,0,0,0
"POINT (10.949406020000026 48.359869448000040)",Unfall 166611 (2020) Kat:3, Licht: 0,166611,3,3,5,07,15,2,0,0,0,1,0,0,0,1
"POINT (10.866772920000074 48.351256581000030)",Unfall 166649 (2020) Kat:3, Licht: 0,166649,3,1,0,07,13,1,0,0,1,0,0,0,0,0
"POINT (10.866039920000048 48.383930043000078)",Unfall 166664 (2020) Kat:2, Licht: 0,166664,2,4,6,07,15,2,0,0,0,1,1,0,0,0
"POINT (10.879659326000024 48.372168662000036)",Unfall 166675 (2020) Kat:3, Licht: 0,166675,3,6,6,07,19,2,0,0,1,0,1,0,0,0
"POINT (10.880509485000061 48.379344710000055)",Unfall 166717 (2020) Kat:3, Licht: 0,166717,3,2,3,07,14,2,0,0,1,1,0,0,0,0
"POINT (10.915398829000026 48.390342413000042)",Unfall 166777 (2020) Kat:3, Licht: 0,166777,3,2,3,07,19,7,0,0,1,1,0,0,0,0
"POINT (10.897603057000026 48.367113809000045)",Unfall 166782 (2020) Kat:3, Licht: 2,166782,3,7,0,07,01,7,0,2,1,0,0,0,0,0
"POINT (10.924539572000072 48.393394042000068)",Unfall 166783 (2020) Kat:3, Licht: 0,166783,3,2,5,07,07,2,0,0,1,1,0,0,0,0
"POINT (10.868709114000069 48.362282707000077)",Unfall 166821 (2020) Kat:3, Licht: 0,166821,3,3,6,07,12,2,0,0,0,1,1,0,0,0
"POINT (10.896698046000040 48.361991678000038)",Unfall 166833 (2020) Kat:3, Licht: 0,166833,3,2,4,07,18,2,0,0,1,1,0,0,0,0
"POINT (10.941704133000030 48.352448201000072)",Unfall 166996 (2020) Kat:3, Licht: 0,166996,3,5,0,07,16,3,0,0,1,1,0,0,0,0
"POINT (10.899741537000068 48.328284821000068)",Unfall 167002 (2020) Kat:3, Licht: 0,167002,3,3,5,07,14,3,0,0,1,1,0,0,0,0
"POINT (10.896921529000053 48.325162819000070)",Unfall 167012 (2020) Kat:3, Licht: 0,167012,3,7,0,07,20,3,0,0,1,0,0,0,0,0
"POINT (10.882476162000046 48.378549173000067)",Unfall 167013 (2020) Kat:3, Licht: 0,167013,3,3,0,07,12,5,0,0,1,1,0,0,0,0
"POINT (10.869775924000066 48.371926601000041)",Unfall 167036 (2020) Kat:3, Licht: 0,167036,3,4,6,07,15,4,0,0,0,0,1,0,1,0
"POINT (10.897601440000074 48.371755489000066)",Unfall 167037 (2020) Kat:3, Licht: 0,167037,3,1,0,07,18,4,0,0,1,0,0,0,0,0
"POINT (10.878507884000044 48.369815928000037)",Unfall 167064 (2020) Kat:3, Licht: 0,167064,3,2,3,07,16,5,0,0,0,1,0,0,0,1
"POINT (10.880389859000047 48.383000017000029)",Unfall 167118 (2020) Kat:3, Licht: 0,167118,3,6,5,07,18,6,0,0,0,1,0,0,0,0
"POINT (10.902222353000070 48.356505365000032)",Unfall 167121 (2020) Kat:3, Licht: 0,167121,3,5,1,07,13,6,0,0,1,1,0,0,0,0
"POINT (10.880090486000029 48.404347274000031)",Unfall 167141 (2020) Kat:3, Licht: 0,167141,3,3,5,07,12,6,0,0,1,1,0,0,0,0
"POINT (10.915024091000021 48.379682953000042)",Unfall 167143 (2020) Kat:3, Licht: 0,167143,3,5,0,07,17,6,0,0,1,1,0,0,0,0
"POINT (10.880180371000051 48.352336047000051)",Unfall 167146 (2020) Kat:3, Licht: 0,167146,3,7,3,07,10,6,0,0,1,1,0,0,0,0
"POINT (10.881491764000032 48.380552715000078)",Unfall 167149 (2020) Kat:3, Licht: 0,167149,3,4,6,07,18,7,0,0,0,1,1,0,0,0
"POINT (10.883014837000076 48.377954235000061)",Unfall 167150 (2020) Kat:3, Licht: 2,167150,3,7,0,07,22,6,0,2,0,1,1,0,0,0
"POINT (10.893467777000069 48.364446674000078)",Unfall 167196 (2020) Kat:3, Licht: 0,167196,3,7,0,07,16,7,0,0,0,0,0,0,0,1
"POINT (10.911279985000021 48.379281342000070)",Unfall 167246 (2020) Kat:2, Licht: 2,167246,2,3,5,07,22,1,0,2,1,0,0,0,0,0
"POINT (10.864003348000040 48.362154042000043)",Unfall 167251 (2020) Kat:3, Licht: 0,167251,3,3,5,07,11,7,1,0,1,1,0,0,0,0
"POINT (10.815312972000072 48.321337672000027)",Unfall 167298 (2020) Kat:3, Licht: 0,167298,3,1,0,07,14,1,0,0,1,0,0,0,0,0
"POINT (10.872058745000061 48.343315815000039)",Unfall 167301 (2020) Kat:3, Licht: 0,167301,3,1,0,07,14,7,0,0,1,0,0,0,0,0
"POINT (10.873171834000061 48.381605810000053)",Unfall 167348 (2020) Kat:3, Licht: 0,167348,3,7,5,07,17,1,0,0,1,0,0,0,0,0
"POINT (10.856861848000051 48.372206785000060)",Unfall 167388 (2020) Kat:3, Licht: 0,167388,3,3,5,07,08,4,0,0,1,0,0,0,0,0
"POINT (10.902633099000070 48.300962871000081)",Unfall 167403 (2020) Kat:3, Licht: 0,167403,3,1,4,07,14,4,0,0,1,1,0,0,0,0
"POINT (10.866236422000043 48.362853401000052)",Unfall 167533 (2020) Kat:3, Licht: 0,167533,3,6,2,07,09,2,0,0,0,1,0,0,0,0
"POINT (10.934008555000048 48.377985391000038)",Unfall 167534 (2020) Kat:2, Licht: 0,167534,2,2,4,07,09,2,0,0,1,1,0,0,0,0
"POINT (10.868601027000068 48.348134624000068)",Unfall 167536 (2020) Kat:3, Licht: 0,167536,3,7,0,07,19,2,0,0,1,0,0,0,0,0
"POINT (10.894141644000058 48.366651417000071)",Unfall 167537 (2020) Kat:3, Licht: 2,167537,3,7,0,07,22,2,0,2,1,0,0,0,0,0
"POINT (10.893167804000029 48.363981357000057)",Unfall 167539 (2020) Kat:3, Licht: 0,167539,3,5,0,07,18,2,0,0,1,1,0,0,0,0
"POINT (10.888999026000022 48.368686204000028)",Unfall 167540 (2020) Kat:3, Licht: 0,167540,3,5,0,07,13,2,0,0,1,1,0,0,0,0
"POINT (10.893582357000071 48.364979873000038)",Unfall 167542 (2020) Kat:3, Licht: 0,167542,3,6,0,07,16,2,0,0,1,0,0,0,0,0
"POINT (10.863832325000033 48.364676701000064)",Unfall 167592 (2020) Kat:3, Licht: 0,167592,3,6,2,07,07,3,0,0,0,1,0,0,0,0
"POINT (10.858197742000073 48.373277306000034)",Unfall 167596 (2020) Kat:3, Licht: 0,167596,3,6,2,07,14,3,0,0,0,1,0,1,0,0
"POINT (10.899044949000029 48.337644085000079)",Unfall 167600 (2020) Kat:3, Licht: 2,167600,3,1,5,07,22,3,0,2,1,1,0,0,0,0
"POINT (10.907047655000042 48.296140052000055)",Unfall 167604 (2020) Kat:2, Licht: 0,167604,2,1,0,07,17,3,0,0,1,0,0,0,0,0
"POINT (10.885698626000021 48.345264518000079)",Unfall 167609 (2020) Kat:3, Licht: 0,167609,3,2,5,07,12,3,0,0,1,1,0,0,0,0
"POINT (10.946346789000074 48.360780814000066)",Unfall 167627 (2020) Kat:3, Licht: 0,167627,3,3,5,07,15,5,1,0,0,1,0,0,0,0
"POINT (10.889487936000023 48.368189712000060)",Unfall 167650 (2020) Kat:3, Licht: 0,167650,3,3,5,07,05,5,0,0,0,1,0,1,0,0
"POINT (10.886237847000075 48.368034457000078)",Unfall 167655 (2020) Kat:3, Licht: 0,167655,3,6,2,07,17,5,1,0,1,1,0,0,0,0
"POINT (10.898687730000063 48.359743606000052)",Unfall 167664 (2020) Kat:3, Licht: 0,167664,3,6,2,07,15,5,1,0,0,1,0,0,0,0
"POINT (10.868323389000068 48.340973657000063)",Unfall 167798 (2020) Kat:3, Licht: 0,167798,3,1,0,07,12,1,0,0,1,0,0,0,0,0
"POINT (10.917356044000030 48.351538674000039)",Unfall 167819 (2020) Kat:2, Licht: 0,167819,2,1,2,07,18,6,0,0,1,0,0,0,0,0
"POINT (10.879684180000027 48.365211370000054)",Unfall 167887 (2020) Kat:3, Licht: 0,167887,3,6,4,07,17,2,0,0,1,0,0,0,0,1
"POINT (10.877772949000075 48.364754881000067)",Unfall 167898 (2020) Kat:3, Licht: 0,167898,3,2,4,07,10,3,0,0,0,1,0,0,0,0
"POINT (10.888765697000053 48.371057479000058)",Unfall 167909 (2020) Kat:3, Licht: 0,167909,3,2,6,07,15,2,0,0,0,1,1,0,0,0
"POINT (10.894347293000067 48.366218603000050)",Unfall 167924 (2020) Kat:3, Licht: 2,167924,3,7,0,07,22,2,0,2,1,0,0,0,0,0
"POINT (10.882843885000057 48.378503924000029)",Unfall 168066 (2020) Kat:3, Licht: 0,168066,3,7,0,07,08,3,0,0,1,0,0,0,0,0
"POINT (10.900008483000022 48.359545720000028)",Unfall 168106 (2020) Kat:3, Licht: 0,168106,3,3,4,07,16,3,0,0,1,1,0,0,0,0
"POINT (10.851138121000076 48.379752572000029)",Unfall 168133 (2020) Kat:3, Licht: 0,168133,3,6,0,07,17,2,0,0,1,1,0,0,0,0
"POINT (10.869696740000052 48.360827872000073)",Unfall 168135 (2020) Kat:3, Licht: 0,168135,3,6,3,07,15,2,0,0,1,0,0,1,0,0
"POINT (10.912691678000044 48.382933461000050)",Unfall 168145 (2020) Kat:3, Licht: 0,168145,3,7,6,07,09,6,0,0,0,1,1,0,0,0
"POINT (10.909532842000033 48.317257554000037)",Unfall 168195 (2020) Kat:3, Licht: 0,168195,3,7,0,07,14,6,0,0,1,0,0,0,0,0
"POINT (10.852791351000064 48.379887746000065)",Unfall 168230 (2020) Kat:3, Licht: 0,168230,3,1,0,07,15,6,0,0,0,0,0,0,0,1
"POINT (10.864950512000064 48.380936392000081)",Unfall 168236 (2020) Kat:3, Licht: 0,168236,3,6,2,07,15,4,0,0,1,1,0,0,0,0
"POINT (10.894560492000039 48.365789750000033)",Unfall 168245 (2020) Kat:3, Licht: 0,168245,3,6,3,07,07,6,0,0,1,0,0,0,0,0
"POINT (10.855761905000065 48.354273188000036)",Unfall 168248 (2020) Kat:3, Licht: 0,168248,3,3,5,07,07,4,0,0,1,1,0,0,0,0
"POINT (10.866540646000033 48.359343191000050)",Unfall 168266 (2020) Kat:3, Licht: 0,168266,3,3,5,07,14,5,1,0,0,1,0,0,0,0
"POINT (10.877005290000056 48.385579088000043)",Unfall 168269 (2020) Kat:2, Licht: 0,168269,2,7,0,07,15,5,1,0,1,0,0,0,0,0
"POINT (10.910136358000045 48.316060148000076)",Unfall 168274 (2020) Kat:3, Licht: 0,168274,3,1,0,07,20,5,0,0,1,0,0,0,0,0
"POINT (10.878295707000063 48.370128645000079)",Unfall 168277 (2020) Kat:3, Licht: 0,168277,3,6,2,07,12,4,0,0,0,1,0,0,0,0
"POINT (10.883531420000054 48.360867363000068)",Unfall 168278 (2020) Kat:3, Licht: 0,168278,3,1,0,07,17,5,0,0,1,0,0,0,0,0
"POINT (10.910351398000046 48.387811202000080)",Unfall 168281 (2020) Kat:3, Licht: 0,168281,3,7,0,07,20,4,0,0,1,0,0,0,0,0
"POINT (10.900013479000052 48.359557821000067)",Unfall 168282 (2020) Kat:3, Licht: 0,168282,3,2,5,07,13,5,0,0,1,1,0,0,0,0
"POINT (10.897842270000069 48.367169895000075)",Unfall 168289 (2020) Kat:2, Licht: 2,168289,2,1,0,07,23,6,0,2,1,0,0,0,0,0
"POINT (10.935064640000064 48.355089186000043)",Unfall 168290 (2020) Kat:2, Licht: 0,168290,2,2,3,07,14,4,0,0,1,1,0,0,0,0
"POINT (10.902546366000024 48.358612191000077)",Unfall 168303 (2020) Kat:3, Licht: 0,168303,3,1,4,07,16,6,0,0,1,0,0,0,0,0
"POINT (10.901694977000034 48.346078778000049)",Unfall 168304 (2020) Kat:3, Licht: 0,168304,3,1,5,07,14,4,0,0,1,1,0,0,0,0
"POINT (10.891895619000024 48.362398112000051)",Unfall 168316 (2020) Kat:3, Licht: 0,168316,3,3,5,07,14,6,0,0,1,1,0,0,0,0
"POINT (10.857782610000072 48.347314721000032)",Unfall 168317 (2020) Kat:3, Licht: 2,168317,3,1,0,07,21,4,0,2,1,0,0,0,0,0
"POINT (10.897936134000076 48.370308793000049)",Unfall 168354 (2020) Kat:3, Licht: 0,168354,3,5,1,07,15,6,0,0,1,1,0,0,0,0
"POINT (10.897832545000028 48.359851139000057)",Unfall 168403 (2020) Kat:3, Licht: 0,168403,3,7,0,07,16,6,0,0,0,0,0,1,0,0
"POINT (10.859645508000028 48.354798706000054)",Unfall 168416 (2020) Kat:3, Licht: 0,168416,3,6,2,07,06,2,0,0,0,1,0,0,0,0
"POINT (10.859002444000055 48.351800803000060)",Unfall 168446 (2020) Kat:3, Licht: 0,168446,3,1,0,07,17,1,1,0,1,0,0,0,0,0
"POINT (10.941371663000041 48.354134913000053)",Unfall 168454 (2020) Kat:2, Licht: 0,168454,2,2,0,07,12,3,0,0,1,0,0,0,0,0
"POINT (10.879680154000027 48.359413436000068)",Unfall 168459 (2020) Kat:3, Licht: 2,168459,3,1,0,07,01,1,0,2,1,0,0,0,0,0
"POINT (10.908426403000021 48.360945190000052)",Unfall 168498 (2020) Kat:3, Licht: 0,168498,3,1,0,07,18,1,0,0,1,0,0,0,0,0
"POINT (10.904643337000039 48.369924751000042)",Unfall 168502 (2020) Kat:3, Licht: 2,168502,3,3,5,07,22,1,1,2,1,1,0,0,0,0
"POINT (10.897662258000025 48.420930882000050)",Unfall 168549 (2020) Kat:3, Licht: 0,168549,3,7,1,07,19,3,0,0,1,1,0,0,0,0
"POINT (10.947918658000049 48.356866598000067)",Unfall 168579 (2020) Kat:3, Licht: 0,168579,3,3,0,07,13,2,0,0,1,0,0,0,0,1
"POINT (10.937925967000069 48.343041733000064)",Unfall 168598 (2020) Kat:3, Licht: 0,168598,3,6,4,07,13,7,0,0,1,0,0,0,0,0
"POINT (10.893884538000066 48.363766329000043)",Unfall 168603 (2020) Kat:3, Licht: 0,168603,3,7,0,07,12,7,0,0,1,0,0,0,0,0
"POINT (10.884060965000060 48.373974554000029)",Unfall 168617 (2020) Kat:3, Licht: 0,168617,3,3,5,07,07,3,0,0,1,1,0,0,0,0
"POINT (10.922407444000044 48.379807587000073)",Unfall 168678 (2020) Kat:3, Licht: 2,168678,3,4,6,07,23,6,0,2,0,1,1,0,0,0
"POINT (10.864015317000053 48.362144249000039)",Unfall 168718 (2020) Kat:3, Licht: 0,168718,3,3,5,07,12,6,0,0,1,1,0,0,0,0
"POINT (10.866018697000072 48.315572612000039)",Unfall 168730 (2020) Kat:2, Licht: 0,168730,2,1,0,07,07,6,0,0,1,0,1,0,0,0
"POINT (10.886026398000070 48.356111638000073)",Unfall 168735 (2020) Kat:3, Licht: 0,168735,3,2,5,07,14,4,0,0,1,0,0,0,0,0
"POINT (10.868079023000064 48.338271214000031)",Unfall 168737 (2020) Kat:3, Licht: 0,168737,3,1,0,07,19,4,0,0,1,0,0,0,0,0
"POINT (10.900790417000053 48.370674789000077)",Unfall 168740 (2020) Kat:3, Licht: 0,168740,3,7,0,07,16,4,0,0,1,0,0,0,0,0
"POINT (10.842162027000029 48.382438294000053)",Unfall 168770 (2020) Kat:3, Licht: 0,168770,3,6,2,07,13,6,0,0,0,1,0,0,0,0
"POINT (10.880827768000074 48.381295426000065)",Unfall 168774 (2020) Kat:3, Licht: 0,168774,3,3,5,07,19,6,0,0,1,1,0,0,0,0
"POINT (10.901016906000052 48.370576421000067)",Unfall 168783 (2020) Kat:3, Licht: 0,168783,3,2,3,07,13,6,0,0,1,1,0,0,0,0
"POINT (10.881933689000050 48.378906770000071)",Unfall 168790 (2020) Kat:3, Licht: 0,168790,3,7,0,07,13,5,0,0,0,0,0,0,0,1