WKT,Name,OBJECTID,UKATEGORIE,UTYP1,UART,UMONAT,USTUNDE,UWOCHENTAG,STRZUSTAND,ULICHTVERH,ISTRAD,ISTPKW,ISTFUSS,ISTKRAD,ISTGKFZ,ISTSONSTIG
"POINT (10.887638958000025 48.357736286000033)",Unfall 168800 (2020) Kat:3, Licht: 0,168800,3,7,5,07,14,5,0,0,1,1,0,0,0,0
"POINT (10.898030068000025 48.292865936000055)",Unfall 168812 (2020) Kat:2, Licht: 0,168812,2,1,3,07,18,5,0,0,0,1,0,1,0,0
"POINT (10.868644139000025 48.348121751000065)",Unfall 168833 (2020) Kat:3, Licht: 0,168833,3,7,0,07,08,5,0,0,1,0,0,0,0,0
"POINT (10.899589541000068 48.340353711000034)",Unfall 168836 (2020) Kat:3, Licht: 0,168836,3,2,3,07,09,5,0,0,1,1,0,0,0,0
"POINT (10.900887669000042 48.392656657000032)",Unfall 168842 (2020) Kat:3, Licht: 0,168842,3,7,0,07,20,6,0,0,1,0,0,0,0,0
"POINT (10.901575872000024 48.373220276000040)",Unfall 168855 (2020) Kat:3, Licht: 0,168855,3,3,5,07,18,5,0,0,1,1,0,0,0,0
"POINT (10.858012622000047 48.308850842000027)",Unfall 168896 (2020) Kat:2, Licht: 0,168896,2,1,4,07,20,6,0,0,1,1,0,0,0,0
"POINT (10.872652998000035 48.349012478000077)",Unfall 168952 (2020) Kat:2, Licht: 2,168952,2,1,0,08,22,7,0,2,1,0,0,0,0,0
"POINT (10.881038835000027 48.360579150000035)",Unfall 168976 (2020) Kat:3, Licht: 2,168976,3,1,9,08,22,7,0,2,1,0,0,0,0,0
"POINT (10.900642580000067 48.370670444000041)",Unfall 168992 (2020) Kat:3, Licht: 0,168992,3,6,8,08,12,7,0,0,1,1,0,0,0,0
"POINT (10.891724891000024 48.369205433000047)",Unfall 169003 (2020) Kat:3, Licht: 0,169003,3,2,3,08,13,7,0,0,0,0,0,1,0,1
"POINT (10.915249135000067 48.390800647000049)",Unfall 169029 (2020) Kat:3, Licht: 0,169029,3,7,0,08,08,2,1,0,0,0,0,1,1,0
"POINT (10.898867006000046 48.366602086000057)",Unfall 169033 (2020) Kat:3, Licht: 0,169033,3,7,0,08,07,3,1,0,1,0,0,0,0,0
"POINT (10.891874912000048 48.362093141000059)",Unfall 169067 (2020) Kat:3, Licht: 0,169067,3,7,0,08,15,1,0,0,1,0,0,0,0,0
"POINT (10.869975530000033 48.371972563000043)",Unfall 169142 (2020) Kat:3, Licht: 1,169142,3,2,4,08,20,2,1,1,0,1,0,0,0,0
"POINT (10.888420491000034 48.369280049000054)",Unfall 169146 (2020) Kat:3, Licht: 0,169146,3,3,5,08,11,3,1,0,0,1,0,1,0,0
"POINT (10.863944284000070 48.362167400000033)",Unfall 169177 (2020) Kat:3, Licht: 0,169177,3,3,5,08,16,1,1,0,0,1,0,0,0,0
"POINT (10.878312910000034 48.350160379000044)",Unfall 169196 (2020) Kat:3, Licht: 0,169196,3,1,5,08,12,2,0,0,0,1,0,0,0,1
"POINT (10.913594190000026 48.399557180000045)",Unfall 169214 (2020) Kat:3, Licht: 0,169214,3,7,0,08,16,7,0,0,0,0,0,1,0,0
"POINT (10.869706206000046 48.371938459000035)",Unfall 169316 (2020) Kat:3, Licht: 0,169316,3,3,5,08,15,5,0,0,1,1,0,0,0,0
"POINT (10.858580306000022 48.391277529000035)",Unfall 169340 (2020) Kat:3, Licht: 0,169340,3,3,5,08,16,6,0,0,0,1,0,1,0,0
"POINT (10.915594008000028 48.355874195000069)",Unfall 169343 (2020) Kat:2, Licht: 0,169343,2,2,6,08,08,6,0,0,0,1,1,0,0,0
"POINT (10.909669996000048 48.361078628000030)",Unfall 169348 (2020) Kat:3, Licht: 0,169348,3,1,8,08,12,6,0,0,1,0,0,0,0,0
"POINT (10.859776557000032 48.315759956000079)",Unfall 169352 (2020) Kat:3, Licht: 0,169352,3,7,0,08,12,6,0,0,1,0,0,0,0,0
"POINT (10.888474340000073 48.365899249000051)",Unfall 169355 (2020) Kat:3, Licht: 0,169355,3,4,6,08,08,6,0,0,1,0,1,0,0,0
"POINT (10.877430060000052 48.365489464000063)",Unfall 169448 (2020) Kat:3, Licht: 2,169448,3,6,1,08,21,4,0,2,1,1,0,0,0,0
"POINT (10.946024263000027 48.379652508000049)",Unfall 169449 (2020) Kat:3, Licht: 0,169449,3,2,3,08,11,4,0,0,1,1,0,0,0,0
"POINT (10.909956103000070 48.362884231000066)",Unfall 169451 (2020) Kat:3, Licht: 0,169451,3,1,1,08,16,4,0,0,1,1,0,0,0,0
"POINT (10.914332869000077 48.365971479000052)",Unfall 169452 (2020) Kat:3, Licht: 0,169452,3,1,1,08,12,4,0,0,0,1,0,0,0,0
"POINT (10.897734822000075 48.371014338000066)",Unfall 169504 (2020) Kat:3, Licht: 2,169504,3,2,6,08,23,2,0,2,0,1,1,0,0,0
"POINT (10.865456715000050 48.383966225000052)",Unfall 169525 (2020) Kat:3, Licht: 0,169525,3,3,5,08,12,3,0,0,1,1,0,0,0,0
"POINT (10.886126539000031 48.382503216000032)",Unfall 169552 (2020) Kat:3, Licht: 0,169552,3,7,1,08,13,2,0,0,1,1,0,0,0,0
"POINT (10.882987981000042 48.362826494000046)",Unfall 169570 (2020) Kat:3, Licht: 0,169570,3,7,0,08,19,1,0,0,1,0,0,0,0,0
"POINT (10.899589220000053 48.370610268000064)",Unfall 169578 (2020) Kat:3, Licht: 0,169578,3,1,0,08,12,1,0,0,1,0,0,0,0,0
"POINT (10.894733839000025 48.370028298000079)",Unfall 169582 (2020) Kat:2, Licht: 0,169582,2,7,0,08,18,1,0,0,1,0,0,0,0,0
"POINT (10.896377690000065 48.361629758000049)",Unfall 169661 (2020) Kat:3, Licht: 0,169661,3,6,2,08,18,2,0,0,0,1,0,0,0,0
"POINT (10.868603315000030 48.372094330000039)",Unfall 169683 (2020) Kat:3, Licht: 0,169683,3,7,2,08,05,3,0,0,0,1,0,0,0,1
"POINT (10.872285251000051 48.364221694000037)",Unfall 169692 (2020) Kat:3, Licht: 0,169692,3,1,0,08,19,7,0,0,1,0,0,0,0,0
"POINT (10.920005385000024 48.392449048000060)",Unfall 169695 (2020) Kat:3, Licht: 0,169695,3,2,5,08,11,7,0,0,1,0,0,0,0,1
"POINT (10.929634918000033 48.385235573000045)",Unfall 169700 (2020) Kat:2, Licht: 0,169700,2,7,0,08,10,7,0,0,0,0,0,1,0,0
"POINT (10.885945726000045 48.367781531000048)",Unfall 169702 (2020) Kat:2, Licht: 2,169702,2,7,0,08,23,7,0,2,1,0,0,0,0,0
"POINT (10.940529698000034 48.345663346000038)",Unfall 169778 (2020) Kat:2, Licht: 1,169778,2,6,4,08,20,6,0,1,1,0,0,0,0,0
"POINT (10.882470931000057 48.378565848000051)",Unfall 169779 (2020) Kat:3, Licht: 1,169779,3,6,2,08,20,6,1,1,1,0,0,0,0,0
"POINT (10.903267610000057 48.369902671000034)",Unfall 169780 (2020) Kat:3, Licht: 1,169780,3,7,0,08,20,6,1,1,0,0,0,1,0,0
"POINT (10.896928041000024 48.325141869000049)",Unfall 169788 (2020) Kat:3, Licht: 0,169788,3,2,0,08,20,4,0,0,1,0,0,0,0,0
"POINT (10.891597006000040 48.369142752000073)",Unfall 169790 (2020) Kat:3, Licht: 0,169790,3,6,3,08,11,4,0,0,1,1,0,0,0,0
"POINT (10.898748285000067 48.366843144000029)",Unfall 169792 (2020) Kat:3, Licht: 0,169792,3,4,6,08,13,4,0,0,1,0,1,0,0,0
"POINT (10.870012860000031 48.399067804000026)",Unfall 169816 (2020) Kat:3, Licht: 2,169816,3,6,2,08,21,7,0,2,0,1,0,0,0,0
"POINT (10.864590482000040 48.372617876000049)",Unfall 169889 (2020) Kat:3, Licht: 2,169889,3,6,4,08,00,5,0,2,1,0,0,0,0,0
"POINT (10.915513171000043 48.354488015000072)",Unfall 169890 (2020) Kat:3, Licht: 0,169890,3,1,0,08,14,5,1,0,1,0,0,0,0,0
"POINT (10.897784434000073 48.371182781000073)",Unfall 169891 (2020) Kat:3, Licht: 0,169891,3,5,1,08,10,5,0,0,1,1,0,0,0,0
"POINT (10.863726887000041 48.371717592000039)",Unfall 169922 (2020) Kat:3, Licht: 0,169922,3,3,5,08,15,7,0,0,0,1,0,0,0,1
"POINT (10.880597579000039 48.352890923000075)",Unfall 170014 (2020) Kat:3, Licht: 0,170014,3,2,3,08,18,4,0,0,1,0,0,0,0,0
"POINT (10.847618216000058 48.385248579000063)",Unfall 170043 (2020) Kat:3, Licht: 0,170043,3,3,5,08,13,1,0,0,1,1,0,0,0,0
"POINT (10.858155375000024 48.397192149000034)",Unfall 170045 (2020) Kat:2, Licht: 0,170045,2,7,0,08,18,1,0,0,1,0,0,0,0,0
"POINT (10.894840637000073 48.312864986000079)",Unfall 170059 (2020) Kat:3, Licht: 0,170059,3,1,0,08,16,2,0,0,1,0,0,0,0,0
"POINT (10.937207613000055 48.397009657000069)",Unfall 170122 (2020) Kat:3, Licht: 0,170122,3,3,5,08,08,4,0,0,0,1,0,0,0,0
"POINT (10.896256858000072 48.366686948000051)",Unfall 170127 (2020) Kat:3, Licht: 0,170127,3,4,6,08,11,3,0,0,0,0,1,0,0,1
"POINT (10.911473618000059 48.373125347000041)",Unfall 170215 (2020) Kat:3, Licht: 0,170215,3,2,3,08,18,2,0,0,0,1,0,1,0,0
"POINT (10.890642516000071 48.370779999000035)",Unfall 170229 (2020) Kat:3, Licht: 2,170229,3,7,0,08,03,3,0,2,0,0,0,0,0,1
"POINT (10.892443454000045 48.367266837000045)",Unfall 170263 (2020) Kat:3, Licht: 2,170263,3,1,0,08,01,7,0,2,1,0,0,0,0,0
"POINT (10.881020724000052 48.387178375000076)",Unfall 170264 (2020) Kat:3, Licht: 0,170264,3,6,3,08,09,5,0,0,1,1,0,0,0,0
"POINT (10.870305523000070 48.381225447000077)",Unfall 170376 (2020) Kat:3, Licht: 0,170376,3,2,4,08,08,6,0,0,1,1,0,0,0,0
"POINT (10.923992142000031 48.377780875000042)",Unfall 170378 (2020) Kat:2, Licht: 0,170378,2,1,9,08,19,6,0,0,1,0,0,0,0,0
"POINT (10.901014303000068 48.370783873000050)",Unfall 170380 (2020) Kat:3, Licht: 0,170380,3,2,5,08,09,6,0,0,1,1,0,0,0,0
"POINT (10.902241566000043 48.356793935000042)",Unfall 170396 (2020) Kat:3, Licht: 0,170396,3,7,0,08,18,1,0,0,1,0,0,0,0,0
"POINT (10.930932146000032 48.352964722000081)",Unfall 170511 (2020) Kat:3, Licht: 0,170511,3,7,1,08,11,5,0,0,1,1,0,0,0,0
"POINT (10.884860822000064 48.367270746000031)",Unfall 170518 (2020) Kat:3, Licht: 0,170518,3,4,6,08,11,3,0,0,0,0,1,1,0,0
"POINT (10.849669323000057 48.391464707000068)",Unfall 170551 (2020) Kat:3, Licht: 0,170551,3,7,0,08,09,4,0,0,0,1,0,0,0,0
"POINT (10.870157692000021 48.376023478000036)",Unfall 170571 (2020) Kat:3, Licht: 0,170571,3,3,5,08,15,3,0,0,0,1,0,1,0,0
"POINT (10.928050197000061 48.363246078000032)",Unfall 170616 (2020) Kat:3, Licht: 0,170616,3,1,0,08,10,5,0,0,0,0,0,0,0,1
"POINT (10.874586073000046 48.343245797000066)",Unfall 170624 (2020) Kat:3, Licht: 0,170624,3,3,5,08,18,3,0,0,1,1,0,0,0,0
"POINT (10.870133101000022 48.371989162000034)",Unfall 170680 (2020) Kat:3, Licht: 0,170680,3,3,5,08,17,3,0,0,1,1,0,0,0,0
"POINT (10.913532135000025 48.378017415000045)",Unfall 170730 (2020) Kat:3, Licht: 0,170730,3,7,0,08,19,3,0,0,1,0,0,0,0,0
"POINT (10.894741759000055 48.369542786000068)",Unfall 170756 (2020) Kat:3, Licht: 0,170756,3,3,5,08,14,2,0,0,1,1,0,0,0,0
"POINT (10.864625245000070 48.395906131000061)",Unfall 170786 (2020) Kat:3, Licht: 0,170786,3,3,5,08,16,2,0,0,1,1,0,0,0,0
"POINT (10.885950686000058 48.353336795000075)",Unfall 170833 (2020) Kat:3, Licht: 0,170833,3,1,0,09,14,3,0,0,0,1,0,0,0,1
"POINT (10.888565991000064 48.377027619000046)",Unfall 170838 (2020) Kat:3, Licht: 0,170838,3,6,0,08,14,2,0,0,0,1,0,0,0,1
"POINT (10.874157538000077 48.381483364000076)",Unfall 170852 (2020) Kat:3, Licht: 0,170852,3,3,5,08,13,7,1,0,1,1,0,0,0,0
"POINT (10.910039359000052 48.386156445000040)",Unfall 170925 (2020) Kat:3, Licht: 1,170925,3,3,5,09,06,3,0,1,1,1,0,0,0,0
"POINT (10.874630985000067 48.381979894000040)",Unfall 170942 (2020) Kat:2, Licht: 0,170942,2,5,1,08,07,6,0,0,0,1,0,1,0,0
"POINT (10.885585344000049 48.355212913000059)",Unfall 170947 (2020) Kat:3, Licht: 0,170947,3,7,0,08,15,2,0,0,0,0,0,1,0,0
"POINT (10.893314884000063 48.368795551000062)",Unfall 170967 (2020) Kat:3, Licht: 0,170967,3,2,2,08,16,6,1,0,0,1,0,1,0,0
"POINT (10.895812946000035 48.370162120000032)",Unfall 170993 (2020) Kat:3, Licht: 0,170993,3,3,5,09,16,3,1,0,1,0,0,0,0,0
"POINT (10.882811858000025 48.373993759000030)",Unfall 170998 (2020) Kat:3, Licht: 2,170998,3,1,7,08,01,2,1,2,0,1,0,0,0,0
"POINT (10.873771899000076 48.380643019000047)",Unfall 171011 (2020) Kat:3, Licht: 1,171011,3,1,0,08,20,5,0,1,1,0,0,0,0,0
"POINT (10.915131014000053 48.391834884000048)",Unfall 171012 (2020) Kat:3, Licht: 0,171012,3,6,3,08,18,7,0,0,0,1,0,0,0,0
"POINT (10.880003648000070 48.336927032000062)",Unfall 171013 (2020) Kat:3, Licht: 0,171013,3,1,0,08,19,5,0,0,1,0,0,0,0,0
"POINT (10.865032812000038 48.355757084000061)",Unfall 171022 (2020) Kat:3, Licht: 0,171022,3,4,6,08,18,5,0,0,1,0,1,0,0,0
"POINT (10.900804295000057 48.370675196000036)",Unfall 171025 (2020) Kat:3, Licht: 0,171025,3,7,0,08,13,6,0,0,1,0,0,0,0,0
"POINT (10.881607534000068 48.391677318000063)",Unfall 171029 (2020) Kat:3, Licht: 0,171029,3,6,2,09,11,3,1,0,0,1,0,0,0,0
"POINT (10.910988840000073 48.364144950000082)",Unfall 171031 (2020) Kat:3, Licht: 0,171031,3,1,0,08,19,5,0,0,1,1,0,0,0,0
"POINT (10.910672361000024 48.317540293000036)",Unfall 171071 (2020) Kat:3, Licht: 2,171071,3,1,0,09,22,6,0,2,1,0,0,0,0,0
"POINT (10.854368043000022 48.370914955000046)",Unfall 171089 (2020) Kat:3, Licht: 0,171089,3,7,5,09,15,4,0,0,1,1,0,0,0,0
"POINT (10.905286077000028 48.321604363000063)",Unfall 171207 (2020) Kat:3, Licht: 0,171207,3,3,5,09,18,5,0,0,0,1,0,0,0,0
"POINT (10.932900351000058 48.392958611000040)",Unfall 171208 (2020) Kat:3, Licht: 0,171208,3,7,5,09,17,5,0,0,0,1,0,1,0,0
"POINT (10.883216002000040 48.376135158000068)",Unfall 171210 (2020) Kat:3, Licht: 0,171210,3,6,2,09,16,5,0,0,0,1,0,0,0,0
"POINT (10.880523997000068 48.384106103000079)",Unfall 171211 (2020) Kat:3, Licht: 0,171211,3,5,2,09,12,5,0,0,0,1,0,0,0,0
"POINT (10.943753511000068 48.360501061000036)",Unfall 171218 (2020) Kat:3, Licht: 0,171218,3,6,4,09,11,5,0,0,1,1,0,0,0,0
"POINT (10.822240724000039 48.324290725000026)",Unfall 171219 (2020) Kat:3, Licht: 0,171219,3,3,5,09,12,5,0,0,1,0,0,0,0,0
"POINT (10.921652961000063 48.369726284000080)",Unfall 171222 (2020) Kat:3, Licht: 0,171222,3,1,5,09,08,5,0,0,1,1,0,0,0,0
"POINT (10.897366370000043 48.364382133000049)",Unfall 171304 (2020) Kat:3, Licht: 0,171304,3,5,1,09,13,3,0,0,1,1,0,0,0,0
"POINT (10.851120412000057 48.379696044000070)",Unfall 171305 (2020) Kat:3, Licht: 0,171305,3,2,4,09,16,4,0,0,1,1,0,0,0,0
"POINT (10.878167292000057 48.349992004000057)",Unfall 171344 (2020) Kat:2, Licht: 0,171344,2,2,3,09,07,2,0,0,1,1,0,0,0,0
"POINT (10.950048069000047 48.356093982000061)",Unfall 171358 (2020) Kat:3, Licht: 0,171358,3,2,4,09,10,4,0,0,1,1,0,0,0,0
"POINT (10.881762700000024 48.353588757000068)",Unfall 171361 (2020) Kat:3, Licht: 0,171361,3,1,0,09,17,3,0,0,1,0,0,0,0,1
"POINT (10.917483767000022 48.380961008000043)",Unfall 171394 (2020) Kat:3, Licht: 0,171394,3,6,2,09,17,1,0,0,0,1,0,0,0,0
"POINT (10.901504354000053 48.373622305000026)",Unfall 171401 (2020) Kat:3, Licht: 0,171401,3,6,3,09,15,2,0,0,1,0,0,0,0,0
"POINT (10.860964934000037 48.337185234000060)",Unfall 171415 (2020) Kat:3, Licht: 0,171415,3,3,1,09,17,3,0,0,1,1,0,0,0,0
"POINT (10.869085302000030 48.362376563000055)",Unfall 171416 (2020) Kat:3, Licht: 0,171416,3,3,5,09,18,4,0,0,1,1,0,0,0,0
"POINT (10.897616190000065 48.360267584000042)",Unfall 171428 (2020) Kat:2, Licht: 0,171428,2,4,6,09,13,4,0,0,0,0,1,0,0,1
"POINT (10.890204764000032 48.370132425000065)",Unfall 171469 (2020) Kat:3, Licht: 2,171469,3,7,0,09,21,3,0,2,0,0,0,0,0,1
"POINT (10.864182152000069 48.372657370000070)",Unfall 171470 (2020) Kat:3, Licht: 0,171470,3,1,8,09,16,4,0,0,0,1,0,0,0,0
"POINT (10.901209295000058 48.370149886000036)",Unfall 171524 (2020) Kat:2, Licht: 0,171524,2,5,1,09,14,2,0,0,1,1,0,0,0,0
"POINT (10.885570478000034 48.378642698000078)",Unfall 171539 (2020) Kat:3, Licht: 0,171539,3,3,5,09,10,4,0,0,0,1,0,0,0,0
"POINT (10.880605570000057 48.381784793000065)",Unfall 171558 (2020) Kat:3, Licht: 0,171558,3,2,6,09,11,7,0,0,0,0,1,0,0,1
"POINT (10.905607690000068 48.370151564000025)",Unfall 171569 (2020) Kat:3, Licht: 0,171569,3,4,0,09,19,7,0,0,1,0,1,0,0,0
"POINT (10.905133903000035 48.336321061000035)",Unfall 171582 (2020) Kat:3, Licht: 0,171582,3,4,6,09,11,7,0,0,0,1,1,0,0,0
"POINT (10.882222534000050 48.374001245000045)",Unfall 171645 (2020) Kat:3, Licht: 0,171645,3,6,4,09,17,7,0,0,1,1,0,0,0,0
"POINT (10.860420054000031 48.365416221000032)",Unfall 171655 (2020) Kat:3, Licht: 0,171655,3,7,0,09,17,6,0,0,1,0,0,0,0,0
"POINT (10.848059681000052 48.385978241000032)",Unfall 171656 (2020) Kat:3, Licht: 0,171656,3,6,2,09,08,6,0,0,0,1,0,0,0,0
"POINT (10.902851990000045 48.390744111000060)",Unfall 171659 (2020) Kat:3, Licht: 0,171659,3,2,2,09,17,6,0,0,0,1,0,0,0,0
"POINT (10.917284530000074 48.375675319000038)",Unfall 171660 (2020) Kat:2, Licht: 0,171660,2,7,0,09,16,6,0,0,1,0,0,0,0,0
"POINT (10.914915816000075 48.396421318000080)",Unfall 171663 (2020) Kat:3, Licht: 0,171663,3,7,1,09,16,6,0,0,1,1,0,0,0,0
"POINT (10.930046222000044 48.372022843000082)",Unfall 171664 (2020) Kat:3, Licht: 0,171664,3,7,2,09,15,6,0,0,0,1,0,0,0,0
"POINT (10.880564355000047 48.352753980000045)",Unfall 171666 (2020) Kat:3, Licht: 0,171666,3,1,3,09,13,6,0,0,1,0,0,0,0,0
"POINT (10.886112238000067 48.351490601000080)",Unfall 171668 (2020) Kat:3, Licht: 0,171668,3,1,0,09,10,6,0,0,1,1,0,0,0,0
"POINT (10.900073631000055 48.359598801000061)",Unfall 171669 (2020) Kat:2, Licht: 0,171669,2,3,5,09,07,6,0,0,1,1,0,0,0,0
"POINT (10.883204031000048 48.376225535000060)",Unfall 171672 (2020) Kat:3, Licht: 0,171672,3,6,2,09,17,6,0,0,0,1,0,0,0,1
"POINT (10.882212458000026 48.388577219000069)",Unfall 171684 (2020) Kat:3, Licht: 0,171684,3,5,1,09,13,7,0,0,0,1,0,1,0,0
"POINT (10.893916055000034 48.309103039000036)",Unfall 171735 (2020) Kat:3, Licht: 0,171735,3,7,0,09,14,7,0,0,1,0,0,0,0,0
"POINT (10.883297631000062 48.375524683000037)",Unfall 171797 (2020) Kat:3, Licht: 0,171797,3,6,2,09,13,7,0,0,0,1,0,0,0,0
"POINT (10.863373001000070 48.372616173000040)",Unfall 171802 (2020) Kat:3, Licht: 2,171802,3,6,2,09,21,5,0,2,0,1,0,0,0,0
"POINT (10.945063176000076 48.379381753000075)",Unfall 171804 (2020) Kat:3, Licht: 0,171804,3,3,5,09,06,5,0,0,1,1,0,0,0,0
"POINT (10.918564890000027 48.361945625000033)",Unfall 171806 (2020) Kat:3, Licht: 0,171806,3,1,3,09,15,5,0,0,1,1,0,0,0,0
"POINT (10.907047445000046 48.296158213000069)",Unfall 171807 (2020) Kat:2, Licht: 0,171807,2,1,0,09,13,5,0,0,1,0,0,0,0,0
"POINT (10.908151439000051 48.360927732000050)",Unfall 171808 (2020) Kat:2, Licht: 2,171808,2,1,5,09,23,5,0,2,1,1,0,0,0,0
"POINT (10.911589941000045 48.373247279000054)",Unfall 171810 (2020) Kat:3, Licht: 0,171810,3,1,0,09,18,5,0,0,1,0,0,0,0,0
"POINT (10.889714969000067 48.367369253000049)",Unfall 171811 (2020) Kat:3, Licht: 0,171811,3,4,6,09,14,5,0,0,0,1,1,0,0,0
"POINT (10.883205475000068 48.376214630000050)",Unfall 171812 (2020) Kat:3, Licht: 0,171812,3,6,2,09,12,5,0,0,0,1,0,0,0,0
"POINT (10.884310327000037 48.395114476000060)",Unfall 171860 (2020) Kat:3, Licht: 0,171860,3,7,1,09,16,2,0,0,1,1,0,0,0,0
"POINT (10.868174092000061 48.339255977000050)",Unfall 171907 (2020) Kat:3, Licht: 0,171907,3,1,0,09,16,2,0,0,1,0,0,0,0,0
"POINT (10.946740956000042 48.362836006000066)",Unfall 171939 (2020) Kat:3, Licht: 0,171939,3,5,1,09,13,1,0,0,1,1,0,0,0,0
"POINT (10.872530191000067 48.334789130000047)",Unfall 171951 (2020) Kat:3, Licht: 0,171951,3,1,0,09,11,1,0,0,1,0,0,0,0,0
"POINT (10.868120024000063 48.365117735000069)",Unfall 171963 (2020) Kat:3, Licht: 0,171963,3,3,5,09,15,2,0,0,1,1,0,0,0,0
"POINT (10.897543315000064 48.371920662000036)",Unfall 171969 (2020) Kat:2, Licht: 0,171969,2,1,0,09,17,1,0,0,1,0,0,0,0,0
"POINT (10.878800830000046 48.403410372000053)",Unfall 172014 (2020) Kat:3, Licht: 0,172014,3,3,5,09,16,2,0,0,0,1,0,0,0,0
"POINT (10.876848903000052 48.364583093000078)",Unfall 172130 (2020) Kat:3, Licht: 2,172130,3,3,5,09,20,4,0,2,1,1,0,1,0,0
"POINT (10.881632273000037 48.397952193000037)",Unfall 172131 (2020) Kat:3, Licht: 0,172131,3,3,5,09,16,4,0,0,1,1,0,0,0,0
"POINT (10.910314308000068 48.385735216000057)",Unfall 172132 (2020) Kat:2, Licht: 0,172132,2,7,0,09,17,4,0,0,0,1,0,1,0,0
"POINT (10.895952806000025 48.352900129000034)",Unfall 172135 (2020) Kat:3, Licht: 0,172135,3,3,3,09,17,4,0,0,1,0,0,0,0,0
"POINT (10.907969679000075 48.370332559000076)",Unfall 172137 (2020) Kat:3, Licht: 0,172137,3,6,1,09,16,4,0,0,1,1,0,0,0,0
"POINT (10.915270691000046 48.354793624000081)",Unfall 172161 (2020) Kat:3, Licht: 2,172161,3,3,5,09,21,5,0,2,1,1,0,0,0,0
"POINT (10.860118623000062 48.373079572000051)",Unfall 172169 (2020) Kat:3, Licht: 0,172169,3,3,5,09,15,5,0,0,1,1,0,0,0,0
"POINT (10.855144944000074 48.379966385000046)",Unfall 172178 (2020) Kat:3, Licht: 0,172178,3,6,2,09,15,5,0,0,0,1,0,1,0,0
"POINT (10.924421413000061 48.393290551000064)",Unfall 172189 (2020) Kat:3, Licht: 0,172189,3,7,0,09,08,5,0,0,1,0,0,0,0,0
"POINT (10.868079023000064 48.338271214000031)",Unfall 172191 (2020) Kat:3, Licht: 0,172191,3,1,3,09,16,5,0,0,1,1,0,0,0,0
"POINT (10.896527729000070 48.356237057000044)",Unfall 172193 (2020) Kat:2, Licht: 0,172193,2,3,5,09,09,5,0,0,1,1,0,0,0,0
"POINT (10.891862951000064 48.362074700000051)",Unfall 172200 (2020) Kat:3, Licht: 0,172200,3,1,0,09,16,5,0,0,1,0,0,0,0,0
"POINT (10.884990052000035 48.373801761000038)",Unfall 172203 (2020) Kat:3, Licht: 2,172203,3,4,6,09,06,5,0,2,0,1,1,0,0,0
"POINT (10.899706728000069 48.296356817000060)",Unfall 172310 (2020) Kat:3, Licht: 2,172310,3,7,7,09,22,3,0,2,1,1,0,0,0,0
"POINT (10.904377697000029 48.362195589000066)",Unfall 172311 (2020) Kat:3, Licht: 0,172311,3,1,0,09,17,3,0,0,1,0,0,0,0,0
"POINT (10.849056666000024 48.385888853000040)",Unfall 172314 (2020) Kat:3, Licht: 0,172314,3,6,2,09,08,3,0,0,0,1,0,0,0,0
"POINT (10.876810773000045 48.383186627000043)",Unfall 172315 (2020) Kat:2, Licht: 2,172315,2,3,0,09,23,3,0,2,1,1,0,0,0,0
"POINT (10.887489620000053 48.357709819000036)",Unfall 172317 (2020) Kat:3, Licht: 0,172317,3,1,2,09,14,3,0,0,0,1,0,0,0,0
"POINT (10.924974426000063 48.357220247000043)",Unfall 172379 (2020) Kat:2, Licht: 0,172379,2,1,6,09,15,2,0,0,1,0,1,0,0,0
"POINT (10.879077187000064 48.357753875000071)",Unfall 172396 (2020) Kat:3, Licht: 0,172396,3,1,0,09,11,1,0,0,1,0,0,0,0,0
"POINT (10.915637727000046 48.395595252000078)",Unfall 172485 (2020) Kat:3, Licht: 0,172485,3,3,5,09,17,2,0,0,1,1,0,0,0,0
"POINT (10.870561970000040 48.337293804000069)",Unfall 172507 (2020) Kat:3, Licht: 0,172507,3,1,1,09,09,7,0,0,0,1,0,0,0,0
"POINT (10.894306540000059 48.400754717000041)",Unfall 172526 (2020) Kat:3, Licht: 0,172526,3,6,3,09,17,6,0,0,1,0,0,0,0,0
"POINT (10.909752746000038 48.405832576000080)",Unfall 172528 (2020) Kat:3, Licht: 0,172528,3,3,5,09,13,6,0,0,1,0,0,0,0,0
"POINT (10.909479124000029 48.317257593000079)",Unfall 172534 (2020) Kat:3, Licht: 2,172534,3,1,0,09,20,6,0,2,1,0,0,0,0,0
"POINT (10.900154099000076 48.346067397000070)",Unfall 172536 (2020) Kat:3, Licht: 0,172536,3,1,0,09,17,2,0,0,0,1,0,0,0,1
"POINT (10.899246934000075 48.298149849000026)",Unfall 172547 (2020) Kat:3, Licht: 0,172547,3,1,1,09,13,6,0,0,1,1,0,0,0,0
"POINT (10.885000290000050 48.381113020000043)",Unfall 172553 (2020) Kat:3, Licht: 0,172553,3,4,6,09,18,1,0,0,0,1,1,0,0,0
"POINT (10.866745402000049 48.393001330000061)",Unfall 172649 (2020) Kat:3, Licht: 0,172649,3,3,5,09,13,4,0,0,0,1,0,0,0,0