WKT,Name,OBJECTID,UKATEGORIE,UTYP1,UART,UMONAT,USTUNDE,UWOCHENTAG,STRZUSTAND,ULICHTVERH,ISTRAD,ISTPKW,ISTFUSS,ISTKRAD,ISTGKFZ,ISTSONSTIG
"POINT (10.921371422000050 48.392775935000031)",Unfall 176721 (2020) Kat:3, Licht: 0,176721,3,3,1,12,12,2,1,0,0,1,0,1,0,0
"POINT (10.898373065000044 48.367221513000061)",Unfall 176725 (2020) Kat:3, Licht: 1,176725,3,1,0,12,17,2,1,1,1,1,0,0,0,0
"POINT (10.872166065000044 48.348226692000026)",Unfall 176726 (2020) Kat:3, Licht: 2,176726,3,1,2,12,16,2,1,2,0,1,0,0,0,0
"POINT (10.931382420000034 48.384206123000070)",Unfall 176745 (2020) Kat:3, Licht: 0,176745,3,1,0,12,13,4,1,0,1,0,0,0,0,0
"POINT (10.849167301000023 48.374452400000052)",Unfall 87331 (2021) Kat:3, Licht: 1,87331,3,6,2,01,17,6,1,1,0,1,0,0,0,1
"POINT (10.885872052000025 48.310032474000081)",Unfall 87421 (2021) Kat:3, Licht: 2,87421,3,1,4,01,07,2,1,2,0,1,0,0,0,0
"POINT (10.928805993000026 48.376262416000031)",Unfall 87459 (2021) Kat:3, Licht: 2,87459,3,3,5,01,20,4,1,2,0,1,0,0,0,0
"POINT (10.864351708000072 48.325461951000079)",Unfall 87578 (2021) Kat:3, Licht: 2,87578,3,1,4,01,17,2,1,2,0,1,0,0,0,0
"POINT (10.895764029000077 48.381157456000039)",Unfall 87623 (2021) Kat:3, Licht: 2,87623,3,2,6,01,05,3,1,2,0,1,1,0,0,0
"POINT (10.908551813000031 48.354871896000077)",Unfall 87652 (2021) Kat:3, Licht: 0,87652,3,1,1,01,07,4,1,0,0,1,0,0,0,0
"POINT (10.919967556000074 48.421060527000066)",Unfall 87735 (2021) Kat:3, Licht: 0,87735,3,3,4,01,12,5,2,0,0,1,0,0,0,0
"POINT (10.872186404000047 48.348047335000047)",Unfall 87791 (2021) Kat:3, Licht: 0,87791,3,1,5,01,13,4,0,0,0,1,0,0,0,0
"POINT (10.920063195000068 48.425007780000044)",Unfall 87817 (2021) Kat:3, Licht: 1,87817,3,6,2,01,16,3,0,1,0,1,0,0,0,0
"POINT (10.849299352000060 48.375262878000058)",Unfall 88106 (2021) Kat:3, Licht: 0,88106,3,6,2,01,11,5,0,0,0,1,0,0,0,0
"POINT (10.929131270000028 48.377321162000044)",Unfall 88108 (2021) Kat:3, Licht: 0,88108,3,4,6,01,12,2,0,0,0,1,1,0,0,0
"POINT (10.906272518000037 48.412215492000030)",Unfall 88365 (2021) Kat:3, Licht: 0,88365,3,6,2,01,11,2,1,0,0,0,0,0,1,1
"POINT (10.861619773000029 48.390558354000063)",Unfall 88597 (2021) Kat:3, Licht: 0,88597,3,6,3,01,11,2,0,0,0,1,0,0,1,0
"POINT (10.897763879000024 48.379702609000049)",Unfall 88608 (2021) Kat:3, Licht: 0,88608,3,2,4,01,15,5,1,0,0,1,0,0,0,0
"POINT (10.871655872000076 48.309387898000068)",Unfall 88764 (2021) Kat:3, Licht: 0,88764,3,1,4,02,07,6,0,0,0,1,0,1,0,0
"POINT (10.911883339000042 48.264471696000044)",Unfall 88832 (2021) Kat:2, Licht: 0,88832,2,6,4,02,09,4,0,0,0,0,0,1,1,0
"POINT (10.882197869000038 48.310216164000053)",Unfall 88992 (2021) Kat:3, Licht: 0,88992,3,1,4,02,07,4,1,0,0,1,0,0,0,0
"POINT (10.908371644000056 48.354706696000051)",Unfall 89027 (2021) Kat:3, Licht: 0,89027,3,1,3,02,14,2,0,0,0,1,0,0,1,0
"POINT (10.911670551000043 48.411191865000035)",Unfall 89078 (2021) Kat:3, Licht: 2,89078,3,1,0,02,20,1,2,2,0,1,0,0,0,0
"POINT (10.937306087000024 48.381726497000045)",Unfall 89084 (2021) Kat:3, Licht: 0,89084,3,6,2,02,10,4,1,0,0,1,0,0,0,0
"POINT (10.928398052000034 48.375125322000031)",Unfall 89126 (2021) Kat:3, Licht: 2,89126,3,7,2,02,18,2,1,2,0,1,0,0,0,0
"POINT (10.856116775000032 48.373485472000027)",Unfall 89163 (2021) Kat:3, Licht: 0,89163,3,6,2,02,14,5,0,0,0,1,0,0,0,0
"POINT (10.931902940000043 48.381335047000050)",Unfall 89193 (2021) Kat:3, Licht: 0,89193,3,3,5,02,10,6,1,0,0,1,0,0,0,0
"POINT (10.894893514000046 48.381847123000057)",Unfall 89211 (2021) Kat:3, Licht: 0,89211,3,7,0,02,09,4,1,0,0,0,0,0,0,1
"POINT (10.852748784000028 48.301827702000026)",Unfall 89221 (2021) Kat:3, Licht: 0,89221,3,1,4,02,14,6,0,0,1,1,0,0,0,0
"POINT (10.907866474000059 48.334176945000081)",Unfall 89330 (2021) Kat:3, Licht: 2,89330,3,1,5,02,21,7,2,2,1,1,0,0,0,0
"POINT (10.924279265000052 48.409437476000051)",Unfall 89344 (2021) Kat:3, Licht: 0,89344,3,6,2,02,14,5,0,0,0,1,0,0,1,0
"POINT (10.880048625000029 48.301257598000063)",Unfall 89421 (2021) Kat:3, Licht: 2,89421,3,6,3,02,20,2,1,2,0,1,0,0,0,0
"POINT (10.885868590000030 48.310032741000043)",Unfall 89538 (2021) Kat:2, Licht: 2,89538,2,3,4,02,06,2,0,2,0,1,0,0,0,0
"POINT (10.898488259000032 48.379517743000065)",Unfall 89593 (2021) Kat:3, Licht: 0,89593,3,6,3,02,12,4,0,0,0,1,0,0,0,0
"POINT (10.868089069000064 48.338333000000034)",Unfall 89651 (2021) Kat:2, Licht: 2,89651,2,3,5,02,05,7,0,2,0,1,0,0,0,0
"POINT (10.901739232000068 48.308379539000043)",Unfall 89795 (2021) Kat:3, Licht: 0,89795,3,1,0,01,14,7,1,0,1,0,0,0,0,0
"POINT (10.923364320000076 48.409386954000070)",Unfall 89805 (2021) Kat:3, Licht: 0,89805,3,1,9,02,13,5,0,0,0,1,0,0,0,0
"POINT (10.929078553000068 48.380055678000076)",Unfall 90022 (2021) Kat:3, Licht: 0,90022,3,3,5,03,13,5,0,0,1,1,0,0,0,0
"POINT (10.909299443000066 48.316112601000043)",Unfall 90122 (2021) Kat:3, Licht: 1,90122,3,1,9,04,19,5,0,1,0,1,0,0,0,0
"POINT (10.898920628000042 48.308682800000042)",Unfall 90202 (2021) Kat:2, Licht: 0,90202,2,1,6,03,13,4,0,0,1,0,1,0,0,0
"POINT (10.931645298000035 48.381133846000068)",Unfall 90303 (2021) Kat:3, Licht: 0,90303,3,6,1,03,12,3,0,0,0,1,0,0,0,0
"POINT (10.860331542000040 48.387516282000036)",Unfall 90425 (2021) Kat:3, Licht: 0,90425,3,6,3,03,15,4,0,0,0,1,0,0,0,0
"POINT (10.925782979000076 48.372920195000063)",Unfall 90447 (2021) Kat:3, Licht: 0,90447,3,1,0,04,12,3,1,0,1,0,0,0,0,0
"POINT (10.880048508000073 48.301257344000078)",Unfall 90450 (2021) Kat:3, Licht: 0,90450,3,6,2,03,07,4,0,0,0,1,0,0,1,0
"POINT (10.899121959000070 48.327372897000032)",Unfall 90742 (2021) Kat:3, Licht: 0,90742,3,1,8,03,16,1,0,0,0,1,0,0,0,0
"POINT (10.880053134000036 48.301267402000065)",Unfall 90771 (2021) Kat:3, Licht: 0,90771,3,6,2,02,12,6,0,0,0,1,0,0,0,1
"POINT (10.951203229000043 48.355320206000044)",Unfall 90778 (2021) Kat:3, Licht: 0,90778,3,6,2,03,08,2,0,0,0,1,0,0,0,0
"POINT (10.927988410000069 48.375009466000051)",Unfall 90827 (2021) Kat:3, Licht: 0,90827,3,1,0,03,15,1,0,0,1,0,0,0,0,0
"POINT (10.908640045000027 48.324197607000031)",Unfall 90830 (2021) Kat:3, Licht: 0,90830,3,2,5,03,15,6,1,0,0,1,0,0,0,0
"POINT (10.907712283000023 48.335712851000039)",Unfall 90920 (2021) Kat:3, Licht: 0,90920,3,3,5,03,16,4,0,0,1,0,0,0,0,0
"POINT (10.848368283000070 48.381110692000050)",Unfall 91527 (2021) Kat:3, Licht: 0,91527,3,6,2,04,15,7,0,0,0,1,0,0,0,0
"POINT (10.885522772000058 48.314038311000047)",Unfall 91533 (2021) Kat:3, Licht: 0,91533,3,6,0,02,12,6,0,0,0,1,0,0,0,0
"POINT (10.955885377000072 48.338165721000053)",Unfall 91627 (2021) Kat:3, Licht: 1,91627,3,3,5,03,05,2,1,1,0,1,0,0,0,0
"POINT (10.858088629000065 48.382722921000038)",Unfall 91664 (2021) Kat:3, Licht: 0,91664,3,6,2,03,16,3,0,0,0,1,0,0,0,0
"POINT (10.855029303000038 48.370800500000030)",Unfall 91771 (2021) Kat:3, Licht: 0,91771,3,3,0,03,14,2,0,0,0,1,0,0,1,0
"POINT (10.889674373000048 48.338688958000034)",Unfall 91797 (2021) Kat:2, Licht: 0,91797,2,7,9,03,16,5,1,0,0,1,0,0,0,0
"POINT (10.854665878000048 48.309044204000031)",Unfall 91873 (2021) Kat:3, Licht: 0,91873,3,1,0,03,13,5,1,0,0,1,0,1,0,0
"POINT (10.896826240000053 48.380347400000062)",Unfall 91965 (2021) Kat:3, Licht: 0,91965,3,6,2,04,18,4,0,0,0,1,0,0,0,0
"POINT (10.854667852000034 48.309049026000025)",Unfall 91982 (2021) Kat:3, Licht: 0,91982,3,3,4,05,10,5,0,0,1,1,0,0,0,0
"POINT (10.940335309000034 48.355062392000036)",Unfall 92080 (2021) Kat:3, Licht: 0,92080,3,3,5,05,06,6,0,0,1,1,0,0,0,0
"POINT (10.905173974000036 48.412397655000063)",Unfall 92092 (2021) Kat:3, Licht: 0,92092,3,3,3,04,14,1,0,0,0,1,0,0,0,0
"POINT (10.929266811000048 48.377411278000068)",Unfall 92251 (2021) Kat:3, Licht: 0,92251,3,6,2,05,16,5,1,0,0,1,0,0,0,0
"POINT (10.913431892000062 48.365820911000071)",Unfall 92427 (2021) Kat:3, Licht: 0,92427,3,1,5,05,16,3,0,0,1,0,0,0,0,0
"POINT (10.931777023000052 48.381176652000079)",Unfall 92526 (2021) Kat:3, Licht: 0,92526,3,7,0,05,13,5,0,0,1,0,0,0,0,0
"POINT (10.884051423000074 48.385726639000040)",Unfall 92740 (2021) Kat:3, Licht: 0,92740,3,6,0,04,15,5,0,0,0,1,0,0,0,1
"POINT (10.907901286000026 48.333780361000038)",Unfall 92869 (2021) Kat:2, Licht: 0,92869,2,3,5,05,14,5,0,0,1,1,0,0,0,0
"POINT (10.906222613000068 48.412223792000077)",Unfall 92981 (2021) Kat:2, Licht: 0,92981,2,6,1,04,07,5,0,0,0,0,0,0,1,0
"POINT (10.860026704000063 48.386484097000050)",Unfall 93032 (2021) Kat:3, Licht: 2,93032,3,6,2,04,05,4,0,2,0,1,0,0,0,1
"POINT (10.929131270000028 48.377321162000044)",Unfall 93076 (2021) Kat:3, Licht: 0,93076,3,3,3,05,16,5,1,0,1,1,1,0,0,0
"POINT (10.904411720000041 48.327879212000028)",Unfall 93088 (2021) Kat:3, Licht: 0,93088,3,1,5,05,13,6,0,0,0,1,0,0,0,0
"POINT (10.923666776000061 48.370956120000073)",Unfall 93183 (2021) Kat:3, Licht: 0,93183,3,1,3,04,17,4,0,0,1,0,0,0,0,0
"POINT (10.943047621000062 48.354894584000078)",Unfall 93335 (2021) Kat:3, Licht: 0,93335,3,5,1,05,13,7,0,0,0,1,0,0,0,0
"POINT (10.869686861000048 48.399067669000033)",Unfall 93346 (2021) Kat:3, Licht: 0,93346,3,6,1,05,17,4,1,0,0,1,0,0,0,0
"POINT (10.925686511000038 48.408874749000063)",Unfall 93367 (2021) Kat:3, Licht: 0,93367,3,6,3,04,14,3,0,0,0,1,0,0,0,0
"POINT (10.924678742000026 48.371821744000044)",Unfall 93402 (2021) Kat:3, Licht: 0,93402,3,1,0,04,11,5,0,0,1,0,0,0,0,0
"POINT (10.897103874000038 48.413487873000065)",Unfall 93410 (2021) Kat:3, Licht: 0,93410,3,6,3,05,17,4,1,0,0,1,0,0,1,0
"POINT (10.874654114000066 48.387947725000060)",Unfall 93544 (2021) Kat:3, Licht: 2,93544,3,1,8,05,00,7,1,2,0,1,0,0,0,1
"POINT (10.931039316000067 48.380933820000052)",Unfall 93642 (2021) Kat:3, Licht: 0,93642,3,6,3,04,08,4,0,0,0,1,0,0,0,0
"POINT (10.912552579000021 48.374678843000027)",Unfall 93644 (2021) Kat:3, Licht: 1,93644,3,3,0,05,06,4,1,1,0,1,0,1,0,0
"POINT (10.898170928000070 48.308777179000060)",Unfall 93712 (2021) Kat:3, Licht: 0,93712,3,3,5,05,11,4,1,0,0,1,0,0,0,0
"POINT (10.887572100000057 48.324763424000025)",Unfall 93774 (2021) Kat:1, Licht: 2,93774,1,1,8,05,05,5,1,2,0,1,0,0,0,0
"POINT (10.938390403000028 48.355125926000028)",Unfall 93776 (2021) Kat:3, Licht: 0,93776,3,3,5,04,06,6,0,0,1,1,0,0,0,0
"POINT (10.952736624000067 48.355453074000081)",Unfall 93800 (2021) Kat:3, Licht: 0,93800,3,1,7,04,18,7,0,0,1,0,0,0,0,0
"POINT (10.863458892000040 48.390496869000060)",Unfall 93983 (2021) Kat:3, Licht: 0,93983,3,1,0,05,15,2,0,0,0,0,0,0,0,1
"POINT (10.910266936000028 48.357683956000074)",Unfall 94010 (2021) Kat:3, Licht: 0,94010,3,1,0,05,11,7,0,0,0,0,0,0,0,1
"POINT (10.936597650000067 48.388691493000067)",Unfall 94127 (2021) Kat:3, Licht: 0,94127,3,6,2,04,12,4,0,0,0,1,0,0,0,0
"POINT (10.907694948000028 48.312356448000060)",Unfall 94201 (2021) Kat:2, Licht: 0,94201,2,7,3,04,17,6,0,0,1,0,0,0,0,1
"POINT (10.919964026000059 48.413740285000074)",Unfall 94361 (2021) Kat:3, Licht: 0,94361,3,6,2,04,06,2,0,0,0,1,0,0,1,0
"POINT (10.919250257000044 48.368295181000065)",Unfall 94397 (2021) Kat:3, Licht: 2,94397,3,1,2,05,21,7,1,2,0,1,0,0,0,0
"POINT (10.893407625000066 48.382628232000059)",Unfall 94451 (2021) Kat:3, Licht: 2,94451,3,7,0,05,21,5,0,2,1,0,0,0,0,0
"POINT (10.950146966000034 48.355225201000053)",Unfall 94484 (2021) Kat:2, Licht: 0,94484,2,1,9,05,15,7,0,0,0,1,0,0,0,0
"POINT (10.866817685000058 48.348936582000078)",Unfall 94511 (2021) Kat:3, Licht: 0,94511,3,6,2,05,10,3,0,0,0,1,0,0,0,0
"POINT (10.907464225000069 48.337782910000044)",Unfall 94652 (2021) Kat:3, Licht: 0,94652,3,1,0,06,17,6,0,0,1,0,0,0,0,0
"POINT (10.878181238000025 48.386860479000063)",Unfall 94751 (2021) Kat:3, Licht: 0,94751,3,2,4,06,17,6,0,0,0,1,0,1,0,0
"POINT (10.887266462000071 48.325782408000066)",Unfall 94766 (2021) Kat:3, Licht: 0,94766,3,1,1,06,09,3,0,0,0,1,0,0,0,1
"POINT (10.856503752000037 48.373635790000037)",Unfall 94788 (2021) Kat:3, Licht: 0,94788,3,6,2,06,13,3,0,0,0,1,0,0,0,0
"POINT (10.953014126000028 48.351838209000050)",Unfall 94819 (2021) Kat:3, Licht: 0,94819,3,6,1,06,08,2,0,0,0,1,0,0,0,0
"POINT (10.928893646000063 48.379646995000030)",Unfall 94850 (2021) Kat:3, Licht: 0,94850,3,6,2,06,11,7,0,0,0,1,0,0,0,0
"POINT (10.845686788000023 48.383337989000040)",Unfall 94855 (2021) Kat:3, Licht: 2,94855,3,1,0,05,02,7,0,2,0,0,0,0,0,1
"POINT (10.881634631000054 48.385698399000034)",Unfall 95109 (2021) Kat:2, Licht: 0,95109,2,1,9,06,16,3,0,0,0,1,0,1,0,0
"POINT (10.929292166000039 48.374539475000063)",Unfall 95224 (2021) Kat:3, Licht: 0,95224,3,1,0,06,15,5,0,0,0,0,0,0,0,1
"POINT (10.934029208000027 48.381964688000039)",Unfall 95435 (2021) Kat:3, Licht: 0,95435,3,3,5,06,07,5,1,0,1,1,0,0,0,0
"POINT (10.927611545000047 48.374593035000032)",Unfall 95726 (2021) Kat:2, Licht: 0,95726,2,1,0,06,08,6,0,0,1,0,0,0,0,0
"POINT (10.876616119000062 48.293613983000057)",Unfall 95752 (2021) Kat:1, Licht: 2,95752,1,1,8,06,22,6,0,2,0,1,0,0,0,0
"POINT (10.880594137000060 48.385663712000053)",Unfall 95829 (2021) Kat:2, Licht: 0,95829,2,2,6,06,16,2,0,0,0,1,1,0,0,0
"POINT (10.943722396000055 48.368005945000050)",Unfall 95926 (2021) Kat:3, Licht: 0,95926,3,6,2,07,15,6,0,0,0,1,0,0,0,0
"POINT (10.917749704000073 48.367336294000040)",Unfall 95940 (2021) Kat:2, Licht: 0,95940,2,1,0,06,10,5,0,0,1,0,1,0,0,0
"POINT (10.886332344000039 48.316692673000034)",Unfall 95944 (2021) Kat:3, Licht: 0,95944,3,6,3,06,13,3,0,0,0,1,0,0,1,0
"POINT (10.887474077000036 48.385093920000031)",Unfall 95948 (2021) Kat:3, Licht: 0,95948,3,7,0,06,13,1,0,0,1,0,0,0,0,0
"POINT (10.911536723000040 48.357099497000036)",Unfall 96050 (2021) Kat:3, Licht: 0,96050,3,1,2,06,16,3,0,0,0,1,0,0,0,0
"POINT (10.913263314000062 48.392277143000058)",Unfall 96114 (2021) Kat:2, Licht: 2,96114,2,1,8,06,00,6,1,2,0,1,0,0,0,0
"POINT (10.883450525000057 48.308938915000056)",Unfall 96170 (2021) Kat:3, Licht: 0,96170,3,1,8,06,07,1,0,0,0,1,0,0,0,0
"POINT (10.907907953000063 48.333704409000063)",Unfall 96175 (2021) Kat:3, Licht: 0,96175,3,1,2,06,10,2,0,0,0,1,0,0,0,0
"POINT (10.921868026000027 48.355098236000060)",Unfall 96178 (2021) Kat:3, Licht: 0,96178,3,1,0,06,11,4,0,0,1,0,0,0,0,0
"POINT (10.900497724000047 48.381048078000049)",Unfall 96246 (2021) Kat:3, Licht: 0,96246,3,6,3,06,06,6,0,0,1,1,0,0,0,0
"POINT (10.876568576000068 48.293499185000030)",Unfall 96268 (2021) Kat:3, Licht: 0,96268,3,6,2,06,14,2,0,0,0,1,0,0,0,1
"POINT (10.908585496000057 48.354905725000037)",Unfall 96336 (2021) Kat:3, Licht: 0,96336,3,6,2,06,15,5,0,0,0,1,0,0,0,0
"POINT (10.863562751000075 48.323785580000049)",Unfall 96846 (2021) Kat:2, Licht: 0,96846,2,1,0,06,19,6,0,0,0,0,0,1,0,0
"POINT (10.903874138000049 48.349174406000031)",Unfall 97024 (2021) Kat:3, Licht: 0,97024,3,1,0,06,08,5,0,0,1,0,0,0,0,0
"POINT (10.860240235000049 48.387329576000070)",Unfall 97086 (2021) Kat:3, Licht: 0,97086,3,6,2,06,13,1,0,0,0,1,0,0,0,1
"POINT (10.906959991000065 48.339981426000065)",Unfall 97210 (2021) Kat:3, Licht: 0,97210,3,1,6,06,07,2,0,0,1,0,1,0,0,0
"POINT (10.914841404000072 48.393589159000044)",Unfall 97422 (2021) Kat:2, Licht: 0,97422,2,1,0,06,10,5,0,0,1,0,0,0,0,0
"POINT (10.920215064000047 48.409905546000061)",Unfall 97485 (2021) Kat:3, Licht: 0,97485,3,6,2,06,20,6,0,0,0,1,0,0,0,0
"POINT (10.944575924000048 48.355009721000044)",Unfall 97499 (2021) Kat:3, Licht: 0,97499,3,3,6,06,13,4,0,0,0,1,1,0,0,0
"POINT (10.855629175000047 48.373413446000029)",Unfall 97721 (2021) Kat:3, Licht: 0,97721,3,6,2,07,08,3,0,0,0,1,0,0,0,0
"POINT (10.908848709000040 48.321457703000078)",Unfall 97739 (2021) Kat:3, Licht: 0,97739,3,1,2,07,11,6,1,0,0,1,0,0,0,0
"POINT (10.885492204000059 48.385687090000033)",Unfall 97845 (2021) Kat:3, Licht: 0,97845,3,2,5,07,17,5,0,0,1,1,0,0,0,0
"POINT (10.956319269000062 48.335916669000028)",Unfall 97847 (2021) Kat:3, Licht: 0,97847,3,6,4,07,15,1,0,0,0,1,0,0,0,0
"POINT (10.908397754000077 48.354728054000077)",Unfall 97864 (2021) Kat:3, Licht: 2,97864,3,1,8,07,22,7,0,2,0,1,0,0,0,0
"POINT (10.929028712000047 48.376260131000038)",Unfall 97918 (2021) Kat:3, Licht: 0,97918,3,3,5,07,06,4,0,0,1,1,0,0,0,0
"POINT (10.896583932000055 48.308936852000045)",Unfall 98015 (2021) Kat:3, Licht: 0,98015,3,3,5,07,16,6,0,0,1,1,0,0,0,0
"POINT (10.878066707000073 48.387005732000034)",Unfall 98057 (2021) Kat:3, Licht: 0,98057,3,7,5,07,17,4,1,0,1,0,0,0,0,0
"POINT (10.894247805000077 48.337928664000060)",Unfall 98126 (2021) Kat:3, Licht: 0,98126,3,1,2,08,19,2,0,0,0,1,0,0,0,0
"POINT (10.905611724000039 48.308586707000075)",Unfall 98248 (2021) Kat:3, Licht: 0,98248,3,1,4,07,17,6,0,0,1,0,0,0,0,0
"POINT (10.919022806000044 48.368176106000078)",Unfall 98305 (2021) Kat:3, Licht: 0,98305,3,1,2,07,08,4,0,0,0,1,0,0,0,0
"POINT (10.941013036000072 48.354978639000080)",Unfall 98337 (2021) Kat:2, Licht: 0,98337,2,5,3,07,13,3,0,0,1,1,0,0,0,0
"POINT (10.894086307000066 48.309195792000025)",Unfall 98346 (2021) Kat:3, Licht: 0,98346,3,3,5,07,19,5,0,0,1,1,0,0,0,0
"POINT (10.876801634000060 48.346560194000062)",Unfall 98354 (2021) Kat:3, Licht: 0,98354,3,6,2,07,14,6,1,0,0,1,0,0,0,0
"POINT (10.941039709000052 48.382547480000028)",Unfall 98878 (2021) Kat:3, Licht: 0,98878,3,1,0,07,10,6,0,0,1,0,0,0,0,0
"POINT (10.911730832000046 48.411311680000040)",Unfall 98973 (2021) Kat:3, Licht: 2,98973,3,1,9,07,01,1,1,2,0,1,0,0,0,0
"POINT (10.934729397000069 48.372262090000049)",Unfall 99301 (2021) Kat:2, Licht: 0,99301,2,7,8,07,16,6,0,0,0,1,0,0,0,0
"POINT (10.907223357000021 48.385622627000032)",Unfall 99337 (2021) Kat:3, Licht: 0,99337,3,3,5,07,05,4,0,0,1,1,0,0,0,0
"POINT (10.909595910000064 48.317334464000055)",Unfall 99379 (2021) Kat:2, Licht: 0,99379,2,7,0,07,17,5,0,0,1,0,0,0,0,0
"POINT (10.887704820000067 48.384952355000053)",Unfall 99513 (2021) Kat:3, Licht: 0,99513,3,3,5,07,14,3,1,0,1,1,0,0,0,0
"POINT (10.847499425000024 48.341829305000033)",Unfall 99548 (2021) Kat:3, Licht: 0,99548,3,1,2,07,18,6,0,0,0,1,0,0,0,0
"POINT (10.908577322000042 48.354897332000064)",Unfall 99571 (2021) Kat:3, Licht: 0,99571,3,3,5,07,07,4,0,0,1,0,0,0,0,0
"POINT (10.903402001000075 48.350640958000042)",Unfall 99590 (2021) Kat:3, Licht: 0,99590,3,1,2,07,14,3,0,0,0,1,0,0,0,0
"POINT (10.940335309000034 48.355062392000036)",Unfall 99610 (2021) Kat:3, Licht: 0,99610,3,3,5,07,17,5,1,0,1,1,0,0,0,0
"POINT (10.848874482000042 48.374534152000081)",Unfall 99683 (2021) Kat:3, Licht: 0,99683,3,3,5,07,05,4,0,0,0,1,0,0,0,0
"POINT (10.856384983000055 48.373454145000039)",Unfall 99777 (2021) Kat:3, Licht: 0,99777,3,6,2,07,13,6,0,0,0,1,0,0,0,0
"POINT (10.918993043000057 48.368160551000074)",Unfall 99795 (2021) Kat:3, Licht: 0,99795,3,1,1,07,15,3,1,0,0,1,0,0,0,1
"POINT (10.855503534000036 48.371479016000080)",Unfall 99843 (2021) Kat:3, Licht: 0,99843,3,6,2,07,14,6,0,0,0,1,0,0,0,0
"POINT (10.920186530000024 48.412527832000080)",Unfall 99911 (2021) Kat:3, Licht: 0,99911,3,6,2,07,17,2,0,0,0,1,0,0,0,0
"POINT (10.942422077000060 48.354884132000052)",Unfall 99942 (2021) Kat:3, Licht: 0,99942,3,6,3,07,11,4,1,0,1,1,0,0,0,0
"POINT (10.927084960000059 48.374011376000055)",Unfall 100046 (2021) Kat:3, Licht: 0,100046,3,6,1,08,17,2,0,0,0,1,0,0,0,0
"POINT (10.852741843000047 48.373708234000048)",Unfall 100080 (2021) Kat:3, Licht: 0,100080,3,6,3,08,15,2,0,0,0,0,0,0,0,1
"POINT (10.923285119000070 48.370613559000049)",Unfall 100108 (2021) Kat:3, Licht: 0,100108,3,1,2,07,18,4,1,0,0,1,0,1,0,0
"POINT (10.870025376000058 48.389665483000044)",Unfall 100309 (2021) Kat:3, Licht: 0,100309,3,6,0,08,19,7,1,0,1,1,0,0,0,0
"POINT (10.851074996000023 48.298227878000034)",Unfall 100314 (2021) Kat:3, Licht: 2,100314,3,1,8,08,21,7,1,2,0,1,0,0,0,0
"POINT (10.919322840000063 48.368172914000070)",Unfall 100364 (2021) Kat:3, Licht: 0,100364,3,2,5,08,16,7,0,0,1,1,0,0,0,0
"POINT (10.898554019000073 48.379537011000082)",Unfall 100409 (2021) Kat:3, Licht: 0,100409,3,7,0,08,14,1,0,0,1,0,0,0,0,0
"POINT (10.954427838000072 48.344312779000063)",Unfall 100511 (2021) Kat:3, Licht: 0,100511,3,6,2,08,10,7,0,0,0,1,0,0,0,0
"POINT (10.926775922000047 48.408822543000042)",Unfall 100537 (2021) Kat:3, Licht: 0,100537,3,6,2,08,16,5,0,0,0,1,0,0,0,1
"POINT (10.933565535000071 48.381832619000079)",Unfall 100863 (2021) Kat:3, Licht: 0,100863,3,1,5,08,09,3,0,0,1,1,0,0,0,0
"POINT (10.904643060000069 48.382527499000048)",Unfall 101090 (2021) Kat:3, Licht: 0,101090,3,6,2,08,17,2,0,0,1,0,0,0,0,1
"POINT (10.855819803000031 48.373391992000052)",Unfall 101339 (2021) Kat:3, Licht: 0,101339,3,6,2,08,15,4,0,0,0,1,0,0,0,0
"POINT (10.906901650000066 48.340164782000045)",Unfall 101379 (2021) Kat:3, Licht: 0,101379,3,1,2,08,07,4,0,0,0,1,0,0,0,0
"POINT (10.944615152000040 48.355013769000038)",Unfall 101464 (2021) Kat:3, Licht: 0,101464,3,1,0,08,20,7,0,0,1,0,0,0,0,0
"POINT (10.915595831000076 48.355926219000025)",Unfall 101468 (2021) Kat:3, Licht: 0,101468,3,1,5,08,14,6,0,0,0,1,0,0,0,0
"POINT (10.880858074000059 48.385670137000034)",Unfall 101480 (2021) Kat:3, Licht: 0,101480,3,2,5,08,18,4,0,0,1,1,0,0,0,0
"POINT (10.847879120000073 48.381532199000048)",Unfall 101775 (2021) Kat:3, Licht: 0,101775,3,3,5,08,14,2,1,0,1,1,0,0,0,0
"POINT (10.922236098000042 48.370112284000072)",Unfall 101830 (2021) Kat:3, Licht: 0,101830,3,2,5,09,18,4,0,0,1,1,0,0,0,0
"POINT (10.914351253000063 48.366010144000029)",Unfall 102098 (2021) Kat:3, Licht: 0,102098,3,3,5,08,10,7,0,0,1,1,0,0,0,0
"POINT (10.882095394000032 48.385717403000058)",Unfall 102183 (2021) Kat:3, Licht: 0,102183,3,6,2,09,07,3,0,0,0,1,0,0,0,0
"POINT (10.936495902000047 48.388944681000055)",Unfall 102209 (2021) Kat:2, Licht: 0,102209,2,3,5,09,11,1,0,0,1,1,0,0,0,0
"POINT (10.937268278000033 48.355135179000058)",Unfall 102417 (2021) Kat:3, Licht: 0,102417,3,6,3,09,17,4,0,0,0,1,0,0,0,0
"POINT (10.856774367000071 48.376960139000062)",Unfall 102461 (2021) Kat:3, Licht: 0,102461,3,6,3,09,16,5,0,0,0,1,0,0,1,0
"POINT (10.842997291000074 48.385977382000078)",Unfall 102466 (2021) Kat:2, Licht: 1,102466,2,1,0,08,20,6,1,1,0,0,0,0,0,1
"POINT (10.860304068000062 48.387053905000073)",Unfall 102657 (2021) Kat:3, Licht: 0,102657,3,6,2,09,16,4,0,0,0,1,0,1,0,0