WKT,Name,OBJECTID,UKATEGORIE,UTYP1,UART,UMONAT,USTUNDE,UWOCHENTAG,STRZUSTAND,ULICHTVERH,ISTRAD,ISTPKW,ISTFUSS,ISTKRAD,ISTGKFZ,ISTSONSTIG
"POINT (10.881899035000060 48.310223448000045)",Unfall 102679 (2021) Kat:3, Licht: 0,102679,3,2,4,08,15,5,1,0,0,1,0,0,0,0
"POINT (10.934991200000070 48.355168157000037)",Unfall 102718 (2021) Kat:3, Licht: 0,102718,3,3,5,08,09,2,1,0,0,1,0,0,0,0
"POINT (10.885830271000032 48.310035696000057)",Unfall 102841 (2021) Kat:3, Licht: 2,102841,3,2,4,09,21,4,0,2,0,1,0,0,0,0
"POINT (10.911710764000077 48.411315003000027)",Unfall 102901 (2021) Kat:3, Licht: 0,102901,3,6,2,09,17,5,0,0,0,1,0,0,0,1
"POINT (10.894018306000021 48.337938693000069)",Unfall 102973 (2021) Kat:3, Licht: 2,102973,3,1,9,08,01,1,0,2,0,1,0,0,0,0
"POINT (10.889927320000027 48.309690863000071)",Unfall 103035 (2021) Kat:3, Licht: 0,103035,3,1,2,09,19,6,0,0,0,1,0,0,0,0
"POINT (10.914235885000039 48.375020552000080)",Unfall 103361 (2021) Kat:3, Licht: 0,103361,3,1,5,10,16,2,0,0,0,1,0,0,0,0
"POINT (10.895354970000028 48.325121362000061)",Unfall 103376 (2021) Kat:2, Licht: 0,103376,2,1,3,10,17,4,0,0,1,1,0,0,0,0
"POINT (10.923265960000037 48.370876198000076)",Unfall 103669 (2021) Kat:3, Licht: 0,103669,3,1,5,09,16,5,0,0,0,1,0,0,0,1
"POINT (10.881068905000063 48.303491381000072)",Unfall 103675 (2021) Kat:3, Licht: 1,103675,3,1,9,09,07,1,0,1,0,0,0,0,0,1
"POINT (10.881959518000031 48.385711099000048)",Unfall 103777 (2021) Kat:3, Licht: 0,103777,3,7,0,10,14,6,0,0,1,0,0,0,0,0
"POINT (10.936378069000057 48.388880625000070)",Unfall 103828 (2021) Kat:2, Licht: 2,103828,2,3,5,10,04,4,1,2,0,1,0,0,1,0
"POINT (10.856631284000059 48.376455807000070)",Unfall 103837 (2021) Kat:3, Licht: 0,103837,3,6,1,10,14,6,0,0,0,1,0,0,0,0
"POINT (10.877916967000033 48.296979611000040)",Unfall 103886 (2021) Kat:3, Licht: 2,103886,3,6,3,09,20,7,0,2,0,1,0,0,0,0
"POINT (10.911216818000071 48.357201195000073)",Unfall 103920 (2021) Kat:3, Licht: 1,103920,3,3,5,10,18,4,0,1,0,1,0,0,0,0
"POINT (10.947387352000021 48.355124158000081)",Unfall 104131 (2021) Kat:3, Licht: 0,104131,3,6,2,09,13,6,0,0,0,1,0,0,0,0
"POINT (10.911962938000045 48.376119673000062)",Unfall 104208 (2021) Kat:3, Licht: 0,104208,3,1,0,09,18,7,0,0,1,0,0,0,0,0
"POINT (10.859220354000058 48.384863534000033)",Unfall 104404 (2021) Kat:3, Licht: 0,104404,3,6,3,09,16,4,0,0,0,1,0,0,1,0
"POINT (10.893650516000037 48.382563037000068)",Unfall 104543 (2021) Kat:3, Licht: 0,104543,3,2,4,10,15,6,0,0,1,1,0,0,0,0
"POINT (10.921491169000035 48.409566244000075)",Unfall 104555 (2021) Kat:2, Licht: 0,104555,2,7,9,09,13,2,0,0,0,0,0,0,1,0
"POINT (10.846395110000060 48.382692764000069)",Unfall 104633 (2021) Kat:2, Licht: 0,104633,2,6,2,09,13,5,0,0,0,1,0,0,0,0
"POINT (10.843708935000052 48.385364054000036)",Unfall 104753 (2021) Kat:2, Licht: 0,104753,2,4,6,10,14,5,0,0,0,1,1,0,0,0
"POINT (10.885754532000021 48.310040552000032)",Unfall 104836 (2021) Kat:3, Licht: 0,104836,3,1,5,10,14,6,0,0,0,1,0,0,0,0
"POINT (10.849906108000027 48.379709111000068)",Unfall 104845 (2021) Kat:2, Licht: 0,104845,2,2,3,09,12,2,0,0,1,1,0,0,0,0
"POINT (10.856443385000034 48.376467842000068)",Unfall 104958 (2021) Kat:3, Licht: 0,104958,3,6,2,10,14,6,0,0,0,1,0,0,0,0
"POINT (10.873645984000063 48.388447025000062)",Unfall 105042 (2021) Kat:3, Licht: 0,105042,3,1,0,09,11,5,1,0,0,0,0,1,0,0
"POINT (10.929028305000031 48.376251151000076)",Unfall 105082 (2021) Kat:3, Licht: 0,105082,3,3,5,09,18,6,0,0,1,1,0,0,0,0
"POINT (10.878676598000027 48.386136715000077)",Unfall 105086 (2021) Kat:3, Licht: 0,105086,3,2,6,09,13,6,0,0,0,1,1,0,0,0
"POINT (10.893724411000051 48.382553228000063)",Unfall 105271 (2021) Kat:3, Licht: 0,105271,3,7,0,09,10,7,0,0,1,0,0,0,0,0
"POINT (10.899226122000073 48.337622223000039)",Unfall 105310 (2021) Kat:3, Licht: 0,105310,3,1,2,09,17,5,0,0,0,1,0,0,0,0
"POINT (10.903617331000021 48.349728576000075)",Unfall 105463 (2021) Kat:2, Licht: 0,105463,2,1,0,09,07,4,0,0,1,0,0,0,0,0
"POINT (10.910301735000075 48.357668815000068)",Unfall 105493 (2021) Kat:3, Licht: 0,105493,3,1,2,10,17,4,0,0,0,1,0,0,0,0
"POINT (10.929116484000076 48.377374833000033)",Unfall 105494 (2021) Kat:2, Licht: 0,105494,2,3,4,10,15,7,0,0,1,1,0,0,0,0
"POINT (10.880581507000045 48.385663454000053)",Unfall 105546 (2021) Kat:3, Licht: 0,105546,3,2,0,10,08,6,0,0,1,1,0,0,0,0
"POINT (10.919009021000022 48.372942259000069)",Unfall 105594 (2021) Kat:3, Licht: 0,105594,3,1,3,09,07,2,0,0,0,1,0,1,0,0
"POINT (10.929092729000047 48.378679156000032)",Unfall 105599 (2021) Kat:3, Licht: 0,105599,3,3,4,10,15,2,0,0,0,1,0,0,0,0
"POINT (10.910231163000049 48.357699520000040)",Unfall 105794 (2021) Kat:3, Licht: 0,105794,3,1,0,09,08,6,1,0,0,0,0,1,0,1
"POINT (10.935658594000074 48.355163473000061)",Unfall 105961 (2021) Kat:3, Licht: 0,105961,3,1,0,10,17,2,0,0,1,0,0,0,0,0
"POINT (10.907964349000054 48.333014135000042)",Unfall 106081 (2021) Kat:2, Licht: 0,106081,2,2,6,09,14,5,0,0,0,1,1,0,0,0
"POINT (10.912346588000048 48.374719607000031)",Unfall 106083 (2021) Kat:3, Licht: 1,106083,3,1,4,10,19,5,0,1,0,1,0,0,0,1
"POINT (10.885510214000021 48.314505661000055)",Unfall 106258 (2021) Kat:3, Licht: 0,106258,3,6,2,10,16,4,0,0,0,1,0,0,0,0
"POINT (10.863835871000049 48.390433926000071)",Unfall 106446 (2021) Kat:3, Licht: 0,106446,3,3,5,10,17,4,0,0,0,1,0,0,0,0
"POINT (10.856187830000067 48.312418803000071)",Unfall 106454 (2021) Kat:3, Licht: 0,106454,3,3,0,11,09,1,0,0,0,0,0,1,0,0
"POINT (10.914804489000062 48.393567909000069)",Unfall 106536 (2021) Kat:2, Licht: 2,106536,2,4,6,10,19,5,1,2,0,1,1,0,0,0
"POINT (10.909049504000052 48.319295838000073)",Unfall 106547 (2021) Kat:3, Licht: 0,106547,3,1,0,10,11,3,1,0,0,0,0,1,0,0
"POINT (10.912794141000063 48.391842484000051)",Unfall 106553 (2021) Kat:3, Licht: 0,106553,3,3,5,11,16,2,0,0,1,0,0,0,0,1
"POINT (10.922978653000030 48.409450484000047)",Unfall 106556 (2021) Kat:3, Licht: 0,106556,3,6,2,10,13,4,0,0,0,1,0,0,0,1
"POINT (10.928853451000066 48.374767198000029)",Unfall 106557 (2021) Kat:2, Licht: 0,106557,2,7,0,11,11,6,0,0,1,0,0,0,0,0
"POINT (10.906480868000074 48.310081482000044)",Unfall 106729 (2021) Kat:3, Licht: 2,106729,3,3,4,11,17,3,0,2,0,1,0,0,0,0
"POINT (10.910033945000066 48.364294729000051)",Unfall 106977 (2021) Kat:3, Licht: 2,106977,3,3,3,11,18,3,1,2,1,1,0,0,0,0
"POINT (10.920147273000055 48.408156764000069)",Unfall 106992 (2021) Kat:3, Licht: 0,106992,3,1,9,11,14,2,1,0,0,1,0,0,0,0
"POINT (10.907655366000029 48.385839149000049)",Unfall 107104 (2021) Kat:3, Licht: 0,107104,3,2,0,10,15,1,0,0,1,0,0,1,0,0
"POINT (10.948127745000022 48.365775274000043)",Unfall 107221 (2021) Kat:3, Licht: 0,107221,3,1,0,10,12,5,0,0,1,0,0,0,0,0
"POINT (10.850836100000038 48.296459645000027)",Unfall 107267 (2021) Kat:3, Licht: 0,107267,3,1,3,10,16,5,0,0,0,1,0,0,0,0
"POINT (10.895015930000056 48.381743044000075)",Unfall 107595 (2021) Kat:3, Licht: 1,107595,3,6,3,11,16,6,1,1,0,1,0,1,0,0
"POINT (10.912550838000072 48.374684409000054)",Unfall 107623 (2021) Kat:3, Licht: 2,107623,3,3,6,11,23,7,0,2,0,1,1,0,0,0
"POINT (10.856483685000057 48.376632492000056)",Unfall 107824 (2021) Kat:3, Licht: 2,107824,3,6,2,11,18,4,0,2,0,1,0,0,0,0
"POINT (10.872286551000059 48.347801517000050)",Unfall 107897 (2021) Kat:3, Licht: 0,107897,3,6,2,11,09,2,1,0,0,1,0,0,0,0
"POINT (10.928167752000036 48.375215332000039)",Unfall 108076 (2021) Kat:3, Licht: 0,108076,3,3,4,11,07,3,1,0,1,1,1,0,0,0
"POINT (10.937819587000035 48.387145570000030)",Unfall 108270 (2021) Kat:3, Licht: 2,108270,3,6,2,12,06,5,1,2,0,1,0,0,0,0
"POINT (10.912137023000071 48.374299546000032)",Unfall 108347 (2021) Kat:3, Licht: 0,108347,3,3,5,11,15,7,0,0,0,1,0,0,0,1
"POINT (10.882512460000044 48.385728476000054)",Unfall 108476 (2021) Kat:3, Licht: 0,108476,3,2,5,11,14,5,0,0,1,1,0,0,0,0
"POINT (10.928992100000073 48.378568748000077)",Unfall 108535 (2021) Kat:3, Licht: 2,108535,3,6,2,11,18,2,0,2,0,1,0,0,0,0
"POINT (10.929116840000063 48.377528313000028)",Unfall 108621 (2021) Kat:3, Licht: 2,108621,3,3,6,11,19,2,1,2,1,0,1,0,0,0
"POINT (10.945375060000060 48.355060117000050)",Unfall 108696 (2021) Kat:2, Licht: 2,108696,2,7,0,11,20,2,1,2,0,0,1,0,0,1
"POINT (10.912817056000051 48.374406286000067)",Unfall 108761 (2021) Kat:3, Licht: 0,108761,3,6,2,12,13,7,1,0,0,1,0,0,0,0
"POINT (10.862679469000057 48.393171471000073)",Unfall 108809 (2021) Kat:3, Licht: 0,108809,3,6,2,11,06,3,0,0,0,1,0,0,0,0
"POINT (10.947091633000070 48.355110820000050)",Unfall 108866 (2021) Kat:3, Licht: 0,108866,3,6,2,11,15,6,1,0,0,1,0,0,0,0
"POINT (10.908349275000035 48.327619278000043)",Unfall 109002 (2021) Kat:3, Licht: 0,109002,3,6,2,11,15,4,0,0,0,1,0,0,0,0
"POINT (10.856985301000066 48.377487349000035)",Unfall 109035 (2021) Kat:3, Licht: 0,109035,3,6,3,11,09,4,0,0,0,1,0,0,1,0
"POINT (10.928205050000031 48.374905104000050)",Unfall 109119 (2021) Kat:3, Licht: 2,109119,3,6,4,11,17,4,1,2,1,0,0,0,0,0
"POINT (10.939875703000041 48.355102195000029)",Unfall 109190 (2021) Kat:3, Licht: 2,109190,3,6,1,11,18,6,0,2,0,1,0,0,0,0
"POINT (10.948168245000033 48.365755969000077)",Unfall 109673 (2021) Kat:3, Licht: 0,109673,3,3,5,12,14,2,1,0,1,1,0,0,0,0
"POINT (10.931612128000040 48.360206586000061)",Unfall 109839 (2021) Kat:3, Licht: 1,109839,3,1,1,12,16,6,2,1,0,1,0,0,0,0
"POINT (10.908569337000074 48.354889133000029)",Unfall 110278 (2021) Kat:3, Licht: 2,110278,3,2,6,12,16,6,2,2,0,1,1,0,0,0
"POINT (10.885656703000052 48.310046824000040)",Unfall 110315 (2021) Kat:3, Licht: 2,110315,3,2,4,12,05,6,1,2,0,1,0,0,0,0
"POINT (10.923376952000069 48.370716615000049)",Unfall 111261 (2021) Kat:3, Licht: 2,111261,3,1,5,12,17,1,1,2,0,1,0,0,0,0
"POINT (10.859660300000030 48.351460262000046)",Unfall 111477 (2021) Kat:3, Licht: 0,111477,3,6,2,12,14,5,0,0,0,1,0,0,0,0
"POINT (10.910303430000056 48.423075541000060)",Unfall 111965 (2021) Kat:3, Licht: 0,111965,3,3,5,12,13,5,1,0,1,1,0,0,0,0
"POINT (10.952316251000070 48.355420317000039)",Unfall 111998 (2021) Kat:2, Licht: 2,111998,2,2,6,12,18,2,1,2,0,1,1,0,0,0
"POINT (10.892704238000022 48.353246587000058)",Unfall 190093 (2021) Kat:3, Licht: 2,190093,3,2,6,02,05,4,1,2,0,1,1,0,0,0
"POINT (10.896749710000051 48.360915303000070)",Unfall 190098 (2021) Kat:3, Licht: 1,190098,3,7,0,01,07,4,2,1,1,0,0,0,0,0
"POINT (10.860849377000022 48.380412440000043)",Unfall 190101 (2021) Kat:3, Licht: 0,190101,3,4,6,02,11,2,0,0,0,1,1,0,0,0
"POINT (10.910663726000053 48.360199480000063)",Unfall 190144 (2021) Kat:3, Licht: 0,190144,3,1,3,02,15,6,0,0,1,0,0,0,0,0
"POINT (10.874681027000065 48.343321355000057)",Unfall 190200 (2021) Kat:3, Licht: 0,190200,3,3,5,01,15,3,2,0,0,1,0,0,0,0
"POINT (10.927665924000053 48.363338725000062)",Unfall 190219 (2021) Kat:3, Licht: 2,190219,3,7,5,01,20,7,0,2,0,1,0,0,0,0
"POINT (10.853980373000070 48.400885020000032)",Unfall 190232 (2021) Kat:3, Licht: 0,190232,3,7,1,01,10,3,2,0,0,1,0,0,0,0
"POINT (10.881092444000046 48.380129606000025)",Unfall 190250 (2021) Kat:3, Licht: 1,190250,3,2,6,02,17,3,1,1,0,1,1,0,0,0
"POINT (10.904810722000036 48.346648718000040)",Unfall 190267 (2021) Kat:3, Licht: 0,190267,3,1,1,01,15,3,1,0,0,1,0,0,0,1
"POINT (10.878920670000070 48.370835971000076)",Unfall 190278 (2021) Kat:2, Licht: 2,190278,2,3,5,02,17,5,0,2,1,1,0,0,0,0
"POINT (10.848904496000046 48.385902496000028)",Unfall 190293 (2021) Kat:3, Licht: 1,190293,3,3,5,02,17,6,0,1,0,1,0,0,0,0
"POINT (10.880359655000063 48.382703905000028)",Unfall 190332 (2021) Kat:2, Licht: 0,190332,2,7,0,01,13,4,0,0,1,0,0,0,0,0
"POINT (10.877154747000077 48.386430540000049)",Unfall 190339 (2021) Kat:3, Licht: 2,190339,3,1,9,01,06,6,1,2,0,1,0,0,0,0
"POINT (10.903140926000049 48.304119101000026)",Unfall 190342 (2021) Kat:3, Licht: 2,190342,3,2,5,01,20,4,1,2,0,1,0,0,0,0
"POINT (10.884547401000077 48.361069083000075)",Unfall 190400 (2021) Kat:3, Licht: 1,190400,3,1,0,01,17,5,1,1,1,1,0,0,0,0
"POINT (10.906471500000066 48.366879841000070)",Unfall 190432 (2021) Kat:3, Licht: 0,190432,3,7,6,01,14,5,1,0,1,0,1,0,0,0
"POINT (10.891355273000045 48.353359503000036)",Unfall 190454 (2021) Kat:3, Licht: 0,190454,3,6,0,01,12,2,0,0,0,0,0,1,0,0
"POINT (10.886913361000040 48.318709396000031)",Unfall 190466 (2021) Kat:3, Licht: 2,190466,3,1,0,01,06,6,1,2,0,1,0,0,0,0
"POINT (10.868935415000067 48.399459899000078)",Unfall 190475 (2021) Kat:3, Licht: 0,190475,3,3,5,01,12,5,1,0,0,1,0,0,0,0
"POINT (10.869581701000072 48.362531627000067)",Unfall 190495 (2021) Kat:3, Licht: 1,190495,3,3,5,01,06,4,1,1,1,0,0,0,0,1
"POINT (10.858253817000048 48.390515020000066)",Unfall 190501 (2021) Kat:3, Licht: 0,190501,3,3,0,02,13,4,1,0,1,1,0,0,0,0
"POINT (10.902572311000029 48.313015635000056)",Unfall 190528 (2021) Kat:2, Licht: 0,190528,2,7,0,01,14,4,1,0,0,0,1,0,0,1
"POINT (10.900884011000073 48.377272617000074)",Unfall 190560 (2021) Kat:3, Licht: 0,190560,3,3,5,01,11,2,1,0,0,1,0,0,0,0
"POINT (10.898923892000028 48.361968429000058)",Unfall 190630 (2021) Kat:3, Licht: 0,190630,3,7,0,02,11,2,1,0,1,0,0,0,0,0
"POINT (10.880623213000035 48.384968940000078)",Unfall 190668 (2021) Kat:3, Licht: 0,190668,3,3,5,02,16,6,0,0,0,1,0,0,0,1
"POINT (10.915614540000036 48.355923444000041)",Unfall 190672 (2021) Kat:3, Licht: 2,190672,3,3,6,01,20,5,0,2,0,1,1,0,0,0
"POINT (10.926913058000025 48.382061319000059)",Unfall 190684 (2021) Kat:3, Licht: 2,190684,3,3,0,01,06,5,2,2,1,1,0,0,0,0
"POINT (10.936713138000073 48.365075300000058)",Unfall 190692 (2021) Kat:3, Licht: 0,190692,3,4,6,01,12,7,0,0,0,1,1,0,0,0
"POINT (10.847419389000038 48.393800837000072)",Unfall 190703 (2021) Kat:3, Licht: 0,190703,3,2,5,02,10,6,0,0,1,1,0,0,0,0
"POINT (10.880601184000056 48.384777356000029)",Unfall 190711 (2021) Kat:3, Licht: 0,190711,3,7,0,01,15,3,1,0,0,0,0,0,0,1
"POINT (10.894358274000069 48.366195903000062)",Unfall 190782 (2021) Kat:3, Licht: 0,190782,3,7,0,02,12,2,1,0,1,0,0,0,0,0
"POINT (10.868127063000031 48.372146117000057)",Unfall 190793 (2021) Kat:2, Licht: 0,190793,2,6,2,01,12,5,0,0,0,1,0,0,0,0
"POINT (10.907913865000069 48.370866586000034)",Unfall 190948 (2021) Kat:3, Licht: 0,190948,3,7,2,01,16,4,0,0,0,1,0,0,0,1
"POINT (10.881791583000052 48.393866273000071)",Unfall 190970 (2021) Kat:3, Licht: 0,190970,3,6,2,01,07,7,1,0,0,1,0,0,0,0
"POINT (10.894945404000055 48.364358810000056)",Unfall 190997 (2021) Kat:3, Licht: 0,190997,3,6,2,01,10,3,1,0,0,1,0,0,0,0
"POINT (10.884122720000050 48.366911750000043)",Unfall 191026 (2021) Kat:1, Licht: 0,191026,1,4,6,02,15,7,0,0,0,1,1,0,0,0
"POINT (10.914237921000051 48.307707248000042)",Unfall 191043 (2021) Kat:3, Licht: 0,191043,3,1,0,01,15,7,0,0,1,1,0,0,0,0
"POINT (10.844742129000053 48.387031878000073)",Unfall 191060 (2021) Kat:3, Licht: 0,191060,3,7,3,01,14,2,1,0,0,1,0,0,1,0
"POINT (10.937215162000030 48.378193948000046)",Unfall 191121 (2021) Kat:3, Licht: 0,191121,3,3,5,02,13,2,0,0,0,1,0,0,0,0
"POINT (10.903332032000037 48.375601668000058)",Unfall 191128 (2021) Kat:3, Licht: 0,191128,3,3,5,02,13,7,0,0,0,1,0,0,0,1
"POINT (10.914768332000051 48.398207369000033)",Unfall 191175 (2021) Kat:3, Licht: 0,191175,3,3,5,02,16,2,1,0,1,1,0,0,0,0
"POINT (10.905841574000021 48.370110706000048)",Unfall 191179 (2021) Kat:3, Licht: 2,191179,3,1,0,02,02,1,0,2,0,1,0,0,0,0
"POINT (10.910041533000026 48.357789547000039)",Unfall 191186 (2021) Kat:3, Licht: 0,191186,3,7,6,02,13,6,0,0,0,1,1,0,0,0
"POINT (10.913764176000029 48.376783230000058)",Unfall 191224 (2021) Kat:3, Licht: 2,191224,3,6,2,03,18,5,0,2,0,1,0,0,0,0
"POINT (10.895046546000060 48.322889632000056)",Unfall 191244 (2021) Kat:2, Licht: 0,191244,2,1,0,02,14,5,0,0,1,0,0,0,0,0
"POINT (10.948052822000022 48.349520964000078)",Unfall 191290 (2021) Kat:2, Licht: 0,191290,2,3,5,03,14,3,0,0,1,1,0,0,0,0
"POINT (10.895341295000037 48.325145247000080)",Unfall 191311 (2021) Kat:3, Licht: 0,191311,3,3,0,03,14,2,0,0,1,1,0,0,0,0
"POINT (10.892066531000069 48.376915731000054)",Unfall 191363 (2021) Kat:3, Licht: 0,191363,3,3,5,03,08,4,0,0,0,1,0,0,0,0
"POINT (10.929885506000062 48.377322934000063)",Unfall 191389 (2021) Kat:3, Licht: 0,191389,3,3,3,03,07,4,0,0,1,1,0,0,0,0
"POINT (10.892129836000038 48.374062478000042)",Unfall 191402 (2021) Kat:3, Licht: 0,191402,3,1,1,02,16,6,0,0,1,1,0,0,0,0
"POINT (10.919466811000063 48.369207900000049)",Unfall 191403 (2021) Kat:3, Licht: 1,191403,3,1,0,03,18,4,0,1,0,0,0,1,0,0
"POINT (10.930790991000038 48.377141809000079)",Unfall 191426 (2021) Kat:3, Licht: 0,191426,3,3,5,02,17,3,0,0,1,1,0,0,0,0
"POINT (10.938372917000038 48.352584163000074)",Unfall 191440 (2021) Kat:3, Licht: 0,191440,3,1,8,02,16,6,0,0,1,0,0,0,0,0
"POINT (10.874900161000028 48.370990841000037)",Unfall 191480 (2021) Kat:3, Licht: 0,191480,3,3,5,02,13,7,0,0,1,1,0,0,0,0
"POINT (10.873560757000064 48.351126051000051)",Unfall 191504 (2021) Kat:3, Licht: 0,191504,3,1,0,03,15,6,0,0,0,0,0,1,0,0
"POINT (10.928039091000073 48.363212594000061)",Unfall 191506 (2021) Kat:3, Licht: 0,191506,3,1,7,02,10,6,0,0,1,0,0,0,0,0
"POINT (10.868430695000029 48.360784804000048)",Unfall 191514 (2021) Kat:3, Licht: 0,191514,3,6,3,02,13,7,0,0,1,0,0,0,0,1
"POINT (10.931140677000030 48.395689501000049)",Unfall 191555 (2021) Kat:3, Licht: 0,191555,3,3,5,03,12,2,0,0,0,1,0,0,0,0
"POINT (10.852779439000074 48.380093294000062)",Unfall 191611 (2021) Kat:3, Licht: 0,191611,3,5,1,02,13,5,0,0,0,1,0,0,0,1
"POINT (10.936737730000061 48.365043118000074)",Unfall 191635 (2021) Kat:3, Licht: 0,191635,3,7,0,02,16,7,0,0,1,0,0,0,0,0
"POINT (10.883467048000057 48.378479151000079)",Unfall 191642 (2021) Kat:3, Licht: 2,191642,3,3,5,02,18,4,0,2,1,1,0,0,0,0
"POINT (10.876295710000022 48.364307994000058)",Unfall 191668 (2021) Kat:3, Licht: 0,191668,3,1,0,02,15,5,2,0,1,0,0,0,0,0
"POINT (10.896080798000071 48.347632714000042)",Unfall 191720 (2021) Kat:3, Licht: 0,191720,3,1,1,02,12,1,0,0,0,1,0,0,0,0
"POINT (10.942988361000062 48.356983460000038)",Unfall 191725 (2021) Kat:2, Licht: 0,191725,2,3,5,03,12,2,0,0,1,1,0,0,0,0
"POINT (10.917760275000035 48.383390043000077)",Unfall 191762 (2021) Kat:3, Licht: 0,191762,3,6,1,02,07,6,0,0,1,0,0,0,0,1
"POINT (10.881390790000069 48.379236216000038)",Unfall 191785 (2021) Kat:2, Licht: 0,191785,2,6,3,03,16,4,0,0,0,1,0,0,0,1
"POINT (10.872262499000044 48.357644858000072)",Unfall 191802 (2021) Kat:3, Licht: 0,191802,3,7,0,02,11,6,0,0,0,0,0,0,0,1
"POINT (10.868079023000064 48.338271214000031)",Unfall 191851 (2021) Kat:2, Licht: 0,191851,2,1,0,02,13,6,0,0,1,1,0,0,0,0
"POINT (10.886002961000031 48.350330621000069)",Unfall 191852 (2021) Kat:3, Licht: 2,191852,3,1,1,03,06,5,0,2,0,1,0,0,0,0
"POINT (10.893167865000066 48.363981440000032)",Unfall 191888 (2021) Kat:3, Licht: 1,191888,3,5,1,02,17,3,1,1,1,1,0,0,0,0
"POINT (10.882929418000060 48.388691551000079)",Unfall 191922 (2021) Kat:3, Licht: 1,191922,3,7,0,03,06,6,1,1,1,0,0,0,0,0
"POINT (10.899990590000073 48.334707056000070)",Unfall 191926 (2021) Kat:3, Licht: 0,191926,3,1,2,02,16,4,2,0,0,1,0,0,0,0
"POINT (10.888060022000047 48.365835909000054)",Unfall 191929 (2021) Kat:3, Licht: 0,191929,3,7,0,02,16,4,0,0,1,0,0,0,0,0
"POINT (10.948057337000023 48.349551588000054)",Unfall 191935 (2021) Kat:3, Licht: 0,191935,3,3,5,02,17,5,0,0,1,1,0,0,0,0
"POINT (10.908045192000031 48.372971594000035)",Unfall 191936 (2021) Kat:3, Licht: 0,191936,3,5,1,03,16,5,0,0,1,0,1,0,0,0
"POINT (10.902064628000062 48.353387158000032)",Unfall 191938 (2021) Kat:3, Licht: 2,191938,3,2,2,03,21,2,0,2,0,1,0,0,0,0
"POINT (10.930171194000025 48.373149400000045)",Unfall 191959 (2021) Kat:3, Licht: 0,191959,3,1,0,02,17,2,0,0,0,0,0,1,0,0
"POINT (10.909310907000076 48.339578320000044)",Unfall 191964 (2021) Kat:3, Licht: 0,191964,3,1,0,03,16,3,0,0,1,0,0,0,0,0
"POINT (10.909215850000066 48.383333552000067)",Unfall 191985 (2021) Kat:3, Licht: 2,191985,3,6,2,02,20,3,0,2,0,1,0,0,0,1
"POINT (10.925871855000025 48.376566242000081)",Unfall 191996 (2021) Kat:2, Licht: 0,191996,2,4,6,02,09,2,0,0,0,1,1,0,0,0
"POINT (10.907407127000056 48.370269792000045)",Unfall 192001 (2021) Kat:3, Licht: 0,192001,3,7,3,02,15,4,0,0,0,1,0,0,0,1
"POINT (10.883442167000055 48.378436705000070)",Unfall 192007 (2021) Kat:3, Licht: 0,192007,3,3,5,02,14,6,0,0,0,1,0,0,0,0
"POINT (10.870169483000041 48.378600180000035)",Unfall 192018 (2021) Kat:3, Licht: 0,192018,3,3,5,02,10,5,0,0,0,1,0,0,0,0
"POINT (10.915258678000043 48.397293720000050)",Unfall 192046 (2021) Kat:3, Licht: 0,192046,3,2,5,02,12,7,0,0,1,1,0,0,0,0
"POINT (10.863607670000022 48.352512511000043)",Unfall 192063 (2021) Kat:3, Licht: 0,192063,3,6,0,03,14,2,0,0,0,0,0,1,0,0
"POINT (10.878537945000062 48.383605369000065)",Unfall 192070 (2021) Kat:2, Licht: 2,192070,2,4,6,03,19,4,0,2,0,1,1,0,0,0
"POINT (10.905588492000049 48.360662317000049)",Unfall 192081 (2021) Kat:3, Licht: 0,192081,3,1,2,03,12,3,0,0,0,1,0,0,0,0
"POINT (10.925742210000067 48.366056658000048)",Unfall 192108 (2021) Kat:3, Licht: 2,192108,3,1,0,02,04,7,0,2,1,0,0,0,0,0
"POINT (10.892268252000065 48.369753127000081)",Unfall 192119 (2021) Kat:2, Licht: 0,192119,2,7,0,03,10,4,0,0,0,0,0,0,0,1
"POINT (10.913948153000035 48.377151547000039)",Unfall 192128 (2021) Kat:3, Licht: 1,192128,3,3,5,03,17,3,0,1,1,1,0,0,0,0
"POINT (10.937581446000024 48.359878306000041)",Unfall 192156 (2021) Kat:3, Licht: 0,192156,3,6,2,04,11,2,0,0,1,0,0,0,0,0
"POINT (10.909336920000044 48.370374868000056)",Unfall 192179 (2021) Kat:3, Licht: 1,192179,3,6,2,03,18,6,0,1,0,1,0,0,0,0
"POINT (10.885710495000069 48.355558934000044)",Unfall 192196 (2021) Kat:2, Licht: 2,192196,2,1,0,04,22,7,0,2,1,0,0,0,0,0
"POINT (10.904835913000056 48.370273266000027)",Unfall 192197 (2021) Kat:2, Licht: 2,192197,2,4,6,03,20,4,1,2,0,1,1,0,0,0
"POINT (10.874183073000040 48.381479425000066)",Unfall 192243 (2021) Kat:3, Licht: 0,192243,3,4,6,04,11,5,1,0,0,1,1,0,0,0
"POINT (10.904621712000051 48.358547787000077)",Unfall 192273 (2021) Kat:2, Licht: 0,192273,2,6,2,03,17,6,0,0,0,1,0,1,0,0