WKT,Name,OBJECTID,UKATEGORIE,UTYP1,UART,UMONAT,USTUNDE,UWOCHENTAG,STRZUSTAND,ULICHTVERH,ISTRAD,ISTPKW,ISTFUSS,ISTKRAD,ISTGKFZ,ISTSONSTIG
"POINT (10.875932054000032 48.337808057000075)",Unfall 192299 (2021) Kat:3, Licht: 0,192299,3,2,6,03,14,4,0,0,0,1,1,0,0,0
"POINT (10.909714240000028 48.357940466000059)",Unfall 192301 (2021) Kat:3, Licht: 0,192301,3,1,0,04,15,5,0,0,0,0,0,0,0,1
"POINT (10.929943741000045 48.386947019000047)",Unfall 192317 (2021) Kat:3, Licht: 0,192317,3,6,1,03,11,7,0,0,0,1,0,0,0,1
"POINT (10.883108810000067 48.366411897000035)",Unfall 192318 (2021) Kat:3, Licht: 0,192318,3,6,2,03,16,5,0,0,0,1,0,0,0,0
"POINT (10.944778412000062 48.353628335000053)",Unfall 192329 (2021) Kat:3, Licht: 0,192329,3,7,5,04,16,5,0,0,1,0,0,0,0,1
"POINT (10.875730880000049 48.396676654000032)",Unfall 192338 (2021) Kat:3, Licht: 0,192338,3,7,6,03,12,5,1,0,0,1,1,0,0,0
"POINT (10.880216541000038 48.360091614000055)",Unfall 192340 (2021) Kat:3, Licht: 0,192340,3,1,5,03,19,4,0,0,1,0,0,0,0,0
"POINT (10.895867053000075 48.352929751000033)",Unfall 192385 (2021) Kat:3, Licht: 0,192385,3,1,4,03,09,4,1,0,0,1,0,0,1,0
"POINT (10.907817552000040 48.358924666000064)",Unfall 192413 (2021) Kat:3, Licht: 0,192413,3,4,0,03,14,3,0,0,1,0,1,0,0,0
"POINT (10.879345262000072 48.404383690000031)",Unfall 192451 (2021) Kat:3, Licht: 2,192451,3,7,0,03,06,2,0,2,0,0,0,1,0,0
"POINT (10.893658050000056 48.377429524000036)",Unfall 192457 (2021) Kat:3, Licht: 0,192457,3,3,5,03,12,2,0,0,0,1,0,0,0,0
"POINT (10.918762562000040 48.380610249000028)",Unfall 192462 (2021) Kat:3, Licht: 2,192462,3,1,0,04,00,5,0,2,1,0,0,0,0,0
"POINT (10.904799342000047 48.362148294000065)",Unfall 192476 (2021) Kat:3, Licht: 0,192476,3,2,5,04,15,7,0,0,0,0,0,0,0,1
"POINT (10.880520063000063 48.401261170000055)",Unfall 192488 (2021) Kat:3, Licht: 0,192488,3,3,5,03,07,6,0,0,1,1,0,0,0,0
"POINT (10.895961965000026 48.318070031000047)",Unfall 192491 (2021) Kat:3, Licht: 0,192491,3,1,5,03,16,7,1,0,1,1,0,0,0,0
"POINT (10.914742915000033 48.398201868000058)",Unfall 192495 (2021) Kat:3, Licht: 2,192495,3,2,6,03,19,5,1,2,0,1,1,0,0,0
"POINT (10.864700784000036 48.384210010000061)",Unfall 192506 (2021) Kat:3, Licht: 0,192506,3,3,5,03,11,4,0,0,0,1,0,0,0,0
"POINT (10.897351605000040 48.379178442000068)",Unfall 192523 (2021) Kat:3, Licht: 0,192523,3,1,0,04,15,3,0,0,1,0,0,0,0,0
"POINT (10.881666224000071 48.392539531000068)",Unfall 192529 (2021) Kat:3, Licht: 0,192529,3,6,1,03,13,4,0,0,0,1,0,0,0,0
"POINT (10.855479109000044 48.379995607000069)",Unfall 192548 (2021) Kat:3, Licht: 0,192548,3,4,6,03,15,1,0,0,0,1,1,0,0,0
"POINT (10.854994122000051 48.352601104000030)",Unfall 192564 (2021) Kat:3, Licht: 1,192564,3,1,9,04,06,4,2,1,0,1,0,0,0,0
"POINT (10.900951879000047 48.317572469000027)",Unfall 192612 (2021) Kat:3, Licht: 2,192612,3,1,7,03,18,4,1,2,1,1,0,0,0,0
"POINT (10.876154935000045 48.380822564000027)",Unfall 192631 (2021) Kat:3, Licht: 0,192631,3,6,2,03,17,2,0,0,0,1,0,0,0,0
"POINT (10.910491121000064 48.403537671000038)",Unfall 192678 (2021) Kat:2, Licht: 0,192678,2,3,5,03,14,4,0,0,1,0,0,0,0,0
"POINT (10.880583221000052 48.398022324000067)",Unfall 192686 (2021) Kat:3, Licht: 0,192686,3,3,5,03,16,4,0,0,0,1,0,0,0,1
"POINT (10.867583341000056 48.349244498000076)",Unfall 192698 (2021) Kat:2, Licht: 0,192698,2,1,0,03,17,6,0,0,1,0,1,0,0,0
"POINT (10.894289073000039 48.294679809000058)",Unfall 192751 (2021) Kat:3, Licht: 0,192751,3,3,5,03,08,3,0,0,0,1,0,0,0,0
"POINT (10.895041354000057 48.365666872000077)",Unfall 192812 (2021) Kat:3, Licht: 0,192812,3,6,4,03,11,5,0,0,1,0,0,0,0,0
"POINT (10.883207594000055 48.373982036000029)",Unfall 192830 (2021) Kat:3, Licht: 2,192830,3,1,8,03,22,6,1,2,0,1,0,0,0,0
"POINT (10.882525929000053 48.337750262000043)",Unfall 192854 (2021) Kat:3, Licht: 2,192854,3,3,5,03,21,2,0,2,0,1,0,0,0,0
"POINT (10.853025978000062 48.379830471000048)",Unfall 192872 (2021) Kat:2, Licht: 0,192872,2,7,6,03,17,5,0,0,1,0,1,0,0,0
"POINT (10.902522439000052 48.358780849000027)",Unfall 192881 (2021) Kat:3, Licht: 0,192881,3,4,6,03,15,4,0,0,0,1,1,0,0,0
"POINT (10.876803932000030 48.383191337000028)",Unfall 192908 (2021) Kat:2, Licht: 0,192908,2,3,5,03,16,6,0,0,1,1,0,0,0,0
"POINT (10.886070816000029 48.389915920000078)",Unfall 192914 (2021) Kat:3, Licht: 0,192914,3,7,0,04,14,5,0,0,1,0,0,0,0,0
"POINT (10.879653025000039 48.339492446000065)",Unfall 192925 (2021) Kat:3, Licht: 0,192925,3,7,0,03,14,7,0,0,1,1,0,0,0,0
"POINT (10.886536965000062 48.360772269000051)",Unfall 192944 (2021) Kat:3, Licht: 0,192944,3,1,5,03,17,2,0,0,0,1,0,0,0,0
"POINT (10.904534897000076 48.347160393000081)",Unfall 193002 (2021) Kat:3, Licht: 0,193002,3,1,1,03,10,6,0,0,0,1,0,0,0,0
"POINT (10.847508061000042 48.379420609000078)",Unfall 193081 (2021) Kat:3, Licht: 0,193081,3,3,0,03,13,6,0,0,0,1,0,0,0,1
"POINT (10.905027882000070 48.324811414000067)",Unfall 193120 (2021) Kat:3, Licht: 0,193120,3,7,6,04,08,5,0,0,0,1,1,0,0,0
"POINT (10.888935686000025 48.377943134000077)",Unfall 193135 (2021) Kat:3, Licht: 0,193135,3,7,0,03,14,5,0,0,1,0,0,0,0,0
"POINT (10.933019605000027 48.369493639000041)",Unfall 193141 (2021) Kat:3, Licht: 0,193141,3,1,0,03,16,5,0,0,1,0,0,0,0,0
"POINT (10.877977442000031 48.370030538000037)",Unfall 193205 (2021) Kat:3, Licht: 2,193205,3,7,2,03,19,2,0,2,0,1,0,0,0,0
"POINT (10.889862014000073 48.360366281000040)",Unfall 193217 (2021) Kat:3, Licht: 0,193217,3,6,2,03,14,5,0,0,0,1,0,0,0,0
"POINT (10.897182338000050 48.363022754000042)",Unfall 193250 (2021) Kat:3, Licht: 0,193250,3,5,1,04,10,5,0,0,1,1,0,0,0,0
"POINT (10.911816933000068 48.373485212000048)",Unfall 193258 (2021) Kat:3, Licht: 0,193258,3,7,0,04,17,1,0,0,0,0,0,0,0,1
"POINT (10.943548134000025 48.363627038000061)",Unfall 193266 (2021) Kat:3, Licht: 0,193266,3,3,5,05,07,2,0,0,0,1,0,0,0,0
"POINT (10.852433928000039 48.379804464000074)",Unfall 193280 (2021) Kat:3, Licht: 0,193280,3,7,6,04,09,2,0,0,0,1,1,0,0,0
"POINT (10.888573707000035 48.370988837000027)",Unfall 193286 (2021) Kat:3, Licht: 1,193286,3,2,3,04,20,2,1,1,0,1,0,0,0,0
"POINT (10.904426751000074 48.366411393000078)",Unfall 193292 (2021) Kat:3, Licht: 0,193292,3,3,5,04,15,5,0,0,1,1,0,0,0,0
"POINT (10.912668169000028 48.386800816000061)",Unfall 193374 (2021) Kat:3, Licht: 0,193374,3,3,5,04,09,5,0,0,0,1,0,0,0,0
"POINT (10.929490098000031 48.369525334000059)",Unfall 193384 (2021) Kat:3, Licht: 0,193384,3,7,6,04,13,1,0,0,1,0,1,0,0,0
"POINT (10.944507526000052 48.351673435000066)",Unfall 193424 (2021) Kat:3, Licht: 0,193424,3,3,6,04,11,3,0,0,0,1,1,0,0,0
"POINT (10.880639925000025 48.385069101000056)",Unfall 193465 (2021) Kat:3, Licht: 0,193465,3,7,0,04,18,7,0,0,0,1,0,0,0,0
"POINT (10.895566214000041 48.370035373000064)",Unfall 193467 (2021) Kat:3, Licht: 0,193467,3,6,0,04,13,4,0,0,0,1,0,1,0,0
"POINT (10.900889844000062 48.377253664000079)",Unfall 193509 (2021) Kat:3, Licht: 2,193509,3,2,4,04,22,6,1,2,1,1,0,0,0,0
"POINT (10.900232336000045 48.400607871000034)",Unfall 193512 (2021) Kat:2, Licht: 0,193512,2,6,3,05,15,2,0,0,1,1,0,0,0,0
"POINT (10.902366317000030 48.370578735000038)",Unfall 193523 (2021) Kat:3, Licht: 0,193523,3,7,0,04,08,3,0,0,0,0,0,0,0,1
"POINT (10.933961556000042 48.377924371000063)",Unfall 193589 (2021) Kat:3, Licht: 0,193589,3,7,1,05,16,2,0,0,0,1,0,0,1,0
"POINT (10.864285707000022 48.349507486000050)",Unfall 193607 (2021) Kat:3, Licht: 0,193607,3,1,3,04,14,4,0,0,1,0,0,0,0,0
"POINT (10.911777322000034 48.361169289000031)",Unfall 193615 (2021) Kat:3, Licht: 0,193615,3,1,0,04,08,2,0,0,1,0,0,0,0,0
"POINT (10.891494869000041 48.369310937000080)",Unfall 193619 (2021) Kat:3, Licht: 0,193619,3,7,0,04,12,3,1,0,0,0,0,0,0,1
"POINT (10.915147044000037 48.397967467000058)",Unfall 193647 (2021) Kat:2, Licht: 0,193647,2,3,5,04,08,5,0,0,1,1,0,0,0,0
"POINT (10.864139803000057 48.372534293000058)",Unfall 193677 (2021) Kat:3, Licht: 0,193677,3,2,5,05,07,2,0,0,1,1,0,0,0,0
"POINT (10.866293325000072 48.364099725000074)",Unfall 193734 (2021) Kat:3, Licht: 1,193734,3,3,5,04,20,3,0,1,1,1,0,0,0,0
"POINT (10.900210369000035 48.377238258000034)",Unfall 193765 (2021) Kat:3, Licht: 0,193765,3,6,3,04,14,4,0,0,1,1,0,0,0,0
"POINT (10.892087539000045 48.360316332000082)",Unfall 193776 (2021) Kat:2, Licht: 0,193776,2,5,1,05,16,2,0,0,1,1,0,0,0,0
"POINT (10.901319944000022 48.370688308000069)",Unfall 193790 (2021) Kat:3, Licht: 0,193790,3,6,2,05,09,7,0,0,0,1,0,0,0,0
"POINT (10.891926689000059 48.367815125000050)",Unfall 193868 (2021) Kat:3, Licht: 0,193868,3,2,2,04,10,6,0,0,0,1,0,1,0,0
"POINT (10.888438501000053 48.387099842000055)",Unfall 193902 (2021) Kat:3, Licht: 2,193902,3,1,0,04,03,1,0,2,1,0,0,0,0,0
"POINT (10.909981288000040 48.307775621000076)",Unfall 193913 (2021) Kat:3, Licht: 0,193913,3,3,5,04,09,6,0,0,1,0,0,0,1,0
"POINT (10.868693534000045 48.383219963000045)",Unfall 193926 (2021) Kat:3, Licht: 0,193926,3,3,5,04,17,4,0,0,0,1,0,0,0,0
"POINT (10.889357052000037 48.345219619000034)",Unfall 193949 (2021) Kat:3, Licht: 0,193949,3,1,2,04,16,6,0,0,1,1,0,0,0,0
"POINT (10.873416907000035 48.350394123000058)",Unfall 193955 (2021) Kat:3, Licht: 0,193955,3,6,3,04,11,5,0,0,1,1,0,0,0,0
"POINT (10.884334374000048 48.395521360000032)",Unfall 193956 (2021) Kat:3, Licht: 0,193956,3,5,0,04,16,2,1,0,1,1,0,0,0,0
"POINT (10.875804513000048 48.370725110000080)",Unfall 193962 (2021) Kat:3, Licht: 0,193962,3,7,0,05,08,7,1,0,0,0,0,1,0,0
"POINT (10.915417849000050 48.390343947000076)",Unfall 193982 (2021) Kat:3, Licht: 0,193982,3,3,5,04,06,6,0,0,1,1,0,0,0,0
"POINT (10.904430226000045 48.358502805000057)",Unfall 194039 (2021) Kat:3, Licht: 2,194039,3,1,6,04,22,6,1,2,0,1,1,0,0,0
"POINT (10.892455947000030 48.369557758000042)",Unfall 194079 (2021) Kat:3, Licht: 0,194079,3,6,2,04,14,4,0,0,0,1,0,0,0,0
"POINT (10.898486300000059 48.395100819000049)",Unfall 194097 (2021) Kat:3, Licht: 0,194097,3,3,5,04,07,6,0,0,0,1,0,0,0,1
"POINT (10.878141678000077 48.338335757000038)",Unfall 194132 (2021) Kat:3, Licht: 0,194132,3,7,1,04,17,7,0,0,1,1,0,0,0,0
"POINT (10.893161916000054 48.365727200000038)",Unfall 194133 (2021) Kat:3, Licht: 2,194133,3,6,0,04,21,6,1,2,0,1,0,1,0,0
"POINT (10.909926147000022 48.369338730000038)",Unfall 194153 (2021) Kat:3, Licht: 0,194153,3,1,2,04,16,5,0,0,1,1,0,0,0,0
"POINT (10.920849849000035 48.380046206000031)",Unfall 194160 (2021) Kat:3, Licht: 0,194160,3,7,1,05,16,7,1,0,0,1,0,0,0,0
"POINT (10.901482438000073 48.352311066000027)",Unfall 194176 (2021) Kat:3, Licht: 0,194176,3,3,4,04,17,2,0,0,1,1,0,0,0,0
"POINT (10.880808290000061 48.365623409000079)",Unfall 194203 (2021) Kat:3, Licht: 0,194203,3,7,0,04,10,5,0,0,0,0,0,0,0,1
"POINT (10.898881876000075 48.366757003000032)",Unfall 194277 (2021) Kat:3, Licht: 0,194277,3,6,2,05,11,5,0,0,0,1,0,0,0,0
"POINT (10.876333375000058 48.380760662000057)",Unfall 194335 (2021) Kat:3, Licht: 0,194335,3,7,0,05,16,4,1,0,1,0,0,0,0,0
"POINT (10.920611169000040 48.380325465000055)",Unfall 194347 (2021) Kat:3, Licht: 0,194347,3,6,0,05,18,5,0,0,0,1,0,1,0,0
"POINT (10.856292540000027 48.337117060000026)",Unfall 194357 (2021) Kat:3, Licht: 0,194357,3,2,5,05,17,5,0,0,0,1,0,0,0,0
"POINT (10.875015990000065 48.381211651000058)",Unfall 194380 (2021) Kat:3, Licht: 0,194380,3,1,0,05,19,1,0,0,1,0,0,0,0,0
"POINT (10.891046539000058 48.369598658000029)",Unfall 194381 (2021) Kat:3, Licht: 0,194381,3,6,3,05,12,4,0,0,0,1,0,0,0,0
"POINT (10.902313174000028 48.352204190000066)",Unfall 194403 (2021) Kat:3, Licht: 0,194403,3,1,3,05,15,5,0,0,0,1,0,0,0,0
"POINT (10.885570079000047 48.373563976000071)",Unfall 194502 (2021) Kat:3, Licht: 0,194502,3,3,5,05,07,4,1,0,1,1,0,0,0,0
"POINT (10.908771312000056 48.305254013000081)",Unfall 194528 (2021) Kat:3, Licht: 0,194528,3,1,3,05,13,5,1,0,1,1,0,0,0,0
"POINT (10.900963138000066 48.351103774000080)",Unfall 194530 (2021) Kat:3, Licht: 2,194530,3,1,0,05,21,7,0,2,1,0,0,0,0,0
"POINT (10.895427971000061 48.375818164000066)",Unfall 194557 (2021) Kat:3, Licht: 0,194557,3,1,0,05,19,2,1,0,1,0,0,0,0,0
"POINT (10.901410236000061 48.369738037000047)",Unfall 194582 (2021) Kat:3, Licht: 0,194582,3,2,2,05,18,4,1,0,0,1,0,0,0,0
"POINT (10.870115720000058 48.376011485000049)",Unfall 194583 (2021) Kat:3, Licht: 0,194583,3,3,4,05,09,4,0,0,0,1,0,0,0,0
"POINT (10.907262079000077 48.370249321000074)",Unfall 194675 (2021) Kat:3, Licht: 0,194675,3,7,0,05,16,5,0,0,0,1,0,0,0,1
"POINT (10.905125266000027 48.396540357000049)",Unfall 194685 (2021) Kat:3, Licht: 0,194685,3,6,8,05,13,2,0,0,0,1,0,0,0,0
"POINT (10.877490404000071 48.333263359000057)",Unfall 194745 (2021) Kat:3, Licht: 0,194745,3,1,0,05,14,4,0,0,1,0,0,0,0,0
"POINT (10.915026723000040 48.379688149000060)",Unfall 194776 (2021) Kat:3, Licht: 0,194776,3,1,0,05,09,7,0,0,1,0,0,0,0,0
"POINT (10.903981319000025 48.314107870000043)",Unfall 194778 (2021) Kat:3, Licht: 0,194778,3,1,6,05,16,3,0,0,1,0,1,0,0,0
"POINT (10.917599274000054 48.380874968000057)",Unfall 194812 (2021) Kat:3, Licht: 0,194812,3,2,4,05,16,3,1,0,1,1,0,0,0,0
"POINT (10.914338295000050 48.371551607000072)",Unfall 194821 (2021) Kat:3, Licht: 0,194821,3,1,1,05,11,2,0,0,1,1,0,0,0,0
"POINT (10.950028480000071 48.356714496000052)",Unfall 194871 (2021) Kat:1, Licht: 2,194871,1,7,0,05,04,7,0,2,1,0,0,0,0,0
"POINT (10.943548134000025 48.363627038000061)",Unfall 194894 (2021) Kat:3, Licht: 0,194894,3,3,5,05,18,3,0,0,0,1,0,0,0,0
"POINT (10.876620994000064 48.384471275000067)",Unfall 194898 (2021) Kat:3, Licht: 0,194898,3,3,5,05,09,3,0,0,1,1,0,0,0,0
"POINT (10.929910804000031 48.360590862000038)",Unfall 194901 (2021) Kat:3, Licht: 0,194901,3,2,5,05,16,5,1,0,1,1,0,0,0,0
"POINT (10.897868280000068 48.370497553000064)",Unfall 194977 (2021) Kat:3, Licht: 0,194977,3,2,4,05,13,6,0,0,0,1,0,1,0,0
"POINT (10.879953365000063 48.367867725000053)",Unfall 194983 (2021) Kat:2, Licht: 0,194983,2,7,1,05,16,5,1,0,0,1,0,0,0,0
"POINT (10.874831886000038 48.381275625000058)",Unfall 195074 (2021) Kat:3, Licht: 0,195074,3,7,5,05,18,2,0,0,1,0,1,0,0,0
"POINT (10.917210791000059 48.385735517000057)",Unfall 195087 (2021) Kat:3, Licht: 0,195087,3,2,5,05,13,6,1,0,0,1,0,0,0,1
"POINT (10.869552099000032 48.372092638000026)",Unfall 195088 (2021) Kat:3, Licht: 0,195088,3,6,2,05,18,7,0,0,0,1,0,0,0,0
"POINT (10.948418482000022 48.355877428000042)",Unfall 195107 (2021) Kat:3, Licht: 0,195107,3,3,6,05,11,2,0,0,0,1,1,0,0,0
"POINT (10.910414436000053 48.319404743000064)",Unfall 195118 (2021) Kat:3, Licht: 0,195118,3,1,8,05,14,4,0,0,1,0,0,0,0,0
"POINT (10.933821930000022 48.377907941000046)",Unfall 195147 (2021) Kat:3, Licht: 0,195147,3,6,3,05,10,6,0,0,1,1,0,0,0,0
"POINT (10.904494555000042 48.387525080000046)",Unfall 195149 (2021) Kat:2, Licht: 0,195149,2,4,6,05,16,2,0,0,0,1,1,0,0,0
"POINT (10.882224190000045 48.387228542000059)",Unfall 195154 (2021) Kat:3, Licht: 0,195154,3,7,0,05,08,5,1,0,1,0,0,0,0,0
"POINT (10.908626290000029 48.370352649000040)",Unfall 195189 (2021) Kat:3, Licht: 0,195189,3,7,0,05,13,3,0,0,0,0,0,0,0,1
"POINT (10.902315098000031 48.312054653000075)",Unfall 195210 (2021) Kat:3, Licht: 0,195210,3,3,5,05,20,2,1,0,0,1,0,0,0,0
"POINT (10.879272005000075 48.371345629000075)",Unfall 195212 (2021) Kat:3, Licht: 0,195212,3,6,2,05,14,4,1,0,0,1,0,0,0,0
"POINT (10.903968357000053 48.382949292000035)",Unfall 195213 (2021) Kat:2, Licht: 0,195213,2,1,1,05,19,1,0,0,1,1,0,0,0,0
"POINT (10.924957512000049 48.357849332000058)",Unfall 195219 (2021) Kat:3, Licht: 1,195219,3,6,5,05,21,7,1,1,1,1,0,0,0,0
"POINT (10.865398581000022 48.337652087000038)",Unfall 195225 (2021) Kat:2, Licht: 0,195225,2,3,4,05,09,2,1,0,1,1,0,0,0,0
"POINT (10.856564384000023 48.373433688000034)",Unfall 195236 (2021) Kat:3, Licht: 0,195236,3,6,3,05,11,1,0,0,0,1,0,0,0,0
"POINT (10.903993280000066 48.358478655000056)",Unfall 195256 (2021) Kat:3, Licht: 0,195256,3,2,0,05,09,4,1,0,0,0,0,1,0,0
"POINT (10.895505081000067 48.326976882000054)",Unfall 195343 (2021) Kat:3, Licht: 0,195343,3,1,0,05,18,2,0,0,1,0,0,0,0,0
"POINT (10.885929303000069 48.367767875000027)",Unfall 195367 (2021) Kat:2, Licht: 0,195367,2,7,0,06,14,3,0,0,1,0,0,0,0,0
"POINT (10.888244121000071 48.369217394000032)",Unfall 195383 (2021) Kat:3, Licht: 0,195383,3,2,3,06,16,4,0,0,1,1,0,0,0,0
"POINT (10.917236366000054 48.352196303000028)",Unfall 195434 (2021) Kat:3, Licht: 0,195434,3,1,7,06,11,5,0,0,1,0,0,0,0,0
"POINT (10.904185061000021 48.365095570000051)",Unfall 195437 (2021) Kat:3, Licht: 0,195437,3,2,4,05,16,6,0,0,1,1,0,0,0,1
"POINT (10.879597319000027 48.337716729000078)",Unfall 195448 (2021) Kat:2, Licht: 0,195448,2,1,4,06,15,2,0,0,1,0,0,0,0,0
"POINT (10.889356146000068 48.371864895000044)",Unfall 195477 (2021) Kat:3, Licht: 0,195477,3,1,0,06,18,5,0,0,0,0,0,0,0,1
"POINT (10.908135843000025 48.360861614000044)",Unfall 195517 (2021) Kat:2, Licht: 2,195517,2,2,5,06,22,7,0,2,0,1,0,0,0,0
"POINT (10.849642519000042 48.373423182000067)",Unfall 195544 (2021) Kat:3, Licht: 0,195544,3,7,6,06,21,7,0,0,0,1,1,0,0,0
"POINT (10.875215622000042 48.364083827000059)",Unfall 195548 (2021) Kat:3, Licht: 1,195548,3,7,0,05,18,6,0,1,0,0,0,0,0,1
"POINT (10.938954771000056 48.355129637000061)",Unfall 195554 (2021) Kat:3, Licht: 0,195554,3,6,1,05,15,2,0,0,0,1,0,0,0,0
"POINT (10.880516851000039 48.382133266000039)",Unfall 195563 (2021) Kat:3, Licht: 1,195563,3,6,4,06,21,4,1,1,0,1,0,0,1,0
"POINT (10.867281899000034 48.362710751000066)",Unfall 195596 (2021) Kat:3, Licht: 0,195596,3,2,4,06,11,5,0,0,1,1,0,0,0,0
"POINT (10.871487657000046 48.360903301000064)",Unfall 195598 (2021) Kat:3, Licht: 0,195598,3,3,5,06,17,4,0,0,0,1,0,0,0,1
"POINT (10.886470596000038 48.368228456000054)",Unfall 195610 (2021) Kat:2, Licht: 1,195610,2,6,2,06,20,2,1,1,0,1,0,0,0,0
"POINT (10.909453283000062 48.370432098000038)",Unfall 195613 (2021) Kat:3, Licht: 0,195613,3,2,5,06,14,5,0,0,0,1,0,0,0,0
"POINT (10.900325944000031 48.359590896000043)",Unfall 195618 (2021) Kat:3, Licht: 2,195618,3,7,0,06,23,6,0,2,1,0,0,0,0,0
"POINT (10.879223478000029 48.336907230000065)",Unfall 195646 (2021) Kat:3, Licht: 2,195646,3,7,9,06,02,5,0,2,0,1,0,0,0,0
"POINT (10.894797937000021 48.376622676000068)",Unfall 195692 (2021) Kat:3, Licht: 0,195692,3,7,0,06,16,6,0,0,1,0,0,0,0,0
"POINT (10.893923692000044 48.367130212000063)",Unfall 195742 (2021) Kat:3, Licht: 0,195742,3,7,0,06,14,6,0,0,0,0,0,0,0,1
"POINT (10.893948801000022 48.305002751000075)",Unfall 195809 (2021) Kat:3, Licht: 0,195809,3,1,0,06,09,5,0,0,1,0,0,0,0,0
"POINT (10.904480694000029 48.358514660000026)",Unfall 195831 (2021) Kat:3, Licht: 2,195831,3,1,0,06,01,7,0,2,0,0,0,0,0,1
"POINT (10.888807172000043 48.376525545000050)",Unfall 195843 (2021) Kat:3, Licht: 0,195843,3,7,0,06,19,6,0,0,0,0,0,1,0,0
"POINT (10.887438665000047 48.373693110000033)",Unfall 195858 (2021) Kat:3, Licht: 0,195858,3,7,0,06,16,7,0,0,0,0,0,0,0,1
"POINT (10.907076266000047 48.360846304000063)",Unfall 195876 (2021) Kat:3, Licht: 0,195876,3,1,0,06,18,4,1,0,1,0,0,0,0,0
"POINT (10.901508548000038 48.361955056000056)",Unfall 195913 (2021) Kat:3, Licht: 0,195913,3,1,0,06,18,3,0,0,1,0,0,0,0,0
"POINT (10.899321552000060 48.365548655000055)",Unfall 195923 (2021) Kat:3, Licht: 0,195923,3,5,0,06,11,4,0,0,1,1,0,0,0,0
"POINT (10.890875817000051 48.365153809000049)",Unfall 195930 (2021) Kat:3, Licht: 0,195930,3,6,2,05,19,1,0,0,0,1,0,0,0,0
"POINT (10.868428316000063 48.369797113000061)",Unfall 195992 (2021) Kat:3, Licht: 0,195992,3,5,1,05,11,2,0,0,1,1,0,0,0,0
"POINT (10.864669211000034 48.384135351000054)",Unfall 195997 (2021) Kat:3, Licht: 0,195997,3,3,5,06,15,2,0,0,1,1,0,0,0,0
"POINT (10.908705528000041 48.303070003000073)",Unfall 195999 (2021) Kat:3, Licht: 0,195999,3,1,6,06,17,5,0,0,1,0,1,0,0,0
"POINT (10.881082056000025 48.379189572000030)",Unfall 196032 (2021) Kat:3, Licht: 0,196032,3,4,6,06,18,7,0,0,0,0,1,0,0,1
"POINT (10.894922776000044 48.365141387000051)",Unfall 196035 (2021) Kat:3, Licht: 0,196035,3,3,0,05,10,6,0,0,1,0,0,0,0,1
"POINT (10.880462483000031 48.383571115000052)",Unfall 196049 (2021) Kat:3, Licht: 0,196049,3,7,0,06,13,5,0,0,1,0,0,0,0,0
"POINT (10.927800218000073 48.413203192000026)",Unfall 196064 (2021) Kat:3, Licht: 0,196064,3,6,0,05,16,1,0,0,1,1,0,0,0,0
"POINT (10.878500950000046 48.370149351000066)",Unfall 196135 (2021) Kat:3, Licht: 0,196135,3,6,2,06,16,2,0,0,0,1,0,0,0,0
"POINT (10.884117643000025 48.378356447000044)",Unfall 196151 (2021) Kat:3, Licht: 0,196151,3,6,2,06,18,3,0,0,0,1,0,0,0,0
"POINT (10.909897050000041 48.364336010000045)",Unfall 196182 (2021) Kat:3, Licht: 0,196182,3,2,3,06,18,6,0,0,1,1,0,0,0,0
"POINT (10.864949202000048 48.380940970000040)",Unfall 196183 (2021) Kat:3, Licht: 0,196183,3,6,4,06,19,3,0,0,1,0,0,0,0,0
"POINT (10.913789010000073 48.376819870000077)",Unfall 196213 (2021) Kat:3, Licht: 0,196213,3,6,2,06,16,4,1,0,0,1,0,1,0,0
"POINT (10.896135010000023 48.360021416000052)",Unfall 196225 (2021) Kat:3, Licht: 2,196225,3,7,0,06,23,4,1,2,1,0,0,0,0,0
"POINT (10.899726399000031 48.364481149000028)",Unfall 196234 (2021) Kat:3, Licht: 2,196234,3,7,0,06,01,5,0,2,0,1,1,0,0,0
"POINT (10.915409258000068 48.319015538000031)",Unfall 196247 (2021) Kat:3, Licht: 0,196247,3,1,2,06,13,5,0,0,1,1,0,0,0,0
"POINT (10.883814172000029 48.357378457000038)",Unfall 196251 (2021) Kat:3, Licht: 0,196251,3,1,6,06,19,3,0,0,1,1,1,0,0,0
"POINT (10.923293819000037 48.396910636000030)",Unfall 196261 (2021) Kat:3, Licht: 0,196261,3,6,1,06,10,4,0,0,0,1,0,0,0,0
"POINT (10.904119251000054 48.319428163000055)",Unfall 196268 (2021) Kat:3, Licht: 0,196268,3,1,1,05,17,2,0,0,1,1,0,0,0,0
"POINT (10.905457997000042 48.387873084000034)",Unfall 196348 (2021) Kat:3, Licht: 0,196348,3,3,5,05,12,2,0,0,1,1,0,0,0,0
"POINT (10.866044686000066 48.384894119000080)",Unfall 196354 (2021) Kat:3, Licht: 0,196354,3,1,0,06,17,3,0,0,1,0,0,0,0,0
"POINT (10.902361875000054 48.355432457000063)",Unfall 196438 (2021) Kat:3, Licht: 0,196438,3,3,5,06,19,2,0,0,1,1,0,0,0,0
"POINT (10.879264683000031 48.336305256000060)",Unfall 196448 (2021) Kat:3, Licht: 0,196448,3,1,5,06,18,5,0,0,1,1,0,0,0,0