WKT,Name,OBJECTID,UKATEGORIE,UTYP1,UART,UMONAT,USTUNDE,UWOCHENTAG,STRZUSTAND,ULICHTVERH,ISTRAD,ISTPKW,ISTFUSS,ISTKRAD,ISTGKFZ,ISTSONSTIG
"POINT (10.900263957000050 48.377244255000051)",Unfall 196501 (2021) Kat:2, Licht: 0,196501,2,6,2,06,19,4,0,0,0,1,0,1,0,0
"POINT (10.899583021000069 48.364524655000025)",Unfall 196516 (2021) Kat:3, Licht: 0,196516,3,7,0,06,18,4,0,0,1,0,0,0,0,0
"POINT (10.944875022000076 48.353258611000058)",Unfall 196519 (2021) Kat:3, Licht: 0,196519,3,1,0,06,15,1,0,0,1,0,0,0,0,0
"POINT (10.898835083000051 48.336536550000062)",Unfall 196533 (2021) Kat:3, Licht: 0,196533,3,1,5,06,16,4,0,0,1,1,0,0,0,0
"POINT (10.911055890000057 48.364144900000042)",Unfall 196541 (2021) Kat:3, Licht: 0,196541,3,1,4,06,22,5,0,0,1,0,0,0,0,0
"POINT (10.937054119000038 48.375061469000059)",Unfall 196577 (2021) Kat:3, Licht: 0,196577,3,3,5,06,15,2,0,0,0,1,0,0,1,0
"POINT (10.848477184000046 48.397469304000026)",Unfall 196589 (2021) Kat:3, Licht: 0,196589,3,4,0,06,08,6,0,0,1,0,1,0,0,0
"POINT (10.908035710000036 48.303863616000058)",Unfall 196610 (2021) Kat:2, Licht: 0,196610,2,1,0,06,11,2,0,0,1,0,0,0,0,0
"POINT (10.920384950000027 48.377259491000075)",Unfall 196611 (2021) Kat:3, Licht: 0,196611,3,7,6,06,21,5,0,0,0,1,1,0,0,0
"POINT (10.902236120000055 48.311695967000048)",Unfall 196639 (2021) Kat:3, Licht: 0,196639,3,1,0,06,19,6,0,0,1,0,0,0,0,0
"POINT (10.948029819000055 48.355841778000070)",Unfall 196642 (2021) Kat:3, Licht: 0,196642,3,3,5,06,19,7,0,0,0,1,0,0,0,1
"POINT (10.893672923000054 48.364778567000030)",Unfall 196644 (2021) Kat:3, Licht: 0,196644,3,6,2,06,11,4,0,0,0,1,0,0,0,0
"POINT (10.948001876000035 48.365372336000064)",Unfall 196722 (2021) Kat:3, Licht: 0,196722,3,1,0,06,17,6,0,0,1,0,0,0,0,0
"POINT (10.903347553000060 48.315850596000075)",Unfall 196729 (2021) Kat:3, Licht: 0,196729,3,7,1,06,19,3,0,0,1,1,0,0,0,0
"POINT (10.858177143000034 48.389029847000074)",Unfall 196731 (2021) Kat:3, Licht: 0,196731,3,7,0,06,13,4,0,0,1,0,0,0,0,0
"POINT (10.898800798000025 48.366736443000036)",Unfall 196735 (2021) Kat:3, Licht: 1,196735,3,1,0,06,04,4,0,1,1,0,0,0,0,0
"POINT (10.904131877000054 48.371106943000029)",Unfall 196745 (2021) Kat:3, Licht: 0,196745,3,3,5,06,12,5,0,0,1,1,0,0,0,0
"POINT (10.894605172000070 48.366545180000060)",Unfall 196768 (2021) Kat:3, Licht: 0,196768,3,7,6,06,18,1,0,0,1,0,1,0,0,0
"POINT (10.910391738000044 48.361173317000066)",Unfall 196816 (2021) Kat:3, Licht: 0,196816,3,2,5,06,18,5,0,0,1,0,0,0,0,1
"POINT (10.911813963000043 48.306537722000030)",Unfall 196819 (2021) Kat:3, Licht: 0,196819,3,1,6,06,14,1,0,0,0,1,1,0,0,0
"POINT (10.871478606000039 48.361780487000033)",Unfall 196824 (2021) Kat:3, Licht: 0,196824,3,3,5,06,14,3,0,0,1,1,0,0,0,0
"POINT (10.898008700000048 48.370088279000072)",Unfall 196876 (2021) Kat:3, Licht: 0,196876,3,6,4,06,09,3,0,0,1,1,1,0,0,0
"POINT (10.870145862000072 48.376668604000031)",Unfall 196894 (2021) Kat:2, Licht: 0,196894,2,7,4,06,13,3,0,0,0,1,0,1,0,0
"POINT (10.885218239000039 48.354964161000055)",Unfall 196994 (2021) Kat:3, Licht: 0,196994,3,3,5,06,18,6,0,0,0,1,0,0,0,0
"POINT (10.878434278000043 48.370133852000038)",Unfall 197003 (2021) Kat:3, Licht: 0,197003,3,3,5,06,18,6,0,0,1,1,0,0,0,0
"POINT (10.909874794000075 48.364342721000071)",Unfall 197023 (2021) Kat:3, Licht: 0,197023,3,3,3,06,18,2,0,0,1,1,0,0,0,0
"POINT (10.904254599000069 48.362193226000045)",Unfall 197041 (2021) Kat:2, Licht: 0,197041,2,6,3,06,17,4,0,0,1,0,0,0,0,0
"POINT (10.885893224000029 48.347004542000036)",Unfall 197149 (2021) Kat:3, Licht: 0,197149,3,1,5,06,18,4,0,0,1,1,0,0,0,0
"POINT (10.853806871000074 48.352529252000068)",Unfall 197174 (2021) Kat:3, Licht: 0,197174,3,1,0,06,18,2,0,0,0,0,0,1,0,0
"POINT (10.893395849000058 48.354330795000067)",Unfall 197209 (2021) Kat:3, Licht: 0,197209,3,7,0,06,17,3,0,0,1,0,0,0,0,0
"POINT (10.870070468000051 48.372788819000050)",Unfall 197212 (2021) Kat:3, Licht: 0,197212,3,2,4,06,09,4,0,0,1,1,0,0,0,0
"POINT (10.914693806000059 48.398422285000038)",Unfall 197256 (2021) Kat:3, Licht: 0,197256,3,6,3,06,16,7,0,0,1,1,0,0,0,0
"POINT (10.863885636000077 48.384418495000034)",Unfall 197296 (2021) Kat:3, Licht: 0,197296,3,3,5,06,09,4,0,0,0,1,0,0,0,0
"POINT (10.897775117000037 48.359849784000062)",Unfall 197301 (2021) Kat:3, Licht: 0,197301,3,6,2,06,16,6,0,0,0,1,0,1,0,0
"POINT (10.890927998000052 48.365150844000027)",Unfall 197309 (2021) Kat:3, Licht: 0,197309,3,4,6,06,15,3,0,0,0,1,1,0,0,0
"POINT (10.861684575000027 48.340042366000034)",Unfall 197340 (2021) Kat:3, Licht: 0,197340,3,3,5,06,14,1,0,0,1,1,0,0,0,0
"POINT (10.887695710000060 48.374386203000029)",Unfall 197352 (2021) Kat:3, Licht: 0,197352,3,7,0,06,08,4,0,0,1,0,0,0,0,0
"POINT (10.930062153000051 48.371999285000072)",Unfall 197418 (2021) Kat:3, Licht: 0,197418,3,2,0,06,14,3,0,0,0,0,0,1,0,0
"POINT (10.882222534000050 48.374001245000045)",Unfall 197421 (2021) Kat:3, Licht: 0,197421,3,3,5,06,06,4,0,0,1,1,0,0,0,0
"POINT (10.903993184000058 48.365761784000028)",Unfall 197492 (2021) Kat:2, Licht: 0,197492,2,2,4,07,19,3,1,0,1,1,0,0,0,0
"POINT (10.914045471000065 48.377378469000064)",Unfall 197529 (2021) Kat:3, Licht: 0,197529,3,6,2,06,19,6,0,0,0,1,0,0,0,0
"POINT (10.904391207000060 48.358497465000028)",Unfall 197534 (2021) Kat:3, Licht: 2,197534,3,1,0,06,22,7,0,2,0,0,0,0,0,1
"POINT (10.905431602000021 48.361025465000068)",Unfall 197578 (2021) Kat:3, Licht: 0,197578,3,1,3,06,08,6,1,0,0,1,0,1,0,0
"POINT (10.915074142000037 48.379781781000077)",Unfall 197588 (2021) Kat:3, Licht: 0,197588,3,3,5,06,16,2,0,0,1,1,0,0,0,0
"POINT (10.906878491000043 48.340036767000072)",Unfall 197618 (2021) Kat:3, Licht: 0,197618,3,3,5,07,09,2,0,0,0,1,0,0,0,1
"POINT (10.936737730000061 48.365043118000074)",Unfall 197623 (2021) Kat:1, Licht: 0,197623,1,6,3,06,11,5,0,0,1,0,0,0,1,0
"POINT (10.874900161000028 48.370990841000037)",Unfall 197627 (2021) Kat:3, Licht: 0,197627,3,3,5,07,16,5,0,0,1,1,0,0,0,0
"POINT (10.944304559000045 48.355272173000060)",Unfall 197659 (2021) Kat:3, Licht: 0,197659,3,1,0,06,10,5,0,0,1,0,0,0,0,0
"POINT (10.863997360000042 48.372548029000029)",Unfall 197699 (2021) Kat:3, Licht: 0,197699,3,3,5,07,07,3,0,0,0,1,0,0,0,0
"POINT (10.888239738000038 48.369186033000062)",Unfall 197722 (2021) Kat:3, Licht: 0,197722,3,3,5,06,14,2,0,0,0,1,0,1,0,0
"POINT (10.874627697000051 48.337705963000076)",Unfall 197732 (2021) Kat:3, Licht: 0,197732,3,4,6,06,16,3,1,0,0,1,1,0,0,0
"POINT (10.918505476000064 48.392010091000031)",Unfall 197746 (2021) Kat:3, Licht: 0,197746,3,3,5,07,20,1,1,0,0,1,0,0,0,0
"POINT (10.915291147000062 48.394870543000081)",Unfall 197755 (2021) Kat:3, Licht: 0,197755,3,3,5,07,09,7,0,0,1,1,0,0,0,0
"POINT (10.896549751000066 48.370218769000076)",Unfall 197790 (2021) Kat:3, Licht: 2,197790,3,5,1,07,22,6,0,2,1,1,0,0,0,0
"POINT (10.878936626000041 48.370833436000055)",Unfall 197798 (2021) Kat:3, Licht: 0,197798,3,3,5,06,18,4,0,0,1,1,0,0,0,0
"POINT (10.900202301000036 48.377237355000034)",Unfall 197799 (2021) Kat:3, Licht: 0,197799,3,1,0,07,09,3,0,0,1,0,0,0,0,0
"POINT (10.876475923000044 48.385302399000068)",Unfall 197817 (2021) Kat:3, Licht: 0,197817,3,7,6,06,08,4,0,0,1,0,1,0,0,0
"POINT (10.889848840000070 48.370355822000079)",Unfall 197878 (2021) Kat:3, Licht: 0,197878,3,6,2,06,13,5,0,0,0,1,0,0,0,0
"POINT (10.932753026000057 48.369796632000032)",Unfall 197881 (2021) Kat:3, Licht: 0,197881,3,3,9,06,18,6,1,0,0,1,0,0,0,0
"POINT (10.876158802000077 48.381755144000067)",Unfall 197908 (2021) Kat:3, Licht: 0,197908,3,3,5,07,16,3,0,0,1,1,0,0,0,0
"POINT (10.901120902000059 48.364365528000064)",Unfall 197924 (2021) Kat:3, Licht: 0,197924,3,7,0,07,11,7,0,0,0,0,0,0,0,1
"POINT (10.885525894000068 48.355323406000082)",Unfall 197944 (2021) Kat:3, Licht: 0,197944,3,1,2,06,15,2,0,0,0,1,0,0,0,0
"POINT (10.847636381000029 48.385223772000074)",Unfall 198040 (2021) Kat:3, Licht: 0,198040,3,3,5,06,09,6,0,0,0,1,0,0,0,1
"POINT (10.885589583000069 48.367589576000057)",Unfall 198083 (2021) Kat:3, Licht: 0,198083,3,1,0,06,14,5,0,0,1,0,0,0,0,0
"POINT (10.925481684000033 48.366361749000077)",Unfall 198103 (2021) Kat:3, Licht: 0,198103,3,1,0,06,20,7,0,0,1,0,0,0,0,0
"POINT (10.885370924000028 48.355286415000080)",Unfall 198153 (2021) Kat:3, Licht: 0,198153,3,1,4,06,16,4,0,0,1,1,0,0,0,0
"POINT (10.869997496000053 48.381462261000081)",Unfall 198155 (2021) Kat:3, Licht: 0,198155,3,7,2,07,09,1,0,0,0,1,0,0,0,0
"POINT (10.922352167000042 48.375765597000054)",Unfall 198160 (2021) Kat:3, Licht: 0,198160,3,6,0,07,20,3,0,0,1,1,0,0,0,0
"POINT (10.886445705000028 48.373034933000042)",Unfall 198172 (2021) Kat:3, Licht: 2,198172,3,7,0,06,23,1,0,2,1,0,0,0,0,0
"POINT (10.878933394000057 48.370833949000030)",Unfall 198173 (2021) Kat:2, Licht: 0,198173,2,3,5,06,06,5,0,0,1,1,0,0,0,0
"POINT (10.944774053000060 48.353636569000059)",Unfall 198180 (2021) Kat:3, Licht: 0,198180,3,5,1,07,13,7,0,0,0,1,0,0,0,0
"POINT (10.860123859000055 48.379154288000052)",Unfall 198202 (2021) Kat:2, Licht: 0,198202,2,5,1,07,08,2,0,0,1,1,0,0,0,0
"POINT (10.910466659000065 48.317001435000066)",Unfall 198203 (2021) Kat:3, Licht: 0,198203,3,7,0,06,08,4,0,0,1,0,0,0,0,0
"POINT (10.881446705000030 48.390003459000070)",Unfall 198258 (2021) Kat:3, Licht: 0,198258,3,6,2,07,16,5,0,0,0,1,0,0,0,0
"POINT (10.849417211000059 48.385856524000076)",Unfall 198261 (2021) Kat:3, Licht: 0,198261,3,6,2,07,17,4,0,0,0,1,0,0,0,0
"POINT (10.879784969000070 48.337717786000042)",Unfall 198285 (2021) Kat:3, Licht: 0,198285,3,7,0,07,08,7,0,0,1,0,0,0,0,0
"POINT (10.939031324000041 48.344715010000073)",Unfall 198300 (2021) Kat:2, Licht: 0,198300,2,1,0,06,11,1,0,0,1,0,0,0,0,0
"POINT (10.904100993000043 48.365794298000026)",Unfall 198304 (2021) Kat:3, Licht: 0,198304,3,1,5,06,18,6,0,0,0,1,0,0,0,0
"POINT (10.910392960000024 48.350275303000046)",Unfall 198323 (2021) Kat:2, Licht: 0,198323,2,1,0,06,19,4,1,0,1,0,0,0,0,0
"POINT (10.907885001000068 48.358896291000065)",Unfall 198324 (2021) Kat:3, Licht: 0,198324,3,1,2,07,19,2,0,0,0,1,0,0,0,0
"POINT (10.889073675000077 48.371763752000049)",Unfall 198385 (2021) Kat:3, Licht: 0,198385,3,2,4,07,15,7,0,0,1,1,0,0,0,0
"POINT (10.871925788000055 48.357348211000044)",Unfall 198392 (2021) Kat:3, Licht: 0,198392,3,6,2,06,08,4,0,0,1,1,0,0,0,0
"POINT (10.889273160000073 48.371791537000036)",Unfall 198433 (2021) Kat:3, Licht: 0,198433,3,2,3,07,07,3,0,0,1,1,0,0,0,0
"POINT (10.870185172000049 48.376023054000029)",Unfall 198437 (2021) Kat:3, Licht: 0,198437,3,3,5,07,15,7,0,0,0,1,0,0,0,0
"POINT (10.894594676000054 48.369931195000049)",Unfall 198439 (2021) Kat:3, Licht: 1,198439,3,6,2,06,22,7,0,1,0,1,0,0,0,0
"POINT (10.884673400000054 48.367181554000069)",Unfall 198473 (2021) Kat:3, Licht: 2,198473,3,7,0,06,02,7,0,2,1,0,0,0,0,0
"POINT (10.916613235000057 48.384136572000045)",Unfall 198515 (2021) Kat:3, Licht: 0,198515,3,3,1,07,13,6,0,0,1,1,0,0,0,0
"POINT (10.899353779000023 48.365476127000079)",Unfall 198545 (2021) Kat:3, Licht: 2,198545,3,1,0,07,03,1,1,2,0,0,0,0,0,1
"POINT (10.890435976000049 48.379873776000068)",Unfall 198588 (2021) Kat:3, Licht: 0,198588,3,4,6,07,17,6,0,0,0,1,1,0,0,0
"POINT (10.847848035000027 48.317855966000081)",Unfall 198591 (2021) Kat:3, Licht: 0,198591,3,1,0,07,17,7,0,0,1,0,0,0,0,0
"POINT (10.910883799000032 48.402538825000079)",Unfall 198598 (2021) Kat:3, Licht: 0,198598,3,5,1,07,19,3,0,0,0,1,0,0,0,0
"POINT (10.904600374000040 48.370201735000080)",Unfall 198599 (2021) Kat:3, Licht: 0,198599,3,3,5,07,19,3,0,0,0,1,0,0,0,1
"POINT (10.895418216000053 48.364292017000025)",Unfall 198603 (2021) Kat:3, Licht: 0,198603,3,7,3,07,18,5,1,0,1,1,0,0,0,0
"POINT (10.879343511000059 48.371507004000080)",Unfall 198609 (2021) Kat:3, Licht: 2,198609,3,1,0,07,21,6,1,2,1,0,0,0,0,0
"POINT (10.902268260000028 48.357189080000069)",Unfall 198613 (2021) Kat:3, Licht: 0,198613,3,2,4,07,14,6,0,0,0,1,0,0,0,0
"POINT (10.889961056000061 48.310874617000081)",Unfall 198640 (2021) Kat:2, Licht: 0,198640,2,7,0,07,12,6,0,0,0,1,0,0,0,1
"POINT (10.901589941000054 48.352295966000042)",Unfall 198647 (2021) Kat:3, Licht: 0,198647,3,2,5,07,10,5,1,0,0,1,0,0,0,0
"POINT (10.880889647000060 48.373344856000074)",Unfall 198653 (2021) Kat:2, Licht: 0,198653,2,3,5,07,17,3,0,0,0,1,0,1,0,0
"POINT (10.864494443000069 48.362967284000035)",Unfall 198676 (2021) Kat:3, Licht: 0,198676,3,7,0,07,17,1,0,0,1,1,0,0,0,0
"POINT (10.883417285000064 48.356809694000049)",Unfall 198687 (2021) Kat:3, Licht: 0,198687,3,1,5,07,18,6,0,0,1,1,0,0,0,0
"POINT (10.885942783000075 48.345638076000057)",Unfall 198706 (2021) Kat:3, Licht: 2,198706,3,1,6,07,03,7,0,2,0,1,1,0,0,0
"POINT (10.882789744000036 48.363115133000065)",Unfall 198762 (2021) Kat:3, Licht: 0,198762,3,3,0,07,19,1,0,0,1,0,0,0,0,0
"POINT (10.874620545000028 48.381960607000053)",Unfall 198777 (2021) Kat:3, Licht: 0,198777,3,7,0,07,19,2,0,0,0,0,0,0,0,1
"POINT (10.878586611000060 48.369967363000058)",Unfall 198789 (2021) Kat:3, Licht: 0,198789,3,1,0,07,16,2,0,0,1,0,0,0,0,0
"POINT (10.889544384000033 48.368128113000068)",Unfall 198805 (2021) Kat:3, Licht: 0,198805,3,2,4,07,12,2,0,0,1,1,0,0,0,0
"POINT (10.880516065000052 48.384037119000027)",Unfall 198860 (2021) Kat:3, Licht: 0,198860,3,3,5,07,19,3,0,0,1,1,0,0,0,0
"POINT (10.882940449000046 48.355976530000078)",Unfall 198896 (2021) Kat:3, Licht: 0,198896,3,2,3,07,15,2,0,0,1,0,0,0,0,0
"POINT (10.896753869000065 48.361891219000029)",Unfall 198902 (2021) Kat:3, Licht: 2,198902,3,7,1,07,01,1,1,2,1,1,0,0,0,0
"POINT (10.868141771000069 48.362448131000065)",Unfall 198910 (2021) Kat:3, Licht: 0,198910,3,7,0,07,18,3,0,0,1,0,0,0,0,0
"POINT (10.879357586000026 48.351419198000031)",Unfall 198920 (2021) Kat:3, Licht: 0,198920,3,1,0,07,11,3,0,0,0,0,0,0,0,1
"POINT (10.910175356000025 48.371717374000070)",Unfall 198939 (2021) Kat:3, Licht: 0,198939,3,1,0,07,14,1,1,0,0,0,0,1,0,0
"POINT (10.944594655000060 48.353948518000038)",Unfall 198948 (2021) Kat:3, Licht: 0,198948,3,1,1,07,17,7,0,0,1,1,0,0,0,0
"POINT (10.920416137000075 48.367787533000069)",Unfall 199024 (2021) Kat:3, Licht: 0,199024,3,3,5,07,16,1,0,0,1,1,0,0,0,0
"POINT (10.919418800000074 48.368116676000056)",Unfall 199042 (2021) Kat:3, Licht: 0,199042,3,1,4,07,19,3,0,0,1,0,0,0,0,0
"POINT (10.856297590000054 48.337109510000062)",Unfall 199048 (2021) Kat:3, Licht: 1,199048,3,1,5,07,06,5,0,1,1,1,0,0,0,0
"POINT (10.897248060000038 48.359912531000077)",Unfall 199054 (2021) Kat:3, Licht: 0,199054,3,6,2,07,09,2,0,0,0,1,0,0,0,0
"POINT (10.894586376000063 48.406117129000052)",Unfall 199084 (2021) Kat:3, Licht: 0,199084,3,3,4,07,12,3,0,0,0,1,0,1,0,0
"POINT (10.869894037000051 48.381284445000063)",Unfall 199092 (2021) Kat:3, Licht: 0,199092,3,3,5,07,18,2,0,0,1,0,0,0,0,1
"POINT (10.902995306000037 48.373204143000066)",Unfall 199122 (2021) Kat:3, Licht: 0,199122,3,5,1,07,12,7,0,0,1,1,0,0,0,0
"POINT (10.865467705000071 48.337633447000030)",Unfall 199143 (2021) Kat:3, Licht: 0,199143,3,1,0,07,09,3,0,0,0,1,0,0,0,0
"POINT (10.943548134000025 48.363627038000061)",Unfall 199148 (2021) Kat:2, Licht: 0,199148,2,3,5,07,07,5,0,0,0,1,0,0,0,0
"POINT (10.925729038000043 48.321572539000044)",Unfall 199180 (2021) Kat:2, Licht: 0,199180,2,1,0,07,17,2,0,0,1,0,0,0,0,0
"POINT (10.902147985000056 48.359640940000077)",Unfall 199192 (2021) Kat:3, Licht: 0,199192,3,3,5,07,13,3,0,0,1,1,0,0,0,0
"POINT (10.901009889000022 48.370742060000055)",Unfall 199217 (2021) Kat:3, Licht: 0,199217,3,2,3,07,10,6,0,0,1,0,0,0,1,0
"POINT (10.893602060000035 48.389774452000040)",Unfall 199229 (2021) Kat:2, Licht: 0,199229,2,1,0,07,17,1,0,0,1,0,0,0,0,0
"POINT (10.900001582000073 48.341229809000026)",Unfall 199246 (2021) Kat:3, Licht: 0,199246,3,1,2,07,19,3,0,0,1,1,0,0,0,0
"POINT (10.868455793000066 48.371211532000075)",Unfall 199251 (2021) Kat:3, Licht: 0,199251,3,6,2,07,14,5,1,0,0,1,0,0,0,0
"POINT (10.914393918000030 48.365905966000071)",Unfall 199292 (2021) Kat:3, Licht: 0,199292,3,1,5,07,13,6,0,0,1,1,0,0,0,0
"POINT (10.874284352000075 48.398611421000055)",Unfall 199295 (2021) Kat:3, Licht: 0,199295,3,6,2,07,13,6,0,0,0,1,0,0,0,0
"POINT (10.898687565000046 48.358224162000056)",Unfall 199306 (2021) Kat:3, Licht: 0,199306,3,3,5,07,13,3,0,0,1,1,0,0,0,0
"POINT (10.897849678000057 48.370569240000066)",Unfall 199315 (2021) Kat:3, Licht: 0,199315,3,2,4,07,15,1,0,0,0,1,0,1,0,0
"POINT (10.878757534000044 48.379932676000067)",Unfall 199323 (2021) Kat:3, Licht: 0,199323,3,6,2,07,15,7,0,0,0,1,0,0,0,0
"POINT (10.877213917000063 48.380455214000051)",Unfall 199331 (2021) Kat:3, Licht: 0,199331,3,1,0,07,20,2,0,0,1,0,0,0,0,0
"POINT (10.880646396000031 48.385132815000077)",Unfall 199348 (2021) Kat:3, Licht: 0,199348,3,3,5,07,13,7,0,0,0,1,0,0,0,0
"POINT (10.865117489000056 48.384137256000031)",Unfall 199355 (2021) Kat:3, Licht: 0,199355,3,6,4,07,17,3,1,0,0,1,0,0,0,1
"POINT (10.907047703000046 48.367123611000068)",Unfall 199360 (2021) Kat:3, Licht: 0,199360,3,1,0,07,13,5,1,0,1,1,0,0,0,0
"POINT (10.868626573000029 48.372091491000049)",Unfall 199392 (2021) Kat:2, Licht: 0,199392,2,3,5,07,05,6,1,0,0,1,0,0,0,1
"POINT (10.898010526000064 48.370081300000038)",Unfall 199416 (2021) Kat:3, Licht: 0,199416,3,1,0,07,11,2,0,0,1,0,0,0,0,0
"POINT (10.869934188000059 48.381287121000071)",Unfall 199430 (2021) Kat:3, Licht: 0,199430,3,3,5,07,13,2,0,0,1,0,0,0,0,1
"POINT (10.889459133000059 48.368219261000036)",Unfall 199478 (2021) Kat:3, Licht: 0,199478,3,4,6,07,13,4,0,0,0,1,1,0,0,0
"POINT (10.880416376000028 48.383204115000069)",Unfall 199479 (2021) Kat:3, Licht: 0,199479,3,7,6,07,11,6,0,0,0,1,1,0,0,0
"POINT (10.906127842000046 48.331164531000070)",Unfall 199482 (2021) Kat:3, Licht: 0,199482,3,1,0,07,16,3,0,0,1,0,0,0,0,0
"POINT (10.866486789000021 48.329984177000028)",Unfall 199488 (2021) Kat:2, Licht: 0,199488,2,1,0,07,15,4,0,0,1,0,0,0,0,0
"POINT (10.906179469000051 48.387355380000031)",Unfall 199495 (2021) Kat:3, Licht: 0,199495,3,3,6,07,15,2,0,0,1,0,1,0,0,0
"POINT (10.884096284000066 48.366898712000079)",Unfall 199564 (2021) Kat:3, Licht: 2,199564,3,1,0,07,01,7,0,2,1,0,0,0,0,0
"POINT (10.895774521000021 48.345530610000026)",Unfall 199571 (2021) Kat:3, Licht: 0,199571,3,1,5,07,08,3,0,0,0,1,0,0,0,1
"POINT (10.898601277000068 48.370585443000039)",Unfall 199638 (2021) Kat:3, Licht: 0,199638,3,6,3,07,16,6,0,0,1,0,0,0,0,0
"POINT (10.879365721000056 48.351428411000029)",Unfall 199672 (2021) Kat:3, Licht: 0,199672,3,1,7,08,12,3,0,0,1,0,0,0,0,0
"POINT (10.898694968000029 48.360305144000051)",Unfall 199683 (2021) Kat:3, Licht: 0,199683,3,1,0,07,13,3,0,0,0,0,0,0,0,1
"POINT (10.915482411000028 48.395527179000055)",Unfall 199697 (2021) Kat:3, Licht: 0,199697,3,3,5,07,14,7,0,0,1,1,0,0,0,0
"POINT (10.900720692000050 48.364872110000078)",Unfall 199769 (2021) Kat:3, Licht: 2,199769,3,7,6,07,23,6,0,2,0,1,1,0,0,0
"POINT (10.906478970000023 48.366883001000076)",Unfall 199794 (2021) Kat:2, Licht: 0,199794,2,1,5,08,12,3,0,0,0,1,0,1,0,0
"POINT (10.879107339000029 48.403648754000073)",Unfall 199796 (2021) Kat:3, Licht: 0,199796,3,6,2,07,16,6,0,0,0,1,0,0,0,1
"POINT (10.881656217000057 48.392246685000032)",Unfall 199819 (2021) Kat:3, Licht: 0,199819,3,2,5,07,17,5,0,0,0,1,0,1,0,0
"POINT (10.897159643000066 48.357367501000056)",Unfall 199820 (2021) Kat:3, Licht: 0,199820,3,2,3,07,09,3,0,0,1,1,0,0,0,0
"POINT (10.878866060000064 48.350664110000025)",Unfall 199858 (2021) Kat:3, Licht: 0,199858,3,1,0,08,06,2,0,0,1,0,0,0,0,0
"POINT (10.889493457000071 48.368184049000035)",Unfall 199867 (2021) Kat:3, Licht: 2,199867,3,1,0,07,22,6,1,2,0,0,0,0,0,1
"POINT (10.876738418000059 48.364495819000069)",Unfall 199889 (2021) Kat:3, Licht: 0,199889,3,1,0,08,18,3,1,0,1,0,0,0,0,0
"POINT (10.881674342000053 48.366062171000067)",Unfall 199891 (2021) Kat:3, Licht: 0,199891,3,2,3,08,13,5,0,0,1,1,0,0,0,0
"POINT (10.944930912000075 48.362154908000036)",Unfall 199893 (2021) Kat:3, Licht: 2,199893,3,5,6,07,21,7,0,2,0,0,1,0,0,1
"POINT (10.868017862000045 48.362516596000034)",Unfall 199909 (2021) Kat:3, Licht: 0,199909,3,7,6,08,15,1,0,0,1,0,1,0,0,0
"POINT (10.881726233000052 48.393215492000081)",Unfall 199914 (2021) Kat:3, Licht: 0,199914,3,7,6,07,13,2,0,0,0,0,1,0,0,1
"POINT (10.879292326000041 48.371388769000077)",Unfall 199946 (2021) Kat:3, Licht: 2,199946,3,6,2,07,21,1,1,2,0,1,0,0,0,0
"POINT (10.918277973000045 48.385897053000065)",Unfall 199998 (2021) Kat:2, Licht: 0,199998,2,6,3,07,11,6,0,0,1,1,0,0,0,0
"POINT (10.897623189000058 48.350912221000044)",Unfall 199999 (2021) Kat:3, Licht: 0,199999,3,1,5,08,12,3,0,0,1,1,0,0,0,0
"POINT (10.851090460000023 48.385712442000056)",Unfall 200003 (2021) Kat:3, Licht: 0,200003,3,3,5,07,11,6,0,0,0,1,0,1,0,0
"POINT (10.924204285000030 48.352170915000045)",Unfall 200034 (2021) Kat:3, Licht: 0,200034,3,4,6,07,07,2,0,0,1,0,1,0,0,0
"POINT (10.882506962000036 48.378260406000038)",Unfall 200043 (2021) Kat:3, Licht: 0,200043,3,4,6,07,19,6,0,0,0,1,1,0,0,0
"POINT (10.870198397000024 48.371844444000033)",Unfall 200044 (2021) Kat:3, Licht: 0,200044,3,4,6,08,17,3,0,0,0,1,1,0,0,0
"POINT (10.879524413000070 48.381167058000074)",Unfall 200062 (2021) Kat:3, Licht: 0,200062,3,3,5,07,17,1,1,0,1,1,0,0,0,0
"POINT (10.922317665000037 48.413364984000054)",Unfall 200064 (2021) Kat:2, Licht: 0,200064,2,3,4,07,17,7,1,0,1,1,0,0,0,0
"POINT (10.909707441000023 48.361082461000080)",Unfall 200108 (2021) Kat:2, Licht: 0,200108,2,1,0,07,12,6,0,0,0,0,0,0,0,1
"POINT (10.913900620000049 48.402806668000039)",Unfall 200156 (2021) Kat:2, Licht: 2,200156,2,1,0,07,02,4,1,2,1,0,0,0,0,0
"POINT (10.883979206000049 48.366840990000071)",Unfall 200161 (2021) Kat:2, Licht: 0,200161,2,6,3,07,13,5,0,0,1,1,0,0,0,0
"POINT (10.863125490000073 48.380622424000080)",Unfall 200205 (2021) Kat:3, Licht: 0,200205,3,1,0,07,09,6,0,0,1,0,0,0,0,0
"POINT (10.873751595000044 48.339395798000055)",Unfall 200212 (2021) Kat:2, Licht: 0,200212,2,1,1,07,04,6,0,0,1,1,0,0,0,0
"POINT (10.862586527000076 48.384682320000081)",Unfall 200235 (2021) Kat:2, Licht: 0,200235,2,7,0,07,06,5,0,0,1,0,0,0,0,0