WKT,Name,OBJECTID,UKATEGORIE,UTYP1,UART,UMONAT,USTUNDE,UWOCHENTAG,STRZUSTAND,ULICHTVERH,ISTRAD,ISTPKW,ISTFUSS,ISTKRAD,ISTGKFZ,ISTSONSTIG
"POINT (10.893143182000074 48.370825475000061)",Unfall 200240 (2021) Kat:3, Licht: 2,200240,3,7,0,08,00,1,1,2,1,0,0,0,0,0
"POINT (10.894390885000064 48.361559296000053)",Unfall 200256 (2021) Kat:3, Licht: 0,200256,3,7,0,07,16,6,0,0,1,0,0,0,0,0
"POINT (10.904400339000063 48.375621403000025)",Unfall 200299 (2021) Kat:3, Licht: 0,200299,3,7,0,07,11,1,1,0,0,0,0,0,0,1
"POINT (10.929763016000038 48.352628739000068)",Unfall 200371 (2021) Kat:3, Licht: 0,200371,3,1,1,07,09,4,0,0,0,1,0,0,1,0
"POINT (10.879706568000074 48.351814385000068)",Unfall 200378 (2021) Kat:3, Licht: 2,200378,3,1,1,08,23,4,1,2,0,1,0,0,0,0
"POINT (10.908863542000063 48.370178805000080)",Unfall 200395 (2021) Kat:3, Licht: 0,200395,3,4,6,07,14,4,1,0,0,1,1,0,0,0
"POINT (10.878920670000070 48.370835971000076)",Unfall 200396 (2021) Kat:3, Licht: 0,200396,3,3,5,07,11,1,1,0,1,1,0,0,0,0
"POINT (10.883237039000051 48.375976330000071)",Unfall 200440 (2021) Kat:3, Licht: 0,200440,3,7,0,07,07,4,0,0,1,0,0,0,0,0
"POINT (10.898119698000073 48.352729064000073)",Unfall 200454 (2021) Kat:3, Licht: 2,200454,3,3,5,08,01,1,1,2,0,1,0,0,0,0
"POINT (10.867265414000030 48.392209485000080)",Unfall 200487 (2021) Kat:3, Licht: 0,200487,3,7,0,08,11,2,0,0,1,1,0,0,0,0
"POINT (10.904426844000056 48.307030442000041)",Unfall 200493 (2021) Kat:3, Licht: 0,200493,3,2,5,07,09,5,0,0,1,1,0,0,0,0
"POINT (10.884159893000060 48.373999316000038)",Unfall 200509 (2021) Kat:3, Licht: 1,200509,3,6,2,07,20,7,0,1,0,1,0,0,0,0
"POINT (10.859709957000064 48.372997258000055)",Unfall 200515 (2021) Kat:3, Licht: 0,200515,3,6,2,07,09,3,0,0,0,1,0,1,0,0
"POINT (10.870775914000035 48.362879680000049)",Unfall 200548 (2021) Kat:3, Licht: 0,200548,3,1,0,07,09,4,1,0,1,0,0,0,0,0
"POINT (10.873938036000027 48.381499734000045)",Unfall 200569 (2021) Kat:3, Licht: 0,200569,3,1,0,07,07,3,0,0,0,0,0,1,0,0
"POINT (10.893548734000035 48.364577649000069)",Unfall 200620 (2021) Kat:3, Licht: 0,200620,3,7,0,08,17,4,0,0,0,0,0,0,0,1
"POINT (10.907428922000065 48.345321162000062)",Unfall 200687 (2021) Kat:3, Licht: 0,200687,3,1,0,08,13,6,0,0,1,0,0,0,0,0
"POINT (10.894175899000061 48.360112456000081)",Unfall 200694 (2021) Kat:3, Licht: 0,200694,3,7,4,08,18,4,0,0,1,1,0,0,0,0
"POINT (10.922789461000036 48.375633384000025)",Unfall 200723 (2021) Kat:3, Licht: 0,200723,3,5,0,08,10,4,0,0,1,1,0,0,0,0
"POINT (10.860928293000029 48.355754907000062)",Unfall 200729 (2021) Kat:3, Licht: 2,200729,3,1,0,08,23,7,0,2,1,0,0,0,0,0
"POINT (10.865179270000056 48.398208787000044)",Unfall 200776 (2021) Kat:3, Licht: 0,200776,3,1,0,08,17,6,0,0,1,0,0,0,0,0
"POINT (10.883726690000060 48.378402959000027)",Unfall 200836 (2021) Kat:3, Licht: 0,200836,3,6,2,08,16,5,0,0,0,1,0,0,0,0
"POINT (10.899427841000033 48.366443194000055)",Unfall 200893 (2021) Kat:3, Licht: 0,200893,3,7,0,08,07,4,0,0,1,0,0,0,0,0
"POINT (10.858973317000050 48.392044677000058)",Unfall 200909 (2021) Kat:3, Licht: 0,200909,3,3,5,08,18,7,0,0,0,1,0,0,0,0
"POINT (10.952496107000059 48.356132374000026)",Unfall 200937 (2021) Kat:2, Licht: 2,200937,2,1,0,08,21,3,0,2,0,1,0,0,0,0
"POINT (10.885025592000034 48.381167335000043)",Unfall 200984 (2021) Kat:3, Licht: 0,200984,3,5,1,08,13,1,0,0,1,1,0,0,0,0
"POINT (10.913913772000058 48.380538758000057)",Unfall 201071 (2021) Kat:3, Licht: 2,201071,3,7,5,08,21,4,0,2,0,1,0,0,0,0
"POINT (10.902688863000037 48.358693768000080)",Unfall 201081 (2021) Kat:3, Licht: 0,201081,3,1,0,08,14,7,0,0,0,1,0,0,0,0
"POINT (10.912611971000047 48.361124593000056)",Unfall 201101 (2021) Kat:3, Licht: 0,201101,3,7,0,08,15,1,1,0,1,0,0,0,0,0
"POINT (10.943512092000049 48.363635988000055)",Unfall 201115 (2021) Kat:3, Licht: 0,201115,3,3,5,08,09,1,0,0,0,1,0,0,0,1
"POINT (10.930919314000050 48.395835403000035)",Unfall 201128 (2021) Kat:3, Licht: 0,201128,3,6,2,08,10,7,0,0,0,1,0,0,0,0
"POINT (10.893434279000076 48.368254355000033)",Unfall 201129 (2021) Kat:3, Licht: 0,201129,3,7,0,08,15,2,0,0,1,0,0,0,0,0
"POINT (10.873537742000053 48.350448546000052)",Unfall 201134 (2021) Kat:3, Licht: 2,201134,3,3,5,08,21,7,0,2,0,1,0,0,0,0
"POINT (10.902169216000061 48.355279801000052)",Unfall 201152 (2021) Kat:3, Licht: 0,201152,3,6,1,08,11,3,0,0,0,1,0,0,0,0
"POINT (10.917385682000031 48.385954762000040)",Unfall 201184 (2021) Kat:3, Licht: 0,201184,3,7,2,08,14,7,0,0,1,1,0,0,0,0
"POINT (10.915928004000023 48.391489596000042)",Unfall 201204 (2021) Kat:3, Licht: 0,201204,3,3,5,08,11,7,0,0,1,1,0,0,0,0
"POINT (10.913882519000026 48.377003889000036)",Unfall 201230 (2021) Kat:3, Licht: 0,201230,3,2,3,08,18,5,0,0,0,1,0,0,0,1
"POINT (10.923803422000049 48.375284423000039)",Unfall 201244 (2021) Kat:3, Licht: 0,201244,3,1,5,08,17,5,1,0,0,1,0,0,0,0
"POINT (10.896564406000039 48.356152221000059)",Unfall 201312 (2021) Kat:3, Licht: 1,201312,3,1,0,08,20,5,0,1,1,1,0,0,0,0
"POINT (10.914202779000050 48.398968609000065)",Unfall 201361 (2021) Kat:3, Licht: 0,201361,3,3,5,08,09,3,0,0,1,0,0,0,0,0
"POINT (10.898129464000021 48.308754325000052)",Unfall 201404 (2021) Kat:3, Licht: 0,201404,3,1,2,08,08,4,0,0,0,1,0,0,1,0
"POINT (10.901015425000026 48.370587937000039)",Unfall 201405 (2021) Kat:3, Licht: 1,201405,3,3,5,08,20,6,0,1,1,1,0,0,0,0
"POINT (10.900472144000048 48.348082814000065)",Unfall 201421 (2021) Kat:3, Licht: 2,201421,3,1,0,08,01,7,0,2,1,0,0,0,0,0
"POINT (10.883816046000049 48.361015791000057)",Unfall 201423 (2021) Kat:3, Licht: 0,201423,3,1,8,08,07,7,0,0,0,0,0,1,0,0
"POINT (10.884394234000069 48.395456958000068)",Unfall 201430 (2021) Kat:3, Licht: 0,201430,3,3,5,08,11,5,0,0,1,0,0,0,0,0
"POINT (10.844897941000056 48.336338444000035)",Unfall 201452 (2021) Kat:3, Licht: 0,201452,3,1,0,08,07,6,0,0,0,1,0,0,0,0
"POINT (10.894082346000062 48.366782213000079)",Unfall 201457 (2021) Kat:3, Licht: 0,201457,3,7,6,08,09,7,0,0,0,1,1,0,0,0
"POINT (10.901005252000061 48.370698128000072)",Unfall 201481 (2021) Kat:3, Licht: 2,201481,3,4,6,08,01,7,0,2,0,1,1,0,0,0
"POINT (10.907996352000055 48.370334628000080)",Unfall 201487 (2021) Kat:3, Licht: 0,201487,3,6,3,08,10,3,0,0,0,1,0,0,0,1
"POINT (10.934609298000055 48.396319168000048)",Unfall 201492 (2021) Kat:3, Licht: 0,201492,3,3,5,08,12,4,0,0,0,1,0,0,1,0
"POINT (10.897890425000071 48.367180313000063)",Unfall 201503 (2021) Kat:2, Licht: 0,201503,2,7,0,08,10,6,0,0,1,0,0,0,0,0
"POINT (10.882194660000039 48.387811022000051)",Unfall 201549 (2021) Kat:3, Licht: 0,201549,3,3,5,08,17,2,0,0,1,1,0,0,0,0
"POINT (10.901453354000068 48.369640725000068)",Unfall 201550 (2021) Kat:2, Licht: 0,201550,2,1,4,08,17,7,0,0,0,1,0,1,0,0
"POINT (10.928049980000026 48.363256511000031)",Unfall 201555 (2021) Kat:3, Licht: 0,201555,3,3,5,08,09,7,0,0,1,1,0,0,0,0
"POINT (10.878500950000046 48.370149351000066)",Unfall 201556 (2021) Kat:3, Licht: 0,201556,3,6,2,08,16,4,0,0,0,1,0,0,0,0
"POINT (10.889039692000040 48.359598857000037)",Unfall 201563 (2021) Kat:3, Licht: 0,201563,3,1,2,08,18,5,0,0,0,1,0,0,0,0
"POINT (10.939666559000045 48.365464986000063)",Unfall 201593 (2021) Kat:3, Licht: 0,201593,3,7,0,08,17,7,0,0,0,0,1,0,0,1
"POINT (10.885770162000028 48.355633767000029)",Unfall 201611 (2021) Kat:2, Licht: 0,201611,2,1,0,08,13,5,0,0,0,0,0,0,0,1
"POINT (10.883961172000056 48.366832100000067)",Unfall 201656 (2021) Kat:3, Licht: 0,201656,3,1,0,08,15,5,0,0,1,0,0,0,0,0
"POINT (10.900646183000049 48.370670550000057)",Unfall 201665 (2021) Kat:3, Licht: 0,201665,3,6,3,09,15,3,0,0,0,1,0,1,0,0
"POINT (10.931060319000039 48.395556938000027)",Unfall 201678 (2021) Kat:3, Licht: 1,201678,3,3,5,08,05,5,0,1,0,1,0,0,0,0
"POINT (10.892429026000059 48.369545135000067)",Unfall 201686 (2021) Kat:3, Licht: 0,201686,3,2,6,09,14,7,0,0,0,1,1,0,0,0
"POINT (10.879051774000061 48.379833621000046)",Unfall 201691 (2021) Kat:3, Licht: 0,201691,3,7,0,08,18,7,1,0,1,0,0,0,0,0
"POINT (10.874411775000056 48.342613947000075)",Unfall 201695 (2021) Kat:3, Licht: 0,201695,3,1,3,09,18,3,0,0,0,1,0,1,0,0
"POINT (10.880480065000029 48.384972698000070)",Unfall 201701 (2021) Kat:3, Licht: 0,201701,3,3,5,09,13,1,0,0,1,1,0,0,0,0
"POINT (10.938503854000032 48.342751368000052)",Unfall 201731 (2021) Kat:2, Licht: 0,201731,2,1,0,09,12,6,0,0,1,0,0,0,0,0
"POINT (10.893372282000030 48.368405550000034)",Unfall 201741 (2021) Kat:2, Licht: 0,201741,2,4,6,09,18,3,0,0,1,0,1,0,0,0
"POINT (10.906402458000059 48.335193963000052)",Unfall 201760 (2021) Kat:3, Licht: 0,201760,3,5,5,09,19,5,0,0,1,1,0,0,0,0
"POINT (10.897787538000046 48.371155385000066)",Unfall 201797 (2021) Kat:3, Licht: 0,201797,3,7,0,09,09,1,0,0,1,0,0,0,0,0
"POINT (10.875417337000044 48.395146681000028)",Unfall 201869 (2021) Kat:3, Licht: 0,201869,3,3,5,08,16,1,0,0,0,1,0,0,0,0
"POINT (10.878210172000024 48.370149309000055)",Unfall 201882 (2021) Kat:2, Licht: 0,201882,2,1,8,08,16,6,0,0,1,0,0,0,0,0
"POINT (10.913865853000061 48.376968621000060)",Unfall 201939 (2021) Kat:2, Licht: 0,201939,2,7,0,09,18,4,0,0,0,0,0,0,0,1
"POINT (10.908724932000041 48.321709492000082)",Unfall 201957 (2021) Kat:3, Licht: 0,201957,3,3,3,08,15,7,0,0,1,1,0,0,0,0
"POINT (10.909515259000045 48.370611079000071)",Unfall 201965 (2021) Kat:3, Licht: 0,201965,3,1,9,08,09,2,1,0,0,0,0,1,0,0
"POINT (10.923793017000037 48.375288138000030)",Unfall 202004 (2021) Kat:3, Licht: 0,202004,3,3,5,09,12,7,0,0,0,1,0,0,0,0
"POINT (10.877040865000026 48.348372305000055)",Unfall 202052 (2021) Kat:3, Licht: 0,202052,3,1,2,09,17,4,0,0,0,1,0,0,0,0
"POINT (10.869977198000072 48.371873358000073)",Unfall 202070 (2021) Kat:3, Licht: 0,202070,3,6,8,08,14,3,0,0,0,1,0,0,0,0
"POINT (10.876139773000034 48.401490078000052)",Unfall 202071 (2021) Kat:3, Licht: 0,202071,3,2,5,09,08,5,0,0,1,1,0,0,0,0
"POINT (10.897772515000042 48.371287968000047)",Unfall 202111 (2021) Kat:3, Licht: 0,202111,3,1,0,08,09,5,1,0,1,0,0,0,0,0
"POINT (10.904688292000060 48.370274334000044)",Unfall 202117 (2021) Kat:2, Licht: 0,202117,2,2,4,09,11,4,0,0,0,1,0,1,0,0
"POINT (10.868561772000021 48.376474952000081)",Unfall 202146 (2021) Kat:3, Licht: 0,202146,3,7,6,09,19,2,0,0,0,1,1,0,0,0
"POINT (10.886021666000033 48.360786847000043)",Unfall 202155 (2021) Kat:3, Licht: 0,202155,3,1,1,09,07,4,0,0,0,1,0,1,0,0
"POINT (10.939471420000075 48.344976033000080)",Unfall 202161 (2021) Kat:3, Licht: 0,202161,3,7,5,09,12,5,0,0,1,0,0,0,0,0
"POINT (10.913754843000049 48.377098917000069)",Unfall 202194 (2021) Kat:3, Licht: 2,202194,3,3,5,09,00,1,0,2,0,1,1,0,0,0
"POINT (10.842696762000060 48.314836349000075)",Unfall 202208 (2021) Kat:2, Licht: 0,202208,2,3,5,09,10,5,0,0,1,1,0,0,0,0
"POINT (10.879687128000057 48.353137490000051)",Unfall 202230 (2021) Kat:3, Licht: 0,202230,3,1,0,08,09,2,1,0,1,1,0,0,0,0
"POINT (10.852600129000052 48.372629428000039)",Unfall 202237 (2021) Kat:3, Licht: 0,202237,3,3,1,08,16,3,0,0,1,1,0,0,0,0
"POINT (10.905971889000057 48.359505678000062)",Unfall 202277 (2021) Kat:3, Licht: 0,202277,3,1,5,09,15,3,0,0,1,0,0,0,0,0
"POINT (10.943548134000025 48.363627038000061)",Unfall 202306 (2021) Kat:3, Licht: 0,202306,3,3,5,09,13,3,0,0,0,1,0,0,0,0
"POINT (10.899964981000039 48.341213939000056)",Unfall 202310 (2021) Kat:3, Licht: 0,202310,3,1,2,09,15,2,0,0,1,0,0,0,0,0
"POINT (10.886654719000035 48.366830644000061)",Unfall 202375 (2021) Kat:3, Licht: 0,202375,3,7,0,09,18,5,0,0,0,0,0,0,0,1
"POINT (10.877858187000072 48.369607910000070)",Unfall 202384 (2021) Kat:3, Licht: 0,202384,3,1,8,09,11,4,0,0,1,0,0,0,0,1
"POINT (10.881740182000044 48.347934305000081)",Unfall 202399 (2021) Kat:3, Licht: 2,202399,3,3,6,09,21,4,0,2,0,1,1,0,0,0
"POINT (10.906231968000043 48.367872543000033)",Unfall 202412 (2021) Kat:3, Licht: 0,202412,3,1,0,08,18,2,1,0,1,0,0,0,0,0
"POINT (10.943546251000043 48.363628755000036)",Unfall 202444 (2021) Kat:3, Licht: 0,202444,3,3,5,08,08,7,0,0,0,1,0,0,0,0
"POINT (10.879135037000026 48.355056683000043)",Unfall 202447 (2021) Kat:3, Licht: 0,202447,3,1,1,09,14,3,0,0,0,1,0,0,0,0
"POINT (10.885742026000059 48.345250512000064)",Unfall 202468 (2021) Kat:3, Licht: 0,202468,3,3,5,08,18,6,0,0,1,1,0,0,0,0
"POINT (10.879555746000051 48.343284864000054)",Unfall 202492 (2021) Kat:3, Licht: 0,202492,3,1,1,08,12,7,0,0,0,1,0,0,0,0
"POINT (10.885344183000029 48.358533478000027)",Unfall 202498 (2021) Kat:3, Licht: 0,202498,3,3,5,09,14,4,0,0,1,0,0,0,1,0
"POINT (10.938386644000047 48.352566408000030)",Unfall 202587 (2021) Kat:2, Licht: 0,202587,2,6,6,08,18,4,0,0,1,0,1,0,0,0
"POINT (10.897747471000059 48.371358568000062)",Unfall 202637 (2021) Kat:3, Licht: 0,202637,3,7,0,08,14,1,0,0,1,0,0,0,0,0
"POINT (10.907833852000067 48.370342150000056)",Unfall 202691 (2021) Kat:3, Licht: 0,202691,3,7,4,09,16,7,0,0,0,1,0,0,0,0
"POINT (10.881366986000046 48.388669134000054)",Unfall 202699 (2021) Kat:3, Licht: 0,202699,3,2,6,08,13,4,0,0,0,1,1,0,0,0
"POINT (10.874519147000058 48.381384296000078)",Unfall 202745 (2021) Kat:3, Licht: 0,202745,3,2,6,09,20,4,0,0,0,1,1,0,0,0
"POINT (10.869976612000073 48.371918556000026)",Unfall 202779 (2021) Kat:3, Licht: 2,202779,3,2,4,09,22,1,0,2,0,1,0,0,0,0
"POINT (10.899630721000051 48.334749038000041)",Unfall 202802 (2021) Kat:3, Licht: 0,202802,3,1,0,09,13,5,1,0,1,0,0,0,0,0
"POINT (10.889682014000073 48.377299218000076)",Unfall 202814 (2021) Kat:3, Licht: 0,202814,3,7,0,09,17,1,0,0,1,0,0,0,0,0
"POINT (10.887250703000063 48.366152074000070)",Unfall 202822 (2021) Kat:3, Licht: 1,202822,3,2,6,09,20,2,0,1,0,1,1,0,0,0
"POINT (10.905853040000068 48.359844433000035)",Unfall 202824 (2021) Kat:3, Licht: 0,202824,3,1,0,09,13,5,1,0,0,0,0,1,0,0
"POINT (10.872908272000075 48.349256240000045)",Unfall 202835 (2021) Kat:3, Licht: 0,202835,3,1,2,09,17,2,0,0,0,1,0,0,0,0
"POINT (10.872296734000031 48.337815961000047)",Unfall 202857 (2021) Kat:3, Licht: 2,202857,3,3,5,09,22,5,1,2,0,1,0,1,0,0
"POINT (10.894264483000029 48.366389783000045)",Unfall 202894 (2021) Kat:3, Licht: 0,202894,3,7,6,09,15,7,0,0,0,1,1,0,0,0
"POINT (10.913882519000026 48.377003889000036)",Unfall 202914 (2021) Kat:3, Licht: 0,202914,3,2,0,09,12,2,0,0,0,1,0,0,0,1
"POINT (10.889337070000067 48.343883723000033)",Unfall 202921 (2021) Kat:2, Licht: 0,202921,2,1,4,09,06,3,0,0,1,1,0,0,0,0
"POINT (10.883740096000054 48.374586920000070)",Unfall 202972 (2021) Kat:2, Licht: 2,202972,2,1,0,09,03,1,0,2,1,0,0,0,0,0
"POINT (10.903778325000076 48.360966807000068)",Unfall 203001 (2021) Kat:3, Licht: 0,203001,3,7,0,09,10,4,0,0,0,1,0,0,0,0
"POINT (10.863932701000067 48.372535201000062)",Unfall 203050 (2021) Kat:3, Licht: 0,203050,3,6,2,09,17,4,0,0,0,1,0,0,0,0
"POINT (10.899187305000055 48.361986253000055)",Unfall 203062 (2021) Kat:3, Licht: 2,203062,3,5,1,09,21,5,0,2,1,1,0,0,0,0
"POINT (10.885720656000046 48.353910829000029)",Unfall 203097 (2021) Kat:3, Licht: 0,203097,3,3,5,09,17,4,1,0,0,1,0,1,0,0
"POINT (10.915674935000027 48.378025266000066)",Unfall 203101 (2021) Kat:3, Licht: 0,203101,3,1,0,09,07,7,0,0,0,0,0,1,0,0
"POINT (10.914310516000057 48.365995466000072)",Unfall 203115 (2021) Kat:3, Licht: 0,203115,3,3,5,09,12,2,0,0,1,1,0,0,0,0
"POINT (10.895110517000035 48.348926261000031)",Unfall 203155 (2021) Kat:3, Licht: 2,203155,3,1,2,09,21,6,0,2,1,1,0,0,0,0
"POINT (10.913972893000050 48.377036266000061)",Unfall 203193 (2021) Kat:3, Licht: 0,203193,3,2,5,09,18,2,0,0,0,1,0,0,0,1
"POINT (10.903401424000037 48.384033310000063)",Unfall 203198 (2021) Kat:3, Licht: 0,203198,3,7,0,09,09,3,0,0,1,0,0,0,0,0
"POINT (10.893712818000040 48.377393166000047)",Unfall 203214 (2021) Kat:3, Licht: 0,203214,3,2,3,09,09,5,1,0,1,1,0,0,0,0
"POINT (10.923831580000069 48.377885316000061)",Unfall 203226 (2021) Kat:2, Licht: 2,203226,2,1,0,09,20,1,0,2,1,0,0,0,0,0
"POINT (10.902340020000054 48.352203048000035)",Unfall 203249 (2021) Kat:3, Licht: 1,203249,3,1,5,09,18,7,0,1,0,1,0,0,0,1
"POINT (10.913542860000064 48.399606616000028)",Unfall 203251 (2021) Kat:3, Licht: 0,203251,3,6,3,09,11,4,0,0,0,1,0,0,0,0
"POINT (10.894730999000046 48.370027850000042)",Unfall 203377 (2021) Kat:3, Licht: 2,203377,3,7,0,09,03,1,0,2,1,0,0,0,0,0
"POINT (10.909255030000054 48.358321268000054)",Unfall 203385 (2021) Kat:3, Licht: 0,203385,3,3,5,09,13,3,0,0,1,1,0,0,0,0
"POINT (10.874732245000075 48.343318733000046)",Unfall 203388 (2021) Kat:2, Licht: 2,203388,2,1,5,09,20,1,0,2,1,1,0,0,0,0
"POINT (10.880131077000044 48.340442244000030)",Unfall 203441 (2021) Kat:3, Licht: 0,203441,3,7,1,09,10,5,0,0,1,1,0,0,0,0
"POINT (10.885596577000058 48.378173009000079)",Unfall 203449 (2021) Kat:3, Licht: 0,203449,3,2,0,09,08,2,0,0,1,1,0,0,0,0
"POINT (10.904295434000062 48.389299937000033)",Unfall 203477 (2021) Kat:3, Licht: 0,203477,3,3,5,09,17,5,0,0,1,1,0,0,0,0
"POINT (10.868671274000064 48.342052967000029)",Unfall 203521 (2021) Kat:3, Licht: 0,203521,3,1,3,09,18,5,0,0,0,1,0,0,0,1
"POINT (10.914143215000024 48.307705421000037)",Unfall 203567 (2021) Kat:3, Licht: 0,203567,3,1,5,09,15,3,0,0,1,1,0,0,0,0
"POINT (10.902446276000035 48.357753715000058)",Unfall 203583 (2021) Kat:2, Licht: 0,203583,2,4,6,09,13,3,0,0,0,1,1,0,0,0
"POINT (10.881685024000035 48.393661479000059)",Unfall 203592 (2021) Kat:2, Licht: 0,203592,2,6,2,09,13,3,0,0,0,1,0,0,1,0
"POINT (10.876596273000075 48.364457148000042)",Unfall 203663 (2021) Kat:3, Licht: 0,203663,3,4,0,09,14,4,0,0,0,0,1,1,0,0
"POINT (10.914924446000043 48.379477903000065)",Unfall 203683 (2021) Kat:3, Licht: 0,203683,3,6,0,09,16,3,0,0,0,1,0,0,0,1
"POINT (10.892665504000036 48.353249700000049)",Unfall 203684 (2021) Kat:3, Licht: 0,203684,3,1,5,09,18,5,0,0,1,1,0,0,0,0
"POINT (10.896696022000071 48.323571719000029)",Unfall 203689 (2021) Kat:3, Licht: 0,203689,3,1,5,09,11,6,0,0,1,1,0,0,0,0
"POINT (10.882208414000047 48.366003148000061)",Unfall 203704 (2021) Kat:3, Licht: 0,203704,3,1,0,09,17,4,0,0,1,0,0,0,0,0
"POINT (10.873712690000048 48.337745708000057)",Unfall 203721 (2021) Kat:3, Licht: 0,203721,3,1,4,09,18,5,0,0,1,1,0,0,0,0
"POINT (10.905568569000025 48.360724404000052)",Unfall 203727 (2021) Kat:3, Licht: 0,203727,3,1,0,09,13,2,0,0,0,0,0,1,0,0
"POINT (10.884976669000025 48.373807013000032)",Unfall 203735 (2021) Kat:3, Licht: 0,203735,3,4,6,09,13,3,0,0,0,0,1,0,0,1
"POINT (10.889012221000030 48.359568743000068)",Unfall 203741 (2021) Kat:2, Licht: 0,203741,2,4,6,09,13,2,0,0,0,0,1,0,0,1
"POINT (10.894611146000045 48.369868868000026)",Unfall 203777 (2021) Kat:3, Licht: 0,203777,3,7,0,09,08,2,0,0,1,0,0,0,0,0
"POINT (10.909412823000025 48.370817857000077)",Unfall 203820 (2021) Kat:3, Licht: 0,203820,3,3,5,09,09,5,0,0,1,1,0,0,0,0
"POINT (10.877774902000056 48.362609378000059)",Unfall 203821 (2021) Kat:2, Licht: 2,203821,2,1,0,10,04,5,0,2,1,0,0,0,0,0
"POINT (10.878517112000054 48.369805341000074)",Unfall 203871 (2021) Kat:2, Licht: 0,203871,2,2,3,10,15,7,0,0,1,1,0,0,0,0
"POINT (10.902733925000064 48.359979658000043)",Unfall 203881 (2021) Kat:3, Licht: 2,203881,3,7,0,09,23,7,0,2,0,0,0,0,0,1
"POINT (10.904089919000057 48.370291063000082)",Unfall 203885 (2021) Kat:3, Licht: 0,203885,3,6,2,10,14,1,0,0,0,1,0,0,0,0
"POINT (10.876641260000042 48.357699250000053)",Unfall 203956 (2021) Kat:2, Licht: 0,203956,2,1,0,10,14,7,0,0,1,0,0,0,0,0
"POINT (10.892071584000064 48.362395267000068)",Unfall 204028 (2021) Kat:2, Licht: 0,204028,2,3,5,10,17,6,0,0,1,1,0,0,0,0
"POINT (10.894480298000076 48.366550104000055)",Unfall 204050 (2021) Kat:3, Licht: 0,204050,3,1,0,09,16,6,0,0,1,0,0,0,0,0
"POINT (10.882738008000047 48.378523022000081)",Unfall 204093 (2021) Kat:3, Licht: 0,204093,3,3,5,09,16,2,0,0,0,1,0,0,0,0
"POINT (10.885499689000028 48.378186954000057)",Unfall 204133 (2021) Kat:3, Licht: 2,204133,3,1,0,09,21,1,1,2,1,0,0,0,0,0
"POINT (10.892455856000026 48.367235255000026)",Unfall 204139 (2021) Kat:3, Licht: 1,204139,3,1,0,10,07,4,1,1,0,0,0,1,0,0
"POINT (10.857834411000056 48.308485626000049)",Unfall 204165 (2021) Kat:3, Licht: 0,204165,3,3,5,10,06,6,0,0,1,1,0,0,0,0
"POINT (10.902085841000030 48.359567451000032)",Unfall 204171 (2021) Kat:3, Licht: 0,204171,3,6,4,09,07,2,0,0,1,0,0,0,0,0
"POINT (10.860706185000026 48.373940396000080)",Unfall 204213 (2021) Kat:3, Licht: 0,204213,3,4,6,09,16,6,0,0,0,1,1,0,0,0
"POINT (10.880592359000048 48.352892574000066)",Unfall 204228 (2021) Kat:3, Licht: 2,204228,3,3,5,10,00,7,0,2,0,1,0,0,0,0
"POINT (10.852681756000038 48.385585861000038)",Unfall 204239 (2021) Kat:3, Licht: 0,204239,3,3,5,10,16,2,0,0,1,1,0,0,0,0
"POINT (10.876593136000054 48.357660007000050)",Unfall 204245 (2021) Kat:3, Licht: 0,204245,3,3,4,09,08,3,1,0,1,1,0,0,0,0
"POINT (10.864775652000048 48.381698774000029)",Unfall 204264 (2021) Kat:3, Licht: 0,204264,3,1,0,10,15,7,0,0,1,0,0,0,0,0
"POINT (10.880854971000076 48.366919406000079)",Unfall 204265 (2021) Kat:3, Licht: 0,204265,3,7,0,10,17,6,0,0,1,0,0,0,0,0
"POINT (10.894768007000039 48.370033689000081)",Unfall 204272 (2021) Kat:3, Licht: 0,204272,3,6,3,10,13,3,0,0,0,1,0,1,0,0
"POINT (10.880496389000029 48.393694699000037)",Unfall 204293 (2021) Kat:3, Licht: 1,204293,3,3,5,09,18,1,0,1,0,1,0,1,0,0
"POINT (10.907862813000065 48.370440340000073)",Unfall 204319 (2021) Kat:3, Licht: 2,204319,3,3,5,10,18,3,1,2,1,1,0,0,0,0
"POINT (10.900696088000075 48.370672015000025)",Unfall 204390 (2021) Kat:3, Licht: 2,204390,3,1,0,09,22,7,0,2,1,0,0,0,0,0
"POINT (10.847510000000057 48.379384485000060)",Unfall 204392 (2021) Kat:3, Licht: 0,204392,3,2,4,09,17,6,0,0,1,1,0,0,0,0
"POINT (10.880586585000060 48.324706845000037)",Unfall 204434 (2021) Kat:3, Licht: 0,204434,3,1,5,10,13,6,0,0,0,1,0,0,0,0
"POINT (10.903124295000055 48.304120585000078)",Unfall 204457 (2021) Kat:3, Licht: 0,204457,3,2,4,10,21,5,0,0,1,1,0,0,0,0
"POINT (10.879566593000050 48.355064399000071)",Unfall 204472 (2021) Kat:3, Licht: 0,204472,3,1,6,09,12,2,1,0,0,1,1,0,0,0
"POINT (10.892564490000041 48.369571436000058)",Unfall 204552 (2021) Kat:3, Licht: 0,204552,3,6,2,09,11,7,0,0,0,1,0,1,0,0