WKT,Name,OBJECTID,UKATEGORIE,UTYP1,UART,UMONAT,USTUNDE,UWOCHENTAG,STRZUSTAND,ULICHTVERH,ISTRAD,ISTPKW,ISTFUSS,ISTKRAD,ISTGKFZ,ISTSONSTIG
"POINT (10.891106874000059 48.360833673000059)",Unfall 204599 (2021) Kat:3, Licht: 0,204599,3,6,2,10,15,7,0,0,0,1,0,0,0,0
"POINT (10.914722826000059 48.378650258000050)",Unfall 204606 (2021) Kat:3, Licht: 0,204606,3,3,5,09,12,4,0,0,1,1,0,0,0,0
"POINT (10.903341924000074 48.340170931000046)",Unfall 204614 (2021) Kat:3, Licht: 0,204614,3,1,1,10,17,3,1,0,0,1,0,0,0,0
"POINT (10.914142161000029 48.376983330000030)",Unfall 204642 (2021) Kat:3, Licht: 0,204642,3,3,6,10,15,2,0,0,1,0,1,0,0,0
"POINT (10.880944247000059 48.386818032000065)",Unfall 204656 (2021) Kat:3, Licht: 0,204656,3,6,2,10,16,7,0,0,0,1,0,0,0,0
"POINT (10.885826055000052 48.345255261000034)",Unfall 204668 (2021) Kat:3, Licht: 0,204668,3,1,5,10,07,6,0,0,1,1,0,0,0,0
"POINT (10.883386916000063 48.381700955000042)",Unfall 204682 (2021) Kat:2, Licht: 0,204682,2,7,0,10,15,6,0,0,1,1,0,0,0,0
"POINT (10.899672743000053 48.364813790000028)",Unfall 204701 (2021) Kat:3, Licht: 0,204701,3,2,3,10,16,3,0,0,1,1,0,0,0,0
"POINT (10.876221026000053 48.373366116000057)",Unfall 204788 (2021) Kat:3, Licht: 2,204788,3,5,1,10,21,7,0,2,0,1,0,0,0,1
"POINT (10.889378386000033 48.371606276000080)",Unfall 204809 (2021) Kat:3, Licht: 0,204809,3,7,0,09,17,3,0,0,0,0,0,0,0,1
"POINT (10.849388580000038 48.375271651000048)",Unfall 204821 (2021) Kat:3, Licht: 0,204821,3,2,5,10,17,6,0,0,1,1,0,0,0,0
"POINT (10.872036148000063 48.357649976000062)",Unfall 204829 (2021) Kat:3, Licht: 0,204829,3,3,5,10,09,4,1,0,0,1,0,0,0,0
"POINT (10.870149981000054 48.342334653000080)",Unfall 204861 (2021) Kat:3, Licht: 0,204861,3,1,0,10,17,3,1,0,1,0,0,0,0,0
"POINT (10.919986176000066 48.421016520000080)",Unfall 204869 (2021) Kat:3, Licht: 2,204869,3,2,5,10,22,5,1,2,0,1,0,0,0,0
"POINT (10.895340485000077 48.325137882000035)",Unfall 204886 (2021) Kat:3, Licht: 0,204886,3,3,5,10,16,6,0,0,0,1,0,0,0,1
"POINT (10.877907481000022 48.349800850000065)",Unfall 204893 (2021) Kat:3, Licht: 0,204893,3,1,2,10,10,4,0,0,0,1,0,0,0,0
"POINT (10.870584120000046 48.385728104000066)",Unfall 204934 (2021) Kat:3, Licht: 2,204934,3,1,0,10,19,6,0,2,1,0,0,0,0,0
"POINT (10.904116366000039 48.370289674000048)",Unfall 204947 (2021) Kat:3, Licht: 0,204947,3,2,3,10,11,7,0,0,1,1,0,0,0,0
"POINT (10.887202520000073 48.351458764000029)",Unfall 204989 (2021) Kat:3, Licht: 0,204989,3,6,0,10,17,7,0,0,1,1,0,0,0,0
"POINT (10.889246527000068 48.343913105000070)",Unfall 205028 (2021) Kat:3, Licht: 0,205028,3,1,1,10,15,7,0,0,1,0,0,0,0,0
"POINT (10.907189261000042 48.370239044000073)",Unfall 205040 (2021) Kat:3, Licht: 0,205040,3,5,1,10,11,3,0,0,0,1,0,0,0,0
"POINT (10.871416053000075 48.398918301000037)",Unfall 205097 (2021) Kat:3, Licht: 2,205097,3,3,5,10,03,3,0,2,1,1,0,0,0,0
"POINT (10.924506948000044 48.384399101000042)",Unfall 205122 (2021) Kat:3, Licht: 0,205122,3,3,5,10,16,4,0,0,1,0,0,0,0,1
"POINT (10.913629155000024 48.379263657000081)",Unfall 205169 (2021) Kat:3, Licht: 0,205169,3,7,0,10,10,2,0,0,1,0,0,0,0,0
"POINT (10.902059560000055 48.304168684000047)",Unfall 205181 (2021) Kat:3, Licht: 0,205181,3,3,5,10,13,5,0,0,0,1,0,0,0,0
"POINT (10.908141773000068 48.370496131000039)",Unfall 205189 (2021) Kat:3, Licht: 2,205189,3,6,3,10,18,4,0,2,1,1,0,0,0,0
"POINT (10.857976230000077 48.370938816000034)",Unfall 205208 (2021) Kat:3, Licht: 1,205208,3,7,0,10,07,2,0,1,1,1,0,0,0,0
"POINT (10.911381284000072 48.381643817000054)",Unfall 205215 (2021) Kat:3, Licht: 0,205215,3,1,1,10,14,5,0,0,1,0,0,0,0,1
"POINT (10.827850192000028 48.321784792000074)",Unfall 205227 (2021) Kat:3, Licht: 0,205227,3,3,1,10,07,4,0,0,1,1,0,0,0,0
"POINT (10.878736773000071 48.335646931000042)",Unfall 205240 (2021) Kat:3, Licht: 0,205240,3,1,0,10,11,6,0,0,0,1,0,0,0,0
"POINT (10.905777706000038 48.360072650000063)",Unfall 205270 (2021) Kat:3, Licht: 0,205270,3,1,0,10,08,5,1,0,0,0,0,1,0,0
"POINT (10.897644222000054 48.367124521000051)",Unfall 205294 (2021) Kat:3, Licht: 0,205294,3,7,0,10,12,6,0,0,1,0,0,0,0,0
"POINT (10.928829463000056 48.385713189000057)",Unfall 205320 (2021) Kat:3, Licht: 2,205320,3,3,5,10,06,6,1,2,1,1,0,0,0,0
"POINT (10.871098979000067 48.342928940000036)",Unfall 205323 (2021) Kat:3, Licht: 2,205323,3,7,0,10,21,6,0,2,0,0,0,0,0,1
"POINT (10.916179245000023 48.387676084000077)",Unfall 205369 (2021) Kat:3, Licht: 0,205369,3,6,2,10,15,6,0,0,0,1,0,0,0,0
"POINT (10.879465525000057 48.368380827000067)",Unfall 205379 (2021) Kat:3, Licht: 2,205379,3,6,2,10,06,4,1,2,0,1,0,0,0,0
"POINT (10.902720605000070 48.352260026000067)",Unfall 205387 (2021) Kat:3, Licht: 0,205387,3,2,5,10,12,6,0,0,0,1,0,0,0,0
"POINT (10.872032746000059 48.357838501000060)",Unfall 205418 (2021) Kat:2, Licht: 0,205418,2,4,6,10,13,6,0,0,0,1,1,0,0,0
"POINT (10.917166779000070 48.382840042000055)",Unfall 205428 (2021) Kat:3, Licht: 0,205428,3,3,5,10,13,4,0,0,0,1,0,0,0,1
"POINT (10.895261913000070 48.375672510000072)",Unfall 205429 (2021) Kat:3, Licht: 0,205429,3,4,0,10,16,5,0,0,0,1,0,0,0,1
"POINT (10.881405490000077 48.389366407000068)",Unfall 205470 (2021) Kat:3, Licht: 0,205470,3,3,5,10,16,6,0,0,1,1,0,0,0,0
"POINT (10.946073859000023 48.359694513000079)",Unfall 205507 (2021) Kat:2, Licht: 0,205507,2,3,5,10,15,4,0,0,1,0,0,1,0,0
"POINT (10.889728615000024 48.360270414000070)",Unfall 205511 (2021) Kat:3, Licht: 2,205511,3,1,0,10,00,7,0,2,0,0,0,0,0,1
"POINT (10.929440089000025 48.397270418000062)",Unfall 205516 (2021) Kat:3, Licht: 0,205516,3,3,1,10,16,3,0,0,1,1,0,0,0,0
"POINT (10.885213333000024 48.407101993000026)",Unfall 205518 (2021) Kat:3, Licht: 0,205518,3,7,0,10,14,5,0,0,1,0,1,0,0,0
"POINT (10.860049317000062 48.372959550000076)",Unfall 205534 (2021) Kat:3, Licht: 0,205534,3,2,4,10,16,1,0,0,0,1,0,0,0,0
"POINT (10.888515886000050 48.360764226000072)",Unfall 205539 (2021) Kat:3, Licht: 2,205539,3,1,0,10,03,7,0,2,1,0,0,0,0,0
"POINT (10.915308941000035 48.390313259000038)",Unfall 205598 (2021) Kat:3, Licht: 0,205598,3,3,5,10,16,6,0,0,0,1,0,0,0,0
"POINT (10.898828331000061 48.369481937000046)",Unfall 205613 (2021) Kat:3, Licht: 2,205613,3,4,0,10,20,7,1,2,1,0,1,0,0,0
"POINT (10.900164396000037 48.362278071000048)",Unfall 205650 (2021) Kat:3, Licht: 0,205650,3,3,5,10,10,5,0,0,0,1,0,0,0,1
"POINT (10.930444509000040 48.370381451000071)",Unfall 205709 (2021) Kat:3, Licht: 2,205709,3,2,4,10,19,1,0,2,1,1,0,0,0,0
"POINT (10.880526970000062 48.382093521000058)",Unfall 205730 (2021) Kat:3, Licht: 2,205730,3,7,0,10,19,1,0,2,1,0,0,0,0,1
"POINT (10.863911771000062 48.365050220000057)",Unfall 205776 (2021) Kat:3, Licht: 0,205776,3,2,3,10,13,4,0,0,1,0,0,0,0,1
"POINT (10.944466759000022 48.351598588000058)",Unfall 205818 (2021) Kat:3, Licht: 1,205818,3,2,6,10,07,6,0,1,0,1,1,0,0,0
"POINT (10.907093870000040 48.370225581000057)",Unfall 205823 (2021) Kat:3, Licht: 0,205823,3,6,2,10,14,2,0,0,0,1,0,0,0,0
"POINT (10.894275564000054 48.364203807000081)",Unfall 205840 (2021) Kat:3, Licht: 0,205840,3,3,5,10,16,4,0,0,1,1,0,0,0,0
"POINT (10.899296410000034 48.367445048000036)",Unfall 205873 (2021) Kat:3, Licht: 0,205873,3,6,3,10,06,5,0,0,1,0,0,0,0,1
"POINT (10.904588416000024 48.404093230000058)",Unfall 205880 (2021) Kat:3, Licht: 2,205880,3,1,1,10,01,4,1,2,0,1,0,0,0,1
"POINT (10.877570436000042 48.349354601000073)",Unfall 205924 (2021) Kat:3, Licht: 0,205924,3,1,0,10,11,4,1,0,1,0,0,0,0,0
"POINT (10.858425043000068 48.353027240000074)",Unfall 205951 (2021) Kat:2, Licht: 2,205951,2,1,9,10,01,1,0,2,0,1,0,0,0,0
"POINT (10.905615602000069 48.360577834000026)",Unfall 205952 (2021) Kat:3, Licht: 0,205952,3,7,0,10,16,1,0,0,1,0,0,0,0,0
"POINT (10.931048312000030 48.395570279000026)",Unfall 206015 (2021) Kat:3, Licht: 0,206015,3,1,3,11,13,4,0,0,1,1,0,0,0,0
"POINT (10.904489246000026 48.327907035000067)",Unfall 206033 (2021) Kat:3, Licht: 1,206033,3,1,5,11,08,4,0,1,1,1,0,0,0,0
"POINT (10.910048174000053 48.369285630000036)",Unfall 206037 (2021) Kat:3, Licht: 2,206037,3,1,2,11,17,7,1,2,0,1,0,0,0,0
"POINT (10.917721573000051 48.361986751000074)",Unfall 206083 (2021) Kat:3, Licht: 0,206083,3,7,3,10,11,1,0,0,1,1,0,0,0,0
"POINT (10.854863449000050 48.312915482000051)",Unfall 206089 (2021) Kat:3, Licht: 0,206089,3,1,0,11,14,3,0,0,1,0,0,0,0,0
"POINT (10.875399525000034 48.364131485000030)",Unfall 206128 (2021) Kat:3, Licht: 1,206128,3,2,4,11,06,2,1,1,1,1,0,0,0,0
"POINT (10.880712782000046 48.379283334000036)",Unfall 206151 (2021) Kat:2, Licht: 0,206151,2,4,6,11,11,6,0,0,0,1,1,0,0,0
"POINT (10.895341295000037 48.325145247000080)",Unfall 206210 (2021) Kat:3, Licht: 2,206210,3,1,1,11,18,3,0,2,0,1,0,0,0,0
"POINT (10.878331090000074 48.343092913000078)",Unfall 206229 (2021) Kat:3, Licht: 2,206229,3,2,0,11,19,7,1,2,1,0,0,0,0,0
"POINT (10.883797082000058 48.361005901000055)",Unfall 206258 (2021) Kat:3, Licht: 0,206258,3,1,1,11,12,2,1,0,0,1,0,0,0,0
"POINT (10.906616537000048 48.359463123000069)",Unfall 206280 (2021) Kat:3, Licht: 0,206280,3,3,5,11,13,6,0,0,1,1,0,0,0,0
"POINT (10.898343510000075 48.367256548000057)",Unfall 206310 (2021) Kat:3, Licht: 0,206310,3,1,0,10,12,1,0,0,1,0,0,0,0,0
"POINT (10.915950052000028 48.381007572000044)",Unfall 206362 (2021) Kat:3, Licht: 0,206362,3,6,1,11,09,3,1,0,0,1,0,1,0,0
"POINT (10.881360707000056 48.388450249000073)",Unfall 206381 (2021) Kat:3, Licht: 0,206381,3,2,6,11,14,7,1,0,0,1,1,0,0,0
"POINT (10.917794822000076 48.354876442000034)",Unfall 206405 (2021) Kat:3, Licht: 0,206405,3,4,6,11,15,7,0,0,0,1,1,0,0,0
"POINT (10.910595064000063 48.359536687000059)",Unfall 206409 (2021) Kat:3, Licht: 0,206409,3,1,0,11,11,3,1,0,1,0,0,0,0,0
"POINT (10.909576601000026 48.370821675000059)",Unfall 206417 (2021) Kat:3, Licht: 1,206417,3,3,5,11,17,2,0,1,0,1,0,0,0,0
"POINT (10.886579713000060 48.366910630000064)",Unfall 206434 (2021) Kat:3, Licht: 2,206434,3,3,5,11,18,4,1,2,1,1,0,0,0,0
"POINT (10.874457203000077 48.343325468000046)",Unfall 206496 (2021) Kat:3, Licht: 2,206496,3,1,1,11,17,4,0,2,0,1,0,0,0,1
"POINT (10.904599238000060 48.370209061000025)",Unfall 206535 (2021) Kat:3, Licht: 0,206535,3,3,5,10,13,7,0,0,0,1,0,0,0,0
"POINT (10.883302755000045 48.375492241000075)",Unfall 206567 (2021) Kat:3, Licht: 0,206567,3,3,5,11,12,6,0,0,1,0,0,1,0,0
"POINT (10.901860779000060 48.361911522000071)",Unfall 206602 (2021) Kat:3, Licht: 1,206602,3,3,0,11,16,2,1,1,1,1,0,0,0,0
"POINT (10.904278149000049 48.365064652000058)",Unfall 206621 (2021) Kat:3, Licht: 0,206621,3,3,5,11,12,3,0,0,1,1,0,0,0,0
"POINT (10.919912080000074 48.380373236000025)",Unfall 206674 (2021) Kat:3, Licht: 0,206674,3,3,5,11,15,2,1,0,0,1,0,0,0,1
"POINT (10.896094937000044 48.365169890000061)",Unfall 206697 (2021) Kat:3, Licht: 2,206697,3,7,0,11,18,5,1,2,1,0,0,0,0,0
"POINT (10.903798985000037 48.358491669000045)",Unfall 206714 (2021) Kat:3, Licht: 0,206714,3,1,0,11,07,2,1,0,1,0,0,0,0,0
"POINT (10.928691793000041 48.361872137000034)",Unfall 206717 (2021) Kat:3, Licht: 2,206717,3,1,0,11,17,7,1,2,0,1,0,0,0,1
"POINT (10.897996872000022 48.351798015000043)",Unfall 206836 (2021) Kat:3, Licht: 0,206836,3,3,5,11,14,6,0,0,1,1,0,0,0,0
"POINT (10.923803422000049 48.375284423000039)",Unfall 206840 (2021) Kat:3, Licht: 2,206840,3,3,5,11,17,2,1,2,0,1,0,0,0,0
"POINT (10.899415916000066 48.365314245000036)",Unfall 206909 (2021) Kat:3, Licht: 0,206909,3,7,0,11,10,3,1,0,1,0,0,0,0,0
"POINT (10.870139074000065 48.377498154000079)",Unfall 206910 (2021) Kat:3, Licht: 2,206910,3,3,5,11,22,7,1,2,0,1,0,0,0,0
"POINT (10.868039902000021 48.367817365000064)",Unfall 206940 (2021) Kat:2, Licht: 0,206940,2,3,5,11,12,2,0,0,1,1,0,0,0,0
"POINT (10.916004396000062 48.376385190000065)",Unfall 206965 (2021) Kat:3, Licht: 1,206965,3,7,0,11,08,4,0,1,0,0,0,0,0,1
"POINT (10.899762334000059 48.299114455000051)",Unfall 206979 (2021) Kat:3, Licht: 2,206979,3,1,0,10,19,7,1,2,0,0,0,1,0,0
"POINT (10.886875791000023 48.371345374000043)",Unfall 207016 (2021) Kat:3, Licht: 2,207016,3,1,9,12,21,7,1,2,0,1,0,0,0,0
"POINT (10.870310877000065 48.380543624000040)",Unfall 207058 (2021) Kat:3, Licht: 1,207058,3,1,1,12,16,1,0,1,0,1,0,1,0,0
"POINT (10.900448036000057 48.298068850000050)",Unfall 207081 (2021) Kat:3, Licht: 0,207081,3,2,0,12,11,2,1,0,0,1,0,0,0,0
"POINT (10.899398057000042 48.370887617000051)",Unfall 207101 (2021) Kat:3, Licht: 0,207101,3,7,0,11,12,6,1,0,1,0,0,0,0,0
"POINT (10.888736332000065 48.373169878000056)",Unfall 207138 (2021) Kat:3, Licht: 0,207138,3,5,0,12,13,6,0,0,0,1,0,0,0,0
"POINT (10.900812465000058 48.298867108000081)",Unfall 207172 (2021) Kat:3, Licht: 1,207172,3,2,5,12,16,4,0,1,1,1,0,0,0,0
"POINT (10.885735474000057 48.368526326000051)",Unfall 207174 (2021) Kat:3, Licht: 2,207174,3,6,3,12,19,5,1,2,1,1,0,0,0,0
"POINT (10.872915150000040 48.349255630000073)",Unfall 207190 (2021) Kat:3, Licht: 0,207190,3,2,5,12,08,6,0,0,0,1,0,0,0,0
"POINT (10.867757543000039 48.362660431000052)",Unfall 207194 (2021) Kat:3, Licht: 2,207194,3,7,6,12,07,3,2,2,0,1,1,0,0,0
"POINT (10.852798155000073 48.352334519000067)",Unfall 207212 (2021) Kat:3, Licht: 2,207212,3,6,4,11,16,7,1,2,1,0,0,0,0,0
"POINT (10.908976438000025 48.370331500000077)",Unfall 207232 (2021) Kat:3, Licht: 0,207232,3,6,1,12,14,4,1,0,0,1,0,0,0,0
"POINT (10.861128748000056 48.371508874000028)",Unfall 207239 (2021) Kat:3, Licht: 2,207239,3,1,0,12,06,6,1,2,1,0,0,0,0,0
"POINT (10.894613658000026 48.366544845000078)",Unfall 207248 (2021) Kat:3, Licht: 2,207248,3,1,0,12,18,4,0,2,1,0,0,0,0,0
"POINT (10.881711457000051 48.391816785000060)",Unfall 207257 (2021) Kat:3, Licht: 0,207257,3,6,1,12,11,6,0,0,0,1,0,0,0,0
"POINT (10.879210069000067 48.336305651000032)",Unfall 207285 (2021) Kat:3, Licht: 0,207285,3,3,5,12,12,5,0,0,1,1,0,0,0,0
"POINT (10.849297457000034 48.393067289000044)",Unfall 207321 (2021) Kat:3, Licht: 2,207321,3,2,6,12,16,5,1,2,0,1,1,0,0,0
"POINT (10.849129430000062 48.385882328000037)",Unfall 207324 (2021) Kat:3, Licht: 1,207324,3,6,2,12,16,3,1,1,0,1,0,0,0,0
"POINT (10.880169880000039 48.367639994000058)",Unfall 207377 (2021) Kat:3, Licht: 2,207377,3,1,9,11,20,5,1,2,1,0,0,0,0,0
"POINT (10.909729113000026 48.380215246000034)",Unfall 207391 (2021) Kat:3, Licht: 0,207391,3,1,0,12,16,7,0,0,1,0,0,0,0,0
"POINT (10.900295495000023 48.370656368000027)",Unfall 207438 (2021) Kat:3, Licht: 1,207438,3,3,5,12,16,7,1,1,0,1,0,0,0,0
"POINT (10.944547492000027 48.351841009000054)",Unfall 207483 (2021) Kat:3, Licht: 0,207483,3,6,2,12,14,5,0,0,1,1,0,0,0,0
"POINT (10.915308941000035 48.390313259000038)",Unfall 207537 (2021) Kat:3, Licht: 0,207537,3,2,5,11,11,6,1,0,0,1,0,0,0,0
"POINT (10.906733705000022 48.370174748000068)",Unfall 207541 (2021) Kat:3, Licht: 2,207541,3,7,3,12,17,6,2,2,0,1,0,0,0,1
"POINT (10.900152644000059 48.377231854000058)",Unfall 207553 (2021) Kat:3, Licht: 0,207553,3,3,5,12,08,2,1,0,1,1,0,0,0,0
"POINT (10.868435054000031 48.371616044000064)",Unfall 207570 (2021) Kat:3, Licht: 2,207570,3,3,5,12,20,5,1,2,0,1,0,0,0,0
"POINT (10.922995616000037 48.384828704000029)",Unfall 207596 (2021) Kat:3, Licht: 0,207596,3,2,5,12,12,5,0,0,1,1,0,0,0,0
"POINT (10.896603418000041 48.373424769000053)",Unfall 207626 (2021) Kat:3, Licht: 0,207626,3,7,0,12,10,6,0,0,1,0,0,0,0,0
"POINT (10.878277254000068 48.370133103000057)",Unfall 207630 (2021) Kat:3, Licht: 2,207630,3,6,2,12,05,2,0,2,0,1,0,0,0,0
"POINT (10.917159506000075 48.366496450000056)",Unfall 207631 (2021) Kat:3, Licht: 1,207631,3,3,5,12,07,3,1,1,1,1,0,0,0,0
"POINT (10.852943430000039 48.392080888000066)",Unfall 207644 (2021) Kat:3, Licht: 0,207644,3,1,0,12,14,6,1,0,0,0,0,0,0,1
"POINT (10.894906206000030 48.370055490000027)",Unfall 207650 (2021) Kat:3, Licht: 0,207650,3,7,0,11,08,6,1,0,1,0,0,0,0,0
"POINT (10.906447573000037 48.410252323000066)",Unfall 207697 (2021) Kat:3, Licht: 0,207697,3,3,5,12,13,7,2,0,1,1,0,0,0,0
"POINT (10.894939254000064 48.376645370000062)",Unfall 207711 (2021) Kat:3, Licht: 0,207711,3,3,5,12,13,2,0,0,0,1,0,0,0,0
"POINT (10.878862866000077 48.340423208000061)",Unfall 207719 (2021) Kat:3, Licht: 0,207719,3,1,0,12,09,4,2,0,1,0,0,0,0,0
"POINT (10.905358783000054 48.307989896000038)",Unfall 207749 (2021) Kat:3, Licht: 0,207749,3,1,1,11,13,6,1,0,0,1,0,0,0,1
"POINT (10.855667910000022 48.385302062000051)",Unfall 207755 (2021) Kat:3, Licht: 1,207755,3,6,2,12,07,5,1,1,0,1,0,0,0,0
"POINT (10.865575049000029 48.360746446000064)",Unfall 207758 (2021) Kat:3, Licht: 0,207758,3,5,1,12,15,3,1,0,1,1,0,0,0,0
"POINT (10.916024767000067 48.376373405000038)",Unfall 207765 (2021) Kat:3, Licht: 2,207765,3,3,5,12,22,1,1,2,0,1,0,0,0,0
"POINT (10.870629964000045 48.371883583000056)",Unfall 207802 (2021) Kat:3, Licht: 0,207802,3,6,2,12,12,6,1,0,0,1,0,0,0,0
"POINT (10.920171998000058 48.392309870000076)",Unfall 207805 (2021) Kat:3, Licht: 0,207805,3,6,2,12,10,3,1,0,1,1,0,0,0,0
"POINT (10.881142078000039 48.353417387000036)",Unfall 207827 (2021) Kat:3, Licht: 0,207827,3,1,5,12,14,6,1,0,1,1,0,0,0,0
"POINT (10.897567076000030 48.357177692000050)",Unfall 207838 (2021) Kat:3, Licht: 2,207838,3,6,4,11,06,3,2,2,1,1,0,0,0,0
"POINT (10.911859122000067 48.306217729000082)",Unfall 207845 (2021) Kat:3, Licht: 0,207845,3,1,1,11,13,6,1,0,0,1,0,0,0,0
"POINT (10.870364017000043 48.379491450000046)",Unfall 207846 (2021) Kat:3, Licht: 0,207846,3,3,5,11,13,1,0,0,0,1,0,0,0,0
"POINT (10.881210127000031 48.379762456000037)",Unfall 207877 (2021) Kat:3, Licht: 0,207877,3,5,1,12,13,4,1,0,1,1,0,0,0,0
"POINT (10.885479841000063 48.373671123000065)",Unfall 207881 (2021) Kat:3, Licht: 2,207881,3,3,5,11,20,7,0,2,1,1,0,0,0,0
"POINT (10.887483000000032 48.351497720000054)",Unfall 207885 (2021) Kat:3, Licht: 2,207885,3,6,3,12,17,2,1,2,1,0,0,0,0,1
"POINT (10.909052337000048 48.381412447000059)",Unfall 207898 (2021) Kat:3, Licht: 2,207898,3,1,0,12,02,6,2,2,0,1,0,0,0,0
"POINT (10.878085696000028 48.349899598000036)",Unfall 207917 (2021) Kat:3, Licht: 0,207917,3,1,6,12,12,7,1,0,1,0,1,0,0,0
"POINT (10.893633362000060 48.353169167000033)",Unfall 207933 (2021) Kat:3, Licht: 0,207933,3,1,6,12,10,2,0,0,0,1,1,0,0,0
"POINT (10.930605219000029 48.355924148000042)",Unfall 207960 (2021) Kat:3, Licht: 2,207960,3,1,4,12,17,6,2,2,0,1,0,0,0,1
"POINT (10.938268137000023 48.371773775000065)",Unfall 207962 (2021) Kat:3, Licht: 0,207962,3,2,5,12,16,5,1,0,1,1,0,0,0,0
"POINT (10.915317906000041 48.371845135000058)",Unfall 207967 (2021) Kat:3, Licht: 0,207967,3,1,0,12,14,5,1,0,0,0,0,1,0,0
"POINT (10.916863232000026 48.386959282000078)",Unfall 207985 (2021) Kat:3, Licht: 2,207985,3,1,3,12,19,7,0,2,0,1,0,0,0,0
"POINT (10.950080850000063 48.341138726000054)",Unfall 207994 (2021) Kat:3, Licht: 0,207994,3,6,2,12,09,4,1,0,0,1,0,0,0,0
"POINT (10.890055649000033 48.371182485000077)",Unfall 208000 (2021) Kat:3, Licht: 0,208000,3,6,2,11,09,2,2,0,0,1,0,0,0,0
"POINT (10.895685156000070 48.370149876000028)",Unfall 208062 (2021) Kat:2, Licht: 2,208062,2,4,6,12,01,7,1,2,0,1,1,0,0,0
"POINT (10.908425763000025 48.370331438000051)",Unfall 208066 (2021) Kat:3, Licht: 0,208066,3,5,0,12,15,3,1,0,1,1,0,0,0,0
"POINT (10.871331477000069 48.398928048000073)",Unfall 208085 (2021) Kat:3, Licht: 2,208085,3,2,4,11,16,1,1,2,0,1,0,0,0,0
"POINT (10.855308561000072 48.354135862000078)",Unfall 208134 (2021) Kat:3, Licht: 2,208134,3,3,5,12,07,3,1,2,0,1,0,0,0,0
"POINT (10.896079382000039 48.314488109000081)",Unfall 208153 (2021) Kat:3, Licht: 0,208153,3,3,5,12,14,4,0,0,0,1,0,0,0,0
"POINT (10.915498385000035 48.388964317000045)",Unfall 208238 (2021) Kat:3, Licht: 2,208238,3,2,8,12,20,6,1,2,0,1,0,0,0,0
"POINT (10.914231508000057 48.359962791000044)",Unfall 208289 (2021) Kat:3, Licht: 0,208289,3,3,5,12,13,1,1,0,0,1,0,0,0,0
"POINT (10.904868607000026 48.362134460000050)",Unfall 208295 (2021) Kat:3, Licht: 2,208295,3,1,1,12,17,4,1,2,0,1,0,0,0,0
"POINT (10.895784738000032 48.370159417000082)",Unfall 208367 (2021) Kat:3, Licht: 0,208367,3,6,3,12,16,4,1,0,0,1,0,0,0,0
"POINT (10.890437476000045 48.372665103000031)",Unfall 208603 (2021) Kat:3, Licht: 0,208603,3,3,5,12,16,1,1,0,0,1,0,0,0,0
"POINT (10.910477383000057 48.396681488000070)",Unfall 208613 (2021) Kat:3, Licht: 0,208613,3,7,6,12,12,4,1,0,0,1,1,0,0,0
"POINT (10.883864725000024 48.378386537000040)",Unfall 208645 (2021) Kat:3, Licht: 0,208645,3,5,2,12,13,6,1,0,0,1,0,0,0,0
"POINT (10.880816032000041 48.381029898000065)",Unfall 208697 (2021) Kat:3, Licht: 2,208697,3,6,2,12,19,2,0,2,0,1,0,0,0,0
"POINT (10.900850095000067 48.377454156000056)",Unfall 208724 (2021) Kat:3, Licht: 0,208724,3,6,2,12,10,4,1,0,0,1,0,0,0,0
"POINT (10.875393787000064 48.380398797000055)",Unfall 208767 (2021) Kat:3, Licht: 2,208767,3,2,5,12,04,5,0,2,1,1,0,0,0,0
"POINT (10.914212763000023 48.396747061000042)",Unfall 208961 (2021) Kat:3, Licht: 2,208961,3,6,2,12,16,5,0,2,0,1,0,0,0,0
"POINT (10.882286442000066 48.374007549000055)",Unfall 209145 (2021) Kat:3, Licht: 2,209145,3,2,3,12,22,3,1,2,0,1,0,0,0,1
"POINT (10.900580422000075 48.298093736000055)",Unfall 209226 (2021) Kat:3, Licht: 0,209226,3,4,6,12,13,4,0,0,0,1,1,0,0,0
"POINT (10.899768541000071 48.364365303000056)",Unfall 209239 (2021) Kat:3, Licht: 2,209239,3,7,0,12,18,7,1,2,0,0,0,0,0,1
"POINT (10.932593315000076 48.352213411000037)",Unfall 236725 (2021) Kat:2, Licht: 0,236725,2,1,0,01,12,7,2,0,1,0,0,0,0,0
"POINT (10.888557986000023 48.360564859000078)",Unfall 236726 (2021) Kat:3, Licht: 0,236726,3,1,0,01,15,7,2,0,1,0,0,0,0,0
"POINT (10.823119817000077 48.327677362000031)",Unfall 236762 (2021) Kat:2, Licht: 0,236762,2,1,0,02,14,4,0,0,1,0,0,0,0,0
"POINT (10.877377708000040 48.374386355000070)",Unfall 236778 (2021) Kat:3, Licht: 0,236778,3,7,6,02,13,1,0,0,1,0,1,0,0,0
"POINT (10.857108918000051 48.356150567000043)",Unfall 236852 (2021) Kat:3, Licht: 0,236852,3,1,0,04,19,5,0,0,1,0,0,0,0,0
"POINT (10.901740742000072 48.391077045000031)",Unfall 236876 (2021) Kat:3, Licht: 0,236876,3,1,0,04,17,7,0,0,1,0,0,0,0,0
"POINT (10.932592926000041 48.352213670000026)",Unfall 236922 (2021) Kat:3, Licht: 0,236922,3,1,4,04,17,1,0,0,1,0,0,0,0,0