WKT,Name,OBJECTID,UKATEGORIE,UTYP1,UART,UMONAT,USTUNDE,UWOCHENTAG,STRZUSTAND,ULICHTVERH,ISTRAD,ISTPKW,ISTFUSS,ISTKRAD,ISTGKFZ,ISTSONSTIG
"POINT (10.887929230000054 48.305021263000071)",Unfall 236935 (2021) Kat:3, Licht: 0,236935,3,1,3,04,18,4,0,0,1,0,1,0,0,0
"POINT (10.908672770000067 48.314738292000072)",Unfall 236986 (2021) Kat:3, Licht: 0,236986,3,1,0,05,13,2,0,0,1,0,0,0,0,0
"POINT (10.877318544000047 48.360334154000043)",Unfall 237124 (2021) Kat:3, Licht: 1,237124,3,1,0,06,20,2,1,1,1,0,0,0,0,0
"POINT (10.898832247000030 48.415500992000034)",Unfall 237183 (2021) Kat:3, Licht: 0,237183,3,1,0,06,15,2,0,0,1,0,0,0,0,0
"POINT (10.938971893000030 48.348267589000045)",Unfall 237213 (2021) Kat:3, Licht: 0,237213,3,1,0,06,18,6,0,0,1,0,0,0,0,0
"POINT (10.924560641000028 48.359819818000062)",Unfall 237220 (2021) Kat:3, Licht: 0,237220,3,1,5,06,13,7,0,0,1,1,0,0,0,0
"POINT (10.873945202000073 48.347681890000047)",Unfall 237582 (2021) Kat:2, Licht: 0,237582,2,1,0,07,17,7,0,0,1,0,0,0,0,0
"POINT (10.901964291000070 48.356358839000052)",Unfall 237630 (2021) Kat:2, Licht: 0,237630,2,1,8,08,15,2,0,0,1,0,0,0,0,0
"POINT (10.890027404000023 48.413321354000061)",Unfall 237665 (2021) Kat:3, Licht: 0,237665,3,7,5,08,11,5,1,0,1,0,0,0,0,0
"POINT (10.897387281000022 48.301066581000043)",Unfall 237677 (2021) Kat:2, Licht: 0,237677,2,1,7,08,11,6,0,0,1,0,0,0,0,0
"POINT (10.909262669000043 48.339446911000039)",Unfall 237822 (2021) Kat:2, Licht: 0,237822,2,7,0,09,10,6,0,0,1,0,1,0,0,0
"POINT (10.899057030000051 48.389805798000054)",Unfall 237854 (2021) Kat:3, Licht: 0,237854,3,1,0,09,17,1,0,0,1,0,0,0,0,0
"POINT (10.863256091000039 48.351941583000041)",Unfall 237855 (2021) Kat:3, Licht: 0,237855,3,1,0,09,16,1,0,0,1,0,0,0,0,0
"POINT (10.906218383000066 48.365065687000026)",Unfall 237874 (2021) Kat:3, Licht: 2,237874,3,7,0,09,01,2,0,2,1,0,0,0,0,0
"POINT (10.930694005000021 48.367485667000039)",Unfall 237881 (2021) Kat:3, Licht: 0,237881,3,7,0,09,10,3,0,0,1,0,0,0,0,0
"POINT (10.875428795000062 48.346494363000033)",Unfall 238079 (2021) Kat:3, Licht: 0,238079,3,1,5,10,16,6,0,0,1,0,0,1,0,0
"POINT (10.885445084000025 48.325544643000057)",Unfall 238092 (2021) Kat:3, Licht: 2,238092,3,1,0,10,19,1,0,2,1,0,0,0,0,0
"POINT (10.906322683999999 48.379279674000003)",Unfall 96660 (2022) Kat:3, Licht: 2,96660,3,3,5,02,19,3,1,2,1,1,0,0,0,0
"POINT (10.860745748999999 48.350907522000099)",Unfall 96901 (2022) Kat:3, Licht: 0,96901,3,6,2,01,08,4,0,0,0,1,0,0,0,0
"POINT (10.866377049000100 48.338505947999998)",Unfall 96924 (2022) Kat:3, Licht: 2,96924,3,1,0,01,18,6,0,2,1,0,0,0,0,0
"POINT (10.906448813000100 48.310063706000101)",Unfall 97041 (2022) Kat:3, Licht: 2,97041,3,3,4,01,17,2,1,2,0,1,0,0,0,0
"POINT (10.861169129000100 48.389269476999999)",Unfall 97092 (2022) Kat:3, Licht: 0,97092,3,6,2,01,15,6,0,0,0,0,0,0,0,1
"POINT (10.902447385000100 48.381643086000103)",Unfall 97198 (2022) Kat:3, Licht: 2,97198,3,7,0,01,20,5,2,2,1,0,0,0,0,0
"POINT (10.856753093000099 48.377005338000103)",Unfall 97329 (2022) Kat:3, Licht: 0,97329,3,6,2,02,13,6,0,0,0,1,0,0,0,0
"POINT (10.916460580000001 48.355786623000000)",Unfall 97368 (2022) Kat:2, Licht: 0,97368,2,1,0,02,09,5,1,0,0,0,0,1,0,0
"POINT (10.907085564000100 48.311176140999997)",Unfall 97391 (2022) Kat:3, Licht: 2,97391,3,1,5,01,19,6,0,2,1,1,0,0,0,0
"POINT (10.938854150999999 48.355117328000098)",Unfall 97400 (2022) Kat:3, Licht: 1,97400,3,6,2,01,16,2,1,1,0,1,0,0,0,0
"POINT (10.848857008000000 48.374522952000099)",Unfall 97568 (2022) Kat:3, Licht: 0,97568,3,1,0,01,17,4,0,0,1,0,0,0,0,0
"POINT (10.909881973999999 48.364330764000002)",Unfall 97657 (2022) Kat:3, Licht: 0,97657,3,2,6,01,10,2,1,0,0,1,1,0,0,0
"POINT (10.907521390000101 48.412208888000102)",Unfall 97715 (2022) Kat:3, Licht: 0,97715,3,6,2,01,13,4,0,0,0,1,0,0,0,0
"POINT (10.924705869000000 48.369573167000098)",Unfall 97929 (2022) Kat:3, Licht: 0,97929,3,3,0,01,11,2,0,0,0,1,0,0,0,0
"POINT (10.885346968000000 48.314062895000099)",Unfall 97946 (2022) Kat:3, Licht: 0,97946,3,6,2,01,13,6,0,0,0,1,0,0,0,0
"POINT (10.868385072000001 48.389830206000099)",Unfall 97990 (2022) Kat:3, Licht: 0,97990,3,3,5,01,12,4,0,0,0,1,0,0,0,0
"POINT (10.934070383000099 48.381929920000097)",Unfall 98025 (2022) Kat:3, Licht: 0,98025,3,2,5,02,11,4,0,0,1,1,0,0,0,0
"POINT (10.929110483000001 48.377507512000101)",Unfall 98036 (2022) Kat:3, Licht: 0,98036,3,6,2,02,17,2,0,0,0,1,0,0,0,0
"POINT (10.918122602000000 48.373335124000100)",Unfall 98048 (2022) Kat:3, Licht: 0,98048,3,1,3,03,10,6,0,0,0,1,0,0,0,0
"POINT (10.929278511000099 48.377486885000103)",Unfall 98063 (2022) Kat:3, Licht: 0,98063,3,3,5,02,07,6,1,0,1,0,0,0,1,0
"POINT (10.939053809000001 48.355112463000097)",Unfall 98346 (2022) Kat:3, Licht: 0,98346,3,1,0,02,16,2,0,0,1,0,0,0,0,0
"POINT (10.863177369000001 48.350137141000097)",Unfall 98394 (2022) Kat:3, Licht: 0,98394,3,6,2,02,11,2,0,0,0,1,0,0,0,0
"POINT (10.923276804000100 48.370679999000103)",Unfall 98422 (2022) Kat:3, Licht: 0,98422,3,3,5,02,13,3,0,0,1,1,0,0,0,0
"POINT (10.902561464000000 48.412840032000098)",Unfall 98536 (2022) Kat:3, Licht: 0,98536,3,1,3,03,10,5,0,0,0,1,0,0,0,0
"POINT (10.875203782000000 48.346772668000000)",Unfall 98675 (2022) Kat:3, Licht: 2,98675,3,3,3,02,17,3,0,2,0,1,0,0,0,0
"POINT (10.929258378000000 48.377404200999997)",Unfall 98756 (2022) Kat:3, Licht: 2,98756,3,3,5,02,18,5,0,2,0,1,0,0,0,1
"POINT (10.912114541999999 48.374333649000100)",Unfall 98768 (2022) Kat:3, Licht: 0,98768,3,3,5,02,07,3,0,0,1,1,0,0,0,0
"POINT (10.857544927999999 48.378693408000103)",Unfall 99093 (2022) Kat:3, Licht: 2,99093,3,6,2,02,22,5,0,2,0,1,0,0,0,0
"POINT (10.888680523000099 48.414282141999998)",Unfall 99123 (2022) Kat:3, Licht: 0,99123,3,6,2,03,16,5,0,0,0,1,0,0,1,0
"POINT (10.898622020000101 48.379522150000099)",Unfall 99152 (2022) Kat:3, Licht: 0,99152,3,6,0,02,11,6,0,0,0,1,0,0,0,1
"POINT (10.902443363000000 48.381647460000103)",Unfall 99253 (2022) Kat:3, Licht: 2,99253,3,3,5,02,20,2,0,2,1,1,0,0,0,0
"POINT (10.954429409999999 48.344304037000001)",Unfall 99357 (2022) Kat:3, Licht: 0,99357,3,6,2,03,14,7,0,0,0,1,0,0,0,0
"POINT (10.886679138000000 48.317093267000097)",Unfall 99424 (2022) Kat:3, Licht: 2,99424,3,6,3,03,22,3,0,2,0,1,0,0,0,0
"POINT (10.882432118000100 48.385727739000103)",Unfall 99444 (2022) Kat:3, Licht: 0,99444,3,2,4,03,16,3,0,0,0,1,0,0,0,0
"POINT (10.847897981000100 48.381510102999997)",Unfall 99648 (2022) Kat:3, Licht: 0,99648,3,3,5,03,18,5,0,0,1,1,0,0,0,0
"POINT (10.896495657000100 48.308928057000102)",Unfall 99655 (2022) Kat:3, Licht: 0,99655,3,2,5,04,06,4,0,0,0,1,0,0,0,1
"POINT (10.923367439000099 48.370745362000001)",Unfall 99679 (2022) Kat:3, Licht: 0,99679,3,1,2,04,15,4,0,0,0,1,0,1,0,0
"POINT (10.902161758000000 48.381808368000101)",Unfall 99760 (2022) Kat:3, Licht: 0,99760,3,3,5,03,11,5,0,0,1,1,0,0,0,0
"POINT (10.905545221000100 48.353262168000100)",Unfall 100058 (2022) Kat:3, Licht: 0,100058,3,1,0,03,15,6,0,0,0,1,0,1,0,0
"POINT (10.883448099000100 48.344651925000100)",Unfall 100123 (2022) Kat:3, Licht: 0,100123,3,1,8,03,07,2,0,0,0,1,0,0,0,0
"POINT (10.850133530000100 48.377318645000102)",Unfall 100128 (2022) Kat:3, Licht: 0,100128,3,5,2,03,13,7,0,0,0,1,0,0,0,0
"POINT (10.913815444000001 48.365828917000002)",Unfall 100165 (2022) Kat:3, Licht: 0,100165,3,1,2,04,17,2,0,0,0,1,0,0,0,0
"POINT (10.952435352000100 48.355415487000101)",Unfall 100183 (2022) Kat:2, Licht: 0,100183,2,2,4,04,17,1,1,0,0,1,0,1,0,0
"POINT (10.920132785000000 48.413525617000097)",Unfall 100352 (2022) Kat:3, Licht: 0,100352,3,2,4,03,17,2,0,0,1,1,0,0,0,0
"POINT (10.859651380000100 48.351438674000100)",Unfall 100438 (2022) Kat:3, Licht: 2,100438,3,6,3,03,22,2,0,2,0,1,0,0,1,0
"POINT (10.916799606000000 48.355730893999997)",Unfall 100462 (2022) Kat:3, Licht: 0,100462,3,1,2,03,16,3,0,0,0,1,0,0,0,0
"POINT (10.889489606000000 48.339845111999999)",Unfall 100595 (2022) Kat:3, Licht: 0,100595,3,1,7,04,16,5,0,0,0,1,0,0,0,0
"POINT (10.883533931000001 48.309564453000100)",Unfall 100696 (2022) Kat:3, Licht: 0,100696,3,6,2,03,14,6,0,0,0,1,0,0,0,0
"POINT (10.904611554000001 48.347277267999999)",Unfall 100912 (2022) Kat:3, Licht: 0,100912,3,1,2,04,16,5,0,0,0,1,0,0,0,0
"POINT (10.856430803000000 48.373449558000097)",Unfall 101024 (2022) Kat:3, Licht: 0,101024,3,6,2,03,15,4,0,0,0,1,0,0,0,0
"POINT (10.932390204000100 48.355190747000101)",Unfall 101240 (2022) Kat:3, Licht: 0,101240,3,4,6,03,07,4,0,0,0,1,1,0,0,0
"POINT (10.875851151000100 48.346638676000097)",Unfall 101294 (2022) Kat:3, Licht: 0,101294,3,7,0,05,08,2,0,0,0,1,1,0,0,0
"POINT (10.908389914000100 48.386759351000102)",Unfall 101329 (2022) Kat:2, Licht: 0,101329,2,6,4,05,15,5,0,0,1,0,0,0,0,0
"POINT (10.856103168000100 48.373482703999997)",Unfall 101447 (2022) Kat:3, Licht: 2,101447,3,1,0,04,23,7,0,2,0,0,0,0,0,1
"POINT (10.908430119000100 48.412056626000002)",Unfall 101480 (2022) Kat:3, Licht: 0,101480,3,6,2,04,11,7,1,0,0,1,0,0,0,0
"POINT (10.894222242000099 48.382400918000002)",Unfall 101501 (2022) Kat:3, Licht: 1,101501,3,7,0,05,05,5,1,1,1,0,0,0,0,1
"POINT (10.920298303999999 48.403221428999998)",Unfall 101504 (2022) Kat:3, Licht: 0,101504,3,6,2,05,07,3,0,0,0,1,0,0,0,0
"POINT (10.936448462000000 48.388928436000100)",Unfall 101669 (2022) Kat:3, Licht: 0,101669,3,1,0,04,15,3,0,0,1,0,0,0,0,0
"POINT (10.851028263000000 48.297796016000099)",Unfall 101682 (2022) Kat:3, Licht: 2,101682,3,1,0,04,00,1,0,2,0,0,0,0,0,1
"POINT (10.915598230000100 48.355925863000003)",Unfall 101757 (2022) Kat:3, Licht: 0,101757,3,2,3,04,16,5,0,0,1,1,0,0,0,0
"POINT (10.907958808000000 48.333085928000102)",Unfall 101782 (2022) Kat:3, Licht: 0,101782,3,7,0,05,15,1,0,0,0,0,0,0,0,1
"POINT (10.896510270000000 48.308926087000003)",Unfall 101872 (2022) Kat:3, Licht: 0,101872,3,1,0,05,16,5,0,0,1,0,0,0,0,0
"POINT (10.855631389000100 48.373418594999997)",Unfall 102081 (2022) Kat:3, Licht: 0,102081,3,6,2,04,09,5,0,0,0,1,0,0,0,1
"POINT (10.910438392000099 48.423091240000097)",Unfall 102086 (2022) Kat:3, Licht: 0,102086,3,3,5,04,17,4,0,0,1,1,0,0,0,0
"POINT (10.929393224000000 48.380379189999999)",Unfall 102128 (2022) Kat:3, Licht: 0,102128,3,2,4,05,12,4,0,0,0,1,0,0,0,0
"POINT (10.910036526000100 48.364313627999998)",Unfall 102142 (2022) Kat:3, Licht: 0,102142,3,1,4,04,14,5,0,0,1,1,0,0,0,0
"POINT (10.923124649000000 48.370714435000103)",Unfall 102172 (2022) Kat:3, Licht: 0,102172,3,6,2,04,13,5,0,0,0,1,0,0,0,0
"POINT (10.916416026000000 48.366761517999997)",Unfall 102534 (2022) Kat:3, Licht: 0,102534,3,1,2,05,17,3,0,0,0,1,0,0,1,0
"POINT (10.938117523000100 48.386651165000004)",Unfall 102564 (2022) Kat:3, Licht: 0,102564,3,2,5,05,12,6,1,0,0,1,0,0,0,0
"POINT (10.918833004000000 48.408826710000000)",Unfall 102709 (2022) Kat:3, Licht: 0,102709,3,1,9,04,12,7,1,0,0,1,0,0,0,0
"POINT (10.871386927000099 48.332248898000003)",Unfall 102741 (2022) Kat:3, Licht: 0,102741,3,1,0,05,15,3,0,0,1,0,0,0,0,0
"POINT (10.856080081000099 48.373484151000099)",Unfall 102823 (2022) Kat:3, Licht: 0,102823,3,6,2,05,19,1,0,0,0,1,0,0,0,0
"POINT (10.880459890999999 48.385675710000001)",Unfall 102946 (2022) Kat:3, Licht: 0,102946,3,5,6,04,14,3,0,0,0,1,1,0,0,0
"POINT (10.887926282000000 48.342559197000099)",Unfall 102968 (2022) Kat:3, Licht: 2,102968,3,1,8,05,21,4,0,2,0,1,0,0,0,0
"POINT (10.895782959000000 48.309019284999998)",Unfall 103146 (2022) Kat:3, Licht: 0,103146,3,2,4,04,12,5,0,0,0,1,0,0,0,0
"POINT (10.920929984000100 48.265308418000103)",Unfall 103214 (2022) Kat:2, Licht: 0,103214,2,1,3,04,14,6,0,0,1,0,0,0,0,0
"POINT (10.902492192000100 48.381594356000100)",Unfall 103284 (2022) Kat:3, Licht: 0,103284,3,3,5,05,16,2,0,0,1,1,0,0,0,0
"POINT (10.904842438999999 48.346560730000100)",Unfall 103315 (2022) Kat:3, Licht: 0,103315,3,3,5,04,16,5,0,0,0,1,0,0,0,0
"POINT (10.931678952000000 48.381208661000102)",Unfall 103352 (2022) Kat:3, Licht: 0,103352,3,6,2,04,08,7,0,0,0,1,0,0,1,0
"POINT (10.929425245000100 48.380395960999998)",Unfall 103362 (2022) Kat:3, Licht: 0,103362,3,2,5,05,13,4,0,0,1,1,0,0,0,0
"POINT (10.865466505000001 48.338593645000103)",Unfall 103369 (2022) Kat:3, Licht: 1,103369,3,1,5,04,19,5,0,1,0,0,0,1,0,1
"POINT (10.887000878000000 48.317963259000102)",Unfall 103382 (2022) Kat:3, Licht: 0,103382,3,6,2,04,06,4,0,0,0,1,0,0,0,0
"POINT (10.893585448000101 48.382564346999999)",Unfall 103440 (2022) Kat:3, Licht: 2,103440,3,7,0,04,00,1,0,2,0,0,0,0,0,1
"POINT (10.866921029000000 48.338450821999999)",Unfall 103673 (2022) Kat:3, Licht: 0,103673,3,1,0,05,08,3,0,0,0,1,0,0,0,1
"POINT (10.902455493000000 48.381634267999999)",Unfall 103680 (2022) Kat:3, Licht: 0,103680,3,3,5,04,14,6,0,0,1,1,0,0,0,0
"POINT (10.928753079000000 48.376110994999998)",Unfall 103689 (2022) Kat:2, Licht: 0,103689,2,4,6,04,16,7,0,0,0,1,1,0,0,0
"POINT (10.912567302000101 48.374634688000100)",Unfall 103700 (2022) Kat:3, Licht: 0,103700,3,4,6,05,07,3,0,0,0,1,1,0,0,0
"POINT (10.903388905000000 48.350601941000001)",Unfall 103713 (2022) Kat:3, Licht: 0,103713,3,1,2,05,18,4,0,0,0,1,0,0,0,0
"POINT (10.869189021000100 48.389773278000099)",Unfall 103732 (2022) Kat:3, Licht: 2,103732,3,7,0,05,00,1,0,2,1,0,0,0,0,0
"POINT (10.880775552999999 48.385668283000001)",Unfall 103737 (2022) Kat:3, Licht: 0,103737,3,6,2,05,06,6,1,0,0,1,0,0,0,0
"POINT (10.906322683999999 48.379279674000003)",Unfall 103788 (2022) Kat:3, Licht: 0,103788,3,3,5,05,18,2,0,0,0,1,0,1,0,0
"POINT (10.936575634000100 48.371490967000099)",Unfall 103881 (2022) Kat:3, Licht: 0,103881,3,6,2,05,17,2,0,0,0,1,0,0,0,0
"POINT (10.938119343000000 48.386648156000000)",Unfall 103945 (2022) Kat:2, Licht: 0,103945,2,2,5,05,08,3,0,0,0,1,0,1,0,0
"POINT (10.873043108999999 48.347514306000100)",Unfall 103961 (2022) Kat:3, Licht: 0,103961,3,6,2,05,17,4,0,0,0,1,0,0,0,0
"POINT (10.912097432000101 48.374359605999999)",Unfall 103964 (2022) Kat:3, Licht: 0,103964,3,3,5,05,07,6,0,0,1,0,0,0,0,0
"POINT (10.905118298000000 48.345787857000097)",Unfall 104036 (2022) Kat:3, Licht: 0,104036,3,1,3,05,05,5,0,0,0,1,0,1,0,0
"POINT (10.940780493000000 48.382484912000102)",Unfall 104109 (2022) Kat:3, Licht: 0,104109,3,3,5,05,09,3,0,0,0,1,0,0,0,0
"POINT (10.915859379000000 48.355883849000101)",Unfall 104128 (2022) Kat:3, Licht: 0,104128,3,1,1,05,16,3,0,0,0,0,0,1,0,1
"POINT (10.856035909000100 48.373486920000097)",Unfall 104147 (2022) Kat:3, Licht: 0,104147,3,6,2,05,18,7,0,0,0,1,0,0,0,0
"POINT (10.914221705999999 48.366081962000102)",Unfall 104236 (2022) Kat:3, Licht: 0,104236,3,3,5,05,18,5,0,0,1,1,0,0,0,0
"POINT (10.933524696000100 48.355202523999999)",Unfall 104275 (2022) Kat:3, Licht: 0,104275,3,1,2,05,07,3,0,0,0,1,0,0,0,0
"POINT (10.920518902000000 48.401845397000002)",Unfall 104276 (2022) Kat:3, Licht: 0,104276,3,6,2,05,15,5,0,0,0,1,0,0,0,0
"POINT (10.848319542000100 48.381147663999997)",Unfall 104294 (2022) Kat:3, Licht: 1,104294,3,7,6,05,21,6,0,1,1,0,1,0,0,0
"POINT (10.908724030000000 48.355047969000097)",Unfall 104344 (2022) Kat:3, Licht: 0,104344,3,1,2,05,13,3,1,0,0,1,0,0,1,0
"POINT (10.914285221000100 48.410692498000103)",Unfall 104383 (2022) Kat:3, Licht: 0,104383,3,6,2,05,19,3,0,0,0,1,0,0,1,0
"POINT (10.857143187000100 48.377835566999998)",Unfall 104572 (2022) Kat:3, Licht: 0,104572,3,6,2,05,16,3,0,0,0,1,0,0,0,0
"POINT (10.856618462000000 48.376544092000103)",Unfall 104838 (2022) Kat:3, Licht: 0,104838,3,6,3,05,11,6,0,0,0,1,0,0,1,0
"POINT (10.884306739000101 48.311003475000099)",Unfall 105186 (2022) Kat:3, Licht: 0,105186,3,6,3,06,13,5,0,0,0,1,0,0,0,0
"POINT (10.866650758000000 48.330411334000097)",Unfall 105247 (2022) Kat:3, Licht: 2,105247,3,1,8,06,21,6,0,2,0,0,0,1,0,0
"POINT (10.864928138000000 48.326700461000001)",Unfall 105269 (2022) Kat:3, Licht: 0,105269,3,1,2,06,13,1,0,0,0,1,0,1,0,0
"POINT (10.906985353000000 48.339892297000098)",Unfall 105507 (2022) Kat:3, Licht: 0,105507,3,6,2,06,16,6,0,0,0,1,0,0,0,0
"POINT (10.935959127000000 48.382537958000100)",Unfall 105526 (2022) Kat:3, Licht: 0,105526,3,6,0,06,17,5,1,0,0,1,0,1,0,0
"POINT (10.897771360000000 48.379701356000098)",Unfall 105719 (2022) Kat:3, Licht: 0,105719,3,2,5,06,19,5,0,0,1,1,0,0,0,0
"POINT (10.902133813000001 48.381666918000100)",Unfall 105916 (2022) Kat:3, Licht: 0,105916,3,7,0,06,08,6,0,0,1,0,0,0,0,0
"POINT (10.935022077999999 48.355167663000003)",Unfall 105994 (2022) Kat:3, Licht: 0,105994,3,1,0,06,09,6,0,0,1,1,0,0,0,0
"POINT (10.925412735000100 48.368272483000098)",Unfall 106205 (2022) Kat:3, Licht: 0,106205,3,7,0,06,15,4,1,0,1,0,0,0,0,0
"POINT (10.937383750000000 48.387622067999999)",Unfall 106209 (2022) Kat:3, Licht: 0,106209,3,3,5,06,17,2,0,0,1,1,0,0,0,0
"POINT (10.915634493000001 48.355920217000097)",Unfall 106361 (2022) Kat:3, Licht: 1,106361,3,3,6,06,05,3,0,1,0,1,1,0,0,0
"POINT (10.887885514000100 48.337799748000101)",Unfall 106368 (2022) Kat:3, Licht: 2,106368,3,1,2,06,00,7,1,2,0,1,0,0,0,0
"POINT (10.907386391999999 48.385941480000000)",Unfall 106386 (2022) Kat:3, Licht: 2,106386,3,3,5,06,00,1,0,2,0,1,0,0,0,0
"POINT (10.866618943000001 48.389971322000100)",Unfall 106666 (2022) Kat:3, Licht: 0,106666,3,1,0,06,18,6,1,0,1,0,0,0,0,0
"POINT (10.934048333000000 48.381923528000101)",Unfall 106777 (2022) Kat:3, Licht: 0,106777,3,3,5,06,09,4,0,0,1,1,0,0,0,0
"POINT (10.878133784999999 48.386909321000097)",Unfall 106916 (2022) Kat:3, Licht: 0,106916,3,2,5,06,10,4,0,0,1,1,0,0,0,0
"POINT (10.860810471000001 48.350981468000001)",Unfall 106952 (2022) Kat:3, Licht: 0,106952,3,6,2,06,16,2,0,0,0,1,0,0,0,0
"POINT (10.938339792000001 48.355124341000099)",Unfall 107047 (2022) Kat:3, Licht: 0,107047,3,1,0,06,09,6,0,0,1,0,0,0,0,0
"POINT (10.877920380000001 48.296987311000102)",Unfall 107091 (2022) Kat:3, Licht: 0,107091,3,6,2,07,14,6,0,0,0,1,0,0,0,0
"POINT (10.888551973000100 48.414287183000098)",Unfall 107174 (2022) Kat:3, Licht: 0,107174,3,6,2,06,16,4,0,0,0,1,0,0,1,0
"POINT (10.905104230000100 48.308004632000099)",Unfall 107260 (2022) Kat:3, Licht: 0,107260,3,1,5,07,15,3,0,0,0,1,0,0,0,0
"POINT (10.903486795999999 48.350774496000000)",Unfall 107393 (2022) Kat:2, Licht: 2,107393,2,1,0,07,01,6,0,2,0,0,0,1,0,0
"POINT (10.910292605000100 48.423074191000097)",Unfall 107433 (2022) Kat:3, Licht: 0,107433,3,3,5,07,12,1,0,0,1,1,0,0,0,0
"POINT (10.897739307000100 48.379716553999998)",Unfall 107454 (2022) Kat:3, Licht: 0,107454,3,2,4,07,12,6,0,0,0,1,0,0,0,0
"POINT (10.900192024000001 48.380798765000101)",Unfall 107547 (2022) Kat:2, Licht: 0,107547,2,6,3,07,14,7,0,0,0,1,0,1,0,0
"POINT (10.927302940000100 48.355180707999999)",Unfall 107555 (2022) Kat:3, Licht: 0,107555,3,1,0,07,13,3,0,0,1,0,0,0,0,0
"POINT (10.909397372000100 48.317915038000102)",Unfall 107656 (2022) Kat:3, Licht: 0,107656,3,1,8,07,12,7,0,0,1,0,0,0,0,0
"POINT (10.903923940000000 48.337423088999998)",Unfall 107722 (2022) Kat:3, Licht: 1,107722,3,2,0,06,21,4,0,1,1,0,0,0,0,0
"POINT (10.895108343000100 48.309090599000100)",Unfall 107741 (2022) Kat:3, Licht: 0,107741,3,1,0,07,14,1,0,0,1,0,0,0,0,0
"POINT (10.902434830000100 48.381656739999997)",Unfall 107743 (2022) Kat:3, Licht: 0,107743,3,3,5,07,13,5,0,0,1,1,0,0,0,0
"POINT (10.850014762000100 48.379604387000001)",Unfall 107770 (2022) Kat:3, Licht: 0,107770,3,1,0,07,11,2,0,0,1,0,0,0,0,0
"POINT (10.920269143000001 48.409048738000102)",Unfall 107815 (2022) Kat:3, Licht: 0,107815,3,6,3,07,15,6,0,0,0,1,0,0,0,0
"POINT (10.921171363999999 48.371979275999998)",Unfall 107942 (2022) Kat:3, Licht: 0,107942,3,1,3,06,15,7,0,0,0,1,0,0,0,0
"POINT (10.937164653000000 48.387890968000100)",Unfall 107958 (2022) Kat:3, Licht: 0,107958,3,3,5,07,12,2,0,0,1,1,0,0,0,0
"POINT (10.889788834000100 48.309696846000101)",Unfall 108094 (2022) Kat:2, Licht: 1,108094,2,1,0,07,05,4,0,1,0,1,0,0,0,0
"POINT (10.931635098000100 48.355190813000000)",Unfall 108232 (2022) Kat:3, Licht: 0,108232,3,1,3,07,11,5,0,0,0,1,0,1,0,0
"POINT (10.887305991000099 48.385194738000102)",Unfall 108317 (2022) Kat:3, Licht: 2,108317,3,7,0,07,23,3,0,2,1,0,0,0,0,0
"POINT (10.881437201000001 48.326374354000102)",Unfall 108379 (2022) Kat:2, Licht: 0,108379,2,2,0,07,21,1,0,0,0,0,0,1,0,0
"POINT (10.854433026000001 48.337009637000101)",Unfall 108381 (2022) Kat:2, Licht: 0,108381,2,2,5,07,21,5,0,0,0,0,0,1,0,0
"POINT (10.936652735999999 48.383483943999998)",Unfall 108543 (2022) Kat:3, Licht: 0,108543,3,6,2,07,13,2,0,0,0,1,0,0,0,0
"POINT (10.912415340000100 48.356715430000101)",Unfall 108869 (2022) Kat:3, Licht: 0,108869,3,1,0,07,17,3,0,0,0,0,0,1,0,0
"POINT (10.897751845000100 48.379710609000000)",Unfall 108908 (2022) Kat:3, Licht: 0,108908,3,2,4,07,08,3,0,0,0,1,0,0,0,0
"POINT (10.850830282000100 48.296433571000101)",Unfall 108986 (2022) Kat:3, Licht: 0,108986,3,1,8,07,15,3,0,0,0,0,0,1,0,0
"POINT (10.908346404000000 48.354686031000000)",Unfall 109001 (2022) Kat:2, Licht: 0,109001,2,1,5,07,10,6,0,0,0,1,0,0,0,0
"POINT (10.908829297000100 48.321700189000097)",Unfall 109081 (2022) Kat:3, Licht: 0,109081,3,2,4,07,18,7,0,0,0,1,0,1,0,0
"POINT (10.896925492999999 48.380305929000002)",Unfall 109088 (2022) Kat:3, Licht: 0,109088,3,7,0,07,16,7,0,0,1,0,0,0,0,0
"POINT (10.907433714000000 48.311803854000097)",Unfall 109162 (2022) Kat:3, Licht: 0,109162,3,3,5,07,07,4,0,0,0,1,0,0,0,0
"POINT (10.927008027000101 48.355175770000102)",Unfall 109323 (2022) Kat:3, Licht: 2,109323,3,3,5,07,01,1,0,2,1,1,0,0,0,0
"POINT (10.885807620000000 48.385640723000101)",Unfall 109433 (2022) Kat:3, Licht: 0,109433,3,6,2,07,13,6,0,0,0,1,0,0,0,0
"POINT (10.857281952000100 48.337618837999997)",Unfall 109613 (2022) Kat:3, Licht: 0,109613,3,1,5,08,07,2,0,0,1,1,0,0,0,0
"POINT (10.846649110000000 48.382482079000098)",Unfall 109716 (2022) Kat:3, Licht: 0,109716,3,7,0,07,11,1,0,0,0,0,0,0,0,1
"POINT (10.919754629000099 48.420777981000100)",Unfall 109756 (2022) Kat:3, Licht: 0,109756,3,6,1,07,17,4,0,0,0,1,0,0,0,0
"POINT (10.955392476000000 48.340026610999999)",Unfall 109884 (2022) Kat:3, Licht: 0,109884,3,1,0,08,17,5,0,0,0,0,0,1,0,0