WKT,Name,OBJECTID,UKATEGORIE,UTYP1,UART,UMONAT,USTUNDE,UWOCHENTAG,STRZUSTAND,ULICHTVERH,ISTRAD,ISTPKW,ISTFUSS,ISTKRAD,ISTGKFZ,ISTSONSTIG
"POINT (10.919969332000100 48.420920803999998)",Unfall 109898 (2022) Kat:3, Licht: 0,109898,3,1,0,08,11,1,0,0,0,0,0,1,0,0
"POINT (10.886129588000101 48.385588124999998)",Unfall 110238 (2022) Kat:3, Licht: 0,110238,3,7,0,08,08,5,0,0,1,0,0,0,0,0
"POINT (10.909671797000000 48.356164249000102)",Unfall 110436 (2022) Kat:3, Licht: 0,110436,3,1,2,08,17,6,0,0,0,1,0,0,0,0
"POINT (10.938390735000000 48.355124021999998)",Unfall 110443 (2022) Kat:3, Licht: 0,110443,3,3,5,08,08,4,0,0,1,1,0,0,0,0
"POINT (10.907553498000000 48.385597658000101)",Unfall 110478 (2022) Kat:3, Licht: 0,110478,3,3,5,07,08,1,0,0,1,1,0,0,0,0
"POINT (10.900472503000101 48.381031925000102)",Unfall 110570 (2022) Kat:3, Licht: 0,110570,3,6,3,07,08,3,0,0,1,0,0,0,0,0
"POINT (10.911807926000099 48.356974701000098)",Unfall 110676 (2022) Kat:3, Licht: 0,110676,3,1,4,07,15,6,0,0,0,1,0,0,0,0
"POINT (10.887414716000000 48.385130302999997)",Unfall 110879 (2022) Kat:3, Licht: 0,110879,3,3,5,08,13,1,0,0,0,1,0,0,0,0
"POINT (10.898301221000100 48.326452158000102)",Unfall 110956 (2022) Kat:2, Licht: 2,110956,2,1,0,08,20,7,0,2,0,0,0,1,0,0
"POINT (10.931896440999999 48.381272754000101)",Unfall 110964 (2022) Kat:3, Licht: 0,110964,3,3,3,08,07,6,0,0,1,1,0,0,0,0
"POINT (10.928761668000000 48.375612613000001)",Unfall 111010 (2022) Kat:3, Licht: 2,111010,3,3,1,08,20,7,1,2,0,1,0,0,0,1
"POINT (10.893617663000001 48.424754653000001)",Unfall 111118 (2022) Kat:3, Licht: 0,111118,3,1,8,08,06,3,0,0,0,1,0,0,0,0
"POINT (10.890126402000000 48.383507014000003)",Unfall 111131 (2022) Kat:3, Licht: 0,111131,3,2,3,08,07,4,0,0,1,1,0,0,0,0
"POINT (10.902251888000000 48.381700325000097)",Unfall 111169 (2022) Kat:3, Licht: 0,111169,3,3,5,08,12,5,0,0,1,1,0,0,0,0
"POINT (10.952456569000001 48.355352147000097)",Unfall 111176 (2022) Kat:3, Licht: 0,111176,3,2,5,08,07,4,0,0,1,1,0,0,0,0
"POINT (10.856305569000000 48.337207720999999)",Unfall 111279 (2022) Kat:3, Licht: 0,111279,3,1,5,08,18,3,0,0,0,1,0,0,0,0
"POINT (10.952530861000101 48.355066000000100)",Unfall 111320 (2022) Kat:3, Licht: 0,111320,3,2,2,08,08,3,0,0,0,1,0,1,0,0
"POINT (10.897630042000101 48.379778995000002)",Unfall 111386 (2022) Kat:3, Licht: 0,111386,3,6,3,08,15,5,0,0,1,0,0,0,0,1
"POINT (10.873924438000101 48.404636742000001)",Unfall 111471 (2022) Kat:3, Licht: 0,111471,3,1,9,09,07,5,0,0,0,1,0,0,1,0
"POINT (10.887277084000100 48.342909073000001)",Unfall 111482 (2022) Kat:3, Licht: 0,111482,3,6,3,08,12,4,0,0,0,1,0,0,1,0
"POINT (10.886679758000099 48.317094898999997)",Unfall 111492 (2022) Kat:3, Licht: 0,111492,3,7,9,08,08,6,0,0,0,1,0,0,0,1
"POINT (10.869724490000101 48.389701361999997)",Unfall 111573 (2022) Kat:3, Licht: 0,111573,3,7,0,08,09,5,0,0,0,0,0,0,0,1
"POINT (10.945224205000001 48.355051387000103)",Unfall 111618 (2022) Kat:3, Licht: 0,111618,3,7,6,08,14,5,0,0,0,1,1,0,0,0
"POINT (10.948211214000001 48.365740168999999)",Unfall 111715 (2022) Kat:2, Licht: 0,111715,2,3,5,08,08,4,0,0,1,1,0,0,0,0
"POINT (10.919920709000101 48.416083811000100)",Unfall 111791 (2022) Kat:3, Licht: 0,111791,3,6,2,08,14,6,0,0,1,0,0,0,0,0
"POINT (10.907554337000001 48.385599878999997)",Unfall 111954 (2022) Kat:3, Licht: 2,111954,3,3,5,08,21,2,0,2,0,1,0,0,0,0
"POINT (10.940667642999999 48.355015804000097)",Unfall 111971 (2022) Kat:3, Licht: 0,111971,3,6,3,08,09,2,0,0,1,1,0,0,0,0
"POINT (10.928875112000100 48.376416061000000)",Unfall 111982 (2022) Kat:3, Licht: 0,111982,3,6,0,08,19,3,0,0,0,1,0,1,0,1
"POINT (10.915201495000099 48.411072751000098)",Unfall 111991 (2022) Kat:3, Licht: 0,111991,3,1,1,08,07,1,0,0,0,0,0,1,1,0
"POINT (10.938097200000101 48.386684776000003)",Unfall 112050 (2022) Kat:3, Licht: 0,112050,3,6,2,08,17,3,0,0,0,1,0,0,0,0
"POINT (10.930865745000100 48.355190875000098)",Unfall 112087 (2022) Kat:3, Licht: 2,112087,3,3,5,08,23,5,0,2,1,1,0,0,0,0
"POINT (10.902134888999999 48.381844862000001)",Unfall 112184 (2022) Kat:3, Licht: 0,112184,3,3,5,08,15,6,0,0,1,1,0,0,0,0
"POINT (10.887361143000000 48.385162869000098)",Unfall 112283 (2022) Kat:3, Licht: 1,112283,3,2,4,08,05,5,0,1,0,1,0,1,0,0
"POINT (10.862146613000000 48.390710894999998)",Unfall 112349 (2022) Kat:2, Licht: 0,112349,2,3,5,08,06,3,0,0,1,1,0,0,0,0
"POINT (10.878156679000000 48.386879374999999)",Unfall 112825 (2022) Kat:3, Licht: 0,112825,3,3,5,09,09,7,0,0,0,1,0,0,0,0
"POINT (10.905541137000100 48.382872599000102)",Unfall 113028 (2022) Kat:3, Licht: 0,113028,3,6,3,09,14,6,0,0,0,1,0,0,0,0
"POINT (10.880988791000000 48.385675028999998)",Unfall 113426 (2022) Kat:3, Licht: 2,113426,3,6,2,10,18,7,0,2,0,1,0,0,0,0
"POINT (10.932390029000000 48.381421936000002)",Unfall 113463 (2022) Kat:3, Licht: 0,113463,3,1,2,09,15,4,0,0,0,1,0,0,0,0
"POINT (10.937431351000001 48.387563645999997)",Unfall 113889 (2022) Kat:3, Licht: 0,113889,3,6,2,09,14,7,1,0,0,1,0,0,0,0
"POINT (10.859528585000000 48.351386401000099)",Unfall 113900 (2022) Kat:3, Licht: 0,113900,3,6,2,09,07,4,0,0,0,1,0,0,1,0
"POINT (10.914987517000000 48.393475039000101)",Unfall 113988 (2022) Kat:2, Licht: 0,113988,2,3,5,09,13,7,0,0,0,1,0,0,0,0
"POINT (10.933808891000099 48.357653777000102)",Unfall 114004 (2022) Kat:3, Licht: 0,114004,3,3,5,09,15,7,0,0,0,1,0,0,0,0
"POINT (10.885652663000000 48.314854900000100)",Unfall 114068 (2022) Kat:3, Licht: 2,114068,3,6,2,09,00,1,1,2,0,1,0,0,0,0
"POINT (10.928788094000000 48.376193010000101)",Unfall 114087 (2022) Kat:3, Licht: 0,114087,3,7,5,09,13,5,0,0,0,1,0,0,0,0
"POINT (10.944538784000001 48.355011662999999)",Unfall 114112 (2022) Kat:3, Licht: 0,114112,3,3,5,09,11,1,0,0,0,1,0,0,0,0
"POINT (10.953153414999999 48.350864555999998)",Unfall 114220 (2022) Kat:3, Licht: 0,114220,3,3,5,09,15,6,0,0,1,0,0,0,0,0
"POINT (10.883539142000100 48.385724355999997)",Unfall 114419 (2022) Kat:3, Licht: 0,114419,3,3,5,10,14,4,0,0,0,1,0,0,0,0
"POINT (10.914944479000001 48.393448284000002)",Unfall 114491 (2022) Kat:3, Licht: 0,114491,3,6,1,09,14,4,0,0,0,1,0,0,0,0
"POINT (10.908320716000000 48.354665000000097)",Unfall 114517 (2022) Kat:3, Licht: 0,114517,3,1,2,09,17,3,1,0,0,1,0,0,0,0
"POINT (10.846554082000100 48.382560278000000)",Unfall 114659 (2022) Kat:3, Licht: 0,114659,3,6,2,09,08,6,0,0,0,1,0,0,0,0
"POINT (10.875511642999999 48.346801073999998)",Unfall 114846 (2022) Kat:3, Licht: 0,114846,3,6,2,09,16,5,1,0,0,1,0,0,0,0
"POINT (10.909558217000001 48.317490946000099)",Unfall 115094 (2022) Kat:3, Licht: 2,115094,3,1,5,10,19,7,0,2,1,1,0,0,0,0
"POINT (10.915786859000001 48.355895577000098)",Unfall 115241 (2022) Kat:3, Licht: 1,115241,3,1,2,09,20,7,0,1,0,1,0,0,0,0
"POINT (10.850004069000001 48.379612591000097)",Unfall 115246 (2022) Kat:3, Licht: 0,115246,3,2,3,09,16,4,0,0,1,1,0,0,0,0
"POINT (10.902160882000000 48.381809558999997)",Unfall 115305 (2022) Kat:3, Licht: 0,115305,3,2,3,09,14,2,0,0,1,1,0,0,0,0
"POINT (10.904552009000000 48.347466863000101)",Unfall 115309 (2022) Kat:3, Licht: 0,115309,3,1,2,09,12,5,1,0,0,1,0,0,0,0
"POINT (10.917797180000001 48.373480493999999)",Unfall 115409 (2022) Kat:3, Licht: 0,115409,3,1,5,10,07,3,0,0,1,1,0,0,0,0
"POINT (10.941047051000099 48.354976610999998)",Unfall 115422 (2022) Kat:3, Licht: 0,115422,3,5,1,10,09,6,0,0,0,1,0,0,0,0
"POINT (10.846407948000000 48.382683042000103)",Unfall 115429 (2022) Kat:3, Licht: 0,115429,3,2,4,10,07,4,1,0,1,1,0,0,0,0
"POINT (10.937041225000000 48.355140284000100)",Unfall 115496 (2022) Kat:3, Licht: 2,115496,3,6,4,10,22,5,0,2,1,0,0,0,0,0
"POINT (10.912580111000100 48.374603208000103)",Unfall 115523 (2022) Kat:3, Licht: 1,115523,3,2,6,10,17,2,0,1,0,1,1,0,0,0
"POINT (10.895354084000100 48.325123286000100)",Unfall 115579 (2022) Kat:3, Licht: 0,115579,3,1,1,10,13,2,0,0,0,1,0,0,0,0
"POINT (10.865034003000099 48.349575501000103)",Unfall 115599 (2022) Kat:3, Licht: 1,115599,3,6,2,10,17,3,0,1,0,1,0,0,0,0
"POINT (10.897782588000000 48.379696031999998)",Unfall 115615 (2022) Kat:3, Licht: 2,115615,3,2,5,10,06,4,0,2,0,1,0,0,0,0
"POINT (10.906672646000100 48.340867542000098)",Unfall 115633 (2022) Kat:3, Licht: 0,115633,3,3,5,10,09,2,0,0,0,1,0,0,0,0
"POINT (10.912137023000099 48.374299546000003)",Unfall 115855 (2022) Kat:3, Licht: 0,115855,3,3,5,10,15,5,0,0,0,1,0,0,0,1
"POINT (10.911895457000099 48.264471542000102)",Unfall 116004 (2022) Kat:3, Licht: 0,116004,3,6,1,10,17,5,0,0,0,1,0,0,0,1
"POINT (10.846661722000000 48.382471594999998)",Unfall 116021 (2022) Kat:3, Licht: 0,116021,3,2,4,10,11,6,0,0,0,1,0,0,0,1
"POINT (10.885305496999999 48.344097773000001)",Unfall 116046 (2022) Kat:3, Licht: 0,116046,3,2,0,10,09,5,0,0,1,1,0,0,0,0
"POINT (10.878872049000099 48.310207718000100)",Unfall 116049 (2022) Kat:3, Licht: 0,116049,3,1,9,10,15,5,1,0,0,1,0,0,0,0
"POINT (10.955858681000100 48.338278352000003)",Unfall 116079 (2022) Kat:3, Licht: 2,116079,3,1,0,10,19,1,1,2,1,0,0,0,0,0
"POINT (10.873766100000100 48.388341276000098)",Unfall 116164 (2022) Kat:3, Licht: 0,116164,3,2,6,10,08,6,0,0,0,1,1,0,0,0
"POINT (10.908569337000101 48.354889133000000)",Unfall 116272 (2022) Kat:3, Licht: 1,116272,3,2,0,10,18,1,0,1,0,1,0,0,0,0
"POINT (10.952958696000101 48.352202587000100)",Unfall 116356 (2022) Kat:3, Licht: 2,116356,3,1,0,10,22,6,1,2,1,0,0,0,0,0
"POINT (10.919337450000100 48.355311975000099)",Unfall 116363 (2022) Kat:3, Licht: 0,116363,3,1,4,10,10,3,0,0,1,1,0,0,0,0
"POINT (10.902160882000000 48.381809558999997)",Unfall 116396 (2022) Kat:3, Licht: 0,116396,3,2,3,10,08,2,0,0,1,0,0,0,1,0
"POINT (10.945913763000000 48.366868400000001)",Unfall 116506 (2022) Kat:3, Licht: 0,116506,3,6,2,10,16,3,0,0,0,1,0,1,0,0
"POINT (10.909894375000000 48.364348475000000)",Unfall 116515 (2022) Kat:3, Licht: 1,116515,3,3,5,10,18,7,0,1,1,1,0,0,0,0
"POINT (10.915614540000000 48.355923443999998)",Unfall 116727 (2022) Kat:3, Licht: 0,116727,3,2,4,11,15,7,0,0,0,1,0,0,0,0
"POINT (10.916320310000099 48.366845427000001)",Unfall 116736 (2022) Kat:3, Licht: 0,116736,3,2,4,11,12,7,1,0,1,1,0,0,0,0
"POINT (10.856510438000001 48.375826231000097)",Unfall 116836 (2022) Kat:3, Licht: 1,116836,3,6,2,11,17,4,0,1,0,1,0,0,0,0
"POINT (10.880505386999999 48.385673820000100)",Unfall 116846 (2022) Kat:3, Licht: 0,116846,3,2,6,11,08,3,0,0,0,1,1,0,0,0
"POINT (10.910276494000099 48.357679797000102)",Unfall 116940 (2022) Kat:3, Licht: 2,116940,3,3,5,11,20,5,0,2,1,1,0,0,0,0
"POINT (10.910033366000100 48.364509300000101)",Unfall 116960 (2022) Kat:2, Licht: 0,116960,2,6,2,11,12,2,0,0,0,1,0,0,0,0
"POINT (10.903380309999999 48.350576335000000)",Unfall 117102 (2022) Kat:3, Licht: 2,117102,3,1,1,11,22,1,1,2,0,1,0,0,0,0
"POINT (10.870917316000000 48.309222904000102)",Unfall 117165 (2022) Kat:2, Licht: 2,117165,2,1,8,11,19,6,1,2,0,1,0,0,0,0
"POINT (10.856250993000099 48.374743516000102)",Unfall 117262 (2022) Kat:3, Licht: 0,117262,3,6,2,11,14,4,0,0,0,1,0,0,0,1
"POINT (10.920292685000000 48.397492016999998)",Unfall 117289 (2022) Kat:3, Licht: 0,117289,3,6,1,10,16,2,1,0,0,1,0,0,1,0
"POINT (10.910360291000099 48.423082632000003)",Unfall 117357 (2022) Kat:3, Licht: 1,117357,3,3,5,11,07,4,1,1,0,1,0,0,0,0
"POINT (10.887669310000000 48.384975542000099)",Unfall 117394 (2022) Kat:3, Licht: 0,117394,3,6,2,11,10,7,0,0,0,1,0,0,0,0
"POINT (10.859600439000101 48.385972551000101)",Unfall 117454 (2022) Kat:3, Licht: 0,117454,3,6,2,11,13,7,0,0,0,1,0,0,0,1
"POINT (10.908538898000099 48.354859193000003)",Unfall 117455 (2022) Kat:3, Licht: 0,117455,3,1,2,11,10,7,1,0,0,1,0,1,0,0
"POINT (10.915162081000100 48.355990841000100)",Unfall 117519 (2022) Kat:3, Licht: 0,117519,3,2,3,11,08,3,0,0,1,1,0,0,0,0
"POINT (10.929279384000001 48.377495830999997)",Unfall 117526 (2022) Kat:3, Licht: 0,117526,3,3,5,11,11,6,0,0,1,1,0,0,0,0
"POINT (10.877275866000000 48.387938470999998)",Unfall 117574 (2022) Kat:3, Licht: 2,117574,3,7,6,11,18,4,0,2,1,0,1,0,0,0
"POINT (10.905950647999999 48.343189916000000)",Unfall 117604 (2022) Kat:3, Licht: 2,117604,3,1,1,11,00,3,0,2,0,1,0,0,0,0
"POINT (10.868350544000100 48.389831743000101)",Unfall 117610 (2022) Kat:3, Licht: 2,117610,3,3,5,11,22,6,0,2,0,1,0,0,0,0
"POINT (10.929399789000099 48.408392524000099)",Unfall 117625 (2022) Kat:3, Licht: 0,117625,3,6,2,11,14,6,1,0,0,1,0,0,0,0
"POINT (10.899033570000000 48.379900520000000)",Unfall 117647 (2022) Kat:3, Licht: 0,117647,3,6,3,11,16,4,0,0,0,1,0,0,0,0
"POINT (10.953049022000100 48.351563579000100)",Unfall 117648 (2022) Kat:3, Licht: 2,117648,3,1,8,10,20,5,0,2,0,0,0,0,0,1
"POINT (10.888375727000000 48.335586644000003)",Unfall 117714 (2022) Kat:3, Licht: 0,117714,3,6,2,10,14,5,0,0,0,1,0,0,0,0
"POINT (10.906190805000101 48.353510956000001)",Unfall 117724 (2022) Kat:3, Licht: 1,117724,3,6,1,11,16,6,1,1,0,1,0,0,0,0
"POINT (10.882117139000099 48.310218072000097)",Unfall 117857 (2022) Kat:3, Licht: 2,117857,3,2,4,11,18,6,1,2,0,1,0,0,0,0
"POINT (10.861350102000101 48.318790756000098)",Unfall 118047 (2022) Kat:3, Licht: 1,118047,3,1,1,11,17,4,0,1,1,1,0,0,0,0
"POINT (10.881272642000100 48.345505640000098)",Unfall 118110 (2022) Kat:3, Licht: 0,118110,3,6,2,11,16,4,0,0,0,1,0,0,0,0
"POINT (10.885779727000100 48.310038937000101)",Unfall 118209 (2022) Kat:3, Licht: 2,118209,3,3,4,11,05,4,1,2,0,1,0,0,0,0
"POINT (10.882209856999999 48.306461228000003)",Unfall 118216 (2022) Kat:2, Licht: 2,118216,2,6,3,11,22,1,1,2,0,1,0,0,0,0
"POINT (10.910445556000100 48.423092005000100)",Unfall 118302 (2022) Kat:2, Licht: 0,118302,2,3,5,11,16,3,0,0,1,1,0,0,0,0
"POINT (10.928161621000100 48.375207148000101)",Unfall 118371 (2022) Kat:3, Licht: 2,118371,3,6,5,11,17,4,1,2,0,1,0,0,0,0
"POINT (10.855802828000000 48.372272115000001)",Unfall 118385 (2022) Kat:3, Licht: 0,118385,3,6,2,11,07,2,1,0,0,1,0,0,0,0
"POINT (10.920274044000100 48.408835203000102)",Unfall 118476 (2022) Kat:3, Licht: 2,118476,3,6,2,11,06,4,1,2,0,1,0,0,0,0
"POINT (10.936580157000000 48.383396537000102)",Unfall 118658 (2022) Kat:3, Licht: 2,118658,3,1,8,12,17,7,0,2,0,0,0,0,0,1
"POINT (10.921215584000000 48.369427104000103)",Unfall 118809 (2022) Kat:3, Licht: 0,118809,3,1,2,11,07,4,1,0,0,1,0,0,0,0
"POINT (10.928167211000099 48.375214079999999)",Unfall 118823 (2022) Kat:3, Licht: 2,118823,3,3,5,12,20,5,1,2,0,1,0,0,0,0
"POINT (10.910431104000100 48.359032960999997)",Unfall 118859 (2022) Kat:3, Licht: 0,118859,3,1,2,12,15,6,1,0,0,1,0,0,0,0
"POINT (10.864307900000000 48.390352325999999)",Unfall 119093 (2022) Kat:3, Licht: 2,119093,3,1,0,12,02,5,0,2,0,1,0,0,0,0
"POINT (10.920232225000101 48.410595694999998)",Unfall 119192 (2022) Kat:3, Licht: 2,119192,3,6,2,11,18,2,1,2,0,1,0,0,0,0
"POINT (10.869582525000100 48.398805133000103)",Unfall 119361 (2022) Kat:3, Licht: 0,119361,3,6,2,12,14,4,1,0,0,1,0,0,0,0
"POINT (10.893747069000000 48.382528311000002)",Unfall 119444 (2022) Kat:3, Licht: 2,119444,3,2,5,12,06,6,1,2,1,1,0,0,0,0
"POINT (10.914409687999999 48.375012528000099)",Unfall 119533 (2022) Kat:3, Licht: 0,119533,3,2,4,12,10,4,1,0,0,1,0,0,0,0
"POINT (10.878887763000000 48.385998185000098)",Unfall 119540 (2022) Kat:3, Licht: 1,119540,3,6,2,12,07,5,2,1,0,1,0,0,0,0
"POINT (10.881517189000000 48.326362754000101)",Unfall 119645 (2022) Kat:3, Licht: 0,119645,3,3,5,12,13,6,2,0,0,1,0,0,0,0
"POINT (10.924694509000100 48.371843738000102)",Unfall 119838 (2022) Kat:3, Licht: 0,119838,3,1,1,12,12,2,2,0,0,1,0,0,0,1
"POINT (10.897677506999999 48.379751106000100)",Unfall 119905 (2022) Kat:3, Licht: 2,119905,3,2,5,12,20,6,1,2,0,1,0,0,0,0
"POINT (10.920247391000000 48.409812730000098)",Unfall 120211 (2022) Kat:3, Licht: 2,120211,3,6,2,12,16,3,0,2,0,1,0,0,0,0
"POINT (10.869332345000000 48.397939938000000)",Unfall 120371 (2022) Kat:3, Licht: 0,120371,3,1,8,11,11,3,1,0,0,0,0,0,1,0
"POINT (10.909783719000099 48.356198802000101)",Unfall 120391 (2022) Kat:3, Licht: 1,120391,3,1,2,12,16,7,0,1,0,1,0,0,0,0
"POINT (10.878739607000099 48.386073883999998)",Unfall 120564 (2022) Kat:3, Licht: 2,120564,3,3,5,12,18,3,1,2,1,1,0,0,0,0
"POINT (10.937492214000001 48.387488948000097)",Unfall 120600 (2022) Kat:3, Licht: 2,120600,3,6,2,12,17,7,0,2,0,1,0,0,0,0
"POINT (10.903478162000100 48.350763544000102)",Unfall 120615 (2022) Kat:3, Licht: 0,120615,3,2,1,12,14,6,1,0,0,1,0,0,0,0
"POINT (10.915362284000000 48.393706432999998)",Unfall 120643 (2022) Kat:3, Licht: 0,120643,3,1,9,12,07,3,0,0,0,1,0,0,0,0
"POINT (10.849016260000001 48.380542037000097)",Unfall 120684 (2022) Kat:3, Licht: 0,120684,3,6,2,12,14,4,1,0,0,1,0,0,0,0
"POINT (10.897816605999999 48.370777314000101)",Unfall 207704 (2022) Kat:3, Licht: 0,207704,3,2,5,01,09,3,1,0,1,1,0,0,0,0
"POINT (10.901004765000000 48.362030179000001)",Unfall 207711 (2022) Kat:3, Licht: 0,207711,3,1,0,01,07,2,1,0,1,0,0,0,0,0
"POINT (10.901023273000000 48.370551276000100)",Unfall 207875 (2022) Kat:3, Licht: 0,207875,3,6,2,01,12,3,0,0,1,0,0,0,0,1
"POINT (10.874245058000000 48.365704629000000)",Unfall 207963 (2022) Kat:3, Licht: 2,207963,3,7,3,01,07,7,2,2,1,1,0,0,0,0
"POINT (10.881695129000001 48.392937986000000)",Unfall 208037 (2022) Kat:3, Licht: 0,208037,3,6,2,01,12,2,0,0,0,1,0,0,0,0
"POINT (10.880466165000000 48.348067695000097)",Unfall 208049 (2022) Kat:3, Licht: 0,208049,3,1,4,01,11,3,0,0,0,1,0,0,0,0
"POINT (10.896757596000000 48.348692863000103)",Unfall 208050 (2022) Kat:3, Licht: 0,208050,3,3,5,01,07,2,1,0,0,1,0,0,0,0
"POINT (10.875622949000000 48.381000311000001)",Unfall 208052 (2022) Kat:3, Licht: 2,208052,3,1,1,01,18,5,0,2,0,1,0,0,0,1
"POINT (10.868791741000100 48.399430043000102)",Unfall 208072 (2022) Kat:3, Licht: 2,208072,3,2,6,01,06,4,0,2,0,0,1,0,1,0
"POINT (10.870186396000101 48.378112756000100)",Unfall 208073 (2022) Kat:3, Licht: 0,208073,3,6,3,01,12,2,0,0,1,1,0,0,0,0
"POINT (10.904188068000099 48.365096110000103)",Unfall 208093 (2022) Kat:3, Licht: 2,208093,3,1,6,01,18,7,2,2,0,0,1,0,0,1
"POINT (10.909789582000000 48.364380676000103)",Unfall 208256 (2022) Kat:3, Licht: 0,208256,3,2,3,01,15,7,0,0,1,1,0,0,0,0
"POINT (10.938767703000099 48.356978852000097)",Unfall 208267 (2022) Kat:3, Licht: 1,208267,3,5,1,01,17,2,0,1,1,1,0,0,0,0
"POINT (10.882452875000100 48.337756372999998)",Unfall 208317 (2022) Kat:3, Licht: 2,208317,3,1,6,01,22,7,1,2,0,1,1,0,0,0
"POINT (10.902501583000101 48.308301229000101)",Unfall 208404 (2022) Kat:2, Licht: 0,208404,2,4,6,01,13,2,0,0,0,1,1,0,0,0
"POINT (10.904862236000000 48.366129819999998)",Unfall 208422 (2022) Kat:3, Licht: 0,208422,3,6,1,01,15,7,0,0,0,1,0,0,0,0
"POINT (10.882569923000100 48.378559269999997)",Unfall 208491 (2022) Kat:3, Licht: 2,208491,3,6,3,01,18,6,0,2,0,1,0,0,0,0
"POINT (10.870117993000100 48.379512191000103)",Unfall 208517 (2022) Kat:2, Licht: 2,208517,2,7,0,01,00,2,0,2,1,0,0,0,0,0
"POINT (10.908687878000000 48.303039931999997)",Unfall 208535 (2022) Kat:3, Licht: 0,208535,3,4,6,01,14,1,0,0,1,0,1,0,0,0
"POINT (10.891090702000000 48.360847311999997)",Unfall 208549 (2022) Kat:3, Licht: 0,208549,3,1,2,01,08,5,2,0,0,1,0,0,0,0
"POINT (10.892378831000000 48.369521598000098)",Unfall 208599 (2022) Kat:3, Licht: 0,208599,3,2,5,01,15,6,1,0,0,1,0,0,0,0
"POINT (10.909431014000100 48.370273139000098)",Unfall 208739 (2022) Kat:3, Licht: 0,208739,3,6,1,02,07,3,0,0,1,1,0,0,0,0
"POINT (10.907101231000100 48.360798143000103)",Unfall 208775 (2022) Kat:3, Licht: 2,208775,3,3,5,01,18,6,0,2,1,1,0,0,0,0
"POINT (10.915695280000000 48.360955398000002)",Unfall 208790 (2022) Kat:3, Licht: 0,208790,3,1,8,01,13,2,0,0,0,1,0,0,0,0
"POINT (10.897980154000001 48.359825188000102)",Unfall 208807 (2022) Kat:3, Licht: 2,208807,3,7,0,02,03,7,0,2,1,0,0,0,0,0
"POINT (10.930778918000000 48.372225967000098)",Unfall 208808 (2022) Kat:2, Licht: 0,208808,2,3,5,02,12,3,0,0,1,0,0,0,0,1
"POINT (10.891230679000000 48.360712620000101)",Unfall 208827 (2022) Kat:3, Licht: 2,208827,3,7,0,02,19,3,0,2,1,0,0,0,0,0
"POINT (10.896921844000101 48.325101496000102)",Unfall 208850 (2022) Kat:3, Licht: 0,208850,3,1,0,02,09,7,0,0,1,0,0,0,0,0
"POINT (10.886860068000001 48.371348866000098)",Unfall 208889 (2022) Kat:3, Licht: 0,208889,3,2,3,02,08,4,0,0,0,1,0,0,0,1
"POINT (10.879521951000100 48.381167338000097)",Unfall 208916 (2022) Kat:3, Licht: 0,208916,3,3,5,02,16,2,0,0,0,1,0,0,0,0
"POINT (10.870171028000099 48.376020859999997)",Unfall 208923 (2022) Kat:3, Licht: 0,208923,3,3,5,02,14,7,0,0,0,1,0,0,0,0
"POINT (10.896753190000000 48.350016463000003)",Unfall 208948 (2022) Kat:3, Licht: 0,208948,3,1,6,02,08,4,0,0,0,1,1,0,0,0
"POINT (10.882092099999999 48.373976935000002)",Unfall 209055 (2022) Kat:3, Licht: 2,209055,3,3,5,01,07,4,0,2,1,1,0,0,0,0
"POINT (10.882288174999999 48.364285563000102)",Unfall 209067 (2022) Kat:3, Licht: 2,209067,3,3,5,02,07,3,0,2,1,1,0,0,0,0
"POINT (10.911818820000100 48.373487189000102)",Unfall 209160 (2022) Kat:3, Licht: 0,209160,3,6,3,01,07,2,1,0,0,0,0,1,1,0
"POINT (10.895919507000000 48.318059097999999)",Unfall 209173 (2022) Kat:3, Licht: 1,209173,3,3,5,01,07,4,0,1,0,1,0,0,0,0
"POINT (10.909828319000001 48.404797173000098)",Unfall 209216 (2022) Kat:2, Licht: 0,209216,2,2,5,02,08,5,0,0,1,1,0,0,0,0
"POINT (10.889678279000099 48.356883478000000)",Unfall 209225 (2022) Kat:3, Licht: 1,209225,3,3,5,01,07,4,0,1,1,1,0,0,0,0
"POINT (10.880847643999999 48.380965574000101)",Unfall 209230 (2022) Kat:3, Licht: 0,209230,3,3,5,02,13,7,0,0,0,1,0,0,0,0
"POINT (10.886248365000000 48.368043903999997)",Unfall 209259 (2022) Kat:3, Licht: 2,209259,3,7,0,02,20,1,1,2,0,0,0,0,0,1
"POINT (10.882170496000100 48.388540079999999)",Unfall 209313 (2022) Kat:3, Licht: 0,209313,3,6,1,01,07,6,1,0,0,1,0,0,0,0
"POINT (10.880462246000000 48.383594000000102)",Unfall 209363 (2022) Kat:3, Licht: 0,209363,3,6,3,01,12,7,0,0,0,1,0,0,0,0
"POINT (10.880298744000100 48.393720543000001)",Unfall 209374 (2022) Kat:3, Licht: 0,209374,3,2,5,02,07,4,0,0,0,1,1,0,0,0
"POINT (10.897238723999999 48.360984049000102)",Unfall 209416 (2022) Kat:3, Licht: 0,209416,3,4,6,02,13,6,0,0,1,0,1,0,0,0