WKT,Name,OBJECTID,UKATEGORIE,UTYP1,UART,UMONAT,USTUNDE,UWOCHENTAG,STRZUSTAND,ULICHTVERH,ISTRAD,ISTPKW,ISTFUSS,ISTKRAD,ISTGKFZ,ISTSONSTIG
"POINT (10.907814769000000 48.362627809000102)",Unfall 209429 (2022) Kat:3, Licht: 0,209429,3,3,5,02,09,2,1,0,1,0,0,0,0,0
"POINT (10.897247908000100 48.379263006000002)",Unfall 209450 (2022) Kat:3, Licht: 1,209450,3,7,0,01,17,3,1,1,0,0,0,0,0,1
"POINT (10.910021392999999 48.386122663000002)",Unfall 209453 (2022) Kat:3, Licht: 0,209453,3,3,5,02,11,7,0,0,0,1,0,0,0,1
"POINT (10.893305031000100 48.368793948000103)",Unfall 209456 (2022) Kat:3, Licht: 0,209456,3,3,5,01,11,2,0,0,1,1,0,0,0,0
"POINT (10.902623213000000 48.298032288999998)",Unfall 209463 (2022) Kat:3, Licht: 0,209463,3,3,5,01,11,3,1,0,1,0,0,0,0,1
"POINT (10.881795802000100 48.395577776000003)",Unfall 209476 (2022) Kat:3, Licht: 0,209476,3,6,2,01,15,4,0,0,0,1,0,0,0,0
"POINT (10.893860897000000 48.336744370000098)",Unfall 209521 (2022) Kat:3, Licht: 0,209521,3,2,4,01,09,2,0,0,0,1,0,0,0,0
"POINT (10.881438736000099 48.389997089000097)",Unfall 209555 (2022) Kat:3, Licht: 2,209555,3,6,4,02,18,7,1,2,0,1,0,0,0,0
"POINT (10.895910013000000 48.363483007000099)",Unfall 209561 (2022) Kat:3, Licht: 2,209561,3,7,0,02,23,1,0,2,0,0,0,0,0,1
"POINT (10.895022748000001 48.370096773000100)",Unfall 209585 (2022) Kat:3, Licht: 0,209585,3,7,0,02,16,5,0,0,1,1,0,0,0,0
"POINT (10.889583826999999 48.368183629000001)",Unfall 209586 (2022) Kat:2, Licht: 0,209586,2,4,6,01,10,2,1,0,0,1,1,0,0,0
"POINT (10.848530314000101 48.332252965000102)",Unfall 209598 (2022) Kat:3, Licht: 0,209598,3,1,0,01,14,4,0,0,1,0,0,0,0,0
"POINT (10.890627046000100 48.356574461000001)",Unfall 209635 (2022) Kat:2, Licht: 1,209635,2,1,8,01,18,4,1,1,0,1,0,0,0,0
"POINT (10.858504015000101 48.397219669000002)",Unfall 209649 (2022) Kat:2, Licht: 2,209649,2,1,8,02,18,2,0,2,1,0,0,0,0,0
"POINT (10.878292230000101 48.370117078000099)",Unfall 209664 (2022) Kat:3, Licht: 0,209664,3,6,2,02,12,7,0,0,0,1,0,0,0,0
"POINT (10.889641956000000 48.367300317999998)",Unfall 209681 (2022) Kat:3, Licht: 2,209681,3,6,2,02,06,2,2,2,0,1,0,0,0,1
"POINT (10.885499090000099 48.343954171000100)",Unfall 209697 (2022) Kat:3, Licht: 0,209697,3,1,0,02,16,5,0,0,1,0,0,0,0,0
"POINT (10.884228712000001 48.374021135000099)",Unfall 209706 (2022) Kat:3, Licht: 0,209706,3,2,5,02,11,7,0,0,0,1,0,0,0,0
"POINT (10.857273640000100 48.380110793000000)",Unfall 209715 (2022) Kat:3, Licht: 0,209715,3,4,6,02,12,5,0,0,0,0,1,0,0,1
"POINT (10.912790093000099 48.361117219999997)",Unfall 209733 (2022) Kat:3, Licht: 2,209733,3,1,6,02,18,3,1,2,0,1,1,0,0,0
"POINT (10.889656874000000 48.377148098000099)",Unfall 209734 (2022) Kat:3, Licht: 1,209734,3,4,6,01,07,6,2,1,0,1,1,0,0,0
"POINT (10.903407620999999 48.350793135000103)",Unfall 209753 (2022) Kat:3, Licht: 0,209753,3,3,4,01,13,4,0,0,0,1,0,0,0,0
"POINT (10.881165480000000 48.379218966000103)",Unfall 209805 (2022) Kat:3, Licht: 0,209805,3,2,6,03,13,5,0,0,0,1,1,0,0,0
"POINT (10.864008631000001 48.362149719000101)",Unfall 209840 (2022) Kat:3, Licht: 0,209840,3,3,5,03,07,4,0,0,1,1,0,0,0,0
"POINT (10.872854972000001 48.349317708999997)",Unfall 209849 (2022) Kat:2, Licht: 0,209849,2,1,2,02,12,2,0,0,0,1,0,0,0,0
"POINT (10.868516186000001 48.400429639000002)",Unfall 209866 (2022) Kat:3, Licht: 2,209866,3,3,5,03,23,4,0,2,0,1,0,0,0,0
"POINT (10.909071178000000 48.366421668000001)",Unfall 209889 (2022) Kat:3, Licht: 0,209889,3,1,0,02,14,5,0,0,0,0,0,0,0,1
"POINT (10.896939770000101 48.352854972999999)",Unfall 209921 (2022) Kat:3, Licht: 0,209921,3,3,4,03,17,3,0,0,0,1,0,0,0,0
"POINT (10.915424105000101 48.380345679000101)",Unfall 209940 (2022) Kat:3, Licht: 0,209940,3,6,1,02,06,2,0,0,0,1,0,0,0,0
"POINT (10.877385354000101 48.376680549000099)",Unfall 209949 (2022) Kat:3, Licht: 0,209949,3,7,1,02,13,1,0,0,1,1,0,0,0,0
"POINT (10.878962074000100 48.370829392000097)",Unfall 209952 (2022) Kat:3, Licht: 0,209952,3,3,5,02,17,6,1,0,1,1,0,0,0,0
"POINT (10.913865353000100 48.377745861000101)",Unfall 209959 (2022) Kat:3, Licht: 0,209959,3,6,1,03,12,4,0,0,1,1,0,0,0,0
"POINT (10.883679806000000 48.374665562000096)",Unfall 209970 (2022) Kat:3, Licht: 2,209970,3,7,0,03,19,5,0,2,1,0,0,0,0,0
"POINT (10.883607608000000 48.374768297999999)",Unfall 209989 (2022) Kat:3, Licht: 2,209989,3,1,0,03,22,6,0,2,1,0,0,0,0,0
"POINT (10.943555678999999 48.363618559000003)",Unfall 210030 (2022) Kat:3, Licht: 2,210030,3,3,0,03,19,4,0,2,0,1,0,0,0,1
"POINT (10.868519812000001 48.369525478000099)",Unfall 210054 (2022) Kat:3, Licht: 2,210054,3,2,5,03,21,1,1,2,1,1,0,0,0,0
"POINT (10.951189591000100 48.350842868000001)",Unfall 210062 (2022) Kat:3, Licht: 0,210062,3,3,5,03,10,6,0,0,0,1,0,0,0,0
"POINT (10.892216358000001 48.367845139000103)",Unfall 210089 (2022) Kat:3, Licht: 1,210089,3,2,5,03,18,3,0,1,0,1,0,1,0,0
"POINT (10.904389724000101 48.370277036000097)",Unfall 210110 (2022) Kat:3, Licht: 0,210110,3,7,8,03,11,7,0,0,0,1,0,0,0,0
"POINT (10.869736831000100 48.382270636000001)",Unfall 210114 (2022) Kat:3, Licht: 0,210114,3,1,0,03,17,2,0,0,1,0,0,0,0,0
"POINT (10.869555743999999 48.405446800000000)",Unfall 210219 (2022) Kat:3, Licht: 2,210219,3,2,3,03,19,5,0,2,0,1,0,0,0,0
"POINT (10.906172942000101 48.360937486000097)",Unfall 210222 (2022) Kat:3, Licht: 0,210222,3,1,0,02,12,1,0,0,1,0,0,0,0,0
"POINT (10.890264445000099 48.368505165999998)",Unfall 210305 (2022) Kat:3, Licht: 0,210305,3,5,1,03,09,3,0,0,0,1,0,1,0,0
"POINT (10.946292216000099 48.354629748000001)",Unfall 210324 (2022) Kat:3, Licht: 0,210324,3,6,3,02,08,5,0,0,1,0,0,0,0,0
"POINT (10.883730572999999 48.373969133000102)",Unfall 210339 (2022) Kat:3, Licht: 0,210339,3,3,5,03,15,5,0,0,1,1,0,0,0,0
"POINT (10.876657547000001 48.385548464000102)",Unfall 210374 (2022) Kat:3, Licht: 1,210374,3,1,0,03,06,4,1,1,1,0,0,0,0,0
"POINT (10.920825254000000 48.367700751000001)",Unfall 210388 (2022) Kat:3, Licht: 0,210388,3,1,0,03,14,5,0,0,1,0,0,0,0,0
"POINT (10.863798701000100 48.360305546000099)",Unfall 210403 (2022) Kat:3, Licht: 0,210403,3,3,5,03,15,6,0,0,1,1,0,0,0,0
"POINT (10.922108328000000 48.362029411999998)",Unfall 210420 (2022) Kat:3, Licht: 0,210420,3,3,5,03,13,5,0,0,1,1,0,0,0,0
"POINT (10.858765131000000 48.365303196000099)",Unfall 210450 (2022) Kat:3, Licht: 0,210450,3,3,5,03,11,6,0,0,1,1,0,0,0,0
"POINT (10.892570725000001 48.369567018000097)",Unfall 210503 (2022) Kat:3, Licht: 2,210503,3,7,0,02,22,7,0,2,1,0,0,0,0,0
"POINT (10.879041191000100 48.403183513999998)",Unfall 210510 (2022) Kat:3, Licht: 0,210510,3,6,1,02,13,2,0,0,0,1,0,0,0,0
"POINT (10.870081570000000 48.362509181000100)",Unfall 210529 (2022) Kat:3, Licht: 0,210529,3,3,5,03,08,2,0,0,1,1,0,0,0,0
"POINT (10.937188451000100 48.364622188000098)",Unfall 210536 (2022) Kat:3, Licht: 0,210536,3,3,5,03,17,6,0,0,1,1,0,0,0,0
"POINT (10.900580422000100 48.298093736000098)",Unfall 210539 (2022) Kat:3, Licht: 0,210539,3,1,2,03,08,5,0,0,0,1,0,0,0,0
"POINT (10.917296472000000 48.382714027000098)",Unfall 210544 (2022) Kat:2, Licht: 0,210544,2,2,5,03,16,5,0,0,1,1,0,0,0,0
"POINT (10.902974812000000 48.314530386000101)",Unfall 210562 (2022) Kat:3, Licht: 0,210562,3,1,6,03,15,5,0,0,0,1,1,0,0,0
"POINT (10.910011473000100 48.364304867999998)",Unfall 210571 (2022) Kat:3, Licht: 0,210571,3,1,5,03,15,6,0,0,0,1,0,0,0,1
"POINT (10.900083254000000 48.312379446000101)",Unfall 210574 (2022) Kat:3, Licht: 0,210574,3,1,3,03,14,4,0,0,1,1,0,0,0,0
"POINT (10.879225504000001 48.371249717000097)",Unfall 210590 (2022) Kat:3, Licht: 0,210590,3,2,2,03,09,5,0,0,0,1,0,0,0,0
"POINT (10.895324760000101 48.371695484999996)",Unfall 210667 (2022) Kat:2, Licht: 0,210667,2,4,6,03,12,2,0,0,0,1,1,0,0,0
"POINT (10.888007694000100 48.354396145000102)",Unfall 210676 (2022) Kat:3, Licht: 2,210676,3,1,0,03,18,3,0,2,1,0,0,0,0,0
"POINT (10.841332913000000 48.382397945000001)",Unfall 210694 (2022) Kat:3, Licht: 1,210694,3,2,3,03,06,4,0,1,0,1,0,0,1,0
"POINT (10.880076916000100 48.387973787000099)",Unfall 210713 (2022) Kat:3, Licht: 0,210713,3,1,1,02,17,4,0,0,0,1,0,0,0,0
"POINT (10.897369478000000 48.374686183999998)",Unfall 210722 (2022) Kat:3, Licht: 0,210722,3,6,4,02,07,6,0,0,1,1,0,0,0,0
"POINT (10.902319040000100 48.370681956000098)",Unfall 210782 (2022) Kat:3, Licht: 0,210782,3,2,5,03,16,3,0,0,1,1,0,0,0,0
"POINT (10.869176635000001 48.367721821000004)",Unfall 210784 (2022) Kat:3, Licht: 0,210784,3,3,5,02,14,2,0,0,1,1,0,0,0,0
"POINT (10.878350781000099 48.383475490000102)",Unfall 210844 (2022) Kat:3, Licht: 0,210844,3,3,5,03,17,4,0,0,1,1,0,0,0,0
"POINT (10.923001692000099 48.360045503000002)",Unfall 210849 (2022) Kat:3, Licht: 2,210849,3,1,6,04,21,5,1,2,0,1,1,0,0,0
"POINT (10.862128573000099 48.360829391999999)",Unfall 210851 (2022) Kat:3, Licht: 0,210851,3,7,6,04,07,3,1,0,0,1,1,0,0,0
"POINT (10.893582358000099 48.364979873000003)",Unfall 210862 (2022) Kat:3, Licht: 0,210862,3,3,5,03,07,5,0,0,1,1,0,0,0,0
"POINT (10.868175227000100 48.365110698000102)",Unfall 210894 (2022) Kat:3, Licht: 0,210894,3,3,5,03,10,2,0,0,1,1,0,0,0,0
"POINT (10.916054384000100 48.391512077000101)",Unfall 210918 (2022) Kat:3, Licht: 0,210918,3,6,0,03,07,4,0,0,0,1,0,1,0,0
"POINT (10.859181071000000 48.314041248000102)",Unfall 210972 (2022) Kat:3, Licht: 0,210972,3,3,5,04,14,3,0,0,1,1,0,0,0,0
"POINT (10.897477110000100 48.317280793000101)",Unfall 210986 (2022) Kat:3, Licht: 0,210986,3,3,5,04,14,6,1,0,0,1,0,1,0,0
"POINT (10.943651902000100 48.356093432000101)",Unfall 210988 (2022) Kat:3, Licht: 0,210988,3,1,0,03,16,2,0,0,1,0,0,0,0,0
"POINT (10.868199767000000 48.360575991000097)",Unfall 211001 (2022) Kat:3, Licht: 0,211001,3,5,1,03,12,4,0,0,1,1,0,0,0,0
"POINT (10.915352002000100 48.319025365000101)",Unfall 211005 (2022) Kat:1, Licht: 0,211005,1,1,0,03,14,1,0,0,1,0,0,0,0,0
"POINT (10.889758275000100 48.309700259000103)",Unfall 211008 (2022) Kat:3, Licht: 0,211008,3,1,1,04,13,6,1,0,0,1,0,0,0,1
"POINT (10.896632496000100 48.322848238000098)",Unfall 211016 (2022) Kat:3, Licht: 0,211016,3,7,6,04,13,6,1,0,0,0,1,0,0,1
"POINT (10.931026997000099 48.395591588999999)",Unfall 211046 (2022) Kat:2, Licht: 0,211046,2,3,4,03,07,7,0,0,0,1,0,0,0,0
"POINT (10.863452230000100 48.372726802999999)",Unfall 211075 (2022) Kat:3, Licht: 0,211075,3,6,2,03,09,4,0,0,0,1,0,1,0,0
"POINT (10.847418087000101 48.393782021000000)",Unfall 211108 (2022) Kat:3, Licht: 2,211108,3,3,5,04,23,7,0,2,0,1,0,0,0,0
"POINT (10.915256495000101 48.397298714999998)",Unfall 211156 (2022) Kat:3, Licht: 0,211156,3,3,5,04,10,6,1,0,0,1,0,0,0,0
"POINT (10.880964379000000 48.386851202999999)",Unfall 211186 (2022) Kat:3, Licht: 2,211186,3,7,0,03,20,1,0,2,0,1,0,0,0,0
"POINT (10.909611640000000 48.370336012000102)",Unfall 211200 (2022) Kat:3, Licht: 0,211200,3,3,5,04,12,6,0,0,1,1,0,0,0,0
"POINT (10.916039261000000 48.381100959000001)",Unfall 211211 (2022) Kat:3, Licht: 0,211211,3,6,2,04,11,7,0,0,0,1,0,0,0,0
"POINT (10.900869986000000 48.350277814999998)",Unfall 211235 (2022) Kat:3, Licht: 0,211235,3,2,5,04,16,6,1,0,0,1,0,0,0,1
"POINT (10.870924727000000 48.381315989000001)",Unfall 211264 (2022) Kat:3, Licht: 0,211264,3,6,6,04,13,6,1,0,1,0,1,0,0,0
"POINT (10.876899051000100 48.360470830000096)",Unfall 211278 (2022) Kat:3, Licht: 0,211278,3,1,0,03,15,4,0,0,1,0,0,0,0,0
"POINT (10.945745258000001 48.348209379000103)",Unfall 211281 (2022) Kat:3, Licht: 0,211281,3,1,0,03,11,6,0,0,1,0,0,0,0,0
"POINT (10.901346617000099 48.376064112999998)",Unfall 211314 (2022) Kat:3, Licht: 0,211314,3,6,2,04,15,7,0,0,1,0,0,0,0,0
"POINT (10.873329733000000 48.336229274000097)",Unfall 211389 (2022) Kat:3, Licht: 0,211389,3,2,3,04,15,5,0,0,1,1,0,0,0,0
"POINT (10.849040880000100 48.385883241000002)",Unfall 211410 (2022) Kat:3, Licht: 0,211410,3,1,0,03,17,1,0,0,0,0,0,1,0,0
"POINT (10.911995124000001 48.361182096000100)",Unfall 211412 (2022) Kat:3, Licht: 0,211412,3,2,5,04,15,4,0,0,0,1,0,0,0,0
"POINT (10.877343366000000 48.392540514000103)",Unfall 211421 (2022) Kat:3, Licht: 0,211421,3,3,5,03,19,5,0,0,1,1,0,0,0,0
"POINT (10.920525269000100 48.380242174999999)",Unfall 211445 (2022) Kat:3, Licht: 0,211445,3,7,0,03,10,2,0,0,1,0,0,0,0,0
"POINT (10.896207457000100 48.321065630000099)",Unfall 211451 (2022) Kat:3, Licht: 0,211451,3,1,2,04,08,6,1,0,0,1,0,1,0,0
"POINT (10.944525935000099 48.348480992000098)",Unfall 211488 (2022) Kat:3, Licht: 0,211488,3,2,6,03,17,6,0,0,0,1,1,0,0,0
"POINT (10.950392173000100 48.361453171999997)",Unfall 211493 (2022) Kat:3, Licht: 0,211493,3,7,6,03,15,1,0,0,0,1,1,0,0,0
"POINT (10.916763765000001 48.387104914000098)",Unfall 211516 (2022) Kat:3, Licht: 0,211516,3,1,0,04,13,3,0,0,1,0,0,0,0,0
"POINT (10.890096331000100 48.366127318000103)",Unfall 211518 (2022) Kat:3, Licht: 0,211518,3,2,5,03,13,5,0,0,0,1,0,0,0,1
"POINT (10.877037497000099 48.384935311000000)",Unfall 211535 (2022) Kat:3, Licht: 0,211535,3,3,5,03,14,4,0,0,0,1,0,0,0,0
"POINT (10.895972960000099 48.349123420000097)",Unfall 211575 (2022) Kat:2, Licht: 2,211575,2,1,0,03,23,2,0,2,0,0,0,0,0,1
"POINT (10.907911158999999 48.370328020000002)",Unfall 211587 (2022) Kat:3, Licht: 0,211587,3,2,3,04,16,7,1,0,0,1,0,0,0,1
"POINT (10.897885366000001 48.370450021000103)",Unfall 211605 (2022) Kat:3, Licht: 0,211605,3,2,3,04,12,3,0,0,1,1,1,0,0,0
"POINT (10.924779968000101 48.383900020000098)",Unfall 211611 (2022) Kat:2, Licht: 1,211611,2,2,5,04,06,5,0,1,1,1,0,0,0,0
"POINT (10.864475426000100 48.362966573000101)",Unfall 211616 (2022) Kat:3, Licht: 0,211616,3,1,0,03,13,5,0,0,1,1,0,0,0,0
"POINT (10.881019371000001 48.399867014999998)",Unfall 211628 (2022) Kat:3, Licht: 0,211628,3,6,2,03,16,7,0,0,0,0,0,1,0,0
"POINT (10.850050777000000 48.379680239000002)",Unfall 211645 (2022) Kat:3, Licht: 0,211645,3,1,0,04,07,6,0,0,1,0,0,0,0,0
"POINT (10.885862514000101 48.347949315999998)",Unfall 211664 (2022) Kat:3, Licht: 0,211664,3,1,5,04,17,2,0,0,1,1,0,0,0,0
"POINT (10.899337342000001 48.365513120000102)",Unfall 211683 (2022) Kat:3, Licht: 2,211683,3,7,0,04,05,6,1,2,1,0,0,0,0,0
"POINT (10.934894187999999 48.363956664000099)",Unfall 211709 (2022) Kat:3, Licht: 0,211709,3,1,0,03,08,4,0,0,1,0,0,0,0,0
"POINT (10.901529601000000 48.352304775999997)",Unfall 211710 (2022) Kat:3, Licht: 0,211710,3,3,5,03,17,3,0,0,0,1,0,0,0,0
"POINT (10.892459222000101 48.367226682000101)",Unfall 211722 (2022) Kat:3, Licht: 0,211722,3,7,0,03,13,2,0,0,1,1,0,0,0,0
"POINT (10.893692280000000 48.377406801000099)",Unfall 211746 (2022) Kat:3, Licht: 0,211746,3,3,5,04,16,7,0,0,0,1,0,0,0,0
"POINT (10.942820190000100 48.379148343000097)",Unfall 211749 (2022) Kat:3, Licht: 0,211749,3,2,5,03,07,4,0,0,1,1,0,0,0,0
"POINT (10.856191168000100 48.378743335000102)",Unfall 211804 (2022) Kat:3, Licht: 0,211804,3,1,0,03,17,5,0,0,0,0,0,1,0,0
"POINT (10.937964496000101 48.389786755000003)",Unfall 211819 (2022) Kat:3, Licht: 0,211819,3,2,5,04,09,5,0,0,0,1,0,0,0,0
"POINT (10.891126475000000 48.366254218999998)",Unfall 211845 (2022) Kat:3, Licht: 0,211845,3,5,1,04,16,3,0,0,1,1,0,0,0,0
"POINT (10.932175841000101 48.400791636000100)",Unfall 211873 (2022) Kat:3, Licht: 0,211873,3,3,5,04,06,2,0,0,1,1,0,0,0,0
"POINT (10.902216747000100 48.378530222000101)",Unfall 211883 (2022) Kat:3, Licht: 0,211883,3,7,0,04,15,5,0,0,1,0,0,0,0,0
"POINT (10.913919775000100 48.377055693000003)",Unfall 211894 (2022) Kat:3, Licht: 0,211894,3,7,0,04,16,4,0,0,0,1,0,0,0,1
"POINT (10.854695661999999 48.394174816000003)",Unfall 211917 (2022) Kat:3, Licht: 2,211917,3,1,1,04,00,3,0,2,0,1,0,0,0,0
"POINT (10.915310469000101 48.394868051000103)",Unfall 211944 (2022) Kat:3, Licht: 0,211944,3,3,5,04,12,3,0,0,1,1,0,0,0,0
"POINT (10.881516808000100 48.379127678000003)",Unfall 212056 (2022) Kat:2, Licht: 2,212056,2,7,3,04,21,1,0,2,0,1,0,0,0,0
"POINT (10.924955217999999 48.355968699000101)",Unfall 212077 (2022) Kat:3, Licht: 0,212077,3,7,0,04,11,6,0,0,0,0,0,0,0,1
"POINT (10.898306715000000 48.367387574000098)",Unfall 212086 (2022) Kat:3, Licht: 0,212086,3,7,0,04,16,7,0,0,1,0,0,0,0,0
"POINT (10.856322054000000 48.385207305999998)",Unfall 212094 (2022) Kat:3, Licht: 0,212094,3,6,2,04,11,2,0,0,0,1,0,0,0,0
"POINT (10.949285845000100 48.341108920000103)",Unfall 212107 (2022) Kat:3, Licht: 0,212107,3,1,0,04,19,7,0,0,1,0,0,0,0,0
"POINT (10.894621172000001 48.375514420999998)",Unfall 212130 (2022) Kat:3, Licht: 2,212130,3,7,0,04,00,6,0,2,1,0,0,0,0,0
"POINT (10.897945971000100 48.367192330000101)",Unfall 212174 (2022) Kat:3, Licht: 0,212174,3,7,0,05,14,1,0,0,0,0,0,0,0,1
"POINT (10.943891972000101 48.348573837000103)",Unfall 212211 (2022) Kat:3, Licht: 0,212211,3,1,0,05,12,1,0,0,1,0,0,0,0,0
"POINT (10.942091984000101 48.360020188000099)",Unfall 212218 (2022) Kat:3, Licht: 0,212218,3,3,5,04,13,2,0,0,1,1,0,0,0,0
"POINT (10.882790883000000 48.363115317999998)",Unfall 212231 (2022) Kat:3, Licht: 0,212231,3,1,2,04,14,2,0,0,0,1,0,0,0,0
"POINT (10.883203683000000 48.376228164000104)",Unfall 212254 (2022) Kat:3, Licht: 0,212254,3,6,2,04,19,1,0,0,0,1,0,1,0,1
"POINT (10.860125592999999 48.380348085999998)",Unfall 212266 (2022) Kat:3, Licht: 0,212266,3,4,6,04,14,5,0,0,0,1,1,0,0,0
"POINT (10.890948174000100 48.315661254000098)",Unfall 212316 (2022) Kat:3, Licht: 2,212316,3,3,5,04,21,5,0,2,0,1,0,0,0,0
"POINT (10.888287758000001 48.377535621000000)",Unfall 212353 (2022) Kat:3, Licht: 2,212353,3,7,9,04,22,6,0,2,1,0,0,0,0,0
"POINT (10.899818832999999 48.359620624000101)",Unfall 212357 (2022) Kat:3, Licht: 0,212357,3,1,0,04,11,3,0,0,1,0,0,0,0,0
"POINT (10.897170434000000 48.352789020000003)",Unfall 212365 (2022) Kat:3, Licht: 2,212365,3,1,0,04,21,1,0,2,1,0,0,0,0,0
"POINT (10.878357991000000 48.337691501000101)",Unfall 212401 (2022) Kat:3, Licht: 0,212401,3,1,0,04,20,7,0,0,1,0,0,0,0,0
"POINT (10.881023449000100 48.387138581000002)",Unfall 212402 (2022) Kat:3, Licht: 0,212402,3,6,1,04,17,4,0,0,0,1,0,0,0,0
"POINT (10.889321415000000 48.293313370000099)",Unfall 212418 (2022) Kat:3, Licht: 0,212418,3,7,0,04,14,5,0,0,1,0,0,0,0,0
"POINT (10.908418182000000 48.395657840000098)",Unfall 212450 (2022) Kat:3, Licht: 2,212450,3,1,0,04,21,7,1,2,1,0,0,0,0,0
"POINT (10.897881610000100 48.370460469000101)",Unfall 212467 (2022) Kat:3, Licht: 0,212467,3,2,5,04,16,2,0,0,0,1,0,0,0,0
"POINT (10.944481305000100 48.359829779000101)",Unfall 212513 (2022) Kat:3, Licht: 0,212513,3,6,1,04,12,3,1,0,1,1,0,0,0,0
"POINT (10.865133585000001 48.380677153000100)",Unfall 212525 (2022) Kat:3, Licht: 0,212525,3,3,5,04,12,7,0,0,1,1,0,0,0,0
"POINT (10.878930162000101 48.370834463000101)",Unfall 212554 (2022) Kat:3, Licht: 0,212554,3,3,5,04,15,5,0,0,1,1,0,0,0,0
"POINT (10.875751529000100 48.331991041000002)",Unfall 212563 (2022) Kat:3, Licht: 0,212563,3,1,6,04,16,2,0,0,0,1,1,0,0,0
"POINT (10.873350897000000 48.381478580000099)",Unfall 212594 (2022) Kat:3, Licht: 0,212594,3,4,6,05,17,1,0,0,0,1,1,0,0,0
"POINT (10.883273443000100 48.375701491000001)",Unfall 212601 (2022) Kat:3, Licht: 0,212601,3,6,2,04,18,4,0,0,0,1,0,0,0,0
"POINT (10.869970963000100 48.372791436000099)",Unfall 212635 (2022) Kat:3, Licht: 0,212635,3,3,5,04,14,6,0,0,0,1,0,1,0,0
"POINT (10.915859240000000 48.361752815999999)",Unfall 212645 (2022) Kat:3, Licht: 0,212645,3,3,5,04,07,2,0,0,1,1,0,0,0,0
"POINT (10.887353139000000 48.377941313000100)",Unfall 212663 (2022) Kat:3, Licht: 0,212663,3,7,0,04,17,4,0,0,1,1,0,0,0,0
"POINT (10.876420302000000 48.385990706000001)",Unfall 212717 (2022) Kat:2, Licht: 2,212717,2,7,0,04,00,2,0,2,0,0,0,0,0,1
"POINT (10.888469941000000 48.377840278000100)",Unfall 212763 (2022) Kat:3, Licht: 0,212763,3,3,5,04,18,7,1,0,0,1,0,0,0,1
"POINT (10.881237518000001 48.364475062000103)",Unfall 212764 (2022) Kat:3, Licht: 0,212764,3,2,5,04,17,4,0,0,1,1,0,0,0,0
"POINT (10.886161598999999 48.371546690999999)",Unfall 212765 (2022) Kat:3, Licht: 2,212765,3,7,0,04,21,6,0,2,0,1,0,1,0,0
"POINT (10.928265594000001 48.380409636000103)",Unfall 212778 (2022) Kat:2, Licht: 0,212778,2,3,5,04,13,6,0,0,1,1,0,0,0,0
"POINT (10.909437229000000 48.364477477000001)",Unfall 212785 (2022) Kat:3, Licht: 0,212785,3,1,1,04,19,7,0,0,0,1,0,0,0,1
"POINT (10.916613954000100 48.385029785000000)",Unfall 212794 (2022) Kat:2, Licht: 2,212794,2,1,0,04,00,5,0,2,0,0,0,0,0,1
"POINT (10.916759904000100 48.387111089000001)",Unfall 212824 (2022) Kat:3, Licht: 0,212824,3,1,0,04,13,4,0,0,1,0,0,0,0,0
"POINT (10.858574945999999 48.391252872000102)",Unfall 212836 (2022) Kat:3, Licht: 0,212836,3,3,5,04,16,7,1,0,0,1,0,0,0,0
"POINT (10.903881820000001 48.365751125000003)",Unfall 212845 (2022) Kat:3, Licht: 0,212845,3,1,4,04,09,7,1,0,0,1,0,0,0,0
"POINT (10.892460039000101 48.367224600999997)",Unfall 212864 (2022) Kat:3, Licht: 0,212864,3,3,0,04,17,4,0,0,1,1,0,0,0,0
"POINT (10.889766463000100 48.309752795000101)",Unfall 212878 (2022) Kat:3, Licht: 0,212878,3,1,0,04,18,1,1,0,0,0,0,1,0,0
"POINT (10.916694299000000 48.362037415000003)",Unfall 212886 (2022) Kat:3, Licht: 0,212886,3,1,0,04,07,7,0,0,1,0,0,0,0,0
"POINT (10.897802529000000 48.359910233999997)",Unfall 212916 (2022) Kat:2, Licht: 0,212916,2,2,3,04,10,5,0,0,1,0,0,0,1,0
"POINT (10.926553163000101 48.378782018999999)",Unfall 212924 (2022) Kat:3, Licht: 0,212924,3,2,5,05,13,7,0,0,0,1,0,0,0,0
"POINT (10.903189611000100 48.304058853000100)",Unfall 212927 (2022) Kat:3, Licht: 0,212927,3,2,2,05,16,7,0,0,0,1,0,0,0,0
"POINT (10.888976845000100 48.377800397000001)",Unfall 212959 (2022) Kat:2, Licht: 0,212959,2,3,5,05,16,3,0,0,0,1,0,0,0,1
"POINT (10.927531973000001 48.387594053000001)",Unfall 212980 (2022) Kat:3, Licht: 0,212980,3,1,0,05,09,4,0,0,1,0,0,0,0,0
"POINT (10.902206807000001 48.361949289000101)",Unfall 212995 (2022) Kat:3, Licht: 0,212995,3,1,0,05,13,3,0,0,1,0,0,0,0,0
"POINT (10.875951443000099 48.329010922000101)",Unfall 212996 (2022) Kat:2, Licht: 0,212996,2,1,5,05,14,7,0,0,1,0,0,0,0,0
"POINT (10.873494113000000 48.350849001000000)",Unfall 212998 (2022) Kat:3, Licht: 0,212998,3,1,2,05,18,6,1,0,0,1,0,0,0,0
"POINT (10.888473460000100 48.377743078000002)",Unfall 213000 (2022) Kat:3, Licht: 0,213000,3,2,5,05,13,5,0,0,0,1,0,1,0,0