WKT,Name,OBJECTID,UKATEGORIE,UTYP1,UART,UMONAT,USTUNDE,UWOCHENTAG,STRZUSTAND,ULICHTVERH,ISTRAD,ISTPKW,ISTFUSS,ISTKRAD,ISTGKFZ,ISTSONSTIG
"POINT (10.892629009000100 48.366794309000099)",Unfall 213035 (2022) Kat:3, Licht: 0,213035,3,6,5,05,07,5,0,0,1,0,0,0,0,0
"POINT (10.899094518000000 48.332648738000003)",Unfall 213038 (2022) Kat:3, Licht: 0,213038,3,1,0,05,17,2,0,0,1,0,0,0,0,0
"POINT (10.912853639000000 48.380252218000102)",Unfall 213046 (2022) Kat:2, Licht: 0,213046,2,1,0,05,14,2,0,0,1,0,0,0,0,0
"POINT (10.869694183000000 48.372066919000098)",Unfall 213049 (2022) Kat:3, Licht: 0,213049,3,3,5,05,18,5,0,0,1,1,0,0,0,0
"POINT (10.858998139000100 48.392066779000103)",Unfall 213050 (2022) Kat:3, Licht: 0,213050,3,1,0,05,15,7,0,0,1,0,0,0,0,0
"POINT (10.885013690000100 48.367343378000001)",Unfall 213098 (2022) Kat:3, Licht: 0,213098,3,6,2,05,14,4,0,0,0,1,0,0,0,0
"POINT (10.871392500000100 48.315487618000098)",Unfall 213103 (2022) Kat:2, Licht: 0,213103,2,1,0,05,19,7,1,0,1,0,0,0,0,0
"POINT (10.906016520000000 48.414542253000000)",Unfall 213130 (2022) Kat:2, Licht: 0,213130,2,6,3,05,13,7,0,0,1,1,0,0,0,0
"POINT (10.889325085999999 48.371617280000102)",Unfall 213146 (2022) Kat:3, Licht: 0,213146,3,7,6,05,18,4,0,0,0,0,1,0,0,1
"POINT (10.899487760000101 48.351676563000098)",Unfall 213151 (2022) Kat:3, Licht: 0,213151,3,4,6,05,19,7,0,0,0,1,1,0,0,0
"POINT (10.856905450999999 48.391480135000101)",Unfall 213165 (2022) Kat:3, Licht: 0,213165,3,4,6,05,14,6,1,0,0,1,1,0,0,0
"POINT (10.885890614000100 48.347039641999999)",Unfall 213166 (2022) Kat:2, Licht: 0,213166,2,1,5,05,07,5,0,0,1,1,0,0,0,0
"POINT (10.871144353000000 48.342986027999999)",Unfall 213167 (2022) Kat:2, Licht: 2,213167,2,1,0,05,20,5,1,2,0,0,0,1,0,0
"POINT (10.896314291000101 48.321065777999998)",Unfall 213202 (2022) Kat:3, Licht: 0,213202,3,1,5,05,17,7,1,0,1,1,0,0,0,0
"POINT (10.948056814999999 48.349520412000103)",Unfall 213237 (2022) Kat:3, Licht: 0,213237,3,3,5,05,16,2,0,0,0,1,0,0,0,0
"POINT (10.885784988000101 48.355651228000099)",Unfall 213250 (2022) Kat:3, Licht: 0,213250,3,1,0,05,15,7,0,0,1,0,0,0,0,0
"POINT (10.945171002000100 48.357332978000002)",Unfall 213337 (2022) Kat:2, Licht: 0,213337,2,1,0,05,19,7,0,0,1,0,0,0,0,0
"POINT (10.884843171000099 48.345518007000102)",Unfall 213358 (2022) Kat:3, Licht: 0,213358,3,3,3,05,14,7,0,0,1,1,0,0,0,0
"POINT (10.878558592999999 48.379989124000097)",Unfall 213384 (2022) Kat:3, Licht: 0,213384,3,2,5,05,12,2,0,0,1,1,0,0,0,0
"POINT (10.911994856000000 48.361179709000098)",Unfall 213398 (2022) Kat:2, Licht: 0,213398,2,3,5,05,16,4,0,0,1,1,0,0,0,0
"POINT (10.895506534000001 48.326993485000102)",Unfall 213404 (2022) Kat:3, Licht: 0,213404,3,1,5,05,17,7,0,0,1,1,0,0,0,0
"POINT (10.900880428000100 48.331577156999998)",Unfall 213406 (2022) Kat:3, Licht: 0,213406,3,1,5,05,14,6,1,0,1,1,0,0,0,1
"POINT (10.903103142000100 48.357782002000100)",Unfall 213408 (2022) Kat:3, Licht: 0,213408,3,4,6,05,16,5,0,0,0,1,1,0,0,0
"POINT (10.855382113000100 48.354106806000097)",Unfall 213515 (2022) Kat:3, Licht: 0,213515,3,3,0,05,08,5,0,0,0,1,0,1,0,0
"POINT (10.897751870000000 48.371346166000102)",Unfall 213593 (2022) Kat:3, Licht: 0,213593,3,7,0,05,12,3,0,0,1,0,0,0,0,0
"POINT (10.882770676000099 48.366245231999997)",Unfall 213634 (2022) Kat:3, Licht: 2,213634,3,1,0,05,22,5,1,2,1,0,0,0,0,0
"POINT (10.911456846000000 48.369297476000000)",Unfall 213638 (2022) Kat:3, Licht: 2,213638,3,5,1,05,07,4,0,2,0,1,0,0,0,0
"POINT (10.890901816000101 48.369690304000102)",Unfall 213641 (2022) Kat:3, Licht: 0,213641,3,7,1,05,12,3,0,0,0,1,0,1,0,0
"POINT (10.853842114000001 48.336960448000099)",Unfall 213648 (2022) Kat:3, Licht: 0,213648,3,1,1,05,18,4,0,0,0,1,0,1,0,0
"POINT (10.893593836999999 48.360207115999998)",Unfall 213673 (2022) Kat:3, Licht: 2,213673,3,1,1,05,21,6,0,2,0,1,0,0,0,0
"POINT (10.927679593000100 48.363330855000100)",Unfall 213679 (2022) Kat:3, Licht: 0,213679,3,3,5,05,16,4,0,0,0,1,0,0,0,0
"POINT (10.902387420000000 48.358974982000099)",Unfall 213749 (2022) Kat:3, Licht: 0,213749,3,6,0,05,12,4,0,0,0,1,0,1,0,1
"POINT (10.910949530000000 48.383171996000002)",Unfall 213759 (2022) Kat:3, Licht: 0,213759,3,3,1,05,13,7,0,0,1,1,0,0,0,0
"POINT (10.874421849000001 48.358257341000098)",Unfall 213764 (2022) Kat:2, Licht: 0,213764,2,5,0,05,09,2,0,0,0,0,0,1,0,1
"POINT (10.878860335000100 48.403465693999998)",Unfall 213774 (2022) Kat:3, Licht: 0,213774,3,2,0,05,15,3,0,0,0,1,1,0,0,0
"POINT (10.898865602000100 48.366531088999999)",Unfall 213778 (2022) Kat:3, Licht: 0,213778,3,7,0,05,12,5,0,0,1,1,0,0,0,0
"POINT (10.881570836000000 48.391336572999997)",Unfall 213783 (2022) Kat:3, Licht: 0,213783,3,6,2,05,16,3,0,0,0,1,0,0,0,0
"POINT (10.858995360000099 48.373182358000101)",Unfall 213839 (2022) Kat:3, Licht: 0,213839,3,6,4,05,17,3,0,0,1,0,0,0,0,0
"POINT (10.900551960000000 48.350186522000101)",Unfall 213844 (2022) Kat:3, Licht: 0,213844,3,3,5,05,15,6,0,0,0,1,0,0,0,1
"POINT (10.922402136000100 48.378830562000097)",Unfall 213850 (2022) Kat:3, Licht: 0,213850,3,2,3,05,12,4,0,0,1,0,0,0,0,1
"POINT (10.914270072000001 48.396357014000003)",Unfall 213894 (2022) Kat:3, Licht: 0,213894,3,3,5,05,18,5,0,0,0,1,0,1,0,0
"POINT (10.887942905999999 48.369027947000099)",Unfall 213921 (2022) Kat:3, Licht: 0,213921,3,4,6,05,07,4,0,0,1,0,1,0,0,0
"POINT (10.863314690999999 48.371227046000101)",Unfall 213927 (2022) Kat:3, Licht: 0,213927,3,3,5,05,07,5,0,0,1,1,0,0,0,0
"POINT (10.864969077000101 48.380513669999999)",Unfall 213944 (2022) Kat:3, Licht: 0,213944,3,6,2,05,17,2,0,0,1,1,0,0,0,0
"POINT (10.869869615000001 48.404259448000097)",Unfall 213980 (2022) Kat:3, Licht: 0,213980,3,3,5,05,07,3,1,0,1,1,0,0,0,0
"POINT (10.885486835000100 48.378188803999997)",Unfall 214030 (2022) Kat:3, Licht: 2,214030,3,3,5,05,01,1,0,2,1,1,0,0,0,0
"POINT (10.895924108000001 48.318073564000002)",Unfall 214039 (2022) Kat:3, Licht: 0,214039,3,3,5,05,12,4,0,0,0,1,0,0,0,0
"POINT (10.868518299000099 48.371167005000103)",Unfall 214053 (2022) Kat:2, Licht: 0,214053,2,4,6,05,16,5,0,0,0,0,1,0,0,1
"POINT (10.914205061000100 48.377716892000102)",Unfall 214055 (2022) Kat:3, Licht: 0,214055,3,6,2,05,18,6,0,0,0,1,0,0,0,0
"POINT (10.868185706000100 48.362423855000003)",Unfall 214070 (2022) Kat:3, Licht: 0,214070,3,1,0,05,17,1,0,0,1,0,0,0,0,0
"POINT (10.897576926999999 48.371818417999997)",Unfall 214075 (2022) Kat:3, Licht: 0,214075,3,3,5,05,15,2,0,0,1,1,0,0,0,0
"POINT (10.874983789000099 48.371024093000102)",Unfall 214100 (2022) Kat:3, Licht: 0,214100,3,3,5,05,17,3,0,0,1,1,0,0,0,0
"POINT (10.911754048000001 48.305840558000099)",Unfall 214102 (2022) Kat:3, Licht: 0,214102,3,1,9,05,18,2,0,0,1,0,0,0,0,0
"POINT (10.874100169000000 48.379880544000102)",Unfall 214103 (2022) Kat:3, Licht: 0,214103,3,3,5,05,13,6,0,0,0,1,0,0,0,0
"POINT (10.896827139000001 48.373187845000103)",Unfall 214130 (2022) Kat:3, Licht: 0,214130,3,7,0,05,20,5,0,0,1,0,0,0,0,0
"POINT (10.914334644000100 48.361068364000097)",Unfall 214153 (2022) Kat:3, Licht: 0,214153,3,3,5,05,09,6,0,0,1,1,0,0,0,0
"POINT (10.914156501000001 48.376973347000003)",Unfall 214165 (2022) Kat:2, Licht: 0,214165,2,1,0,05,10,1,0,0,1,0,0,0,0,0
"POINT (10.845923857000100 48.386203792000103)",Unfall 214265 (2022) Kat:3, Licht: 0,214265,3,6,2,05,10,7,0,0,0,1,0,0,0,0
"POINT (10.898993626999999 48.337538945000098)",Unfall 214292 (2022) Kat:2, Licht: 0,214292,2,3,5,05,10,4,1,0,1,1,0,0,0,0
"POINT (10.880885260000101 48.374805639999998)",Unfall 214370 (2022) Kat:3, Licht: 0,214370,3,7,0,05,16,2,0,0,1,0,0,0,0,0
"POINT (10.898384104000099 48.346709148000102)",Unfall 214381 (2022) Kat:3, Licht: 0,214381,3,1,0,05,19,7,0,0,1,0,0,0,0,0
"POINT (10.884916390000100 48.367297147999999)",Unfall 214434 (2022) Kat:3, Licht: 0,214434,3,7,0,05,13,3,0,0,1,0,0,0,0,0
"POINT (10.897379767000100 48.364382239000101)",Unfall 214446 (2022) Kat:3, Licht: 0,214446,3,7,0,05,15,2,1,0,1,0,0,0,0,0
"POINT (10.909903673000001 48.309285553999999)",Unfall 214467 (2022) Kat:3, Licht: 2,214467,3,1,0,05,21,5,0,2,1,0,0,0,0,0
"POINT (10.902233346999999 48.356670491000003)",Unfall 214496 (2022) Kat:3, Licht: 0,214496,3,2,2,05,14,2,0,0,1,1,0,0,0,0
"POINT (10.880943186000000 48.386759126000101)",Unfall 214581 (2022) Kat:3, Licht: 0,214581,3,6,3,05,19,2,1,0,0,1,0,0,0,0
"POINT (10.873141231000000 48.353156055000099)",Unfall 214586 (2022) Kat:3, Licht: 0,214586,3,1,0,05,16,1,0,0,1,0,0,0,0,0
"POINT (10.872396895000101 48.348568780000100)",Unfall 214622 (2022) Kat:3, Licht: 2,214622,3,1,0,05,21,5,0,2,1,0,0,0,0,0
"POINT (10.867814673000099 48.359983542000101)",Unfall 214663 (2022) Kat:3, Licht: 0,214663,3,3,5,05,17,4,0,0,0,1,0,0,0,0
"POINT (10.858100922000100 48.334595122000103)",Unfall 214676 (2022) Kat:3, Licht: 0,214676,3,1,5,05,14,5,0,0,1,1,0,0,0,0
"POINT (10.873606769000000 48.337752991000102)",Unfall 214694 (2022) Kat:2, Licht: 0,214694,2,1,4,05,17,6,0,0,0,1,0,1,0,0
"POINT (10.900292605000100 48.370553904000097)",Unfall 214695 (2022) Kat:2, Licht: 0,214695,2,2,3,05,11,3,0,0,0,0,0,0,1,1
"POINT (10.908223260000099 48.370342401000102)",Unfall 214701 (2022) Kat:3, Licht: 0,214701,3,2,3,05,16,2,0,0,1,1,0,0,0,0
"POINT (10.880340958000000 48.360105230999999)",Unfall 214728 (2022) Kat:3, Licht: 0,214728,3,3,5,05,08,3,0,0,1,1,0,0,0,0
"POINT (10.882057950000000 48.353697039000103)",Unfall 214742 (2022) Kat:3, Licht: 0,214742,3,1,0,05,14,6,0,0,1,0,0,0,0,0
"POINT (10.909053948000100 48.319345007999999)",Unfall 214743 (2022) Kat:3, Licht: 0,214743,3,1,6,05,11,3,1,0,0,0,1,1,0,0
"POINT (10.915218858999999 48.391019381000000)",Unfall 214767 (2022) Kat:3, Licht: 0,214767,3,2,5,05,17,4,0,0,1,1,0,0,0,0
"POINT (10.860813716999999 48.380412388000103)",Unfall 214799 (2022) Kat:3, Licht: 0,214799,3,4,6,05,19,3,0,0,0,1,1,0,0,0
"POINT (10.891506317999999 48.361558938000002)",Unfall 214831 (2022) Kat:3, Licht: 0,214831,3,7,0,05,12,5,0,0,0,0,0,0,0,1
"POINT (10.903851853000001 48.362155160999997)",Unfall 214854 (2022) Kat:3, Licht: 0,214854,3,7,0,05,06,6,0,0,1,0,0,0,0,0
"POINT (10.876942423000100 48.361146738999999)",Unfall 214897 (2022) Kat:3, Licht: 2,214897,3,1,1,05,21,6,0,2,0,1,0,1,0,0
"POINT (10.899967612000101 48.341219405000103)",Unfall 214909 (2022) Kat:2, Licht: 0,214909,2,1,0,05,10,5,0,0,1,0,0,0,0,0
"POINT (10.913575894000100 48.357675475000100)",Unfall 214965 (2022) Kat:3, Licht: 0,214965,3,6,4,05,17,1,0,0,1,0,1,0,0,0
"POINT (10.863907457000000 48.381273065000101)",Unfall 214991 (2022) Kat:3, Licht: 0,214991,3,1,0,06,11,2,0,0,1,0,0,0,0,0
"POINT (10.895244913000100 48.356611186000102)",Unfall 215051 (2022) Kat:3, Licht: 0,215051,3,1,1,06,14,1,0,0,1,1,0,0,0,0
"POINT (10.885954413000000 48.353308945000002)",Unfall 215066 (2022) Kat:3, Licht: 0,215066,3,1,2,06,10,6,0,0,0,1,0,0,1,0
"POINT (10.880134036000101 48.372811253000101)",Unfall 215074 (2022) Kat:3, Licht: 0,215074,3,6,4,06,18,5,0,0,1,0,0,0,0,1
"POINT (10.886906911000001 48.377998471000097)",Unfall 215105 (2022) Kat:3, Licht: 0,215105,3,7,0,06,09,2,0,0,1,0,0,0,0,0
"POINT (10.909353781000000 48.370816480000002)",Unfall 215168 (2022) Kat:3, Licht: 0,215168,3,1,0,05,12,3,0,0,0,0,0,0,0,1
"POINT (10.884484413999999 48.378311990000000)",Unfall 215177 (2022) Kat:3, Licht: 0,215177,3,7,0,06,09,1,1,0,0,0,0,1,0,0
"POINT (10.885381427000000 48.355282746999997)",Unfall 215188 (2022) Kat:3, Licht: 0,215188,3,3,6,06,05,7,0,0,0,1,1,0,0,0
"POINT (10.854565212000100 48.379898273999999)",Unfall 215195 (2022) Kat:3, Licht: 0,215195,3,7,6,05,19,6,0,0,1,0,1,0,0,0
"POINT (10.878341220999999 48.370120038000003)",Unfall 215229 (2022) Kat:3, Licht: 0,215229,3,6,2,06,19,2,0,0,0,1,0,0,0,0
"POINT (10.906907395000101 48.314017321999998)",Unfall 215274 (2022) Kat:3, Licht: 0,215274,3,3,5,06,13,6,0,0,0,1,0,0,0,0
"POINT (10.876120950000001 48.381744871000102)",Unfall 215281 (2022) Kat:3, Licht: 0,215281,3,3,5,06,07,6,0,0,1,1,0,0,0,0
"POINT (10.903851853000001 48.362155160999997)",Unfall 215298 (2022) Kat:3, Licht: 2,215298,3,7,8,05,22,7,0,2,0,0,0,1,0,0
"POINT (10.871271616000101 48.371732184000102)",Unfall 215307 (2022) Kat:3, Licht: 0,215307,3,1,0,06,12,4,0,0,1,0,0,0,0,0
"POINT (10.864810718000101 48.380850629000101)",Unfall 215339 (2022) Kat:3, Licht: 0,215339,3,3,5,05,16,2,0,0,1,0,0,0,0,1
"POINT (10.869372181000100 48.337991015999997)",Unfall 215363 (2022) Kat:3, Licht: 0,215363,3,1,0,06,17,6,0,0,1,0,0,0,0,0
"POINT (10.870377577000101 48.386092007999999)",Unfall 215367 (2022) Kat:3, Licht: 0,215367,3,7,0,06,20,3,0,0,1,1,0,0,0,0
"POINT (10.917626644000100 48.366443646999997)",Unfall 215382 (2022) Kat:2, Licht: 0,215382,2,1,0,05,15,6,0,0,1,0,0,0,0,0
"POINT (10.872612109000000 48.385440182000103)",Unfall 215406 (2022) Kat:3, Licht: 0,215406,3,3,5,06,05,5,0,0,0,1,0,0,0,0
"POINT (10.888039809000100 48.365832818999998)",Unfall 215411 (2022) Kat:3, Licht: 0,215411,3,4,6,06,15,6,0,0,1,0,1,0,0,0
"POINT (10.869998222000000 48.381291975000103)",Unfall 215425 (2022) Kat:3, Licht: 0,215425,3,3,0,06,10,4,0,0,0,1,0,1,0,0
"POINT (10.847635745000000 48.385220222999997)",Unfall 215454 (2022) Kat:3, Licht: 2,215454,3,3,5,06,22,2,1,2,0,1,0,0,0,0
"POINT (10.893677137000100 48.367680909999997)",Unfall 215464 (2022) Kat:3, Licht: 0,215464,3,3,5,05,15,2,0,0,0,1,0,0,0,1
"POINT (10.887360304000000 48.366029792000099)",Unfall 215471 (2022) Kat:3, Licht: 0,215471,3,3,5,05,18,7,0,0,1,1,0,0,0,0
"POINT (10.897055020000000 48.370352320999999)",Unfall 215490 (2022) Kat:3, Licht: 0,215490,3,7,0,06,11,6,0,0,1,0,0,0,0,0
"POINT (10.892870122000000 48.377140210999997)",Unfall 215510 (2022) Kat:1, Licht: 0,215510,1,7,6,05,13,6,0,0,0,0,1,0,0,1
"POINT (10.922774435000100 48.412828698000098)",Unfall 215542 (2022) Kat:3, Licht: 0,215542,3,1,0,06,16,2,0,0,0,0,0,1,0,0
"POINT (10.904809032000101 48.370273460000099)",Unfall 215583 (2022) Kat:3, Licht: 0,215583,3,7,0,06,12,6,0,0,1,0,0,0,0,0
"POINT (10.868218172000100 48.338233085000098)",Unfall 215591 (2022) Kat:3, Licht: 0,215591,3,1,2,06,14,2,0,0,0,1,0,0,0,0
"POINT (10.916732069000000 48.372197893000099)",Unfall 215664 (2022) Kat:3, Licht: 0,215664,3,2,5,06,15,4,1,0,1,1,0,0,0,0
"POINT (10.898109902000000 48.352674378000103)",Unfall 215730 (2022) Kat:3, Licht: 0,215730,3,3,5,06,17,4,0,0,0,1,0,0,0,1
"POINT (10.882412078000099 48.366080522000097)",Unfall 215734 (2022) Kat:3, Licht: 0,215734,3,3,5,05,16,7,0,0,1,1,0,0,0,0
"POINT (10.871647479000000 48.355054332000101)",Unfall 215751 (2022) Kat:3, Licht: 1,215751,3,6,4,06,18,6,1,1,1,1,0,0,0,0
"POINT (10.885915985000100 48.347740709000000)",Unfall 215758 (2022) Kat:3, Licht: 0,215758,3,1,0,05,14,3,0,0,1,0,0,0,0,0
"POINT (10.859268372000001 48.380287187000100)",Unfall 215778 (2022) Kat:3, Licht: 0,215778,3,7,0,05,19,2,0,0,1,0,1,0,0,0
"POINT (10.940771179000000 48.359697197000102)",Unfall 215797 (2022) Kat:3, Licht: 0,215797,3,2,5,06,15,6,0,0,1,1,0,0,0,0
"POINT (10.899402910999999 48.365348126000100)",Unfall 215825 (2022) Kat:3, Licht: 0,215825,3,7,0,05,15,2,0,0,1,0,0,0,0,0
"POINT (10.877009321999999 48.379824959000103)",Unfall 215826 (2022) Kat:3, Licht: 2,215826,3,3,5,06,22,7,0,2,0,1,0,0,0,0
"POINT (10.884117643000000 48.378356447000002)",Unfall 215838 (2022) Kat:3, Licht: 0,215838,3,7,0,06,14,7,0,0,1,0,0,0,0,0
"POINT (10.889694975999999 48.366073594000099)",Unfall 215878 (2022) Kat:3, Licht: 0,215878,3,5,1,06,16,4,1,0,1,1,0,0,0,0
"POINT (10.870965605000000 48.362930683000101)",Unfall 215887 (2022) Kat:3, Licht: 2,215887,3,4,6,05,21,6,0,2,0,0,1,1,0,0
"POINT (10.876412799000001 48.379066603000098)",Unfall 215906 (2022) Kat:3, Licht: 0,215906,3,3,5,05,07,2,0,0,0,1,0,0,0,0
"POINT (10.883832749000000 48.381429055000098)",Unfall 215914 (2022) Kat:3, Licht: 0,215914,3,6,3,05,17,7,0,0,1,1,0,0,0,0
"POINT (10.894872603000101 48.347734287000002)",Unfall 215926 (2022) Kat:3, Licht: 0,215926,3,1,0,06,08,6,0,0,1,0,0,0,0,0
"POINT (10.919794868000100 48.394094570999997)",Unfall 215933 (2022) Kat:3, Licht: 0,215933,3,1,0,06,14,6,0,0,1,0,0,0,0,0
"POINT (10.881866602000100 48.393655391999999)",Unfall 215954 (2022) Kat:3, Licht: 0,215954,3,3,0,05,13,2,0,0,0,1,0,0,0,1
"POINT (10.878965305000101 48.370828878000097)",Unfall 216007 (2022) Kat:3, Licht: 1,216007,3,3,5,05,20,6,0,1,1,1,0,0,0,0
"POINT (10.893213075000100 48.364043202000097)",Unfall 216018 (2022) Kat:3, Licht: 0,216018,3,2,5,06,09,3,1,0,1,1,0,0,0,0
"POINT (10.951420295000000 48.339750894000098)",Unfall 216021 (2022) Kat:2, Licht: 0,216021,2,1,0,06,16,6,0,0,1,0,0,0,0,0
"POINT (10.874691288000101 48.380615503000101)",Unfall 216032 (2022) Kat:3, Licht: 0,216032,3,3,5,05,15,6,0,0,1,1,0,0,0,0
"POINT (10.907657324000100 48.367843741000101)",Unfall 216071 (2022) Kat:3, Licht: 0,216071,3,7,0,06,08,4,0,0,1,1,0,0,0,0
"POINT (10.901482710000000 48.352253867000101)",Unfall 216121 (2022) Kat:2, Licht: 0,216121,2,2,3,06,07,3,0,0,1,1,0,0,0,0
"POINT (10.898260522999999 48.368720924000101)",Unfall 216126 (2022) Kat:3, Licht: 0,216126,3,4,6,06,18,5,0,0,1,0,1,0,0,0
"POINT (10.907981289000100 48.303729716000099)",Unfall 216186 (2022) Kat:3, Licht: 0,216186,3,1,1,06,10,2,0,0,1,1,0,0,0,0
"POINT (10.908640990000000 48.370416921000100)",Unfall 216201 (2022) Kat:3, Licht: 0,216201,3,6,2,06,19,3,0,0,0,1,0,1,0,0
"POINT (10.856946196000001 48.396472611000000)",Unfall 216239 (2022) Kat:3, Licht: 0,216239,3,1,0,06,17,1,0,0,1,0,0,0,0,0
"POINT (10.900135526000000 48.377229978000102)",Unfall 216241 (2022) Kat:3, Licht: 2,216241,3,3,5,06,23,1,0,2,1,1,0,0,0,0
"POINT (10.895859342000101 48.370166009999998)",Unfall 216245 (2022) Kat:3, Licht: 0,216245,3,3,5,06,19,5,0,0,1,0,0,0,0,0
"POINT (10.900520662000099 48.298098086000003)",Unfall 216265 (2022) Kat:3, Licht: 0,216265,3,1,5,06,07,3,0,0,0,1,0,1,0,0
"POINT (10.915516165000000 48.354484242000098)",Unfall 216311 (2022) Kat:3, Licht: 0,216311,3,1,5,06,12,6,0,0,1,1,0,0,0,0
"POINT (10.871391708999999 48.398926061000097)",Unfall 216367 (2022) Kat:3, Licht: 2,216367,3,3,5,06,23,1,0,2,0,1,0,0,0,0
"POINT (10.902688863000000 48.358693768000101)",Unfall 216374 (2022) Kat:3, Licht: 0,216374,3,3,5,06,16,4,0,0,1,1,0,0,0,0
"POINT (10.898237477000100 48.368856053999998)",Unfall 216398 (2022) Kat:3, Licht: 0,216398,3,4,6,06,12,2,0,0,0,0,1,0,0,1
"POINT (10.924992179000100 48.383674896999999)",Unfall 216404 (2022) Kat:3, Licht: 0,216404,3,1,0,06,14,7,0,0,0,0,0,0,0,1
"POINT (10.900038085000100 48.363158951999999)",Unfall 216573 (2022) Kat:3, Licht: 0,216573,3,7,0,06,16,4,0,0,0,0,0,1,0,0
"POINT (10.881234925000101 48.353457677999998)",Unfall 216614 (2022) Kat:3, Licht: 0,216614,3,2,8,06,13,6,0,0,0,0,0,1,0,0
"POINT (10.871191401999999 48.369799477000100)",Unfall 216668 (2022) Kat:3, Licht: 1,216668,3,1,0,06,21,3,0,1,1,0,0,0,0,0
"POINT (10.885806504000101 48.345255512000101)",Unfall 216683 (2022) Kat:3, Licht: 0,216683,3,1,5,06,17,4,1,0,1,1,0,0,0,0
"POINT (10.904484752000000 48.358515614000098)",Unfall 216699 (2022) Kat:2, Licht: 0,216699,2,7,0,06,18,3,0,0,1,0,0,0,0,0
"POINT (10.903326752000099 48.370377339000100)",Unfall 216700 (2022) Kat:3, Licht: 0,216700,3,7,5,06,18,1,0,0,1,1,0,0,0,0
"POINT (10.871928076000099 48.368927876000001)",Unfall 216712 (2022) Kat:3, Licht: 0,216712,3,7,0,06,08,2,0,0,1,1,0,0,0,0
"POINT (10.926703674000100 48.357097243000098)",Unfall 216713 (2022) Kat:3, Licht: 0,216713,3,1,4,06,08,4,0,0,1,1,0,0,0,0
"POINT (10.905822628000100 48.381326780000101)",Unfall 216794 (2022) Kat:3, Licht: 2,216794,3,1,0,06,23,3,0,2,1,0,0,0,0,0
"POINT (10.936756167000100 48.409205292000102)",Unfall 216836 (2022) Kat:3, Licht: 0,216836,3,1,8,06,12,2,0,0,0,0,0,1,0,0
"POINT (10.899573745000099 48.364901712000098)",Unfall 216854 (2022) Kat:3, Licht: 0,216854,3,7,0,06,13,6,0,0,1,0,0,0,0,0
"POINT (10.901007710000000 48.370647926000103)",Unfall 216903 (2022) Kat:3, Licht: 2,216903,3,2,3,06,00,1,0,2,1,1,0,0,0,0
"POINT (10.901110600000001 48.372200261000003)",Unfall 216935 (2022) Kat:3, Licht: 0,216935,3,7,0,06,07,7,0,0,0,0,0,0,0,1
"POINT (10.903361765000099 48.403867970000100)",Unfall 216950 (2022) Kat:3, Licht: 0,216950,3,3,0,06,06,3,0,0,1,0,0,0,0,0
"POINT (10.900916530000099 48.370678499000100)",Unfall 216965 (2022) Kat:3, Licht: 0,216965,3,2,3,06,09,4,0,0,1,1,0,0,0,0
"POINT (10.923956793000100 48.377725437000002)",Unfall 216967 (2022) Kat:3, Licht: 0,216967,3,1,0,06,14,5,0,0,0,1,0,0,0,0
"POINT (10.915820058000101 48.361188024000100)",Unfall 216977 (2022) Kat:3, Licht: 0,216977,3,1,0,06,13,5,0,0,1,0,0,0,0,0
"POINT (10.885608226000000 48.355205196000000)",Unfall 216983 (2022) Kat:3, Licht: 0,216983,3,1,3,06,13,7,0,0,1,1,0,0,0,0
"POINT (10.944255260000000 48.339453339999999)",Unfall 217008 (2022) Kat:2, Licht: 0,217008,2,1,0,06,20,6,0,0,1,0,0,0,0,0
"POINT (10.925800552000100 48.379030895000000)",Unfall 217062 (2022) Kat:3, Licht: 0,217062,3,5,1,06,04,2,1,0,0,1,0,0,0,0
"POINT (10.906675421999999 48.311910185999999)",Unfall 217063 (2022) Kat:3, Licht: 0,217063,3,1,0,06,10,5,0,0,1,1,0,0,0,1
"POINT (10.885570478000000 48.378642696999997)",Unfall 217074 (2022) Kat:3, Licht: 2,217074,3,3,5,06,21,6,1,2,0,1,0,0,0,0
"POINT (10.894750362000000 48.366700686000101)",Unfall 217127 (2022) Kat:3, Licht: 2,217127,3,7,6,07,23,7,0,2,0,0,1,0,0,1
"POINT (10.877868682000001 48.355106261000103)",Unfall 217142 (2022) Kat:3, Licht: 0,217142,3,1,4,06,16,4,0,0,1,0,0,0,0,0
"POINT (10.864304393000101 48.357778993000103)",Unfall 217144 (2022) Kat:3, Licht: 0,217144,3,3,5,06,15,5,0,0,1,0,0,0,0,1
"POINT (10.940655420000001 48.348426726000099)",Unfall 217186 (2022) Kat:3, Licht: 0,217186,3,3,5,07,19,1,0,0,0,1,0,0,0,0
"POINT (10.897337976000101 48.359903587000098)",Unfall 217190 (2022) Kat:3, Licht: 1,217190,3,3,5,06,20,4,0,1,0,1,0,1,0,0
"POINT (10.919596439999999 48.413556373000098)",Unfall 217234 (2022) Kat:3, Licht: 0,217234,3,3,0,06,19,7,0,0,1,1,0,0,0,0
"POINT (10.917876394000100 48.380927219999997)",Unfall 217277 (2022) Kat:3, Licht: 2,217277,3,5,1,07,01,7,0,2,1,1,0,0,0,0