WKT,Name,OBJECTID,UKATEGORIE,UTYP1,UART,UMONAT,USTUNDE,UWOCHENTAG,STRZUSTAND,ULICHTVERH,ISTRAD,ISTPKW,ISTFUSS,ISTKRAD,ISTGKFZ,ISTSONSTIG
"POINT (10.924575854000100 48.413366226000100)",Unfall 217278 (2022) Kat:3, Licht: 0,217278,3,3,5,06,17,2,0,0,1,1,0,0,0,0
"POINT (10.858352071000100 48.385036205000098)",Unfall 217313 (2022) Kat:3, Licht: 0,217313,3,6,2,06,10,1,0,0,0,1,0,0,0,0
"POINT (10.894571596000000 48.320568113000000)",Unfall 217356 (2022) Kat:3, Licht: 0,217356,3,1,5,06,12,7,0,0,1,1,0,0,0,0
"POINT (10.905297561999999 48.352340171999998)",Unfall 217367 (2022) Kat:3, Licht: 0,217367,3,1,0,07,16,3,0,0,1,0,0,0,0,0
"POINT (10.859589973000000 48.391077086999999)",Unfall 217392 (2022) Kat:3, Licht: 0,217392,3,2,5,06,13,7,0,0,1,1,0,0,0,0
"POINT (10.901004468000099 48.370690703999998)",Unfall 217397 (2022) Kat:3, Licht: 0,217397,3,3,5,06,15,4,0,0,1,1,0,0,0,0
"POINT (10.912035964999999 48.373752562000000)",Unfall 217399 (2022) Kat:3, Licht: 0,217399,3,7,0,06,13,5,0,0,1,0,0,0,0,0
"POINT (10.909295472000100 48.370362925999999)",Unfall 217408 (2022) Kat:3, Licht: 0,217408,3,1,9,07,08,2,0,0,0,1,0,0,0,0
"POINT (10.893138801000100 48.368947861999999)",Unfall 217411 (2022) Kat:3, Licht: 0,217411,3,6,3,06,15,5,0,0,1,1,0,0,0,0
"POINT (10.897160799000099 48.349613754000103)",Unfall 217414 (2022) Kat:3, Licht: 1,217414,3,1,0,07,20,3,0,1,1,0,0,0,0,0
"POINT (10.892900197000101 48.371078062999999)",Unfall 217426 (2022) Kat:3, Licht: 0,217426,3,6,1,06,08,2,0,0,1,1,0,0,0,0
"POINT (10.899233079000100 48.331617070000000)",Unfall 217442 (2022) Kat:2, Licht: 0,217442,2,2,4,07,12,2,0,0,1,1,0,0,0,0
"POINT (10.944386111000000 48.353979642000098)",Unfall 217514 (2022) Kat:3, Licht: 0,217514,3,1,0,06,18,4,0,0,1,0,0,0,0,0
"POINT (10.896124574000099 48.397655985000000)",Unfall 217531 (2022) Kat:3, Licht: 0,217531,3,1,0,06,09,7,0,0,1,0,0,0,0,0
"POINT (10.911978231000001 48.383986264999997)",Unfall 217542 (2022) Kat:3, Licht: 0,217542,3,1,0,07,20,7,0,0,1,0,0,0,0,0
"POINT (10.880385987000100 48.392740985000003)",Unfall 217567 (2022) Kat:3, Licht: 0,217567,3,3,5,07,07,3,0,0,1,1,0,0,0,0
"POINT (10.855443460000100 48.383922607999999)",Unfall 217608 (2022) Kat:3, Licht: 0,217608,3,3,5,07,09,1,0,0,1,1,0,0,0,0
"POINT (10.852991789000001 48.340111642000103)",Unfall 217614 (2022) Kat:3, Licht: 0,217614,3,7,0,06,20,5,0,0,1,0,0,0,0,1
"POINT (10.915644030000101 48.360916207000102)",Unfall 217628 (2022) Kat:3, Licht: 0,217628,3,3,5,07,11,7,0,0,1,1,0,0,0,0
"POINT (10.873210074999999 48.352938790000103)",Unfall 217657 (2022) Kat:3, Licht: 0,217657,3,1,2,07,09,1,0,0,0,1,0,1,0,0
"POINT (10.942579125000099 48.354009425000100)",Unfall 217660 (2022) Kat:3, Licht: 0,217660,3,5,1,07,14,2,0,0,1,1,0,0,0,0
"POINT (10.898220515000000 48.367941524999999)",Unfall 217666 (2022) Kat:3, Licht: 0,217666,3,7,0,07,14,3,0,0,1,0,0,0,0,0
"POINT (10.899112411000001 48.377063649999997)",Unfall 217687 (2022) Kat:3, Licht: 0,217687,3,7,0,06,10,1,0,0,1,0,0,0,0,0
"POINT (10.871138040000099 48.362977048000097)",Unfall 217700 (2022) Kat:3, Licht: 0,217700,3,1,0,07,10,7,0,0,1,0,0,0,0,0
"POINT (10.868295356999999 48.360781793999998)",Unfall 217723 (2022) Kat:3, Licht: 0,217723,3,3,5,07,15,4,0,0,1,0,0,0,0,1
"POINT (10.865797582000001 48.367989551000100)",Unfall 217769 (2022) Kat:3, Licht: 0,217769,3,3,5,06,07,5,0,0,1,1,0,0,0,0
"POINT (10.888592942000100 48.354089773000098)",Unfall 217785 (2022) Kat:2, Licht: 0,217785,2,2,0,07,15,3,0,0,1,1,0,0,0,0
"POINT (10.916308436000101 48.382441905000100)",Unfall 217813 (2022) Kat:3, Licht: 0,217813,3,5,0,07,19,1,0,0,1,1,0,0,0,0
"POINT (10.885483143000000 48.343922156000097)",Unfall 217818 (2022) Kat:3, Licht: 0,217818,3,1,5,06,13,1,0,0,0,1,0,0,0,0
"POINT (10.902435024000100 48.358300499000102)",Unfall 217865 (2022) Kat:3, Licht: 0,217865,3,1,0,07,18,2,0,0,1,0,0,0,0,0
"POINT (10.910480812000101 48.395744889000099)",Unfall 217895 (2022) Kat:3, Licht: 0,217895,3,6,0,06,18,7,0,0,1,1,0,0,0,0
"POINT (10.858721505000100 48.373112542000101)",Unfall 217913 (2022) Kat:3, Licht: 0,217913,3,5,1,06,17,4,0,0,0,1,0,0,0,1
"POINT (10.864645053000100 48.395889861999997)",Unfall 217916 (2022) Kat:2, Licht: 0,217916,2,3,5,07,10,6,0,0,0,1,0,0,0,1
"POINT (10.911844178000001 48.333495616999997)",Unfall 217940 (2022) Kat:3, Licht: 0,217940,3,1,0,06,07,1,0,0,0,0,0,0,0,1
"POINT (10.900015918000101 48.359563725999998)",Unfall 217953 (2022) Kat:3, Licht: 0,217953,3,1,3,07,13,7,0,0,0,1,0,0,0,0
"POINT (10.889162826000099 48.365270555000102)",Unfall 217988 (2022) Kat:3, Licht: 0,217988,3,3,5,06,14,1,0,0,0,1,0,0,0,1
"POINT (10.906992985000000 48.370211342000097)",Unfall 218017 (2022) Kat:3, Licht: 0,218017,3,6,2,06,15,7,0,0,0,1,0,0,0,0
"POINT (10.901772334000000 48.369102802999997)",Unfall 218035 (2022) Kat:3, Licht: 0,218035,3,7,0,06,17,1,0,0,1,0,0,0,0,0
"POINT (10.914770894000100 48.398200543000002)",Unfall 218036 (2022) Kat:3, Licht: 0,218036,3,3,5,06,07,5,0,0,1,1,0,0,0,0
"POINT (10.877648528000099 48.349403580999997)",Unfall 218039 (2022) Kat:3, Licht: 0,218039,3,1,0,07,13,3,0,0,1,0,0,0,0,0
"POINT (10.910761620000100 48.311106591000097)",Unfall 218068 (2022) Kat:3, Licht: 0,218068,3,1,0,07,18,2,0,0,1,1,0,0,0,0
"POINT (10.873943709000100 48.355024769000103)",Unfall 218070 (2022) Kat:3, Licht: 0,218070,3,1,0,06,14,1,0,0,1,0,0,0,0,0
"POINT (10.854021285000000 48.352777023000002)",Unfall 218128 (2022) Kat:2, Licht: 0,218128,2,3,5,06,14,3,0,0,0,1,0,1,0,0
"POINT (10.909440974000100 48.370222646999999)",Unfall 218167 (2022) Kat:3, Licht: 0,218167,3,1,0,07,14,5,1,0,0,0,0,1,0,0
"POINT (10.905127043000000 48.307967554000101)",Unfall 218185 (2022) Kat:3, Licht: 2,218185,3,1,5,07,00,5,0,2,0,1,0,0,0,0
"POINT (10.892741687000100 48.366507362999997)",Unfall 218239 (2022) Kat:3, Licht: 0,218239,3,6,1,07,19,5,0,0,0,1,0,0,0,0
"POINT (10.868467749000001 48.374259032000097)",Unfall 218339 (2022) Kat:3, Licht: 2,218339,3,1,0,07,01,1,0,2,0,0,0,1,0,0
"POINT (10.881743413000001 48.393460592000103)",Unfall 218361 (2022) Kat:3, Licht: 0,218361,3,1,2,07,15,7,0,0,0,1,0,1,0,0
"POINT (10.930308575000000 48.372916998000100)",Unfall 218382 (2022) Kat:3, Licht: 0,218382,3,4,6,07,07,7,0,0,1,0,1,0,0,0
"POINT (10.866814838000000 48.380894814000001)",Unfall 218403 (2022) Kat:3, Licht: 2,218403,3,3,5,07,22,3,0,2,0,1,0,0,0,1
"POINT (10.867237395000100 48.399113525000097)",Unfall 218406 (2022) Kat:3, Licht: 0,218406,3,7,0,07,17,2,0,0,1,0,1,0,0,0
"POINT (10.891492441000000 48.361538932000002)",Unfall 218429 (2022) Kat:2, Licht: 0,218429,2,1,0,07,18,6,0,0,1,0,0,0,0,0
"POINT (10.868447201000000 48.359487061999999)",Unfall 218430 (2022) Kat:3, Licht: 0,218430,3,1,0,07,16,6,0,0,1,0,0,0,0,0
"POINT (10.887799479000000 48.374800237999999)",Unfall 218439 (2022) Kat:3, Licht: 0,218439,3,7,3,07,07,3,0,0,1,1,0,0,0,0
"POINT (10.880916459000000 48.400152741000099)",Unfall 218471 (2022) Kat:3, Licht: 0,218471,3,6,4,07,06,5,0,0,1,0,0,0,0,1
"POINT (10.894648493000000 48.295366812000097)",Unfall 218505 (2022) Kat:3, Licht: 0,218505,3,1,0,07,07,5,0,0,0,1,0,0,0,0
"POINT (10.868710914000101 48.356410309000097)",Unfall 218514 (2022) Kat:3, Licht: 0,218514,3,5,1,07,14,6,0,0,1,1,0,0,0,0
"POINT (10.923817038999999 48.375284722000103)",Unfall 218544 (2022) Kat:2, Licht: 0,218544,2,3,5,07,20,7,0,0,0,1,0,0,0,1
"POINT (10.876656724000000 48.380649489000099)",Unfall 218568 (2022) Kat:3, Licht: 0,218568,3,1,0,07,10,5,0,0,1,0,0,0,0,0
"POINT (10.884375287000100 48.345435848000101)",Unfall 218580 (2022) Kat:3, Licht: 0,218580,3,2,4,07,20,1,0,0,1,1,0,0,0,0
"POINT (10.862875812000000 48.374142663999997)",Unfall 218598 (2022) Kat:3, Licht: 2,218598,3,1,0,07,23,6,0,2,0,0,0,0,0,1
"POINT (10.857712660000100 48.308203615000103)",Unfall 218621 (2022) Kat:3, Licht: 0,218621,3,1,5,07,15,5,0,0,1,0,0,0,0,1
"POINT (10.859520644000000 48.384924648000002)",Unfall 218645 (2022) Kat:3, Licht: 0,218645,3,3,5,07,07,3,0,0,1,1,0,0,0,0
"POINT (10.873370219000000 48.363586354000098)",Unfall 218649 (2022) Kat:2, Licht: 0,218649,2,7,0,07,13,2,0,0,1,0,0,0,0,0
"POINT (10.941179773000000 48.361270363000102)",Unfall 218662 (2022) Kat:3, Licht: 0,218662,3,1,0,07,11,2,0,0,1,0,0,0,0,0
"POINT (10.910512433000100 48.339879512000003)",Unfall 218679 (2022) Kat:3, Licht: 0,218679,3,7,0,07,08,5,0,0,1,0,1,0,0,0
"POINT (10.866874596000100 48.380869109999999)",Unfall 218688 (2022) Kat:3, Licht: 2,218688,3,1,0,07,23,6,0,2,1,0,0,0,0,0
"POINT (10.891974653000000 48.368505235999997)",Unfall 218700 (2022) Kat:3, Licht: 0,218700,3,6,2,07,15,2,0,0,0,1,0,0,0,0
"POINT (10.869911928000001 48.342260039000102)",Unfall 218859 (2022) Kat:2, Licht: 0,218859,2,1,5,07,10,6,0,0,0,1,0,1,0,0
"POINT (10.882786347000000 48.378514303000003)",Unfall 218869 (2022) Kat:3, Licht: 0,218869,3,6,2,07,15,3,0,0,0,1,0,0,0,0
"POINT (10.907075594000000 48.335719944000097)",Unfall 218889 (2022) Kat:3, Licht: 0,218889,3,1,0,07,19,5,1,0,1,0,0,0,0,0
"POINT (10.881566040000100 48.398197574999998)",Unfall 218897 (2022) Kat:3, Licht: 0,218897,3,4,6,07,18,6,0,0,0,1,1,0,0,0
"POINT (10.899103635000101 48.366060683000100)",Unfall 218903 (2022) Kat:3, Licht: 2,218903,3,1,0,07,01,7,0,2,0,0,0,0,0,1
"POINT (10.898760558999999 48.366818205000101)",Unfall 218921 (2022) Kat:3, Licht: 0,218921,3,6,3,07,10,3,0,0,1,1,0,0,0,0
"POINT (10.896900925000100 48.325138080999999)",Unfall 218939 (2022) Kat:3, Licht: 0,218939,3,2,4,07,15,5,0,0,0,1,0,0,0,0
"POINT (10.870306707000100 48.380925557000097)",Unfall 218963 (2022) Kat:3, Licht: 0,218963,3,1,2,07,08,2,0,0,0,1,0,0,0,0
"POINT (10.898996003000001 48.337547563999998)",Unfall 218983 (2022) Kat:3, Licht: 2,218983,3,3,5,07,02,1,1,2,0,1,0,0,0,0
"POINT (10.903558461999999 48.366312897000100)",Unfall 219000 (2022) Kat:3, Licht: 0,219000,3,6,2,07,11,2,0,0,0,1,0,0,0,0
"POINT (10.941563249000099 48.354087010000100)",Unfall 219005 (2022) Kat:3, Licht: 0,219005,3,6,2,07,14,7,0,0,0,1,0,1,0,0
"POINT (10.883751715000100 48.366728839000103)",Unfall 219034 (2022) Kat:3, Licht: 2,219034,3,7,9,07,23,6,0,2,1,0,0,0,0,0
"POINT (10.879807295999999 48.402284442999999)",Unfall 219072 (2022) Kat:3, Licht: 0,219072,3,2,3,07,10,6,0,0,0,1,0,0,0,1
"POINT (10.871640181000000 48.360919537000001)",Unfall 219136 (2022) Kat:3, Licht: 0,219136,3,6,1,07,07,2,0,0,1,1,0,0,0,0
"POINT (10.881545062000001 48.388579301000000)",Unfall 219172 (2022) Kat:3, Licht: 0,219172,3,3,6,07,16,6,0,0,0,1,1,0,0,0
"POINT (10.905685320000000 48.370133683000098)",Unfall 219198 (2022) Kat:2, Licht: 0,219198,2,6,3,07,21,6,0,0,1,1,0,0,0,0
"POINT (10.930411199000000 48.370449237000102)",Unfall 219218 (2022) Kat:3, Licht: 0,219218,3,2,5,07,18,5,0,0,1,1,0,0,0,0
"POINT (10.881095091000100 48.365702831000100)",Unfall 219219 (2022) Kat:3, Licht: 0,219219,3,6,2,07,19,4,0,0,0,1,0,0,0,1
"POINT (10.883813478000000 48.373967086999997)",Unfall 219245 (2022) Kat:3, Licht: 2,219245,3,1,0,07,23,5,0,2,1,0,0,0,0,0
"POINT (10.866520325000099 48.367234912000100)",Unfall 219322 (2022) Kat:3, Licht: 0,219322,3,4,6,07,07,6,0,0,0,1,1,0,0,0
"POINT (10.881799816000100 48.393865050000002)",Unfall 219333 (2022) Kat:3, Licht: 0,219333,3,6,1,07,21,5,0,0,0,1,0,0,0,0
"POINT (10.908330913000000 48.361875451000103)",Unfall 219340 (2022) Kat:3, Licht: 0,219340,3,2,4,07,09,4,0,0,1,1,0,0,0,0
"POINT (10.904181653000000 48.365094958999997)",Unfall 219360 (2022) Kat:3, Licht: 0,219360,3,3,4,07,11,2,0,0,0,1,0,0,0,0
"POINT (10.948802568000101 48.355305166999997)",Unfall 219392 (2022) Kat:2, Licht: 0,219392,2,2,4,07,18,5,0,0,1,0,0,0,0,0
"POINT (10.879547512000000 48.365327106000102)",Unfall 219470 (2022) Kat:2, Licht: 0,219470,2,2,5,07,07,4,0,0,0,1,0,0,0,1
"POINT (10.902317973000001 48.396080376999997)",Unfall 219488 (2022) Kat:3, Licht: 0,219488,3,2,4,07,13,5,0,0,1,1,0,0,0,0
"POINT (10.898243162000000 48.346303634000002)",Unfall 219502 (2022) Kat:3, Licht: 0,219502,3,2,3,07,09,4,0,0,1,1,0,0,0,0
"POINT (10.878438763000100 48.370129413000001)",Unfall 219527 (2022) Kat:3, Licht: 0,219527,3,7,0,07,19,5,0,0,0,0,0,1,0,0
"POINT (10.894900435000100 48.364348404000097)",Unfall 219541 (2022) Kat:3, Licht: 0,219541,3,6,2,07,20,1,0,0,0,1,0,1,0,0
"POINT (10.893870993000100 48.309092051999997)",Unfall 219548 (2022) Kat:3, Licht: 0,219548,3,3,5,07,08,4,0,0,1,1,0,0,0,0
"POINT (10.893846970000000 48.308415104000098)",Unfall 219561 (2022) Kat:3, Licht: 0,219561,3,1,0,07,14,6,0,0,1,0,0,0,0,0
"POINT (10.898245423000001 48.346309967000103)",Unfall 219575 (2022) Kat:3, Licht: 0,219575,3,1,4,07,19,4,0,0,0,1,0,0,0,0
"POINT (10.904845254000101 48.363882642000100)",Unfall 219585 (2022) Kat:3, Licht: 2,219585,3,1,0,07,03,3,1,2,1,0,0,0,0,0
"POINT (10.888733085000100 48.370954808000100)",Unfall 219634 (2022) Kat:3, Licht: 0,219634,3,3,0,07,14,5,0,0,0,1,0,1,0,0
"POINT (10.857393129000100 48.380410199000004)",Unfall 219637 (2022) Kat:3, Licht: 0,219637,3,7,0,07,11,6,0,0,1,1,0,0,0,0
"POINT (10.952360715999999 48.356096235999999)",Unfall 219660 (2022) Kat:3, Licht: 0,219660,3,3,0,07,10,4,0,0,1,1,0,0,0,0
"POINT (10.896747478000099 48.361986055000003)",Unfall 219664 (2022) Kat:3, Licht: 0,219664,3,3,4,07,09,4,0,0,0,1,0,0,0,0
"POINT (10.859729413000000 48.373012906000000)",Unfall 219670 (2022) Kat:3, Licht: 0,219670,3,6,2,07,12,2,0,0,0,1,0,0,0,0
"POINT (10.885905542000000 48.367748117000097)",Unfall 219687 (2022) Kat:3, Licht: 2,219687,3,7,0,07,04,1,0,2,1,0,0,0,0,0
"POINT (10.903954460000000 48.365750104000000)",Unfall 219689 (2022) Kat:2, Licht: 0,219689,2,2,5,07,15,5,0,0,0,1,0,1,0,0
"POINT (10.871970627000101 48.363098917999999)",Unfall 219700 (2022) Kat:3, Licht: 0,219700,3,4,0,07,10,6,0,0,1,0,1,0,0,0
"POINT (10.897979099000100 48.370548492000097)",Unfall 219711 (2022) Kat:3, Licht: 0,219711,3,2,5,07,20,6,0,0,0,1,0,1,0,0
"POINT (10.860305268999999 48.380364126000103)",Unfall 219720 (2022) Kat:3, Licht: 0,219720,3,1,0,07,07,2,0,0,1,0,0,0,0,0
"POINT (10.915289019999999 48.380142627000097)",Unfall 219722 (2022) Kat:3, Licht: 0,219722,3,6,0,07,12,5,0,0,0,1,0,0,0,1
"POINT (10.900021354000000 48.359576891000103)",Unfall 219735 (2022) Kat:3, Licht: 0,219735,3,1,0,07,07,3,0,0,0,0,0,0,0,1
"POINT (10.883714939000100 48.374617075000103)",Unfall 219750 (2022) Kat:3, Licht: 0,219750,3,6,2,07,19,6,1,0,0,1,0,0,0,0
"POINT (10.882852720000100 48.369177364000102)",Unfall 219788 (2022) Kat:3, Licht: 0,219788,3,6,3,07,14,6,0,0,1,0,0,0,0,0
"POINT (10.863316611000100 48.371237131000001)",Unfall 219811 (2022) Kat:3, Licht: 0,219811,3,3,5,07,15,6,0,0,1,1,0,0,0,0
"POINT (10.898482438000000 48.379471721000101)",Unfall 219817 (2022) Kat:3, Licht: 0,219817,3,1,2,07,14,3,0,0,0,1,0,0,0,0
"POINT (10.869797143000000 48.381283090000103)",Unfall 219831 (2022) Kat:3, Licht: 0,219831,3,6,2,07,14,4,0,0,0,1,0,0,0,0
"POINT (10.884686836000100 48.373776921999998)",Unfall 219857 (2022) Kat:3, Licht: 0,219857,3,7,0,07,10,7,0,0,1,0,0,0,0,0
"POINT (10.897922334000000 48.370541611000100)",Unfall 219866 (2022) Kat:3, Licht: 0,219866,3,2,5,07,13,4,0,0,0,1,0,1,0,0
"POINT (10.884164714000100 48.374158394000098)",Unfall 219908 (2022) Kat:3, Licht: 0,219908,3,2,3,07,07,3,0,0,1,1,0,0,0,0
"POINT (10.828192503000000 48.335765712000097)",Unfall 219914 (2022) Kat:2, Licht: 0,219914,2,1,0,07,19,4,0,0,1,0,0,0,0,0
"POINT (10.859391194000100 48.351132528999997)",Unfall 219961 (2022) Kat:3, Licht: 0,219961,3,3,5,07,16,4,0,0,1,0,0,0,0,0
"POINT (10.907332009000100 48.360895347000103)",Unfall 219983 (2022) Kat:3, Licht: 0,219983,3,1,0,07,20,5,0,0,1,0,0,0,0,0
"POINT (10.880884981000101 48.373293718000099)",Unfall 219992 (2022) Kat:3, Licht: 0,219992,3,7,0,07,16,6,0,0,1,0,0,0,0,0
"POINT (10.880799389000099 48.381138109000098)",Unfall 220004 (2022) Kat:3, Licht: 0,220004,3,6,3,07,12,2,0,0,1,1,0,0,0,0
"POINT (10.900793201000100 48.298833312000099)",Unfall 220011 (2022) Kat:3, Licht: 0,220011,3,1,4,07,08,4,0,0,0,1,0,0,0,0
"POINT (10.870011631000100 48.381376688000003)",Unfall 220027 (2022) Kat:3, Licht: 0,220027,3,2,4,07,18,6,0,0,1,1,0,0,0,0
"POINT (10.878401349000100 48.358015393000102)",Unfall 220051 (2022) Kat:3, Licht: 2,220051,3,1,0,07,02,5,0,2,1,0,0,0,0,0
"POINT (10.912747054000000 48.383937754000002)",Unfall 220055 (2022) Kat:3, Licht: 0,220055,3,1,1,07,14,3,0,0,1,1,0,0,0,0
"POINT (10.941588710000101 48.354085593999997)",Unfall 220062 (2022) Kat:2, Licht: 0,220062,2,1,0,07,18,3,0,0,0,0,0,0,0,1
"POINT (10.917542800000000 48.375577935000102)",Unfall 220075 (2022) Kat:3, Licht: 0,220075,3,3,5,07,18,3,0,0,1,0,0,0,0,0
"POINT (10.865019460999999 48.380867135000102)",Unfall 220102 (2022) Kat:3, Licht: 0,220102,3,2,3,07,16,3,0,0,1,1,0,0,0,0
"POINT (10.864445438000100 48.349625431000000)",Unfall 220104 (2022) Kat:3, Licht: 0,220104,3,1,0,07,14,1,0,0,1,0,0,0,0,0
"POINT (10.899533104000099 48.398212561999998)",Unfall 220150 (2022) Kat:2, Licht: 0,220150,2,4,6,07,16,6,0,0,0,1,1,0,0,0
"POINT (10.909858711000000 48.357873848000096)",Unfall 220152 (2022) Kat:3, Licht: 0,220152,3,3,3,07,13,3,0,0,1,1,0,0,0,0
"POINT (10.914096354000000 48.381601504999999)",Unfall 220159 (2022) Kat:3, Licht: 0,220159,3,1,0,07,19,3,0,0,1,0,0,0,0,0
"POINT (10.905822634000099 48.370007751000102)",Unfall 220230 (2022) Kat:3, Licht: 0,220230,3,1,0,07,12,3,0,0,1,0,0,0,0,0
"POINT (10.888616662000100 48.354122184000097)",Unfall 220261 (2022) Kat:3, Licht: 0,220261,3,1,4,08,16,5,0,0,1,1,0,0,0,0
"POINT (10.891534731000000 48.369281243000003)",Unfall 220293 (2022) Kat:3, Licht: 0,220293,3,6,0,08,09,4,0,0,0,1,0,0,0,1
"POINT (10.944522067999999 48.348543862000000)",Unfall 220300 (2022) Kat:3, Licht: 0,220300,3,2,4,08,19,3,0,0,0,1,0,1,0,0
"POINT (10.895712030000000 48.351805173000102)",Unfall 220324 (2022) Kat:3, Licht: 0,220324,3,1,4,07,18,1,0,0,1,0,0,0,0,0
"POINT (10.868806723000001 48.399438195000101)",Unfall 220341 (2022) Kat:3, Licht: 0,220341,3,3,5,08,16,2,0,0,1,1,0,0,0,0
"POINT (10.899700789000100 48.364816009999998)",Unfall 220346 (2022) Kat:3, Licht: 0,220346,3,3,5,08,16,5,0,0,0,1,0,1,0,0
"POINT (10.949370069000100 48.361301071000099)",Unfall 220358 (2022) Kat:3, Licht: 0,220358,3,3,5,08,16,6,0,0,1,1,0,0,0,0
"POINT (10.863988572000000 48.362166131999999)",Unfall 220381 (2022) Kat:2, Licht: 0,220381,2,3,5,07,18,7,0,0,0,1,0,0,0,0
"POINT (10.912395233000000 48.374562042000001)",Unfall 220463 (2022) Kat:3, Licht: 0,220463,3,3,5,08,17,5,0,0,0,1,0,0,0,1
"POINT (10.869928403000101 48.371812587000100)",Unfall 220469 (2022) Kat:3, Licht: 0,220469,3,1,0,08,11,2,0,0,1,0,0,0,0,0
"POINT (10.901278591000100 48.361968660999999)",Unfall 220499 (2022) Kat:3, Licht: 0,220499,3,7,0,07,17,7,0,0,1,0,0,0,0,0
"POINT (10.873316070000000 48.381475965000000)",Unfall 220511 (2022) Kat:3, Licht: 0,220511,3,6,2,08,17,4,0,0,0,1,0,0,0,0
"POINT (10.886747429000000 48.375423990000101)",Unfall 220542 (2022) Kat:3, Licht: 0,220542,3,5,3,08,10,3,0,0,1,1,0,0,0,0
"POINT (10.879374775000000 48.404414567000103)",Unfall 220562 (2022) Kat:3, Licht: 0,220562,3,6,1,08,17,5,0,0,0,1,0,1,0,0
"POINT (10.893212871999999 48.360234962000000)",Unfall 220566 (2022) Kat:3, Licht: 0,220566,3,7,1,08,16,6,0,0,1,1,0,0,0,0
"POINT (10.867498387000101 48.359859212000103)",Unfall 220575 (2022) Kat:3, Licht: 0,220575,3,1,9,08,08,4,0,0,0,1,0,0,0,0
"POINT (10.906409780000001 48.352702491999999)",Unfall 220578 (2022) Kat:3, Licht: 0,220578,3,1,2,08,16,3,0,0,1,0,0,0,0,0
"POINT (10.867034564000100 48.347784057000098)",Unfall 220579 (2022) Kat:3, Licht: 0,220579,3,1,0,07,14,1,0,0,1,0,0,0,0,0
"POINT (10.943545856000100 48.363627700000102)",Unfall 220588 (2022) Kat:3, Licht: 0,220588,3,3,5,08,17,5,0,0,0,1,0,0,0,1
"POINT (10.895404342000100 48.364317265000103)",Unfall 220624 (2022) Kat:3, Licht: 0,220624,3,2,5,08,19,3,0,0,1,0,0,1,0,0
"POINT (10.890216310000000 48.366142058000001)",Unfall 220650 (2022) Kat:3, Licht: 2,220650,3,1,1,07,04,1,0,2,1,1,0,0,0,0
"POINT (10.901005332000100 48.370698885000103)",Unfall 220669 (2022) Kat:3, Licht: 0,220669,3,4,6,08,18,5,0,0,1,0,1,0,0,0
"POINT (10.891593513000000 48.318373150000099)",Unfall 220671 (2022) Kat:3, Licht: 0,220671,3,7,0,08,18,6,0,0,1,0,0,0,0,0
"POINT (10.878905940999999 48.379881983000097)",Unfall 220680 (2022) Kat:3, Licht: 0,220680,3,1,0,08,06,5,0,0,0,0,0,0,0,1
"POINT (10.913437395000100 48.376304265000002)",Unfall 220682 (2022) Kat:2, Licht: 2,220682,2,1,8,08,23,4,0,2,0,0,0,0,0,1
"POINT (10.895907634000000 48.398492508000103)",Unfall 220696 (2022) Kat:3, Licht: 2,220696,3,5,1,07,23,1,0,2,0,1,0,0,0,0
"POINT (10.885344218000100 48.355295744000003)",Unfall 220698 (2022) Kat:3, Licht: 0,220698,3,1,3,07,14,7,0,0,0,1,0,1,0,0
"POINT (10.880681009000099 48.385551855000102)",Unfall 220717 (2022) Kat:3, Licht: 0,220717,3,7,6,08,12,5,0,0,0,1,1,0,0,0
"POINT (10.878986721000000 48.377132937000098)",Unfall 220718 (2022) Kat:3, Licht: 0,220718,3,7,0,08,14,3,0,0,1,0,0,0,0,0
"POINT (10.882590326000100 48.392681791000001)",Unfall 220731 (2022) Kat:3, Licht: 0,220731,3,7,5,07,13,1,0,0,1,1,0,0,0,0
"POINT (10.903438003000099 48.370357505000101)",Unfall 220744 (2022) Kat:3, Licht: 2,220744,3,7,2,08,02,7,1,2,0,1,0,0,0,0
"POINT (10.899650254999999 48.364812010000001)",Unfall 220748 (2022) Kat:3, Licht: 2,220748,3,2,0,07,00,7,1,2,1,1,0,0,0,0
"POINT (10.888598220000100 48.354096985000098)",Unfall 220758 (2022) Kat:2, Licht: 0,220758,2,2,4,08,17,4,0,0,0,1,0,1,0,0
"POINT (10.914251338000000 48.377818326000103)",Unfall 220776 (2022) Kat:3, Licht: 0,220776,3,6,2,08,16,6,0,0,0,1,0,1,0,0
"POINT (10.905485519000001 48.361014580000102)",Unfall 220814 (2022) Kat:3, Licht: 0,220814,3,3,5,08,15,5,0,0,1,1,0,0,0,0
"POINT (10.886015253000000 48.368461427000099)",Unfall 220889 (2022) Kat:3, Licht: 0,220889,3,2,3,08,07,6,0,0,1,1,0,0,0,0
"POINT (10.927159552000001 48.397651578000101)",Unfall 220900 (2022) Kat:3, Licht: 0,220900,3,6,3,08,14,3,0,0,0,1,0,0,1,0
"POINT (10.909494520000100 48.370480585999999)",Unfall 220987 (2022) Kat:3, Licht: 0,220987,3,7,0,08,17,5,0,0,0,0,1,0,0,1
"POINT (10.870097251000100 48.376001909000102)",Unfall 220997 (2022) Kat:3, Licht: 2,220997,3,3,5,08,22,6,0,2,0,1,0,1,0,0