WKT,Name,OBJECTID,UKATEGORIE,UTYP1,UART,UMONAT,USTUNDE,UWOCHENTAG,STRZUSTAND,ULICHTVERH,ISTRAD,ISTPKW,ISTFUSS,ISTKRAD,ISTGKFZ,ISTSONSTIG
"POINT (10.908376958000099 48.327150817000103)",Unfall 221005 (2022) Kat:3, Licht: 0,221005,3,1,0,08,18,1,0,0,1,0,0,0,0,0
"POINT (10.888935203000100 48.376368381000098)",Unfall 221026 (2022) Kat:3, Licht: 2,221026,3,7,0,08,00,6,0,2,1,0,0,0,0,0
"POINT (10.862954853000099 48.309901463000102)",Unfall 221028 (2022) Kat:3, Licht: 1,221028,3,1,8,07,20,1,0,1,1,0,0,0,0,0
"POINT (10.904601756000000 48.370192826000000)",Unfall 221046 (2022) Kat:3, Licht: 0,221046,3,3,5,08,09,5,0,0,0,1,0,0,0,0
"POINT (10.881012909000001 48.380406065000003)",Unfall 221094 (2022) Kat:3, Licht: 0,221094,3,5,1,08,13,5,0,0,1,1,0,0,0,0
"POINT (10.882411450000101 48.361566620000097)",Unfall 221125 (2022) Kat:3, Licht: 0,221125,3,1,2,07,11,7,0,0,1,1,0,0,0,0
"POINT (10.915084159000100 48.392070543000003)",Unfall 221136 (2022) Kat:3, Licht: 0,221136,3,3,5,08,07,3,1,0,1,1,0,0,0,0
"POINT (10.900137433999999 48.359595943000002)",Unfall 221206 (2022) Kat:2, Licht: 2,221206,2,1,8,07,03,1,0,2,1,0,0,0,0,0
"POINT (10.890998501000100 48.369629078000102)",Unfall 221214 (2022) Kat:3, Licht: 0,221214,3,6,2,08,10,5,0,0,0,1,0,0,0,0
"POINT (10.934614148000000 48.396317261999997)",Unfall 221217 (2022) Kat:3, Licht: 0,221217,3,3,5,08,12,4,0,0,0,1,0,0,1,0
"POINT (10.893443724000100 48.368231321000103)",Unfall 221227 (2022) Kat:2, Licht: 0,221227,2,7,0,08,15,6,0,0,1,0,0,0,0,0
"POINT (10.878845029000001 48.377450097000100)",Unfall 221241 (2022) Kat:3, Licht: 0,221241,3,1,0,08,12,5,0,0,1,0,0,0,0,0
"POINT (10.898092926000100 48.352595239000003)",Unfall 221242 (2022) Kat:3, Licht: 0,221242,3,1,0,08,10,4,0,0,1,1,0,0,0,0
"POINT (10.912578770000000 48.358547069000103)",Unfall 221258 (2022) Kat:3, Licht: 0,221258,3,1,5,08,11,7,0,0,1,1,0,0,0,0
"POINT (10.916280063000000 48.382071404000001)",Unfall 221284 (2022) Kat:3, Licht: 2,221284,3,5,1,08,22,7,0,2,1,1,0,0,0,0
"POINT (10.900122649000000 48.359596605000000)",Unfall 221312 (2022) Kat:3, Licht: 1,221312,3,7,0,08,21,3,0,1,1,0,0,0,0,0
"POINT (10.873461868000000 48.351200712000001)",Unfall 221316 (2022) Kat:3, Licht: 0,221316,3,1,0,08,19,2,0,0,1,0,0,0,0,0
"POINT (10.915657262000000 48.395593939000001)",Unfall 221324 (2022) Kat:3, Licht: 0,221324,3,3,5,08,16,2,0,0,1,1,0,0,0,0
"POINT (10.892596255999999 48.369548926999997)",Unfall 221347 (2022) Kat:3, Licht: 0,221347,3,3,5,08,13,3,0,0,0,1,0,0,0,1
"POINT (10.878961213000000 48.377159956000099)",Unfall 221351 (2022) Kat:3, Licht: 0,221351,3,7,0,08,18,1,0,0,1,0,0,0,0,0
"POINT (10.877535086000000 48.376916512999998)",Unfall 221352 (2022) Kat:3, Licht: 0,221352,3,3,5,08,14,3,0,0,1,1,0,0,0,0
"POINT (10.900793201000100 48.298833312000099)",Unfall 221416 (2022) Kat:3, Licht: 2,221416,3,1,8,08,01,7,0,2,1,0,0,0,0,0
"POINT (10.904690489000100 48.369703607000098)",Unfall 221432 (2022) Kat:3, Licht: 0,221432,3,5,3,08,14,7,0,0,1,1,0,0,0,0
"POINT (10.909426295000101 48.370297064000098)",Unfall 221518 (2022) Kat:3, Licht: 0,221518,3,2,3,08,11,3,0,0,1,1,0,0,0,0
"POINT (10.901735893000000 48.361954810999997)",Unfall 221575 (2022) Kat:3, Licht: 0,221575,3,1,1,08,15,3,0,0,1,1,0,0,0,0
"POINT (10.913578743000100 48.404842148999997)",Unfall 221605 (2022) Kat:3, Licht: 0,221605,3,7,1,08,11,4,0,0,1,1,0,0,0,0
"POINT (10.913923136000101 48.389762328000103)",Unfall 221610 (2022) Kat:3, Licht: 1,221610,3,1,0,08,05,1,0,1,0,1,0,0,0,0
"POINT (10.904582735000099 48.370307971000003)",Unfall 221641 (2022) Kat:3, Licht: 0,221641,3,7,0,08,17,4,0,0,0,0,0,0,0,1
"POINT (10.918427087000101 48.371169458000097)",Unfall 221650 (2022) Kat:3, Licht: 0,221650,3,1,0,08,19,3,0,0,0,0,0,0,0,1
"POINT (10.868754460000000 48.399409755000100)",Unfall 221658 (2022) Kat:3, Licht: 0,221658,3,3,5,08,15,4,0,0,1,0,0,0,1,0
"POINT (10.863741155000101 48.362816299000002)",Unfall 221663 (2022) Kat:3, Licht: 0,221663,3,6,3,08,14,2,0,0,1,0,0,0,0,0
"POINT (10.903978457999999 48.365757342000101)",Unfall 221674 (2022) Kat:3, Licht: 0,221674,3,1,5,08,17,2,0,0,1,1,0,0,0,0
"POINT (10.927919778000000 48.420520131000004)",Unfall 221675 (2022) Kat:2, Licht: 0,221675,2,1,4,08,16,5,0,0,0,1,0,0,0,0
"POINT (10.909306102000100 48.339579251000004)",Unfall 221680 (2022) Kat:3, Licht: 0,221680,3,1,5,08,17,1,0,0,1,1,0,0,0,0
"POINT (10.932890884000100 48.383325280000101)",Unfall 221686 (2022) Kat:3, Licht: 0,221686,3,1,0,08,07,2,0,0,0,0,0,0,0,1
"POINT (10.871353538000101 48.343133895000101)",Unfall 221691 (2022) Kat:2, Licht: 2,221691,2,1,0,08,04,6,1,2,1,0,0,0,0,0
"POINT (10.882916472000000 48.377542931000100)",Unfall 221700 (2022) Kat:3, Licht: 0,221700,3,7,0,08,16,3,0,0,0,0,0,0,0,1
"POINT (10.946580240000101 48.364551516000098)",Unfall 221702 (2022) Kat:3, Licht: 0,221702,3,4,6,08,12,4,0,0,0,1,1,0,0,0
"POINT (10.889456826000099 48.368121539000100)",Unfall 221754 (2022) Kat:3, Licht: 2,221754,3,7,0,08,22,1,0,2,0,1,0,1,0,0
"POINT (10.911043090000000 48.421924052000101)",Unfall 221780 (2022) Kat:3, Licht: 0,221780,3,6,3,08,11,3,0,0,1,1,0,0,0,0
"POINT (10.885757186999999 48.367658358000000)",Unfall 221799 (2022) Kat:3, Licht: 2,221799,3,7,0,08,04,7,0,2,0,0,0,0,0,1
"POINT (10.905473712999999 48.299935063000099)",Unfall 221817 (2022) Kat:3, Licht: 0,221817,3,1,0,08,15,6,0,0,1,0,0,0,0,0
"POINT (10.887866980000100 48.382031650999998)",Unfall 221862 (2022) Kat:3, Licht: 0,221862,3,3,5,08,13,3,0,0,1,1,0,0,0,0
"POINT (10.902400382000099 48.333985112999997)",Unfall 221872 (2022) Kat:3, Licht: 0,221872,3,1,0,08,09,5,0,0,0,0,0,0,0,1
"POINT (10.868354923000000 48.371928142999998)",Unfall 221879 (2022) Kat:3, Licht: 0,221879,3,6,2,08,15,6,1,0,0,1,0,0,0,0
"POINT (10.904379750000000 48.363993270000002)",Unfall 221901 (2022) Kat:3, Licht: 0,221901,3,1,5,08,16,2,0,0,1,1,0,0,0,0
"POINT (10.872067598999999 48.365316031000098)",Unfall 221916 (2022) Kat:3, Licht: 0,221916,3,3,5,08,09,4,0,0,0,1,0,0,0,0
"POINT (10.889784481000000 48.309868407000103)",Unfall 221975 (2022) Kat:3, Licht: 0,221975,3,1,1,08,17,7,0,0,0,1,0,0,0,0
"POINT (10.883975370000000 48.366839099000103)",Unfall 221978 (2022) Kat:3, Licht: 0,221978,3,7,0,08,18,6,0,0,1,0,0,0,0,0
"POINT (10.905964993000101 48.370103303000100)",Unfall 222010 (2022) Kat:3, Licht: 0,222010,3,7,0,08,08,3,0,0,1,0,0,0,0,0
"POINT (10.910249990000100 48.339385075000102)",Unfall 222031 (2022) Kat:3, Licht: 0,222031,3,1,0,08,16,5,0,0,1,0,0,0,0,0
"POINT (10.903121052000101 48.304114290000001)",Unfall 222044 (2022) Kat:3, Licht: 0,222044,3,2,0,08,10,6,1,0,1,0,0,0,0,0
"POINT (10.904829598999999 48.362121621000000)",Unfall 222079 (2022) Kat:3, Licht: 0,222079,3,2,6,08,08,4,0,0,0,1,1,0,0,0
"POINT (10.892294186000100 48.367646950000101)",Unfall 222164 (2022) Kat:3, Licht: 0,222164,3,6,1,08,08,5,0,0,0,1,0,0,0,0
"POINT (10.896766947000099 48.323564744000102)",Unfall 222178 (2022) Kat:3, Licht: 0,222178,3,1,3,08,14,2,0,0,1,0,0,0,0,0
"POINT (10.916895430000100 48.362027728000001)",Unfall 222201 (2022) Kat:3, Licht: 0,222201,3,1,3,08,16,2,0,0,1,0,0,0,0,0
"POINT (10.902554945000100 48.358634633000101)",Unfall 222204 (2022) Kat:3, Licht: 0,222204,3,1,0,08,12,7,0,0,0,0,0,0,0,1
"POINT (10.885273428000099 48.354827997000001)",Unfall 222211 (2022) Kat:1, Licht: 0,222211,1,3,5,08,12,6,0,0,1,0,0,0,1,0
"POINT (10.893459276000000 48.366570610000103)",Unfall 222256 (2022) Kat:3, Licht: 2,222256,3,1,0,08,00,6,0,2,0,0,0,0,0,1
"POINT (10.884907338000099 48.380911280000099)",Unfall 222328 (2022) Kat:3, Licht: 2,222328,3,5,1,08,03,1,0,2,0,1,0,0,0,1
"POINT (10.897740369000100 48.367147850000002)",Unfall 222335 (2022) Kat:3, Licht: 0,222335,3,7,0,08,19,1,0,0,1,0,0,0,0,0
"POINT (10.881533628000099 48.379118732000101)",Unfall 222344 (2022) Kat:3, Licht: 2,222344,3,6,2,08,00,7,0,2,0,1,0,0,0,0
"POINT (10.909897169000001 48.370971394000001)",Unfall 222358 (2022) Kat:3, Licht: 0,222358,3,2,3,08,16,4,0,0,1,1,0,0,0,0
"POINT (10.909525343000000 48.370610892000101)",Unfall 222371 (2022) Kat:3, Licht: 0,222371,3,6,3,08,06,4,0,0,0,1,0,0,1,0
"POINT (10.932391060000000 48.354754552000003)",Unfall 222390 (2022) Kat:3, Licht: 0,222390,3,1,5,09,16,4,1,0,1,0,0,0,0,0
"POINT (10.868360129000100 48.371619131999999)",Unfall 222397 (2022) Kat:3, Licht: 0,222397,3,3,5,09,16,7,0,0,0,1,0,0,0,0
"POINT (10.881361567000100 48.388457328000101)",Unfall 222426 (2022) Kat:3, Licht: 0,222426,3,3,5,09,16,3,0,0,1,1,0,0,0,0
"POINT (10.890139801000000 48.366132657999998)",Unfall 222437 (2022) Kat:3, Licht: 0,222437,3,7,5,09,11,5,0,0,0,1,0,0,0,1
"POINT (10.914980828000100 48.365079982000097)",Unfall 222474 (2022) Kat:3, Licht: 0,222474,3,1,0,09,18,7,0,0,1,1,0,0,0,0
"POINT (10.899561220000100 48.312392086000003)",Unfall 222490 (2022) Kat:3, Licht: 0,222490,3,1,2,09,19,7,0,0,0,1,0,0,0,0
"POINT (10.871667141000000 48.355070044000101)",Unfall 222497 (2022) Kat:3, Licht: 2,222497,3,1,0,09,03,6,0,2,1,0,0,0,0,0
"POINT (10.886640950000100 48.378032664999999)",Unfall 222541 (2022) Kat:3, Licht: 0,222541,3,5,1,09,13,3,0,0,1,1,0,0,0,0
"POINT (10.889205351999999 48.371706590000002)",Unfall 222568 (2022) Kat:3, Licht: 0,222568,3,2,3,09,14,4,0,0,1,1,0,0,0,0
"POINT (10.910468751000099 48.314097667000098)",Unfall 222583 (2022) Kat:3, Licht: 2,222583,3,1,1,09,20,5,0,2,1,1,0,0,0,0
"POINT (10.903954460000000 48.365750104000000)",Unfall 222594 (2022) Kat:3, Licht: 0,222594,3,1,5,09,16,4,0,0,0,1,0,1,0,0
"POINT (10.864293425000000 48.349513287000001)",Unfall 222595 (2022) Kat:3, Licht: 0,222595,3,1,0,09,13,2,0,0,1,0,0,0,0,0
"POINT (10.889674297999999 48.370027592000000)",Unfall 222623 (2022) Kat:3, Licht: 0,222623,3,6,2,09,16,6,1,0,0,1,0,1,0,0
"POINT (10.882508634000001 48.363897731000101)",Unfall 222628 (2022) Kat:3, Licht: 0,222628,3,5,0,09,12,3,0,0,0,1,0,1,0,0
"POINT (10.856198658000000 48.337180467000103)",Unfall 222637 (2022) Kat:3, Licht: 0,222637,3,1,0,09,16,6,1,0,1,0,0,0,0,0
"POINT (10.891043137000100 48.360887427000101)",Unfall 222641 (2022) Kat:3, Licht: 1,222641,3,6,4,09,21,2,0,1,1,0,0,0,0,0
"POINT (10.880971769000000 48.386883312000101)",Unfall 222663 (2022) Kat:3, Licht: 0,222663,3,6,2,09,18,5,0,0,0,1,0,1,0,0
"POINT (10.888447578000100 48.369294066000101)",Unfall 222696 (2022) Kat:3, Licht: 0,222696,3,3,5,09,16,6,0,0,0,1,0,0,0,1
"POINT (10.898113495000100 48.352691129999997)",Unfall 222710 (2022) Kat:3, Licht: 1,222710,3,3,5,09,19,4,0,1,0,1,0,1,0,0
"POINT (10.891043137000100 48.360887427000101)",Unfall 222716 (2022) Kat:3, Licht: 0,222716,3,3,5,09,10,6,0,0,0,1,0,0,0,0
"POINT (10.906635389000000 48.359475384000099)",Unfall 222727 (2022) Kat:3, Licht: 0,222727,3,3,5,09,12,2,0,0,1,1,0,0,0,0
"POINT (10.935827224000001 48.378014342000000)",Unfall 222741 (2022) Kat:2, Licht: 0,222741,2,3,5,09,17,6,1,0,0,1,0,1,0,0
"POINT (10.882482718000100 48.378528274000097)",Unfall 222765 (2022) Kat:3, Licht: 0,222765,3,3,5,09,17,2,0,0,1,1,0,0,0,0
"POINT (10.901546385000101 48.352380984000000)",Unfall 222781 (2022) Kat:3, Licht: 0,222781,3,2,6,09,09,5,1,0,0,1,1,0,0,0
"POINT (10.917180949000100 48.395431646000098)",Unfall 222787 (2022) Kat:3, Licht: 2,222787,3,3,5,09,20,6,1,2,0,1,0,0,0,0
"POINT (10.871281245000000 48.356633189000000)",Unfall 222857 (2022) Kat:3, Licht: 0,222857,3,1,0,09,15,3,0,0,1,0,0,0,0,0
"POINT (10.906662987000100 48.311880875999996)",Unfall 222859 (2022) Kat:3, Licht: 0,222859,3,3,5,09,10,5,0,0,1,1,0,0,0,0
"POINT (10.904573805000000 48.378023687000102)",Unfall 222867 (2022) Kat:3, Licht: 2,222867,3,3,5,09,22,6,0,2,0,1,0,0,0,1
"POINT (10.931114472000001 48.395557218000100)",Unfall 222876 (2022) Kat:3, Licht: 0,222876,3,3,4,09,14,7,1,0,0,1,0,0,0,0
"POINT (10.903364387000099 48.370370629000000)",Unfall 222882 (2022) Kat:3, Licht: 2,222882,3,7,0,09,01,3,0,2,0,0,0,0,0,1
"POINT (10.893595387000101 48.367870461000102)",Unfall 222899 (2022) Kat:3, Licht: 0,222899,3,2,0,09,09,5,0,0,0,1,0,0,0,1
"POINT (10.899603180000000 48.370610741000100)",Unfall 222920 (2022) Kat:3, Licht: 0,222920,3,7,0,09,12,2,0,0,1,0,0,0,0,0
"POINT (10.886754928000100 48.371372219000101)",Unfall 222965 (2022) Kat:3, Licht: 0,222965,3,2,3,09,14,1,0,0,0,1,0,0,0,0
"POINT (10.904498358000099 48.367901615999997)",Unfall 222986 (2022) Kat:3, Licht: 0,222986,3,7,0,09,14,3,0,0,1,1,0,0,0,0
"POINT (10.849376188000100 48.385853593999997)",Unfall 222998 (2022) Kat:3, Licht: 0,222998,3,6,2,09,19,5,0,0,0,1,0,0,0,0
"POINT (10.869983467999999 48.373056614000099)",Unfall 223025 (2022) Kat:3, Licht: 0,223025,3,1,7,09,14,2,0,0,0,0,0,0,0,1
"POINT (10.898516439000000 48.312499860999999)",Unfall 223043 (2022) Kat:3, Licht: 2,223043,3,1,5,09,20,3,0,2,1,1,0,0,0,0
"POINT (10.915299462000100 48.354825284000100)",Unfall 223077 (2022) Kat:3, Licht: 0,223077,3,1,0,09,07,4,1,0,1,0,0,0,0,0
"POINT (10.893993199000001 48.366977751999997)",Unfall 223092 (2022) Kat:3, Licht: 0,223092,3,7,0,09,16,1,0,0,0,0,0,0,0,1
"POINT (10.876806203000100 48.364514259000003)",Unfall 223097 (2022) Kat:3, Licht: 0,223097,3,1,0,09,06,6,0,0,1,0,0,0,0,0
"POINT (10.900453794000001 48.369579447000000)",Unfall 223111 (2022) Kat:3, Licht: 2,223111,3,7,0,09,00,5,0,2,0,0,0,0,0,1
"POINT (10.889748850000000 48.360357647999997)",Unfall 223149 (2022) Kat:3, Licht: 0,223149,3,2,0,09,09,5,1,0,0,1,0,0,0,1
"POINT (10.877188135999999 48.348350924000002)",Unfall 223162 (2022) Kat:3, Licht: 0,223162,3,3,5,09,13,7,0,0,0,1,0,0,0,0
"POINT (10.892814735000099 48.369717172000001)",Unfall 223180 (2022) Kat:2, Licht: 2,223180,2,7,0,09,21,1,0,2,0,0,0,0,0,1
"POINT (10.881739958000001 48.354227827999999)",Unfall 223183 (2022) Kat:3, Licht: 0,223183,3,1,0,09,16,6,0,0,1,0,0,0,0,0
"POINT (10.885537292000000 48.378181542000000)",Unfall 223227 (2022) Kat:3, Licht: 0,223227,3,6,1,09,16,2,0,0,1,1,0,0,1,0
"POINT (10.911123354000001 48.364144849000098)",Unfall 223231 (2022) Kat:3, Licht: 0,223231,3,1,6,09,14,5,0,0,0,1,1,0,0,0
"POINT (10.902801221000100 48.364597171000099)",Unfall 223242 (2022) Kat:3, Licht: 0,223242,3,6,2,09,16,2,0,0,1,0,0,1,0,0
"POINT (10.904179022000100 48.362186760000000)",Unfall 223255 (2022) Kat:3, Licht: 0,223255,3,7,0,09,15,3,0,0,1,0,0,0,0,0
"POINT (10.907063708000100 48.360896904000100)",Unfall 223299 (2022) Kat:3, Licht: 0,223299,3,1,0,09,15,3,0,0,1,0,0,0,0,0
"POINT (10.865559374000000 48.384049870000098)",Unfall 223304 (2022) Kat:3, Licht: 0,223304,3,3,5,08,15,4,1,0,0,1,0,1,0,0
"POINT (10.860026338000100 48.365415895000098)",Unfall 223328 (2022) Kat:3, Licht: 2,223328,3,1,0,09,21,5,0,2,1,0,0,0,0,0
"POINT (10.889397804000099 48.371602267000100)",Unfall 223367 (2022) Kat:3, Licht: 2,223367,3,6,2,09,22,7,1,2,0,1,0,0,0,0
"POINT (10.896028047000099 48.344226950000099)",Unfall 223378 (2022) Kat:3, Licht: 0,223378,3,1,0,09,16,5,0,0,0,0,0,0,0,1
"POINT (10.882564829000000 48.378560422000099)",Unfall 223405 (2022) Kat:3, Licht: 0,223405,3,2,5,09,14,3,0,0,1,1,0,0,0,0
"POINT (10.904598953000100 48.387555702999997)",Unfall 223449 (2022) Kat:3, Licht: 2,223449,3,1,0,09,00,6,1,2,1,0,0,0,0,0
"POINT (10.861542046000100 48.390821418000002)",Unfall 223458 (2022) Kat:3, Licht: 0,223458,3,6,2,09,08,7,0,0,0,1,0,0,0,0
"POINT (10.914454271000100 48.377915814000097)",Unfall 223459 (2022) Kat:3, Licht: 0,223459,3,2,3,09,12,4,0,0,1,1,0,0,0,0
"POINT (10.913467707000100 48.361096531000001)",Unfall 223489 (2022) Kat:3, Licht: 0,223489,3,1,0,09,16,5,0,0,1,0,0,0,0,0
"POINT (10.903425488000000 48.366481244000099)",Unfall 223496 (2022) Kat:3, Licht: 0,223496,3,3,5,09,07,2,0,0,0,1,0,1,0,0
"POINT (10.867560727000100 48.349184089000097)",Unfall 223524 (2022) Kat:3, Licht: 0,223524,3,1,0,09,19,5,0,0,1,0,0,0,0,0
"POINT (10.879662046000000 48.351758046000000)",Unfall 223529 (2022) Kat:3, Licht: 0,223529,3,1,0,09,13,3,1,0,1,0,0,0,0,0
"POINT (10.869703977000000 48.382263821000002)",Unfall 223541 (2022) Kat:3, Licht: 0,223541,3,3,5,09,09,6,0,0,1,1,0,0,0,0
"POINT (10.891611031000000 48.369149673000003)",Unfall 223578 (2022) Kat:3, Licht: 0,223578,3,3,3,09,13,3,1,0,1,1,0,0,0,0
"POINT (10.885459610000099 48.373645725000102)",Unfall 223586 (2022) Kat:3, Licht: 1,223586,3,3,5,09,06,2,1,1,0,1,0,0,1,0
"POINT (10.930624005000000 48.372460658000101)",Unfall 223597 (2022) Kat:3, Licht: 0,223597,3,6,3,09,12,7,1,0,0,1,0,0,0,0
"POINT (10.896914464000099 48.325114401000100)",Unfall 223637 (2022) Kat:3, Licht: 0,223637,3,1,4,10,13,7,1,0,0,1,0,0,0,0
"POINT (10.882282563000000 48.381283949000100)",Unfall 223640 (2022) Kat:3, Licht: 2,223640,3,3,5,09,01,1,1,2,0,1,0,0,0,0
"POINT (10.896949156000099 48.325036822000101)",Unfall 223670 (2022) Kat:3, Licht: 0,223670,3,1,2,09,17,2,1,0,0,1,0,0,0,0
"POINT (10.868755166000000 48.342055070000100)",Unfall 223696 (2022) Kat:3, Licht: 2,223696,3,1,0,10,20,2,0,2,1,0,0,0,0,0
"POINT (10.929636212000000 48.397232293000101)",Unfall 223724 (2022) Kat:3, Licht: 0,223724,3,3,5,09,08,4,0,0,0,1,0,0,0,0
"POINT (10.888503932000001 48.377881291000101)",Unfall 223750 (2022) Kat:3, Licht: 0,223750,3,4,6,09,13,5,1,0,0,1,1,0,0,0
"POINT (10.859283369000000 48.376837801000100)",Unfall 223770 (2022) Kat:3, Licht: 0,223770,3,3,5,09,07,2,1,0,1,1,0,0,0,0
"POINT (10.874617002999999 48.358421464000102)",Unfall 223796 (2022) Kat:3, Licht: 0,223796,3,6,4,09,12,2,0,0,0,1,0,0,0,0
"POINT (10.896813141000100 48.359955079000002)",Unfall 223824 (2022) Kat:3, Licht: 0,223824,3,1,0,09,08,3,1,0,1,0,0,0,0,0
"POINT (10.898230052000001 48.370568388999999)",Unfall 223833 (2022) Kat:3, Licht: 0,223833,3,7,0,09,14,6,0,0,0,0,0,0,0,1
"POINT (10.914470249000001 48.377912341000098)",Unfall 223847 (2022) Kat:3, Licht: 0,223847,3,3,3,09,15,5,1,0,1,0,0,0,0,1
"POINT (10.891465019000099 48.353349672000000)",Unfall 223853 (2022) Kat:3, Licht: 0,223853,3,6,3,09,12,7,1,0,0,1,0,0,0,1
"POINT (10.881524428000001 48.379123624999998)",Unfall 223871 (2022) Kat:2, Licht: 1,223871,2,4,6,09,19,3,1,1,0,1,1,0,0,0
"POINT (10.923806732000100 48.375288479000098)",Unfall 223899 (2022) Kat:3, Licht: 0,223899,3,3,5,09,15,5,1,0,0,1,0,0,0,0
"POINT (10.880615648000100 48.340445551000101)",Unfall 223910 (2022) Kat:3, Licht: 0,223910,3,3,5,09,18,3,0,0,0,1,0,0,0,0
"POINT (10.907824264000100 48.364080938000001)",Unfall 223940 (2022) Kat:3, Licht: 2,223940,3,1,0,09,02,6,0,2,0,0,0,0,0,1
"POINT (10.920823687000100 48.380058830999999)",Unfall 223979 (2022) Kat:3, Licht: 0,223979,3,1,0,09,18,5,1,0,0,1,0,1,0,0
"POINT (10.900296840000101 48.370545724000102)",Unfall 224007 (2022) Kat:3, Licht: 0,224007,3,2,3,09,18,5,0,0,1,1,0,0,0,0
"POINT (10.906110085000000 48.343232301999997)",Unfall 224019 (2022) Kat:3, Licht: 0,224019,3,1,4,09,14,4,1,0,0,1,0,0,0,0
"POINT (10.927131096000000 48.375813829000002)",Unfall 224054 (2022) Kat:3, Licht: 2,224054,3,6,5,09,20,2,0,2,1,1,0,0,0,0
"POINT (10.904270359000099 48.365081121000102)",Unfall 224055 (2022) Kat:3, Licht: 0,224055,3,6,4,09,16,4,0,0,1,0,0,0,0,0
"POINT (10.900476547000000 48.302896859999997)",Unfall 224087 (2022) Kat:3, Licht: 0,224087,3,3,0,09,07,5,0,0,1,0,1,0,0,0
"POINT (10.916528582000099 48.307311094000099)",Unfall 224120 (2022) Kat:3, Licht: 0,224120,3,1,0,09,13,5,0,0,0,1,0,0,0,1
"POINT (10.915815424000099 48.380847662000100)",Unfall 224122 (2022) Kat:3, Licht: 0,224122,3,6,1,09,11,5,1,0,0,1,0,0,0,0
"POINT (10.853361609000000 48.379844610000099)",Unfall 224127 (2022) Kat:3, Licht: 0,224127,3,1,0,09,15,5,1,0,1,0,0,0,0,0
"POINT (10.883127830999999 48.384197705000098)",Unfall 224212 (2022) Kat:3, Licht: 0,224212,3,7,0,09,10,5,0,0,1,0,0,0,0,0
"POINT (10.892199809999999 48.360299672000103)",Unfall 224282 (2022) Kat:3, Licht: 2,224282,3,7,0,09,20,2,0,2,0,1,0,0,0,0
"POINT (10.881663812999999 48.365836170000101)",Unfall 224288 (2022) Kat:3, Licht: 1,224288,3,1,0,10,21,7,1,1,0,0,0,0,0,1
"POINT (10.904577673000100 48.370334566000103)",Unfall 224293 (2022) Kat:3, Licht: 0,224293,3,3,5,09,16,4,0,0,1,1,0,0,0,0
"POINT (10.885791709999999 48.347950337000000)",Unfall 224303 (2022) Kat:2, Licht: 2,224303,2,4,6,09,22,3,1,2,0,1,1,0,0,0
"POINT (10.901365744000000 48.334860259999999)",Unfall 224306 (2022) Kat:3, Licht: 0,224306,3,3,6,10,15,3,0,0,0,1,1,0,0,0
"POINT (10.903840518000001 48.358487226000101)",Unfall 224317 (2022) Kat:3, Licht: 2,224317,3,1,0,09,00,3,1,2,0,0,0,0,0,1
"POINT (10.872461764000001 48.385978320000000)",Unfall 224320 (2022) Kat:3, Licht: 0,224320,3,3,5,09,12,7,0,0,0,1,0,1,0,0
"POINT (10.894524938000099 48.373673506999999)",Unfall 224384 (2022) Kat:3, Licht: 0,224384,3,7,0,09,11,4,1,0,0,0,0,0,0,1
"POINT (10.934619740000100 48.396306525000099)",Unfall 224389 (2022) Kat:3, Licht: 0,224389,3,3,5,09,11,5,1,0,0,1,0,0,1,0
"POINT (10.930804172000000 48.377167941000003)",Unfall 224475 (2022) Kat:3, Licht: 1,224475,3,3,5,09,18,3,1,1,1,1,0,0,0,0
"POINT (10.887004236999999 48.357127542000100)",Unfall 224478 (2022) Kat:3, Licht: 0,224478,3,1,1,10,18,3,0,0,0,1,0,0,0,0
"POINT (10.913401315000000 48.376253454000100)",Unfall 224499 (2022) Kat:2, Licht: 2,224499,2,6,3,09,21,4,0,2,1,1,0,0,0,0
"POINT (10.924339104000101 48.319546953000000)",Unfall 224524 (2022) Kat:3, Licht: 0,224524,3,1,0,10,15,6,1,0,1,0,0,0,0,0
"POINT (10.900810698000001 48.298864009000098)",Unfall 224561 (2022) Kat:3, Licht: 0,224561,3,1,2,10,17,5,0,0,0,1,0,1,0,0
"POINT (10.917392708000000 48.351404887999998)",Unfall 224665 (2022) Kat:3, Licht: 0,224665,3,1,0,10,14,3,0,0,1,0,0,0,0,0
"POINT (10.916018305000000 48.371952798999999)",Unfall 224709 (2022) Kat:3, Licht: 0,224709,3,1,5,10,15,5,0,0,0,1,0,1,0,0
"POINT (10.871897553000100 48.363542736000099)",Unfall 224710 (2022) Kat:3, Licht: 0,224710,3,1,1,10,08,1,0,0,0,1,0,0,0,0
"POINT (10.904579739000001 48.370323708999997)",Unfall 224711 (2022) Kat:3, Licht: 0,224711,3,3,5,10,13,2,0,0,1,1,0,0,0,0
"POINT (10.882440974000099 48.378604989999999)",Unfall 224735 (2022) Kat:3, Licht: 1,224735,3,6,3,10,06,7,0,1,0,1,0,1,0,0
"POINT (10.878175666000100 48.395004833000002)",Unfall 224794 (2022) Kat:3, Licht: 0,224794,3,3,5,10,07,5,0,0,0,1,0,1,0,0
"POINT (10.885889862999999 48.367735080000003)",Unfall 224831 (2022) Kat:3, Licht: 0,224831,3,7,0,10,12,5,0,0,1,0,0,0,0,0