WKT,Name,OBJECTID,UKATEGORIE,UTYP1,UART,UMONAT,USTUNDE,UWOCHENTAG,STRZUSTAND,ULICHTVERH,ISTRAD,ISTPKW,ISTFUSS,ISTKRAD,ISTGKFZ,ISTSONSTIG
"POINT (10.938187039000100 48.372092592999998)",Unfall 224838 (2022) Kat:3, Licht: 0,224838,3,1,0,10,17,2,0,0,1,0,0,0,0,0
"POINT (10.879003559000100 48.403545262000101)",Unfall 224872 (2022) Kat:3, Licht: 0,224872,3,6,1,10,15,5,0,0,0,1,0,0,0,0
"POINT (10.914021713000100 48.377305864999997)",Unfall 224921 (2022) Kat:3, Licht: 0,224921,3,6,2,10,08,2,0,0,0,1,0,0,0,0
"POINT (10.912648230000100 48.386739120000101)",Unfall 224950 (2022) Kat:3, Licht: 0,224950,3,3,5,10,13,6,0,0,1,1,0,0,0,0
"POINT (10.903926530000000 48.336390856999998)",Unfall 225001 (2022) Kat:3, Licht: 0,225001,3,1,3,10,07,5,0,0,0,1,0,0,1,0
"POINT (10.867982466999999 48.384317155000097)",Unfall 225010 (2022) Kat:3, Licht: 0,225010,3,6,4,10,15,5,0,0,1,1,0,0,0,0
"POINT (10.888960903999999 48.365181276000001)",Unfall 225053 (2022) Kat:3, Licht: 0,225053,3,2,4,10,14,2,0,0,1,1,0,0,0,0
"POINT (10.915352970000100 48.376726478000101)",Unfall 225105 (2022) Kat:3, Licht: 2,225105,3,7,5,10,18,3,1,2,1,1,0,0,0,0
"POINT (10.926219192000101 48.322871378000102)",Unfall 225155 (2022) Kat:3, Licht: 0,225155,3,1,0,10,12,1,1,0,1,0,0,0,0,0
"POINT (10.873090806000100 48.335182252000003)",Unfall 225178 (2022) Kat:3, Licht: 0,225178,3,1,5,10,12,7,0,0,1,1,0,0,0,0
"POINT (10.879297223000000 48.404900304000101)",Unfall 225196 (2022) Kat:3, Licht: 0,225196,3,3,5,10,11,2,0,0,0,1,0,1,0,0
"POINT (10.849226671000100 48.385866980999999)",Unfall 225218 (2022) Kat:3, Licht: 0,225218,3,6,2,10,16,2,0,0,0,1,0,0,0,0
"POINT (10.906107393000100 48.360944631999999)",Unfall 225245 (2022) Kat:2, Licht: 2,225245,2,1,1,10,20,4,0,2,0,1,0,1,0,0
"POINT (10.902321348999999 48.352203842999998)",Unfall 225258 (2022) Kat:3, Licht: 0,225258,3,1,2,10,16,4,0,0,0,1,0,0,0,0
"POINT (10.875797647000100 48.380844872000097)",Unfall 225259 (2022) Kat:3, Licht: 0,225259,3,3,5,10,16,7,0,0,1,1,0,0,0,0
"POINT (10.881073702000000 48.376050979000098)",Unfall 225270 (2022) Kat:3, Licht: 0,225270,3,7,0,10,16,5,0,0,1,0,0,0,0,0
"POINT (10.889117861000001 48.371701117000001)",Unfall 225272 (2022) Kat:3, Licht: 2,225272,3,3,5,10,20,5,0,2,1,1,0,0,0,0
"POINT (10.856025716000000 48.391590640000103)",Unfall 225325 (2022) Kat:3, Licht: 1,225325,3,6,2,10,18,6,0,1,0,1,0,0,0,0
"POINT (10.900437567999999 48.334742677000101)",Unfall 225344 (2022) Kat:3, Licht: 2,225344,3,1,5,10,20,5,0,2,0,1,0,1,0,0
"POINT (10.902581789000100 48.352233801000096)",Unfall 225371 (2022) Kat:3, Licht: 0,225371,3,1,2,10,07,6,0,0,0,1,0,0,0,1
"POINT (10.900284909000000 48.359591756999997)",Unfall 225409 (2022) Kat:3, Licht: 0,225409,3,7,0,10,10,5,0,0,1,0,0,0,0,0
"POINT (10.926794035000100 48.351265397000098)",Unfall 225437 (2022) Kat:3, Licht: 0,225437,3,1,3,10,15,4,0,0,1,0,0,1,0,0
"POINT (10.915628494000000 48.391440303000103)",Unfall 225452 (2022) Kat:3, Licht: 0,225452,3,6,2,10,09,5,0,0,0,1,0,0,0,0
"POINT (10.900990653000100 48.352371629000103)",Unfall 225480 (2022) Kat:3, Licht: 0,225480,3,1,0,10,07,6,0,0,1,0,0,0,0,0
"POINT (10.941656200000100 48.364819963000102)",Unfall 225484 (2022) Kat:3, Licht: 0,225484,3,2,5,10,17,4,0,0,1,1,0,0,0,0
"POINT (10.909616894000100 48.370334415000102)",Unfall 225495 (2022) Kat:3, Licht: 2,225495,3,7,0,10,19,2,0,2,1,0,0,0,0,0
"POINT (10.873579981000001 48.337754347000001)",Unfall 225501 (2022) Kat:3, Licht: 0,225501,3,1,4,10,12,3,0,0,1,1,0,0,0,0
"POINT (10.904276984999999 48.365067113000102)",Unfall 225591 (2022) Kat:3, Licht: 0,225591,3,1,0,10,07,4,0,0,1,0,0,0,0,0
"POINT (10.880722004000100 48.400697295999997)",Unfall 225636 (2022) Kat:3, Licht: 0,225636,3,6,2,11,14,4,0,0,0,1,0,0,0,0
"POINT (10.888044433000100 48.358417756999998)",Unfall 225641 (2022) Kat:3, Licht: 0,225641,3,1,9,10,11,7,0,0,0,1,0,0,0,0
"POINT (10.931385284999999 48.413035729000100)",Unfall 225668 (2022) Kat:2, Licht: 2,225668,2,1,8,11,18,6,0,2,0,0,0,1,0,0
"POINT (10.878965305000101 48.370828878000097)",Unfall 225697 (2022) Kat:3, Licht: 2,225697,3,3,5,11,22,4,1,2,1,1,0,0,0,0
"POINT (10.882942653000001 48.355979920000003)",Unfall 225715 (2022) Kat:2, Licht: 1,225715,2,1,0,10,18,4,0,1,1,0,0,0,0,0
"POINT (10.870304515999999 48.402128642000001)",Unfall 225757 (2022) Kat:2, Licht: 2,225757,2,6,4,11,19,5,0,2,1,0,0,0,0,0
"POINT (10.884591226000101 48.378298899000100)",Unfall 225758 (2022) Kat:3, Licht: 0,225758,3,6,3,10,18,7,0,0,1,1,0,0,0,0
"POINT (10.871127440000100 48.362974198000103)",Unfall 225768 (2022) Kat:3, Licht: 0,225768,3,7,0,10,11,3,0,0,0,0,0,0,0,1
"POINT (10.894194940000000 48.353109942000103)",Unfall 225842 (2022) Kat:3, Licht: 0,225842,3,1,0,10,14,2,1,0,1,1,0,0,0,0
"POINT (10.884018277000100 48.360944877000101)",Unfall 225849 (2022) Kat:3, Licht: 1,225849,3,7,0,10,18,2,0,1,1,0,0,0,0,0
"POINT (10.875029427000101 48.370902219000101)",Unfall 225893 (2022) Kat:3, Licht: 0,225893,3,2,4,10,07,4,0,0,1,1,0,0,0,0
"POINT (10.909673308000000 48.319369503000097)",Unfall 225899 (2022) Kat:2, Licht: 0,225899,2,1,6,10,18,2,0,0,0,1,1,0,0,0
"POINT (10.895983361000001 48.370175132000000)",Unfall 225918 (2022) Kat:3, Licht: 2,225918,3,4,0,10,23,6,0,2,1,0,1,0,0,0
"POINT (10.905315143999999 48.362621755000099)",Unfall 225921 (2022) Kat:3, Licht: 0,225921,3,3,5,10,14,1,0,0,0,1,0,1,0,0
"POINT (10.928664113000000 48.361912983000103)",Unfall 225960 (2022) Kat:3, Licht: 0,225960,3,1,1,11,09,5,0,0,1,1,0,0,0,0
"POINT (10.913637238000000 48.361091363000099)",Unfall 225973 (2022) Kat:3, Licht: 0,225973,3,7,0,11,14,5,0,0,0,0,0,0,0,1
"POINT (10.851172919000000 48.379703093000003)",Unfall 225980 (2022) Kat:2, Licht: 2,225980,2,1,0,11,14,7,1,2,1,0,0,0,0,0
"POINT (10.858263977000000 48.376006853000000)",Unfall 226008 (2022) Kat:3, Licht: 0,226008,3,3,5,10,16,2,1,0,1,1,0,0,0,0
"POINT (10.878509866000099 48.370901252000102)",Unfall 226068 (2022) Kat:3, Licht: 2,226068,3,2,4,11,18,2,0,2,0,1,0,0,0,1
"POINT (10.905476744000101 48.387860592999999)",Unfall 226082 (2022) Kat:3, Licht: 2,226082,3,3,5,10,06,2,1,2,1,1,0,0,0,0
"POINT (10.903791330000001 48.358492641000097)",Unfall 226111 (2022) Kat:3, Licht: 2,226111,3,1,0,10,17,2,0,2,1,0,0,0,0,0
"POINT (10.904025437000000 48.370294451000099)",Unfall 226127 (2022) Kat:3, Licht: 2,226127,3,7,0,11,17,5,0,2,1,0,0,0,0,0
"POINT (10.909711830000001 48.370904010000103)",Unfall 226131 (2022) Kat:3, Licht: 0,226131,3,3,5,10,11,7,0,0,0,1,0,0,0,0
"POINT (10.916402339999999 48.347723444000103)",Unfall 226155 (2022) Kat:3, Licht: 0,226155,3,1,0,10,08,2,0,0,1,1,1,0,0,0
"POINT (10.884346166000100 48.374012489999998)",Unfall 226166 (2022) Kat:3, Licht: 2,226166,3,2,4,10,01,1,0,2,0,1,0,0,0,0
"POINT (10.912013698000100 48.361157976000101)",Unfall 226172 (2022) Kat:3, Licht: 2,226172,3,1,0,10,18,7,0,2,1,0,0,0,0,0
"POINT (10.948696626000100 48.361254957000000)",Unfall 226200 (2022) Kat:3, Licht: 0,226200,3,7,6,10,15,5,0,0,0,1,1,0,0,0
"POINT (10.887169836000099 48.366245220000103)",Unfall 226217 (2022) Kat:3, Licht: 0,226217,3,7,0,11,16,7,1,0,1,0,0,0,0,0
"POINT (10.905666986000000 48.360993325999999)",Unfall 226222 (2022) Kat:3, Licht: 0,226222,3,1,1,10,13,7,0,0,0,1,0,0,0,0
"POINT (10.897961433000001 48.359827360000097)",Unfall 226257 (2022) Kat:3, Licht: 0,226257,3,7,0,10,17,7,1,0,1,0,0,0,0,0
"POINT (10.883860617000000 48.361039033000097)",Unfall 226262 (2022) Kat:3, Licht: 0,226262,3,6,4,10,15,2,0,0,1,0,0,0,0,0
"POINT (10.882619236000000 48.398890263000098)",Unfall 226294 (2022) Kat:3, Licht: 0,226294,3,7,0,10,17,7,1,0,1,0,0,0,0,0
"POINT (10.876774929000000 48.398323393000098)",Unfall 226311 (2022) Kat:3, Licht: 0,226311,3,7,0,10,09,2,0,0,1,0,0,0,0,0
"POINT (10.929576419000099 48.361211325000099)",Unfall 226330 (2022) Kat:3, Licht: 0,226330,3,1,6,10,16,4,0,0,0,1,1,0,0,0
"POINT (10.912371478000100 48.374500978000100)",Unfall 226344 (2022) Kat:3, Licht: 0,226344,3,7,0,11,16,3,0,0,0,0,0,0,0,1
"POINT (10.923934491000100 48.377740488000001)",Unfall 226357 (2022) Kat:3, Licht: 0,226357,3,1,0,10,17,1,0,0,1,0,0,0,0,0
"POINT (10.881693176000100 48.347954428000001)",Unfall 226372 (2022) Kat:3, Licht: 2,226372,3,1,5,11,17,5,0,2,1,1,0,0,0,0
"POINT (10.915010758999999 48.392643327000002)",Unfall 226376 (2022) Kat:3, Licht: 2,226376,3,1,0,10,20,7,0,2,1,0,0,0,0,0
"POINT (10.874596614000000 48.343287068000102)",Unfall 226415 (2022) Kat:3, Licht: 1,226415,3,2,4,10,18,5,0,1,1,1,0,0,0,0
"POINT (10.890072641000099 48.370216312000103)",Unfall 226446 (2022) Kat:2, Licht: 0,226446,2,3,5,11,12,5,0,0,0,1,0,0,0,0
"POINT (10.904637901999999 48.355782202000100)",Unfall 226454 (2022) Kat:2, Licht: 0,226454,2,1,5,11,08,3,1,0,0,1,0,1,0,0
"POINT (10.897864210000000 48.370508874999999)",Unfall 226528 (2022) Kat:3, Licht: 0,226528,3,2,4,11,11,2,0,0,0,1,0,1,0,0
"POINT (10.871288075000100 48.356185044000000)",Unfall 226558 (2022) Kat:3, Licht: 0,226558,3,1,0,10,11,1,1,0,0,0,0,1,0,0
"POINT (10.944814007000000 48.348607514999998)",Unfall 226611 (2022) Kat:2, Licht: 1,226611,2,1,0,10,07,7,0,1,1,0,0,0,0,0
"POINT (10.874773108000101 48.363968297000000)",Unfall 226638 (2022) Kat:2, Licht: 0,226638,2,1,0,11,15,2,0,0,1,0,0,0,0,0
"POINT (10.878962074000100 48.370829392000097)",Unfall 226654 (2022) Kat:3, Licht: 2,226654,3,3,5,11,17,3,1,2,0,1,0,0,0,1
"POINT (10.876524443999999 48.364437607000099)",Unfall 226674 (2022) Kat:3, Licht: 0,226674,3,6,0,11,11,5,1,0,1,0,0,0,0,0
"POINT (10.896109297000100 48.404813487000098)",Unfall 226754 (2022) Kat:2, Licht: 2,226754,2,1,0,11,19,2,0,2,1,1,0,0,0,0
"POINT (10.860605275000101 48.380392117000000)",Unfall 226770 (2022) Kat:3, Licht: 0,226770,3,7,0,11,15,4,0,0,0,0,0,0,0,1
"POINT (10.896330582000100 48.370199768000099)",Unfall 226780 (2022) Kat:2, Licht: 0,226780,2,4,6,11,11,6,1,0,1,0,1,0,0,0
"POINT (10.911050849000000 48.361795665999999)",Unfall 226787 (2022) Kat:3, Licht: 2,226787,3,3,5,11,16,1,0,2,1,1,0,0,0,0
"POINT (10.881766062000100 48.365884915000002)",Unfall 226807 (2022) Kat:3, Licht: 0,226807,3,2,3,11,14,4,0,0,1,1,0,0,0,0
"POINT (10.853940207999999 48.379869149999998)",Unfall 226808 (2022) Kat:3, Licht: 0,226808,3,6,1,11,08,2,0,0,1,1,0,0,0,0
"POINT (10.901592722000000 48.375548225999999)",Unfall 226819 (2022) Kat:3, Licht: 1,226819,3,1,0,11,06,4,1,1,0,0,0,1,0,0
"POINT (10.870532505000000 48.371787511999997)",Unfall 226822 (2022) Kat:3, Licht: 0,226822,3,7,0,11,14,7,0,0,1,0,0,0,0,0
"POINT (10.880607663999999 48.384865649000098)",Unfall 226834 (2022) Kat:3, Licht: 2,226834,3,4,6,11,16,6,1,2,0,1,1,0,0,0
"POINT (10.927712817000000 48.351532800000001)",Unfall 226914 (2022) Kat:3, Licht: 0,226914,3,1,0,11,16,3,0,0,1,0,0,0,0,0
"POINT (10.844795664999999 48.387303920000100)",Unfall 226925 (2022) Kat:3, Licht: 0,226925,3,6,8,11,08,4,0,0,0,1,0,0,0,0
"POINT (10.896407115000001 48.359994798000102)",Unfall 226931 (2022) Kat:3, Licht: 0,226931,3,1,0,11,13,2,1,0,1,0,0,0,0,0
"POINT (10.856442123000001 48.392607941999998)",Unfall 226959 (2022) Kat:3, Licht: 0,226959,3,3,5,11,16,1,0,0,1,1,0,0,0,0
"POINT (10.902327774000099 48.359130046000097)",Unfall 226974 (2022) Kat:3, Licht: 2,226974,3,1,2,11,19,7,0,2,0,1,0,0,0,0
"POINT (10.940539516999999 48.378700900000098)",Unfall 226983 (2022) Kat:3, Licht: 2,226983,3,3,5,11,06,4,1,2,0,1,0,0,0,1
"POINT (10.857845555999999 48.337164129000001)",Unfall 227015 (2022) Kat:3, Licht: 0,227015,3,1,3,11,13,7,0,0,1,1,0,0,0,0
"POINT (10.888956140000101 48.365147616000101)",Unfall 227023 (2022) Kat:3, Licht: 0,227023,3,7,0,11,11,7,1,0,1,0,0,0,0,0
"POINT (10.889927935999999 48.370174228000103)",Unfall 227042 (2022) Kat:3, Licht: 0,227042,3,6,3,11,07,4,0,0,1,0,0,0,1,0
"POINT (10.878312134000099 48.369944435999997)",Unfall 227087 (2022) Kat:3, Licht: 2,227087,3,4,6,11,16,6,1,2,0,1,1,0,0,0
"POINT (10.921228222000000 48.379706964999997)",Unfall 227107 (2022) Kat:3, Licht: 1,227107,3,2,6,11,17,5,0,1,0,1,1,0,0,0
"POINT (10.905507311000100 48.336278310000097)",Unfall 227113 (2022) Kat:3, Licht: 0,227113,3,1,1,11,09,3,0,0,1,1,0,0,0,0
"POINT (10.906235304000100 48.370108591000097)",Unfall 227137 (2022) Kat:3, Licht: 0,227137,3,3,5,11,14,5,0,0,1,1,0,0,0,0
"POINT (10.888483033000099 48.377721428000001)",Unfall 227170 (2022) Kat:3, Licht: 0,227170,3,7,2,11,17,1,0,0,0,1,0,1,0,0
"POINT (10.900474139000000 48.349114108000002)",Unfall 227182 (2022) Kat:3, Licht: 0,227182,3,2,5,11,14,5,0,0,0,1,0,0,0,0
"POINT (10.868543514000100 48.371173169000002)",Unfall 227199 (2022) Kat:3, Licht: 0,227199,3,3,5,11,13,4,0,0,1,1,0,0,0,0
"POINT (10.880140790000000 48.367630898000101)",Unfall 227205 (2022) Kat:3, Licht: 0,227205,3,3,5,11,15,3,0,0,0,1,0,0,0,0
"POINT (10.884974079000100 48.367324557000103)",Unfall 227211 (2022) Kat:3, Licht: 2,227211,3,7,0,11,18,6,1,2,1,0,0,0,0,0
"POINT (10.890704578000101 48.370756189000097)",Unfall 227244 (2022) Kat:3, Licht: 0,227244,3,7,0,11,11,1,1,0,0,0,0,0,0,1
"POINT (10.881022444000100 48.399858483000102)",Unfall 227249 (2022) Kat:3, Licht: 0,227249,3,6,2,11,13,4,0,0,0,1,0,0,0,0
"POINT (10.906599453000100 48.370155799000003)",Unfall 227251 (2022) Kat:3, Licht: 0,227251,3,6,1,11,13,6,0,0,0,1,0,0,0,0
"POINT (10.879003002999999 48.370743676000103)",Unfall 227266 (2022) Kat:3, Licht: 2,227266,3,3,5,11,07,6,1,2,1,1,0,0,0,0
"POINT (10.894280664000100 48.313626645000099)",Unfall 227326 (2022) Kat:2, Licht: 0,227326,2,1,0,11,10,6,0,0,1,1,0,0,0,0
"POINT (10.893290398000000 48.368791565999999)",Unfall 227337 (2022) Kat:3, Licht: 2,227337,3,2,3,11,19,2,0,2,0,1,0,0,0,1
"POINT (10.895787572000099 48.370541486000000)",Unfall 227347 (2022) Kat:3, Licht: 2,227347,3,7,0,11,00,1,1,2,0,0,0,0,0,1
"POINT (10.894909047000100 48.370055938000100)",Unfall 227362 (2022) Kat:3, Licht: 2,227362,3,7,0,11,05,5,1,2,1,0,0,0,0,1
"POINT (10.881003263000000 48.380438452000099)",Unfall 227411 (2022) Kat:3, Licht: 0,227411,3,2,6,11,09,4,1,0,0,1,1,0,0,0
"POINT (10.903529750000100 48.373190418999997)",Unfall 227421 (2022) Kat:3, Licht: 2,227421,3,3,5,11,20,3,1,2,1,1,0,0,0,0
"POINT (10.899562511000100 48.340257813999997)",Unfall 227474 (2022) Kat:3, Licht: 0,227474,3,1,0,11,12,4,0,0,1,0,0,0,0,0
"POINT (10.911204519000000 48.364144787999997)",Unfall 227478 (2022) Kat:3, Licht: 2,227478,3,1,0,11,18,6,0,2,0,0,0,0,0,1
"POINT (10.889449591000099 48.365234839999999)",Unfall 227490 (2022) Kat:3, Licht: 0,227490,3,7,0,11,11,7,1,0,1,1,0,0,0,0
"POINT (10.860513419000000 48.365416309000103)",Unfall 227505 (2022) Kat:2, Licht: 2,227505,2,4,6,11,16,6,1,2,0,1,1,0,0,0
"POINT (10.893224758000001 48.316069460999998)",Unfall 227535 (2022) Kat:3, Licht: 0,227535,3,1,6,11,13,2,0,0,0,1,1,0,0,0
"POINT (10.868685528000100 48.372078227000003)",Unfall 227543 (2022) Kat:3, Licht: 0,227543,3,3,3,11,07,5,1,0,0,1,0,1,0,0
"POINT (10.926164320000099 48.376291836000100)",Unfall 227544 (2022) Kat:3, Licht: 0,227544,3,1,0,11,08,5,1,0,1,0,0,0,0,0
"POINT (10.899859876000100 48.375206757000100)",Unfall 227556 (2022) Kat:3, Licht: 1,227556,3,7,6,11,17,6,0,1,0,1,1,0,0,0
"POINT (10.899413322999999 48.365320999000097)",Unfall 227576 (2022) Kat:3, Licht: 2,227576,3,7,0,11,17,5,1,2,1,0,0,0,0,0
"POINT (10.901012635000001 48.370609631000001)",Unfall 227578 (2022) Kat:2, Licht: 0,227578,2,2,3,11,11,5,1,0,1,0,0,0,0,1
"POINT (10.874071258000100 48.381492423000097)",Unfall 227586 (2022) Kat:3, Licht: 2,227586,3,4,6,11,18,6,0,2,0,1,1,0,0,0
"POINT (10.904303957000000 48.358004436999998)",Unfall 227601 (2022) Kat:3, Licht: 2,227601,3,3,4,11,18,6,1,2,1,1,0,0,0,0
"POINT (10.868211486000099 48.338234080000099)",Unfall 227621 (2022) Kat:3, Licht: 0,227621,3,1,0,11,13,4,0,0,1,0,0,0,0,0
"POINT (10.901607020000000 48.375548652000099)",Unfall 227633 (2022) Kat:3, Licht: 0,227633,3,3,0,11,08,3,0,0,0,1,0,1,0,0
"POINT (10.879032240000100 48.403008999000100)",Unfall 227664 (2022) Kat:3, Licht: 1,227664,3,6,2,11,16,5,0,1,0,1,0,0,0,0
"POINT (10.898472998000001 48.297049790000102)",Unfall 227671 (2022) Kat:3, Licht: 0,227671,3,1,6,11,07,2,0,0,1,0,1,0,0,0
"POINT (10.893590763000100 48.364981180000001)",Unfall 227682 (2022) Kat:3, Licht: 1,227682,3,7,0,11,18,5,0,1,1,0,0,0,0,0
"POINT (10.920460891000101 48.367778338999997)",Unfall 227703 (2022) Kat:3, Licht: 0,227703,3,1,6,11,12,3,1,0,0,1,1,0,0,0
"POINT (10.848141054999999 48.379522730000097)",Unfall 227706 (2022) Kat:3, Licht: 2,227706,3,6,2,11,17,4,0,2,0,1,0,0,0,0
"POINT (10.871339269000000 48.371716634999999)",Unfall 227731 (2022) Kat:3, Licht: 0,227731,3,4,6,12,07,6,1,0,1,0,1,0,0,0
"POINT (10.886663163000000 48.368359950000098)",Unfall 227755 (2022) Kat:3, Licht: 0,227755,3,2,6,12,17,5,0,0,0,1,1,0,0,0
"POINT (10.864986530000101 48.380865139000001)",Unfall 227759 (2022) Kat:3, Licht: 0,227759,3,3,5,12,08,6,1,0,0,1,0,0,0,0
"POINT (10.910868618000100 48.397380860000098)",Unfall 227786 (2022) Kat:3, Licht: 0,227786,3,6,6,12,15,3,1,0,0,1,1,0,0,0
"POINT (10.902420322000101 48.361954206000100)",Unfall 227790 (2022) Kat:3, Licht: 2,227790,3,1,0,12,20,6,1,2,1,0,0,0,0,0
"POINT (10.893741076000000 48.364888825000001)",Unfall 227801 (2022) Kat:3, Licht: 0,227801,3,6,2,12,14,1,0,0,0,1,0,0,0,0
"POINT (10.896010997000101 48.366616073000003)",Unfall 227830 (2022) Kat:3, Licht: 0,227830,3,4,6,12,14,6,0,0,1,0,1,0,0,0
"POINT (10.894595421000099 48.369928376000097)",Unfall 227856 (2022) Kat:2, Licht: 2,227856,2,3,5,12,18,4,0,2,0,1,0,0,0,0
"POINT (10.838273651000099 48.385374845999998)",Unfall 227868 (2022) Kat:2, Licht: 0,227868,2,7,6,12,10,4,0,0,0,0,1,0,0,1
"POINT (10.894365873000000 48.366180196000101)",Unfall 227884 (2022) Kat:3, Licht: 0,227884,3,4,6,12,14,4,0,0,0,0,1,0,0,1
"POINT (10.901133599000000 48.371595184000100)",Unfall 227905 (2022) Kat:3, Licht: 2,227905,3,7,0,12,23,4,0,2,1,0,0,0,0,0
"POINT (10.895766896000101 48.378405374000103)",Unfall 227918 (2022) Kat:3, Licht: 1,227918,3,6,2,12,15,3,1,1,0,1,0,0,0,0
"POINT (10.869944487000099 48.372284659000101)",Unfall 227948 (2022) Kat:3, Licht: 1,227948,3,6,2,12,07,6,2,1,0,1,0,0,0,0
"POINT (10.880059982000001 48.368464854000102)",Unfall 227961 (2022) Kat:3, Licht: 0,227961,3,6,2,12,11,7,1,0,1,0,0,0,0,0
"POINT (10.907331030000000 48.307885880000100)",Unfall 228008 (2022) Kat:3, Licht: 0,228008,3,4,6,12,15,3,0,0,0,1,1,0,0,0
"POINT (10.917228651000100 48.385620164999999)",Unfall 228012 (2022) Kat:2, Licht: 0,228012,2,3,5,12,10,6,0,0,1,1,0,0,0,0
"POINT (10.906366507000000 48.414927962999997)",Unfall 228034 (2022) Kat:2, Licht: 0,228034,2,1,9,12,10,2,1,0,0,1,0,0,0,0
"POINT (10.891449845000100 48.370267777999999)",Unfall 228080 (2022) Kat:3, Licht: 2,228080,3,7,1,12,19,2,0,2,0,1,0,0,0,0
"POINT (10.888800826000001 48.376375195999998)",Unfall 228101 (2022) Kat:3, Licht: 0,228101,3,3,5,12,13,6,1,0,1,1,0,0,0,0
"POINT (10.899581312000100 48.369028901000000)",Unfall 228159 (2022) Kat:3, Licht: 0,228159,3,1,6,12,09,4,0,0,1,0,1,0,0,0
"POINT (10.943947917999999 48.340768232000102)",Unfall 228197 (2022) Kat:3, Licht: 2,228197,3,5,1,12,16,5,1,2,0,1,0,0,0,0
"POINT (10.916448654000000 48.381773606000102)",Unfall 228202 (2022) Kat:3, Licht: 0,228202,3,3,5,12,09,6,0,0,0,1,0,0,0,0
"POINT (10.889821564000000 48.360342533000100)",Unfall 228219 (2022) Kat:3, Licht: 0,228219,3,3,5,12,07,6,0,0,0,1,0,0,0,1
"POINT (10.897701852000100 48.367139518000002)",Unfall 228243 (2022) Kat:3, Licht: 0,228243,3,7,0,12,15,2,1,0,1,0,0,0,0,0
"POINT (10.907154146000000 48.374687708000103)",Unfall 228250 (2022) Kat:3, Licht: 0,228250,3,3,5,12,08,4,0,0,1,1,0,0,0,0
"POINT (10.874931574000099 48.370956841000101)",Unfall 228280 (2022) Kat:3, Licht: 0,228280,3,3,5,12,08,6,2,0,1,1,0,0,0,0
"POINT (10.894599911000100 48.365711041000097)",Unfall 228282 (2022) Kat:3, Licht: 0,228282,3,4,6,12,11,5,0,0,0,0,1,0,0,1
"POINT (10.854407626000100 48.394227241000102)",Unfall 228299 (2022) Kat:3, Licht: 0,228299,3,1,0,12,09,7,1,0,1,0,0,0,0,0
"POINT (10.864367928000000 48.365698872999999)",Unfall 228303 (2022) Kat:2, Licht: 2,228303,2,3,5,12,17,6,1,2,1,1,0,0,0,0
"POINT (10.878438763000100 48.370129413000001)",Unfall 228309 (2022) Kat:3, Licht: 2,228309,3,6,2,12,18,4,0,2,0,1,0,0,0,0
"POINT (10.880484285000000 48.401550221999997)",Unfall 228325 (2022) Kat:3, Licht: 2,228325,3,6,2,12,19,5,0,2,0,1,0,0,0,0
"POINT (10.895549401000000 48.375239427000103)",Unfall 228331 (2022) Kat:2, Licht: 1,228331,2,5,1,12,18,6,1,1,1,1,0,0,0,0
"POINT (10.898124481000000 48.395392828000098)",Unfall 228337 (2022) Kat:3, Licht: 2,228337,3,4,6,12,07,3,1,2,0,1,1,0,0,0
"POINT (10.901166002000000 48.364353829000002)",Unfall 228406 (2022) Kat:3, Licht: 2,228406,3,5,1,12,21,3,0,2,1,1,0,0,0,0
"POINT (10.930640208000099 48.355251912000000)",Unfall 228434 (2022) Kat:3, Licht: 0,228434,3,3,5,12,07,2,1,0,1,1,0,0,0,0
"POINT (10.877307190000099 48.380426532999998)",Unfall 228503 (2022) Kat:3, Licht: 0,228503,3,7,2,12,14,5,0,0,0,1,0,0,0,0
"POINT (10.874035699000000 48.380973561000097)",Unfall 228526 (2022) Kat:3, Licht: 0,228526,3,1,9,12,13,3,0,0,1,1,1,0,0,0
"POINT (10.889713550000099 48.360379901000002)",Unfall 228537 (2022) Kat:3, Licht: 2,228537,3,1,4,12,22,1,1,2,1,1,0,0,0,0
"POINT (10.880882234000101 48.379242554000001)",Unfall 228544 (2022) Kat:3, Licht: 1,228544,3,4,6,12,07,3,0,1,0,1,1,0,0,0
"POINT (10.943547264000101 48.363626390000000)",Unfall 228580 (2022) Kat:3, Licht: 2,228580,3,3,5,12,19,1,1,2,0,1,0,0,0,0
"POINT (10.881747404000100 48.391804086000000)",Unfall 228607 (2022) Kat:3, Licht: 1,228607,3,2,5,12,16,3,1,1,0,0,0,0,0,1
"POINT (10.901817450000101 48.309233282000001)",Unfall 228646 (2022) Kat:3, Licht: 2,228646,3,1,0,12,20,3,0,2,0,1,0,0,0,0
"POINT (10.879556783000099 48.402747185000102)",Unfall 228654 (2022) Kat:3, Licht: 2,228654,3,4,6,12,17,6,1,2,0,1,1,0,0,0
"POINT (10.894364916000001 48.366182172999999)",Unfall 228662 (2022) Kat:2, Licht: 0,228662,2,4,6,12,13,3,0,0,0,0,1,0,0,1
"POINT (10.914082080000099 48.376990550000102)",Unfall 228664 (2022) Kat:3, Licht: 2,228664,3,2,5,12,17,5,0,2,1,1,0,0,0,0