WKT,Name,OBJECTID,UKATEGORIE,UTYP1,UART,UMONAT,USTUNDE,UWOCHENTAG,STRZUSTAND,ULICHTVERH,ISTRAD,ISTPKW,ISTFUSS,ISTKRAD,ISTGKFZ,ISTSONSTIG
"POINT (10.898451676000036 48.379470376000029)",Unfall 114429 (2023) Kat:3, Licht: 2,114429,3,7,0,08,02,7,0,2,0,0,0,0,0,1
"POINT (10.943078138000033 48.354905595000048)",Unfall 114543 (2023) Kat:3, Licht: 0,114543,3,6,2,07,17,3,0,0,0,1,0,0,0,0
"POINT (10.870676039000045 48.348155503000044)",Unfall 114761 (2023) Kat:3, Licht: 0,114761,3,6,2,07,16,1,0,0,0,1,0,0,0,0
"POINT (10.878133785000045 48.386909321000076)",Unfall 114762 (2023) Kat:3, Licht: 2,114762,3,3,5,07,02,1,1,2,0,1,0,0,0,0
"POINT (10.897258294000039 48.380055470000059)",Unfall 114837 (2023) Kat:3, Licht: 0,114837,3,7,7,09,17,2,0,0,1,0,0,0,0,1
"POINT (10.914572327000030 48.264504510000052)",Unfall 114918 (2023) Kat:2, Licht: 0,114918,2,6,4,09,14,1,0,0,0,1,0,1,0,0
"POINT (10.849139895000064 48.374454193000076)",Unfall 114992 (2023) Kat:3, Licht: 2,114992,3,1,0,09,02,7,0,2,1,0,0,0,0,0
"POINT (10.856466594000040 48.373445951000065)",Unfall 115245 (2023) Kat:3, Licht: 0,115245,3,6,2,08,17,3,1,0,0,1,0,0,0,0
"POINT (10.931631740000057 48.381193962000054)",Unfall 115377 (2023) Kat:3, Licht: 2,115377,3,1,1,08,01,1,1,2,0,1,0,0,0,0
"POINT (10.878098480000062 48.386953842000025)",Unfall 115425 (2023) Kat:3, Licht: 0,115425,3,3,4,08,12,7,0,0,0,1,0,0,0,0
"POINT (10.892615226000032 48.382871397000031)",Unfall 115456 (2023) Kat:3, Licht: 0,115456,3,1,3,09,15,1,0,0,1,1,0,0,0,0
"POINT (10.855703871000060 48.373519398000042)",Unfall 115508 (2023) Kat:3, Licht: 0,115508,3,6,2,08,11,6,0,0,0,1,0,0,0,0
"POINT (10.898557267000058 48.379491271000063)",Unfall 115509 (2023) Kat:3, Licht: 2,115509,3,3,4,08,23,6,1,2,1,1,0,0,0,0
"POINT (10.910321354000075 48.357656685000052)",Unfall 115571 (2023) Kat:3, Licht: 2,115571,3,2,4,08,05,2,1,2,0,1,0,0,0,0
"POINT (10.894714599000054 48.413713021000035)",Unfall 115585 (2023) Kat:3, Licht: 2,115585,3,1,8,08,22,5,1,2,0,1,0,0,0,0
"POINT (10.889454636000039 48.340005422000047)",Unfall 115587 (2023) Kat:2, Licht: 0,115587,2,1,9,08,13,5,0,0,0,1,0,0,0,0
"POINT (10.898741801000028 48.379639758000053)",Unfall 115670 (2023) Kat:3, Licht: 1,115670,3,6,3,08,21,4,0,1,0,1,0,0,0,0
"POINT (10.929398552000066 48.364038899000036)",Unfall 115917 (2023) Kat:3, Licht: 0,115917,3,2,0,08,15,1,0,0,1,1,0,0,0,0
"POINT (10.883894784000063 48.310150168000064)",Unfall 116105 (2023) Kat:3, Licht: 0,116105,3,3,5,09,16,1,0,0,0,1,0,1,0,0
"POINT (10.858362580000062 48.351948630000038)",Unfall 116197 (2023) Kat:3, Licht: 0,116197,3,6,2,09,15,6,1,0,0,1,0,0,0,0
"POINT (10.920066619000067 48.410728664000032)",Unfall 116198 (2023) Kat:3, Licht: 2,116198,3,3,5,09,06,6,1,2,0,1,0,1,0,0
"POINT (10.911168924000037 48.357154562000062)",Unfall 116306 (2023) Kat:3, Licht: 0,116306,3,1,2,09,16,5,0,0,0,0,0,1,1,0
"POINT (10.908250340000052 48.354643259000056)",Unfall 116307 (2023) Kat:3, Licht: 0,116307,3,1,3,09,13,5,0,0,0,1,0,0,1,0
"POINT (10.891923548000022 48.414106191000030)",Unfall 116464 (2023) Kat:3, Licht: 0,116464,3,6,2,09,18,3,0,0,0,1,0,1,0,0
"POINT (10.887100347000057 48.332005791000029)",Unfall 116536 (2023) Kat:3, Licht: 0,116536,3,6,2,09,08,2,0,0,0,1,0,0,0,0
"POINT (10.854555962000063 48.368880011000044)",Unfall 116537 (2023) Kat:3, Licht: 0,116537,3,6,3,09,13,2,1,0,0,1,0,0,1,0
"POINT (10.848022053000022 48.374620628000059)",Unfall 116539 (2023) Kat:3, Licht: 0,116539,3,6,2,09,13,2,1,0,0,1,0,0,1,0
"POINT (10.868151607000073 48.389840597000045)",Unfall 116540 (2023) Kat:3, Licht: 0,116540,3,1,8,09,11,2,0,0,0,1,0,0,0,0
"POINT (10.936088479000034 48.382666635000078)",Unfall 116541 (2023) Kat:3, Licht: 0,116541,3,2,5,09,09,2,0,0,1,1,0,0,0,0
"POINT (10.907125816000075 48.339397085000030)",Unfall 116870 (2023) Kat:3, Licht: 0,116870,3,6,3,09,16,5,0,0,0,1,0,1,0,0
"POINT (10.875291061000041 48.309849895000070)",Unfall 116871 (2023) Kat:3, Licht: 0,116871,3,2,3,09,12,5,0,0,1,1,0,0,0,0
"POINT (10.842166817000077 48.386619131000032)",Unfall 117111 (2023) Kat:3, Licht: 0,117111,3,7,0,09,15,2,0,0,1,0,0,0,1,0
"POINT (10.937745965000033 48.384607625000058)",Unfall 117112 (2023) Kat:3, Licht: 0,117112,3,6,3,09,14,2,0,0,0,1,0,0,0,0
"POINT (10.953515755000069 48.348636094000028)",Unfall 117324 (2023) Kat:3, Licht: 0,117324,3,3,5,09,10,7,0,0,0,1,0,0,0,1
"POINT (10.914359962000049 48.410885424000071)",Unfall 117406 (2023) Kat:3, Licht: 0,117406,3,6,2,09,16,4,0,0,0,1,0,1,0,0
"POINT (10.919470101000059 48.396414608000043)",Unfall 117435 (2023) Kat:3, Licht: 0,117435,3,6,2,09,13,6,0,0,0,1,0,0,0,0
"POINT (10.956205394000051 48.336463528000081)",Unfall 117555 (2023) Kat:3, Licht: 2,117555,3,1,0,09,21,5,0,2,1,0,0,0,0,0
"POINT (10.919961622000073 48.413524198000061)",Unfall 117556 (2023) Kat:3, Licht: 2,117556,3,3,5,09,00,5,0,2,0,1,0,0,0,0
"POINT (10.908905852000032 48.315187013000070)",Unfall 117557 (2023) Kat:2, Licht: 0,117557,2,1,6,09,12,5,0,0,0,1,1,0,0,0
"POINT (10.904797725000037 48.346645128000034)",Unfall 117559 (2023) Kat:3, Licht: 0,117559,3,1,5,09,08,5,0,0,1,0,0,0,1,0
"POINT (10.920206906000033 48.397044750000077)",Unfall 117603 (2023) Kat:3, Licht: 0,117603,3,3,5,09,16,5,0,0,0,1,0,0,0,0
"POINT (10.933011781000062 48.372993006000058)",Unfall 117629 (2023) Kat:3, Licht: 0,117629,3,3,5,09,17,4,0,0,1,1,0,0,0,0
"POINT (10.922272942000063 48.355098858000076)",Unfall 117708 (2023) Kat:3, Licht: 0,117708,3,1,4,09,18,4,0,0,0,1,0,0,0,0
"POINT (10.904961319000051 48.308022387000051)",Unfall 117821 (2023) Kat:3, Licht: 0,117821,3,2,6,09,17,3,0,0,0,1,1,0,0,0
"POINT (10.905112064000036 48.308003659000065)",Unfall 117962 (2023) Kat:3, Licht: 0,117962,3,1,4,10,09,5,0,0,0,1,0,0,0,0
"POINT (10.862236436000046 48.390694965000080)",Unfall 118021 (2023) Kat:3, Licht: 0,118021,3,5,1,10,13,4,0,0,0,1,0,0,0,0
"POINT (10.920154916000058 48.355176709000034)",Unfall 118022 (2023) Kat:3, Licht: 2,118022,3,1,2,10,05,4,0,2,0,1,0,1,0,0
"POINT (10.925914702000057 48.373033287000055)",Unfall 118157 (2023) Kat:3, Licht: 0,118157,3,7,0,10,15,2,0,0,1,0,0,0,0,1
"POINT (10.935037190000060 48.355157480000059)",Unfall 118158 (2023) Kat:3, Licht: 0,118158,3,2,3,10,15,2,0,0,1,0,0,0,0,1
"POINT (10.923059626000054 48.370666765000067)",Unfall 118159 (2023) Kat:3, Licht: 0,118159,3,1,2,10,08,2,0,0,0,1,0,0,0,0
"POINT (10.847491306000052 48.374761083000067)",Unfall 118454 (2023) Kat:3, Licht: 0,118454,3,6,2,10,17,4,0,0,0,1,0,0,0,0
"POINT (10.846621007000067 48.382505439000056)",Unfall 118455 (2023) Kat:3, Licht: 1,118455,3,6,2,10,06,4,0,1,0,1,0,0,0,0
"POINT (10.936826005000057 48.383683882000071)",Unfall 118501 (2023) Kat:2, Licht: 0,118501,2,3,5,10,15,3,0,0,0,1,0,0,0,1
"POINT (10.894278205000035 48.382357845000058)",Unfall 118503 (2023) Kat:2, Licht: 0,118503,2,3,3,10,17,3,0,0,1,0,0,0,0,0
"POINT (10.893681842000035 48.382539462000068)",Unfall 118565 (2023) Kat:3, Licht: 0,118565,3,6,2,10,12,2,0,0,0,1,0,0,0,0
"POINT (10.861968572000023 48.309210976000031)",Unfall 118737 (2023) Kat:3, Licht: 0,118737,3,1,5,10,16,6,0,0,1,1,0,0,0,0
"POINT (10.948211215000072 48.365740169000048)",Unfall 118906 (2023) Kat:3, Licht: 0,118906,3,3,5,10,08,4,0,0,1,1,0,0,0,0
"POINT (10.902178172000049 48.381786075000036)",Unfall 118907 (2023) Kat:3, Licht: 0,118907,3,3,5,10,08,4,0,0,1,1,0,0,0,0
"POINT (10.891911929000059 48.414107064000063)",Unfall 118981 (2023) Kat:3, Licht: 0,118981,3,6,2,10,15,3,0,0,0,0,0,0,1,1
"POINT (10.920395995000035 48.410961971000063)",Unfall 119282 (2023) Kat:2, Licht: 2,119282,2,1,9,10,05,1,0,2,0,1,0,0,0,1
"POINT (10.876811105000058 48.346539859000075)",Unfall 119357 (2023) Kat:3, Licht: 0,119357,3,7,2,10,17,5,0,0,0,1,0,0,0,1
"POINT (10.882566881000059 48.385729719000039)",Unfall 119425 (2023) Kat:3, Licht: 1,119425,3,1,2,10,19,4,0,1,1,0,0,0,0,0
"POINT (10.907435602000021 48.311807477000059)",Unfall 119426 (2023) Kat:3, Licht: 0,119426,3,2,2,10,11,4,0,0,1,1,0,0,0,0
"POINT (10.935339744000032 48.382242457000075)",Unfall 119457 (2023) Kat:3, Licht: 0,119457,3,1,0,10,07,4,0,0,0,0,0,1,0,0
"POINT (10.842551159000038 48.386443258000043)",Unfall 119583 (2023) Kat:3, Licht: 0,119583,3,6,2,10,15,2,0,0,0,1,0,0,0,0
"POINT (10.917896965000068 48.373439692000034)",Unfall 119584 (2023) Kat:3, Licht: 0,119584,3,1,1,10,12,2,0,0,0,1,0,0,1,0
"POINT (10.879270267000038 48.310223178000058)",Unfall 119794 (2023) Kat:3, Licht: 0,119794,3,1,5,10,14,6,0,0,0,1,0,0,0,0
"POINT (10.888766694000026 48.384301365000056)",Unfall 119856 (2023) Kat:3, Licht: 2,119856,3,7,0,09,23,6,0,2,1,0,0,0,0,0
"POINT (10.948175368000022 48.355201925000074)",Unfall 119975 (2023) Kat:3, Licht: 0,119975,3,3,5,09,17,5,0,0,0,1,0,1,0,0
"POINT (10.949700605000032 48.383842994000076)",Unfall 120095 (2023) Kat:3, Licht: 0,120095,3,3,5,10,13,4,0,0,1,1,0,0,0,0
"POINT (10.907179442000029 48.339218889000051)",Unfall 120114 (2023) Kat:2, Licht: 0,120114,2,1,2,09,15,4,0,0,0,0,0,1,0,0
"POINT (10.860743917000036 48.350908237000056)",Unfall 120249 (2023) Kat:3, Licht: 2,120249,3,6,3,09,05,3,0,2,0,1,0,0,1,0
"POINT (10.938137170000061 48.355125604000079)",Unfall 120251 (2023) Kat:3, Licht: 0,120251,3,6,3,09,16,3,0,0,1,0,0,0,0,0
"POINT (10.929270987000052 48.377434115000028)",Unfall 120252 (2023) Kat:3, Licht: 0,120252,3,6,1,09,13,3,0,0,0,1,0,0,0,0
"POINT (10.881719683000028 48.385698147000028)",Unfall 120469 (2023) Kat:3, Licht: 2,120469,3,3,5,11,17,5,0,2,0,1,0,0,0,1
"POINT (10.902537775000042 48.381781984000042)",Unfall 120470 (2023) Kat:3, Licht: 1,120470,3,6,2,11,16,5,1,1,0,1,0,0,0,0
"POINT (10.892489010000077 48.337804233000043)",Unfall 120610 (2023) Kat:3, Licht: 2,120610,3,6,2,11,17,3,1,2,0,1,0,0,0,0
"POINT (10.857321734000038 48.352371041000026)",Unfall 120611 (2023) Kat:3, Licht: 0,120611,3,6,2,11,07,3,1,0,0,1,0,0,0,0
"POINT (10.898929393000060 48.337532030000034)",Unfall 120613 (2023) Kat:3, Licht: 2,120613,3,3,6,11,18,3,1,2,0,0,1,0,0,1
"POINT (10.914353301000062 48.375042633000078)",Unfall 120614 (2023) Kat:3, Licht: 2,120614,3,3,5,11,21,3,1,2,0,1,0,0,0,0
"POINT (10.855745178000063 48.373515309000027)",Unfall 120673 (2023) Kat:3, Licht: 0,120673,3,6,2,11,15,2,0,0,0,1,0,0,0,0
"POINT (10.928860136000026 48.374745863000044)",Unfall 120674 (2023) Kat:3, Licht: 0,120674,3,1,0,11,16,2,1,0,0,0,0,1,0,0
"POINT (10.920658874000026 48.397703244000070)",Unfall 120675 (2023) Kat:3, Licht: 2,120675,3,6,3,11,05,2,1,2,0,1,0,0,0,0
"POINT (10.897773721000021 48.379700236000076)",Unfall 120792 (2023) Kat:3, Licht: 0,120792,3,2,4,11,15,7,0,0,0,1,0,0,0,0
"POINT (10.907469710000044 48.337800802000061)",Unfall 120836 (2023) Kat:3, Licht: 2,120836,3,1,5,11,17,6,0,2,1,0,0,0,0,0
"POINT (10.864881253000021 48.390250439000056)",Unfall 120917 (2023) Kat:3, Licht: 0,120917,3,3,5,11,08,5,0,0,0,1,0,0,0,0
"POINT (10.897739307000052 48.379716554000026)",Unfall 121060 (2023) Kat:3, Licht: 2,121060,3,2,4,11,23,3,0,2,0,1,0,0,0,0
"POINT (10.884485194000035 48.385727246000044)",Unfall 121141 (2023) Kat:3, Licht: 0,121141,3,1,0,11,14,2,0,0,1,0,0,0,0,0
"POINT (10.917243513000074 48.264716682000028)",Unfall 121202 (2023) Kat:3, Licht: 2,121202,3,7,7,11,20,1,0,2,0,1,0,0,0,0
"POINT (10.938095381000039 48.386687784000060)",Unfall 121296 (2023) Kat:3, Licht: 0,121296,3,6,2,11,14,6,0,0,0,1,0,0,0,0
"POINT (10.850107391000051 48.374116888000060)",Unfall 121346 (2023) Kat:3, Licht: 2,121346,3,1,9,11,17,5,1,2,0,1,0,0,0,0
"POINT (10.894039828000075 48.309202469000070)",Unfall 121613 (2023) Kat:3, Licht: 0,121613,3,1,8,10,12,1,0,0,0,1,0,0,0,0
"POINT (10.860898647000056 48.388341946000025)",Unfall 121680 (2023) Kat:3, Licht: 0,121680,3,6,2,10,11,7,0,0,0,1,0,0,0,0
"POINT (10.908990105000044 48.315383118000057)",Unfall 121682 (2023) Kat:3, Licht: 0,121682,3,3,5,10,12,7,0,0,1,1,0,0,0,0
"POINT (10.884671638000043 48.312343328000054)",Unfall 121911 (2023) Kat:2, Licht: 2,121911,2,6,2,12,17,4,1,2,0,1,0,0,0,0
"POINT (10.944169922000071 48.354990986000075)",Unfall 121912 (2023) Kat:3, Licht: 2,121912,3,4,0,12,19,4,1,2,0,0,1,1,0,0
"POINT (10.923250222000036 48.370808319000048)",Unfall 121913 (2023) Kat:3, Licht: 2,121913,3,1,5,12,20,4,1,2,0,1,0,0,0,0
"POINT (10.847904558000039 48.339757844000076)",Unfall 121914 (2023) Kat:3, Licht: 0,121914,3,1,8,12,15,4,0,0,0,1,0,0,0,0
"POINT (10.902172214000075 48.381794168000056)",Unfall 121915 (2023) Kat:3, Licht: 2,121915,3,3,5,12,05,4,1,2,1,1,0,0,0,0
"POINT (10.926099738000062 48.373051250000060)",Unfall 122047 (2023) Kat:2, Licht: 2,122047,2,1,0,12,16,2,1,2,1,0,0,0,0,0
"POINT (10.856024358000070 48.373437029000058)",Unfall 122129 (2023) Kat:3, Licht: 0,122129,3,6,2,12,14,6,1,0,0,1,0,0,0,0
"POINT (10.924581661000047 48.371887841000046)",Unfall 122184 (2023) Kat:3, Licht: 2,122184,3,1,3,12,17,5,1,2,0,1,0,0,0,0
"POINT (10.890581370000064 48.309607042000039)",Unfall 122185 (2023) Kat:3, Licht: 1,122185,3,3,5,12,06,5,1,1,1,1,0,0,0,0
"POINT (10.902712003000033 48.337442768000074)",Unfall 122434 (2023) Kat:3, Licht: 0,122434,3,1,2,12,12,7,2,0,0,1,0,0,0,0
"POINT (10.933253215000036 48.407599681000079)",Unfall 122507 (2023) Kat:3, Licht: 2,122507,3,1,3,12,05,6,1,2,0,1,0,0,1,1
"POINT (10.955897390000075 48.338104067000074)",Unfall 122512 (2023) Kat:3, Licht: 2,122512,3,2,4,12,05,6,1,2,0,1,0,0,0,0
"POINT (10.878133785000045 48.386909321000076)",Unfall 122516 (2023) Kat:3, Licht: 1,122516,3,3,4,12,16,6,2,1,0,1,0,0,0,0
"POINT (10.929655525000044 48.363744080000060)",Unfall 122616 (2023) Kat:3, Licht: 2,122616,3,3,5,11,17,5,1,2,1,1,0,0,0,0
"POINT (10.898501896000028 48.379475699000068)",Unfall 122617 (2023) Kat:3, Licht: 2,122617,3,1,0,11,06,5,1,2,1,0,0,0,0,0
"POINT (10.846560441000065 48.382555080000031)",Unfall 122763 (2023) Kat:2, Licht: 1,122763,2,1,0,12,07,3,1,1,1,0,0,0,0,0
"POINT (10.902404056000023 48.381643395000026)",Unfall 122764 (2023) Kat:3, Licht: 2,122764,3,3,5,11,06,3,1,2,1,1,0,0,0,0
"POINT (10.911383299000022 48.375139477000062)",Unfall 122765 (2023) Kat:3, Licht: 2,122765,3,1,8,11,20,3,1,2,0,1,0,0,0,0
"POINT (10.920203070000071 48.397040631000039)",Unfall 122840 (2023) Kat:3, Licht: 2,122840,3,2,4,11,18,2,1,2,0,1,0,0,0,0
"POINT (10.904443060000062 48.327870548000078)",Unfall 122842 (2023) Kat:3, Licht: 1,122842,3,3,6,11,07,2,0,1,0,1,1,0,0,0
"POINT (10.861506797000061 48.390155724000067)",Unfall 123089 (2023) Kat:3, Licht: 2,123089,3,6,3,11,06,6,1,2,0,1,0,0,1,0
"POINT (10.919968646000029 48.420882403000064)",Unfall 123093 (2023) Kat:2, Licht: 2,123093,2,4,6,11,18,6,1,2,0,1,1,0,0,0
"POINT (10.883783739000023 48.310169315000053)",Unfall 123199 (2023) Kat:3, Licht: 2,123199,3,1,9,11,22,5,0,2,0,1,0,0,0,0
"POINT (10.877541884000038 48.296133371000053)",Unfall 123267 (2023) Kat:3, Licht: 2,123267,3,1,9,11,22,4,0,2,0,1,0,0,0,0
"POINT (10.920243394000067 48.409930170000052)",Unfall 123341 (2023) Kat:3, Licht: 2,123341,3,6,2,11,17,3,1,2,0,1,0,0,0,0
"POINT (10.931580595000071 48.360239528000079)",Unfall 123342 (2023) Kat:3, Licht: 2,123342,3,1,8,11,05,3,1,2,1,0,0,0,0,0
"POINT (10.887391158000071 48.385144624000077)",Unfall 123343 (2023) Kat:3, Licht: 2,123343,3,2,3,11,21,3,1,2,1,1,0,0,0,0
"POINT (10.925829336000049 48.372819398000047)",Unfall 123566 (2023) Kat:3, Licht: 1,123566,3,3,5,11,08,6,1,1,1,0,0,0,0,0
"POINT (10.918836404000047 48.355399133000049)",Unfall 125709 (2023) Kat:2, Licht: 0,125709,2,3,3,12,13,7,0,0,0,1,0,0,0,1
"POINT (10.920077299000070 48.396907711000040)",Unfall 125925 (2023) Kat:3, Licht: 2,125925,3,6,1,12,19,2,0,2,0,1,0,0,0,0
"POINT (10.910231163000049 48.357699520000040)",Unfall 126119 (2023) Kat:3, Licht: 2,126119,3,1,2,12,16,5,0,2,0,1,0,0,0,0
"POINT (10.920357731000024 48.397596329000066)",Unfall 126399 (2023) Kat:3, Licht: 0,126399,3,6,2,12,11,2,1,0,0,1,0,0,0,0
"POINT (10.919152290000056 48.377253798000027)",Unfall 214653 (2023) Kat:3, Licht: 0,214653,3,3,5,01,08,4,1,0,1,0,0,0,0,0
"POINT (10.894370060000028 48.353080756000054)",Unfall 214654 (2023) Kat:3, Licht: 2,214654,3,1,6,01,18,4,1,2,0,1,1,0,0,0
"POINT (10.911531054000022 48.371141157000068)",Unfall 214686 (2023) Kat:3, Licht: 2,214686,3,7,6,01,05,3,0,2,0,1,1,0,0,0
"POINT (10.898200693000035 48.309716249000076)",Unfall 214688 (2023) Kat:2, Licht: 0,214688,2,4,6,01,15,3,0,0,0,1,1,0,0,0
"POINT (10.887424780000060 48.357821743000045)",Unfall 214689 (2023) Kat:3, Licht: 0,214689,3,4,6,01,07,3,1,0,0,1,1,0,0,0
"POINT (10.880039360000069 48.391815131000044)",Unfall 214717 (2023) Kat:3, Licht: 0,214717,3,7,0,01,15,2,0,0,1,1,0,0,0,0
"POINT (10.885902461000057 48.347948740000049)",Unfall 214764 (2023) Kat:3, Licht: 2,214764,3,1,2,01,19,7,1,2,0,1,0,0,0,0
"POINT (10.855666553000049 48.391635597000061)",Unfall 214799 (2023) Kat:3, Licht: 0,214799,3,3,5,01,13,6,1,0,0,1,0,0,0,0
"POINT (10.897519562000070 48.297584982000046)",Unfall 214800 (2023) Kat:3, Licht: 0,214800,3,1,9,01,09,6,1,0,0,1,0,0,0,0
"POINT (10.917508591000058 48.388110787000073)",Unfall 214834 (2023) Kat:3, Licht: 0,214834,3,3,5,01,13,6,1,0,0,1,0,0,0,0
"POINT (10.914128480000045 48.399039984000069)",Unfall 214838 (2023) Kat:3, Licht: 0,214838,3,4,6,01,11,5,0,0,0,1,1,0,0,0
"POINT (10.932939804000057 48.392987664000032)",Unfall 214845 (2023) Kat:3, Licht: 1,214845,3,3,4,01,17,5,0,1,1,1,0,0,0,0
"POINT (10.879620727000031 48.365194794000047)",Unfall 214879 (2023) Kat:2, Licht: 1,214879,2,2,4,01,17,4,0,1,1,1,0,0,0,0
"POINT (10.864052970000046 48.362125088000028)",Unfall 214880 (2023) Kat:3, Licht: 2,214880,3,3,5,01,22,4,1,2,1,1,0,0,0,0
"POINT (10.894913702000053 48.376602310000067)",Unfall 214881 (2023) Kat:3, Licht: 0,214881,3,7,0,01,14,4,0,0,1,0,0,0,0,0
"POINT (10.868540733000032 48.362283177000052)",Unfall 214925 (2023) Kat:3, Licht: 1,214925,3,3,5,01,06,3,0,1,1,1,0,0,0,0
"POINT (10.907018251000068 48.386265330000072)",Unfall 214926 (2023) Kat:3, Licht: 1,214926,3,4,6,01,07,3,0,1,0,1,1,0,0,0
"POINT (10.888210449000042 48.365333542000030)",Unfall 214927 (2023) Kat:3, Licht: 0,214927,3,5,1,01,09,3,0,0,1,1,0,0,0,0
"POINT (10.857362335000062 48.397895292000044)",Unfall 214967 (2023) Kat:2, Licht: 0,214967,2,6,4,01,08,2,0,0,0,0,0,1,0,1
"POINT (10.906458668000028 48.370161559000053)",Unfall 214968 (2023) Kat:3, Licht: 0,214968,3,6,3,01,13,2,0,0,1,1,0,0,0,0
"POINT (10.859403765000025 48.384932745000071)",Unfall 215016 (2023) Kat:3, Licht: 0,215016,3,3,5,01,13,7,0,0,0,1,0,0,0,0
"POINT (10.893855181000049 48.320112679000033)",Unfall 215017 (2023) Kat:3, Licht: 0,215017,3,1,3,01,13,7,0,0,0,1,0,1,0,0
"POINT (10.879699404000064 48.372247683000069)",Unfall 215052 (2023) Kat:3, Licht: 2,215052,3,1,0,01,02,6,1,2,1,0,0,0,0,0
"POINT (10.889966686000037 48.370282736000036)",Unfall 215092 (2023) Kat:3, Licht: 0,215092,3,4,6,01,15,5,0,0,0,1,1,0,0,0
"POINT (10.861680601000046 48.406655306000062)",Unfall 215134 (2023) Kat:3, Licht: 2,215134,3,6,2,01,17,4,1,2,0,0,0,0,1,1
"POINT (10.874940489000039 48.370972473000052)",Unfall 215136 (2023) Kat:3, Licht: 0,215136,3,3,5,01,12,4,0,0,1,1,0,0,0,0
"POINT (10.902341679000074 48.352203566000071)",Unfall 215137 (2023) Kat:3, Licht: 2,215137,3,1,3,01,17,4,1,2,1,1,0,0,0,0
"POINT (10.899251055000036 48.370901116000027)",Unfall 215138 (2023) Kat:3, Licht: 2,215138,3,7,0,01,20,4,1,2,1,0,0,0,0,0
"POINT (10.900979909000057 48.346083232000069)",Unfall 215175 (2023) Kat:3, Licht: 2,215175,3,1,4,01,17,4,1,2,1,1,0,0,0,0
"POINT (10.897285496000052 48.359954173000062)",Unfall 215176 (2023) Kat:3, Licht: 0,215176,3,2,3,01,11,3,0,0,1,1,0,0,0,0
"POINT (10.893152226000041 48.372878668000055)",Unfall 215177 (2023) Kat:2, Licht: 2,215177,2,7,0,01,18,3,1,2,1,1,0,0,0,0
"POINT (10.879513621000058 48.368421816000080)",Unfall 215218 (2023) Kat:3, Licht: 2,215218,3,3,5,01,21,2,1,2,0,1,0,0,0,0
"POINT (10.874507715000050 48.343325898000046)",Unfall 215219 (2023) Kat:3, Licht: 0,215219,3,1,2,01,13,2,0,0,0,1,0,0,0,0
"POINT (10.895930649000036 48.370163304000073)",Unfall 215220 (2023) Kat:3, Licht: 0,215220,3,6,2,01,08,2,0,0,0,1,0,1,0,0
"POINT (10.897924516000046 48.370541889000037)",Unfall 215221 (2023) Kat:3, Licht: 2,215221,3,4,6,01,07,2,1,2,0,1,1,0,0,0
"POINT (10.887157038000055 48.366259961000026)",Unfall 215222 (2023) Kat:3, Licht: 0,215222,3,2,0,01,11,2,0,0,1,1,0,0,0,0
"POINT (10.856597366000074 48.373432605000062)",Unfall 215293 (2023) Kat:3, Licht: 2,215293,3,6,2,01,22,6,0,2,0,1,0,0,0,0
"POINT (10.860588618000065 48.355132524000055)",Unfall 215332 (2023) Kat:3, Licht: 0,215332,3,6,4,01,07,4,1,0,0,1,0,0,0,0
"POINT (10.946947964000060 48.362316094000050)",Unfall 215333 (2023) Kat:3, Licht: 0,215333,3,3,5,01,12,4,1,0,0,1,0,0,0,0
"POINT (10.881499892000022 48.398073464000049)",Unfall 215359 (2023) Kat:3, Licht: 0,215359,3,2,5,01,15,3,0,0,0,1,0,0,0,0
"POINT (10.886020362000068 48.356095895000067)",Unfall 215360 (2023) Kat:3, Licht: 0,215360,3,1,3,01,11,3,1,0,1,1,0,0,0,0
"POINT (10.911436772000059 48.371220127000072)",Unfall 215383 (2023) Kat:3, Licht: 2,215383,3,1,6,01,05,2,0,2,0,1,1,0,0,0
"POINT (10.888057815000025 48.367167426000037)",Unfall 215471 (2023) Kat:3, Licht: 0,215471,3,7,0,01,09,4,1,0,1,0,0,0,0,0
"POINT (10.890676923000058 48.380021093000039)",Unfall 215490 (2023) Kat:3, Licht: 2,215490,3,7,0,01,18,4,1,2,1,0,0,0,0,0
"POINT (10.931051497000055 48.395596931000057)",Unfall 215673 (2023) Kat:3, Licht: 0,215673,3,2,5,02,12,2,0,0,0,1,0,0,0,0
"POINT (10.885709704000021 48.367614445000072)",Unfall 215674 (2023) Kat:3, Licht: 0,215674,3,4,0,02,07,2,0,0,0,0,1,0,0,1
"POINT (10.867791234000038 48.362642403000052)",Unfall 215692 (2023) Kat:3, Licht: 0,215692,3,1,0,02,15,1,1,0,1,0,0,0,0,0
"POINT (10.869209155000021 48.369496367000067)",Unfall 215693 (2023) Kat:3, Licht: 0,215693,3,3,5,02,13,1,0,0,0,1,0,0,0,0
"POINT (10.906506520000050 48.374488020000058)",Unfall 215712 (2023) Kat:3, Licht: 0,215712,3,7,0,02,09,7,0,0,1,0,0,0,0,0
"POINT (10.874433899000053 48.381520380000040)",Unfall 215739 (2023) Kat:3, Licht: 2,215739,3,2,6,02,21,6,1,2,0,1,1,0,0,0