WKT,Name,OBJECTID,UKATEGORIE,UTYP1,UART,UMONAT,USTUNDE,UWOCHENTAG,STRZUSTAND,ULICHTVERH,ISTRAD,ISTPKW,ISTFUSS,ISTKRAD,ISTGKFZ,ISTSONSTIG
"POINT (10.915411936000055 48.389482204000046)",Unfall 215740 (2023) Kat:3, Licht: 2,215740,3,2,5,02,20,6,1,2,1,1,0,0,0,0
"POINT (10.909367791000022 48.361046062000071)",Unfall 215772 (2023) Kat:2, Licht: 0,215772,2,1,0,02,10,5,1,0,1,0,0,0,0,0
"POINT (10.943251931000077 48.351535393000063)",Unfall 215898 (2023) Kat:2, Licht: 2,215898,2,1,0,02,18,1,0,2,1,0,0,0,0,0
"POINT (10.904799555000068 48.362155957000027)",Unfall 215899 (2023) Kat:3, Licht: 0,215899,3,3,4,02,12,1,0,0,0,1,0,0,0,0
"POINT (10.865964559000076 48.308749784000042)",Unfall 215900 (2023) Kat:3, Licht: 2,215900,3,1,1,02,19,1,0,2,0,1,0,0,0,0
"POINT (10.923806732000060 48.375288479000062)",Unfall 215913 (2023) Kat:3, Licht: 0,215913,3,3,5,02,10,7,0,0,0,1,0,0,0,0
"POINT (10.908350453000025 48.361867326000038)",Unfall 215914 (2023) Kat:3, Licht: 2,215914,3,1,1,02,18,7,0,2,0,1,0,0,0,0
"POINT (10.880682175000061 48.385559739000030)",Unfall 215943 (2023) Kat:3, Licht: 0,215943,3,2,3,02,12,6,0,0,1,1,0,0,0,0
"POINT (10.856515638000076 48.396551255000077)",Unfall 215944 (2023) Kat:3, Licht: 0,215944,3,5,6,02,12,6,0,0,0,1,1,0,0,0
"POINT (10.915195193000045 48.391222912000046)",Unfall 215981 (2023) Kat:2, Licht: 2,215981,2,2,6,02,17,5,0,2,0,1,1,0,0,0
"POINT (10.887704267000061 48.365747812000052)",Unfall 215982 (2023) Kat:3, Licht: 2,215982,3,3,5,02,06,5,1,2,0,1,0,1,0,0
"POINT (10.919856668000023 48.380315384000028)",Unfall 216015 (2023) Kat:3, Licht: 1,216015,3,1,0,02,18,4,0,1,1,0,0,0,0,0
"POINT (10.944910498000070 48.353195237000079)",Unfall 216016 (2023) Kat:3, Licht: 0,216016,3,1,6,02,17,4,0,0,0,1,1,0,0,0
"POINT (10.883614558000033 48.374755582000034)",Unfall 216017 (2023) Kat:3, Licht: 2,216017,3,7,0,02,18,4,0,2,1,0,0,0,0,0
"POINT (10.898165350000056 48.370563793000031)",Unfall 216019 (2023) Kat:2, Licht: 2,216019,2,7,0,02,20,4,0,2,0,0,0,0,0,1
"POINT (10.852817711000057 48.379821769000046)",Unfall 216057 (2023) Kat:3, Licht: 2,216057,3,6,0,02,19,3,1,2,1,1,0,0,0,0
"POINT (10.863923917000022 48.338699879000046)",Unfall 216058 (2023) Kat:3, Licht: 1,216058,3,1,0,02,06,3,1,1,1,1,0,0,0,0
"POINT (10.896367823000048 48.355640821000065)",Unfall 216096 (2023) Kat:3, Licht: 0,216096,3,1,0,02,13,2,1,0,1,0,0,0,0,0
"POINT (10.903481736000060 48.366440140000066)",Unfall 216097 (2023) Kat:3, Licht: 2,216097,3,3,0,02,18,2,1,2,1,1,0,0,0,0
"POINT (10.923152132000041 48.393067503000054)",Unfall 216154 (2023) Kat:2, Licht: 1,216154,2,7,0,02,18,7,1,1,0,1,0,0,0,0
"POINT (10.915330984000036 48.376734645000056)",Unfall 216155 (2023) Kat:3, Licht: 2,216155,3,6,2,02,17,7,0,2,0,1,0,0,0,0
"POINT (10.878463230000023 48.343257334000043)",Unfall 216156 (2023) Kat:3, Licht: 2,216156,3,1,1,02,18,7,1,2,1,1,0,0,0,0
"POINT (10.866424867000035 48.334816380000063)",Unfall 216157 (2023) Kat:3, Licht: 0,216157,3,1,1,02,09,7,0,0,1,1,0,0,0,0
"POINT (10.869869681000068 48.371907589000045)",Unfall 216175 (2023) Kat:3, Licht: 0,216175,3,6,2,02,10,6,0,0,0,1,0,0,0,0
"POINT (10.944520993000026 48.348561336000046)",Unfall 216223 (2023) Kat:3, Licht: 0,216223,3,2,4,02,14,5,0,0,0,1,0,0,0,0
"POINT (10.882432208000068 48.366078189000064)",Unfall 216271 (2023) Kat:3, Licht: 2,216271,3,1,0,02,20,4,1,2,1,0,0,0,0,0
"POINT (10.906374376000031 48.370149951000030)",Unfall 216272 (2023) Kat:3, Licht: 2,216272,3,2,3,02,18,4,0,2,1,0,0,0,0,1
"POINT (10.871165113000075 48.369846052000071)",Unfall 216318 (2023) Kat:3, Licht: 2,216318,3,1,0,02,06,3,2,2,1,0,0,0,0,0
"POINT (10.914047514000060 48.380515974000048)",Unfall 216319 (2023) Kat:3, Licht: 2,216319,3,7,0,02,05,3,2,2,1,0,0,0,0,0
"POINT (10.865146516000038 48.358410396000068)",Unfall 216352 (2023) Kat:3, Licht: 0,216352,3,1,0,02,07,2,2,0,1,0,0,0,0,0
"POINT (10.921856887000047 48.392858959000080)",Unfall 216353 (2023) Kat:3, Licht: 2,216353,3,5,1,02,06,2,0,2,0,1,0,0,0,0
"POINT (10.901489548000029 48.373616708000043)",Unfall 216404 (2023) Kat:3, Licht: 2,216404,3,1,0,02,00,7,1,2,1,0,0,0,0,0
"POINT (10.903182349000076 48.370405738000045)",Unfall 216405 (2023) Kat:3, Licht: 1,216405,3,6,1,02,19,7,0,1,0,1,0,0,0,0
"POINT (10.899675664000029 48.364617229000032)",Unfall 216406 (2023) Kat:3, Licht: 2,216406,3,4,6,02,22,7,0,2,0,1,1,0,0,0
"POINT (10.891019678000021 48.360997316000066)",Unfall 216407 (2023) Kat:3, Licht: 2,216407,3,3,5,02,03,7,1,2,0,1,0,0,0,0
"POINT (10.875362786000039 48.365409882000051)",Unfall 216436 (2023) Kat:3, Licht: 0,216436,3,4,6,02,13,6,0,0,0,1,1,0,0,0
"POINT (10.868408931000033 48.389858960000026)",Unfall 216437 (2023) Kat:3, Licht: 2,216437,3,3,5,02,22,6,1,2,0,1,0,0,0,0
"POINT (10.894588574000068 48.369915306000053)",Unfall 216438 (2023) Kat:3, Licht: 2,216438,3,3,5,02,18,6,0,2,0,1,0,0,0,1
"POINT (10.868537095000022 48.333300775000055)",Unfall 216459 (2023) Kat:3, Licht: 0,216459,3,1,1,02,08,2,0,0,0,1,0,0,0,0
"POINT (10.856451087000039 48.379907393000053)",Unfall 216472 (2023) Kat:3, Licht: 0,216472,3,4,6,02,11,5,1,0,0,1,1,0,0,0
"POINT (10.856210233000070 48.337167755000053)",Unfall 216473 (2023) Kat:3, Licht: 0,216473,3,1,5,02,13,5,1,0,1,1,0,0,0,0
"POINT (10.884195137000063 48.374015414000041)",Unfall 216474 (2023) Kat:3, Licht: 2,216474,3,3,5,02,21,5,1,2,0,1,0,0,0,1
"POINT (10.869907527000066 48.381287968000038)",Unfall 216526 (2023) Kat:3, Licht: 2,216526,3,2,6,02,21,4,1,2,0,1,1,0,0,0
"POINT (10.896125752000046 48.400830582000026)",Unfall 216528 (2023) Kat:3, Licht: 0,216528,3,3,5,02,11,4,0,0,0,1,0,0,0,0
"POINT (10.886303336000026 48.378084841000032)",Unfall 216556 (2023) Kat:3, Licht: 1,216556,3,6,3,01,17,3,1,1,1,1,0,0,0,0
"POINT (10.898883494000074 48.370424178000064)",Unfall 216625 (2023) Kat:3, Licht: 2,216625,3,4,6,01,21,7,1,2,0,1,1,0,0,0
"POINT (10.898112790000027 48.359274601000038)",Unfall 216655 (2023) Kat:2, Licht: 0,216655,2,1,0,01,07,6,1,0,1,0,0,0,0,0
"POINT (10.906978012000025 48.313390546000051)",Unfall 216657 (2023) Kat:3, Licht: 2,216657,3,1,0,01,06,6,2,2,1,0,0,0,0,0
"POINT (10.861478419000036 48.318765988000052)",Unfall 216659 (2023) Kat:3, Licht: 2,216659,3,1,0,01,06,6,2,2,1,0,0,0,0,0
"POINT (10.902430294000055 48.370584042000075)",Unfall 216660 (2023) Kat:3, Licht: 0,216660,3,7,3,01,13,6,0,0,0,1,0,0,0,1
"POINT (10.927274206000050 48.378535728000031)",Unfall 216665 (2023) Kat:3, Licht: 0,216665,3,6,2,02,09,6,0,0,0,1,0,1,0,0
"POINT (10.899365607000050 48.398893748000035)",Unfall 216703 (2023) Kat:3, Licht: 2,216703,3,1,0,01,19,5,1,2,1,0,0,0,0,0
"POINT (10.902420676000077 48.357752648000030)",Unfall 216704 (2023) Kat:3, Licht: 2,216704,3,1,0,01,22,5,2,2,1,0,0,0,0,0
"POINT (10.885888542000032 48.367660035000029)",Unfall 216705 (2023) Kat:3, Licht: 2,216705,3,7,0,01,23,5,2,2,0,0,0,0,0,1
"POINT (10.898209097000063 48.359712416000036)",Unfall 216706 (2023) Kat:3, Licht: 0,216706,3,7,0,01,12,5,2,0,1,0,0,0,0,0
"POINT (10.901108610000051 48.372163254000043)",Unfall 216788 (2023) Kat:3, Licht: 0,216788,3,1,0,03,15,5,0,0,1,0,0,0,0,0
"POINT (10.880606697000076 48.384851759000071)",Unfall 216834 (2023) Kat:3, Licht: 0,216834,3,4,6,03,08,4,0,0,0,1,1,0,0,0
"POINT (10.926587857000072 48.378804149000075)",Unfall 216835 (2023) Kat:2, Licht: 0,216835,2,2,3,03,13,4,0,0,1,1,0,0,0,0
"POINT (10.915448023000067 48.380378335000046)",Unfall 216836 (2023) Kat:2, Licht: 2,216836,2,6,5,03,05,4,0,2,0,1,0,1,0,0
"POINT (10.926701029000071 48.357096116000037)",Unfall 216837 (2023) Kat:3, Licht: 0,216837,3,3,4,03,15,4,0,0,1,1,0,0,0,0
"POINT (10.892872748000059 48.366305186000034)",Unfall 216907 (2023) Kat:3, Licht: 0,216907,3,6,2,03,14,3,0,0,0,1,0,1,0,0
"POINT (10.887750398000037 48.367054786000040)",Unfall 216948 (2023) Kat:2, Licht: 0,216948,2,7,0,03,17,2,0,0,1,0,0,0,0,0
"POINT (10.891014137000070 48.360911885000064)",Unfall 216949 (2023) Kat:3, Licht: 0,216949,3,6,2,03,13,2,0,0,0,1,0,0,0,0
"POINT (10.881330524000077 48.379339639000079)",Unfall 217012 (2023) Kat:3, Licht: 0,217012,3,7,0,03,17,2,0,0,1,0,0,0,0,0
"POINT (10.902279110000052 48.361946361000037)",Unfall 217014 (2023) Kat:3, Licht: 0,217014,3,1,0,03,12,7,0,0,1,0,0,0,0,0
"POINT (10.874257032000060 48.381469003000063)",Unfall 217075 (2023) Kat:3, Licht: 0,217075,3,2,5,03,11,6,0,0,1,1,0,0,0,0
"POINT (10.877951460000077 48.389626159000045)",Unfall 217076 (2023) Kat:3, Licht: 0,217076,3,6,0,03,16,6,0,0,0,1,0,1,0,0
"POINT (10.878195277000032 48.402221735000069)",Unfall 217077 (2023) Kat:3, Licht: 0,217077,3,6,2,03,14,6,0,0,0,1,0,0,0,0
"POINT (10.901066453000055 48.376803009000071)",Unfall 217078 (2023) Kat:3, Licht: 2,217078,3,7,0,03,22,6,0,2,1,0,0,0,0,0
"POINT (10.868540733000032 48.362283177000052)",Unfall 217121 (2023) Kat:3, Licht: 0,217121,3,3,5,03,17,5,0,0,1,1,0,0,0,0
"POINT (10.896425577000059 48.308908524000060)",Unfall 217122 (2023) Kat:3, Licht: 0,217122,3,3,5,03,07,5,0,0,1,1,0,0,0,0
"POINT (10.872661322000056 48.348995994000063)",Unfall 217123 (2023) Kat:3, Licht: 1,217123,3,1,0,03,18,5,0,1,1,0,0,0,0,0
"POINT (10.858142895000071 48.373272599000074)",Unfall 217165 (2023) Kat:3, Licht: 2,217165,3,6,2,03,18,4,0,2,0,1,0,0,0,0
"POINT (10.897336139000060 48.358044238000048)",Unfall 217166 (2023) Kat:3, Licht: 0,217166,3,1,0,03,16,4,0,0,1,0,1,0,0,0
"POINT (10.892241379000041 48.367786155000033)",Unfall 217167 (2023) Kat:3, Licht: 0,217167,3,2,4,03,15,4,0,0,1,1,0,0,0,0
"POINT (10.881681206000053 48.365836374000025)",Unfall 217208 (2023) Kat:3, Licht: 2,217208,3,3,5,03,22,3,0,2,0,1,0,0,0,0
"POINT (10.880568372000027 48.384449143000040)",Unfall 217262 (2023) Kat:3, Licht: 0,217262,3,4,6,03,16,2,0,0,1,0,1,0,0,0
"POINT (10.873188587000072 48.381564590000039)",Unfall 217263 (2023) Kat:3, Licht: 2,217263,3,1,0,03,22,2,1,2,0,0,0,0,0,1
"POINT (10.882397994000030 48.385823464000055)",Unfall 217282 (2023) Kat:3, Licht: 0,217282,3,1,0,03,17,4,0,0,1,0,0,0,0,0
"POINT (10.914785797000036 48.371616794000033)",Unfall 217318 (2023) Kat:3, Licht: 0,217318,3,1,1,03,09,7,0,0,1,1,0,0,0,0
"POINT (10.905619029000036 48.373135767000065)",Unfall 217319 (2023) Kat:3, Licht: 0,217319,3,5,1,03,12,7,0,0,1,1,0,0,0,0
"POINT (10.874114604000056 48.363781967000079)",Unfall 217348 (2023) Kat:3, Licht: 1,217348,3,3,5,03,18,6,1,1,1,1,0,0,0,0
"POINT (10.937206654000022 48.374744852000049)",Unfall 217349 (2023) Kat:3, Licht: 2,217349,3,6,2,03,18,6,1,2,0,1,0,0,0,0
"POINT (10.900831239000070 48.377548356000034)",Unfall 217427 (2023) Kat:3, Licht: 0,217427,3,1,0,03,12,4,0,0,1,0,0,0,0,0
"POINT (10.867784639000035 48.391568088000042)",Unfall 217428 (2023) Kat:3, Licht: 0,217428,3,2,5,03,11,4,1,0,1,1,0,0,0,0
"POINT (10.911585644000070 48.420649392000030)",Unfall 217472 (2023) Kat:2, Licht: 0,217472,2,6,8,03,15,3,0,0,0,1,0,0,0,0
"POINT (10.915385943000047 48.367491742000027)",Unfall 217473 (2023) Kat:2, Licht: 0,217473,2,1,6,03,16,3,0,0,0,1,1,0,0,0
"POINT (10.904506288000050 48.370277069000053)",Unfall 217474 (2023) Kat:3, Licht: 0,217474,3,6,3,03,12,3,0,0,0,1,0,0,0,0
"POINT (10.929945932000066 48.358480278000059)",Unfall 217504 (2023) Kat:3, Licht: 0,217504,3,1,0,03,12,2,0,0,1,0,0,0,0,0
"POINT (10.910320315000035 48.371899990000031)",Unfall 217505 (2023) Kat:3, Licht: 0,217505,3,6,3,03,08,2,0,0,0,1,0,0,0,0
"POINT (10.917732757000067 48.383390346000056)",Unfall 217529 (2023) Kat:3, Licht: 0,217529,3,6,2,03,13,1,0,0,0,1,0,0,0,0
"POINT (10.902867360000073 48.390733117000082)",Unfall 217593 (2023) Kat:3, Licht: 0,217593,3,3,5,03,11,6,0,0,0,1,0,0,0,0
"POINT (10.912011028000052 48.361217253000063)",Unfall 217594 (2023) Kat:3, Licht: 0,217594,3,3,6,03,08,6,1,0,0,1,1,0,0,0
"POINT (10.883424996000031 48.378479451000032)",Unfall 217595 (2023) Kat:3, Licht: 0,217595,3,3,5,03,12,6,0,0,1,1,0,0,0,0
"POINT (10.909722650000049 48.361085125000045)",Unfall 217619 (2023) Kat:3, Licht: 2,217619,3,4,6,03,18,4,0,2,0,1,1,0,0,0
"POINT (10.897912531000031 48.370299219000060)",Unfall 217654 (2023) Kat:3, Licht: 0,217654,3,7,1,03,12,5,0,0,0,1,0,0,1,0
"POINT (10.886095919000070 48.391529546000072)",Unfall 217664 (2023) Kat:2, Licht: 0,217664,2,6,4,03,07,3,0,0,1,0,0,0,0,0
"POINT (10.855763025000044 48.353064284000027)",Unfall 217702 (2023) Kat:3, Licht: 0,217702,3,6,0,03,17,4,0,0,0,1,0,1,0,0
"POINT (10.916092588000026 48.387690648000046)",Unfall 217703 (2023) Kat:3, Licht: 0,217703,3,2,5,03,16,4,0,0,0,1,0,0,0,0
"POINT (10.923135258000059 48.385696841000026)",Unfall 217705 (2023) Kat:3, Licht: 0,217705,3,5,1,03,07,4,0,0,1,1,0,0,0,0
"POINT (10.910771541000031 48.365800790000037)",Unfall 217706 (2023) Kat:3, Licht: 0,217706,3,1,1,03,13,4,0,0,0,1,0,0,0,0
"POINT (10.906794493000064 48.312191103000032)",Unfall 217707 (2023) Kat:3, Licht: 0,217707,3,1,1,03,15,4,0,0,1,1,0,0,0,0
"POINT (10.902620751000029 48.347070614000074)",Unfall 217779 (2023) Kat:2, Licht: 0,217779,2,1,5,04,14,6,0,0,1,1,0,0,0,0
"POINT (10.842099674000053 48.314758645000040)",Unfall 217834 (2023) Kat:2, Licht: 0,217834,2,1,8,04,17,5,0,0,0,1,0,0,0,0
"POINT (10.881061721000037 48.375965520000079)",Unfall 217835 (2023) Kat:3, Licht: 0,217835,3,5,3,04,17,5,1,0,1,1,0,0,0,0
"POINT (10.878504016000022 48.343257955000070)",Unfall 217872 (2023) Kat:3, Licht: 0,217872,3,3,5,04,18,4,1,0,0,1,0,0,0,0
"POINT (10.885106018000045 48.378236485000059)",Unfall 217873 (2023) Kat:2, Licht: 0,217873,2,5,1,04,11,4,0,0,1,1,0,0,0,0
"POINT (10.888444872000036 48.369266966000055)",Unfall 217874 (2023) Kat:3, Licht: 0,217874,3,3,5,04,16,4,1,0,0,1,0,1,0,0
"POINT (10.930804863000048 48.377163338000059)",Unfall 217904 (2023) Kat:3, Licht: 0,217904,3,3,5,04,10,3,0,0,1,1,0,0,0,0
"POINT (10.916536325000038 48.355449808000060)",Unfall 217905 (2023) Kat:3, Licht: 0,217905,3,1,5,04,16,3,0,0,1,0,0,0,0,1
"POINT (10.879417942000032 48.366261320000035)",Unfall 217918 (2023) Kat:3, Licht: 0,217918,3,6,2,04,13,6,0,0,1,1,0,0,0,0
"POINT (10.881814440000028 48.394211422000069)",Unfall 217956 (2023) Kat:3, Licht: 0,217956,3,4,0,04,16,2,0,0,0,0,1,0,0,1
"POINT (10.897832123000057 48.370557520000034)",Unfall 217959 (2023) Kat:3, Licht: 0,217959,3,2,2,04,15,2,1,0,0,1,0,0,0,0
"POINT (10.897556054000063 48.358382395000035)",Unfall 217960 (2023) Kat:3, Licht: 0,217960,3,6,4,04,19,2,0,0,1,1,0,0,0,0
"POINT (10.924272036000048 48.359541959000069)",Unfall 217994 (2023) Kat:3, Licht: 0,217994,3,1,5,04,14,1,1,0,0,1,0,1,0,0
"POINT (10.903324201000032 48.375607416000037)",Unfall 217995 (2023) Kat:3, Licht: 2,217995,3,3,5,04,20,1,1,2,0,1,0,0,0,0
"POINT (10.885782843000072 48.353790498000080)",Unfall 218012 (2023) Kat:3, Licht: 0,218012,3,1,2,04,18,7,1,0,0,1,0,0,0,0
"POINT (10.919619330000046 48.380123451000031)",Unfall 218080 (2023) Kat:3, Licht: 0,218080,3,7,6,04,17,5,0,0,1,0,1,0,0,0
"POINT (10.921518826000067 48.381845604000034)",Unfall 218081 (2023) Kat:3, Licht: 0,218081,3,3,5,04,18,5,1,0,0,1,0,1,0,0
"POINT (10.924641722000047 48.397158137000076)",Unfall 218082 (2023) Kat:3, Licht: 0,218082,3,1,2,04,15,5,0,0,0,1,0,0,0,0
"POINT (10.876562065000030 48.384951286000046)",Unfall 218138 (2023) Kat:3, Licht: 0,218138,3,2,3,04,16,3,0,0,0,1,0,0,0,0
"POINT (10.921070634000046 48.375118860000043)",Unfall 218139 (2023) Kat:3, Licht: 0,218139,3,5,0,04,15,3,0,0,0,1,0,0,0,0
"POINT (10.897909233000064 48.370540038000058)",Unfall 218140 (2023) Kat:3, Licht: 0,218140,3,2,4,04,13,3,0,0,0,0,0,1,0,1
"POINT (10.880121927000062 48.352280481000037)",Unfall 218224 (2023) Kat:3, Licht: 0,218224,3,7,0,04,18,1,0,0,1,0,0,0,0,0
"POINT (10.838547938000033 48.329678727000044)",Unfall 218225 (2023) Kat:3, Licht: 0,218225,3,3,5,04,19,1,0,0,1,1,0,0,0,0
"POINT (10.880951103000029 48.335613409000075)",Unfall 218241 (2023) Kat:3, Licht: 0,218241,3,1,0,04,18,7,0,0,1,0,0,0,0,0
"POINT (10.908475537000072 48.370324057000062)",Unfall 218242 (2023) Kat:3, Licht: 2,218242,3,7,0,04,00,7,0,2,1,0,0,0,0,0
"POINT (10.855217659000061 48.359740151000040)",Unfall 218262 (2023) Kat:3, Licht: 2,218262,3,1,8,04,00,6,0,2,0,1,0,0,0,0
"POINT (10.922703821000027 48.374714002000076)",Unfall 218282 (2023) Kat:3, Licht: 0,218282,3,7,0,04,14,5,0,0,0,0,0,1,0,0
"POINT (10.880475325000077 48.393708772000082)",Unfall 218284 (2023) Kat:3, Licht: 0,218284,3,3,5,04,15,5,0,0,1,1,0,0,0,0
"POINT (10.906125375000045 48.362323040000035)",Unfall 218285 (2023) Kat:3, Licht: 0,218285,3,1,5,04,08,5,0,0,1,1,0,0,0,0
"POINT (10.909703858000057 48.370624611000039)",Unfall 218286 (2023) Kat:3, Licht: 0,218286,3,7,0,04,07,5,0,0,0,0,0,0,0,1
"POINT (10.900295104000065 48.362298676000080)",Unfall 218287 (2023) Kat:3, Licht: 2,218287,3,3,5,04,21,5,0,2,1,1,0,0,0,0
"POINT (10.890404628000056 48.370006036000063)",Unfall 218313 (2023) Kat:3, Licht: 0,218313,3,6,2,04,15,5,0,0,0,1,0,0,0,0
"POINT (10.863255563000052 48.365130329000067)",Unfall 218339 (2023) Kat:3, Licht: 0,218339,3,6,1,04,07,4,0,0,1,1,0,0,0,0
"POINT (10.908506882000040 48.354914484000062)",Unfall 218340 (2023) Kat:3, Licht: 0,218340,3,1,2,04,10,4,0,0,0,1,0,0,0,0
"POINT (10.902357546000076 48.352202742000031)",Unfall 218341 (2023) Kat:3, Licht: 1,218341,3,2,3,04,05,4,0,1,1,1,0,0,0,0
"POINT (10.889275694000048 48.365986348000035)",Unfall 218342 (2023) Kat:3, Licht: 0,218342,3,5,1,04,09,4,0,0,1,1,0,0,0,0
"POINT (10.906558586000074 48.370175319000055)",Unfall 218344 (2023) Kat:3, Licht: 0,218344,3,4,6,04,12,2,0,0,0,0,1,0,0,1
"POINT (10.882394608000027 48.355103017000033)",Unfall 218376 (2023) Kat:3, Licht: 2,218376,3,3,5,04,21,3,0,2,0,1,0,0,0,1
"POINT (10.897843783000042 48.371022521000043)",Unfall 218379 (2023) Kat:3, Licht: 0,218379,3,3,5,04,11,3,0,0,0,1,0,0,0,0
"POINT (10.916120830000068 48.387729963000027)",Unfall 218425 (2023) Kat:3, Licht: 0,218425,3,2,4,04,17,2,0,0,0,1,0,0,0,0
"POINT (10.893279064000069 48.364142824000055)",Unfall 218426 (2023) Kat:3, Licht: 0,218426,3,1,0,04,07,2,1,0,0,0,0,1,0,0
"POINT (10.904623049000065 48.370248285000059)",Unfall 218427 (2023) Kat:3, Licht: 0,218427,3,2,4,04,18,2,0,0,1,1,0,0,0,0
"POINT (10.923487088000059 48.379188275000047)",Unfall 218465 (2023) Kat:3, Licht: 0,218465,3,3,5,04,18,1,0,0,0,1,0,0,0,0
"POINT (10.917726677000076 48.383390908000081)",Unfall 218523 (2023) Kat:3, Licht: 0,218523,3,6,1,03,12,6,0,0,0,1,0,0,0,0
"POINT (10.908647848000044 48.354864184000064)",Unfall 218525 (2023) Kat:3, Licht: 0,218525,3,1,1,03,06,6,1,0,0,1,0,0,0,0
"POINT (10.881681535000041 48.397633781000081)",Unfall 218575 (2023) Kat:3, Licht: 0,218575,3,3,0,03,14,5,0,0,1,1,0,0,0,0
"POINT (10.876136085000041 48.381766765000066)",Unfall 218576 (2023) Kat:3, Licht: 0,218576,3,3,5,03,07,5,0,0,1,0,0,0,0,0
"POINT (10.929581505000044 48.363718471000027)",Unfall 218577 (2023) Kat:3, Licht: 2,218577,3,3,5,03,05,5,1,2,1,1,0,0,0,0
"POINT (10.868798812000023 48.381216119000044)",Unfall 218612 (2023) Kat:3, Licht: 0,218612,3,4,6,03,08,4,0,0,0,1,1,0,0,0
"POINT (10.885804893000056 48.345227179000062)",Unfall 218613 (2023) Kat:3, Licht: 0,218613,3,1,5,03,14,4,0,0,1,0,0,0,0,1
"POINT (10.924965028000031 48.356986643000027)",Unfall 218614 (2023) Kat:3, Licht: 0,218614,3,1,5,03,08,4,0,0,1,1,0,0,0,0
"POINT (10.904263782000044 48.365076841000075)",Unfall 218676 (2023) Kat:3, Licht: 0,218676,3,1,7,03,18,3,0,0,1,0,1,0,0,0
"POINT (10.875658238000028 48.381076319000044)",Unfall 218731 (2023) Kat:3, Licht: 0,218731,3,2,5,03,08,2,1,0,1,1,0,0,0,0
"POINT (10.872519649000026 48.398804929000050)",Unfall 218732 (2023) Kat:3, Licht: 0,218732,3,6,2,03,17,2,1,0,0,1,0,0,0,0
"POINT (10.880195082000057 48.394917186000043)",Unfall 218733 (2023) Kat:2, Licht: 0,218733,2,7,0,03,08,2,1,0,1,0,0,0,0,0
"POINT (10.891538052000044 48.366296607000038)",Unfall 218734 (2023) Kat:3, Licht: 2,218734,3,7,6,03,23,2,1,2,1,0,1,0,0,0
"POINT (10.908593313000040 48.362697704000027)",Unfall 218785 (2023) Kat:3, Licht: 2,218785,3,1,6,03,20,7,0,2,0,1,1,0,0,0
"POINT (10.897819648000052 48.370606739000038)",Unfall 218786 (2023) Kat:3, Licht: 0,218786,3,1,0,03,11,7,0,0,1,0,0,0,0,1
"POINT (10.934520662000068 48.396345108000048)",Unfall 218802 (2023) Kat:3, Licht: 2,218802,3,3,5,03,22,1,1,2,0,1,0,0,0,1
"POINT (10.875789504000068 48.371522727000070)",Unfall 218827 (2023) Kat:3, Licht: 0,218827,3,2,5,03,15,6,1,0,1,1,0,0,0,0
"POINT (10.905681364000031 48.360992447000058)",Unfall 218828 (2023) Kat:3, Licht: 0,218828,3,3,4,03,13,6,1,0,1,1,0,0,0,0
"POINT (10.904136288000075 48.371160734000057)",Unfall 218829 (2023) Kat:3, Licht: 0,218829,3,3,5,03,14,6,0,0,0,1,0,0,0,0
"POINT (10.868481858000052 48.357047970000053)",Unfall 218853 (2023) Kat:3, Licht: 2,218853,3,1,0,05,21,3,0,2,1,0,0,0,0,0
"POINT (10.916407903000049 48.380176259000052)",Unfall 218855 (2023) Kat:3, Licht: 0,218855,3,6,1,05,12,3,0,0,0,1,0,0,0,1
"POINT (10.890733709000074 48.370779423000045)",Unfall 218856 (2023) Kat:3, Licht: 0,218856,3,3,5,05,16,3,0,0,0,1,0,0,0,0
"POINT (10.889866305000055 48.360345673000040)",Unfall 218857 (2023) Kat:3, Licht: 0,218857,3,6,2,05,16,3,0,0,0,1,0,0,0,0
"POINT (10.931026997000060 48.395591589000048)",Unfall 218928 (2023) Kat:3, Licht: 0,218928,3,2,5,05,09,2,1,0,0,1,0,0,0,0
"POINT (10.878000445000055 48.370001677000062)",Unfall 219035 (2023) Kat:3, Licht: 0,219035,3,6,2,05,14,7,0,0,0,1,0,0,0,0
"POINT (10.910571955000023 48.313511881000068)",Unfall 219036 (2023) Kat:3, Licht: 2,219036,3,1,1,05,20,7,0,2,1,1,0,0,0,0
"POINT (10.891978914000049 48.362267987000052)",Unfall 219094 (2023) Kat:3, Licht: 0,219094,3,1,0,05,07,6,0,0,1,0,0,0,0,0
"POINT (10.868251471000065 48.361131754000041)",Unfall 219096 (2023) Kat:3, Licht: 0,219096,3,7,6,05,07,6,0,0,1,0,1,0,0,0
"POINT (10.878066722000028 48.386872077000078)",Unfall 219178 (2023) Kat:3, Licht: 0,219178,3,2,4,05,17,5,0,0,0,1,0,0,0,1
"POINT (10.870224496000048 48.385686629000077)",Unfall 219179 (2023) Kat:3, Licht: 0,219179,3,6,2,05,16,5,0,0,0,1,0,0,0,0
"POINT (10.944849864000048 48.344491744000038)",Unfall 219180 (2023) Kat:3, Licht: 0,219180,3,2,6,05,11,5,0,0,0,1,1,0,0,0
"POINT (10.906328383000073 48.360938685000065)",Unfall 219181 (2023) Kat:3, Licht: 0,219181,3,1,1,05,16,5,0,0,1,1,0,0,0,0