WKT,Name,OBJECTID,UKATEGORIE,UTYP1,UART,UMONAT,USTUNDE,UWOCHENTAG,STRZUSTAND,ULICHTVERH,ISTRAD,ISTPKW,ISTFUSS,ISTKRAD,ISTGKFZ,ISTSONSTIG
"POINT (10.909487974000058 48.370319461000065)",Unfall 219182 (2023) Kat:3, Licht: 0,219182,3,4,6,05,07,5,0,0,0,1,1,0,0,0
"POINT (10.886474512000063 48.371435232000067)",Unfall 219185 (2023) Kat:3, Licht: 0,219185,3,6,6,05,07,5,0,0,1,1,1,0,0,0
"POINT (10.897577692000027 48.371760845000040)",Unfall 219249 (2023) Kat:3, Licht: 0,219249,3,5,1,05,15,4,0,0,1,1,0,0,0,0
"POINT (10.893111308000073 48.363905322000051)",Unfall 219321 (2023) Kat:3, Licht: 0,219321,3,6,0,05,14,3,0,0,1,1,0,0,0,0
"POINT (10.884427831000039 48.378314492000072)",Unfall 219322 (2023) Kat:3, Licht: 0,219322,3,7,0,05,10,3,0,0,0,0,0,0,0,1
"POINT (10.902270022000039 48.312110457000074)",Unfall 219376 (2023) Kat:3, Licht: 0,219376,3,3,5,05,18,2,1,0,0,1,0,0,0,0
"POINT (10.866957884000044 48.383727607000026)",Unfall 219405 (2023) Kat:3, Licht: 2,219405,3,1,1,04,04,1,0,2,0,1,0,0,0,0
"POINT (10.948725216000071 48.362881276000053)",Unfall 219406 (2023) Kat:2, Licht: 0,219406,2,6,3,04,18,1,0,0,1,1,0,0,0,0
"POINT (10.932640446000050 48.380263933000037)",Unfall 219460 (2023) Kat:3, Licht: 0,219460,3,1,0,04,10,7,0,0,1,0,0,0,0,0
"POINT (10.853758135000021 48.336966241000027)",Unfall 219462 (2023) Kat:3, Licht: 0,219462,3,7,0,04,16,7,0,0,1,0,1,0,0,0
"POINT (10.887009533000025 48.357131606000053)",Unfall 219463 (2023) Kat:3, Licht: 0,219463,3,1,0,04,13,7,0,0,1,0,0,0,0,0
"POINT (10.897750617000042 48.304607850000082)",Unfall 219464 (2023) Kat:3, Licht: 0,219464,3,1,5,04,12,7,0,0,1,1,0,0,0,0
"POINT (10.909486787000048 48.370071896000070)",Unfall 219559 (2023) Kat:3, Licht: 0,219559,3,1,6,04,14,5,0,0,0,1,1,0,0,0
"POINT (10.928081860000077 48.363161361000039)",Unfall 219560 (2023) Kat:3, Licht: 0,219560,3,3,2,04,06,5,0,0,1,0,0,0,0,1
"POINT (10.873648165000077 48.337750895000056)",Unfall 219561 (2023) Kat:2, Licht: 0,219561,2,3,5,04,08,5,1,0,1,1,0,0,0,0
"POINT (10.930628826000031 48.355417581000040)",Unfall 219562 (2023) Kat:3, Licht: 2,219562,3,7,0,04,00,5,0,2,0,0,0,0,0,1
"POINT (10.909379587000046 48.370422109000060)",Unfall 219563 (2023) Kat:3, Licht: 0,219563,3,6,3,04,13,5,0,0,0,1,0,0,1,0
"POINT (10.873554651000063 48.337736908000068)",Unfall 219623 (2023) Kat:3, Licht: 0,219623,3,3,4,04,10,4,0,0,1,1,0,0,0,0
"POINT (10.863484136000068 48.363567795000051)",Unfall 219681 (2023) Kat:3, Licht: 0,219681,3,1,0,04,08,3,1,0,0,0,0,1,0,0
"POINT (10.920921832000033 48.379974212000036)",Unfall 219682 (2023) Kat:3, Licht: 0,219682,3,3,1,04,16,3,1,0,0,1,0,0,0,0
"POINT (10.889914304000058 48.366603503000078)",Unfall 219683 (2023) Kat:3, Licht: 0,219683,3,4,6,04,17,3,1,0,1,0,1,0,0,0
"POINT (10.889294527000061 48.378678803000071)",Unfall 219685 (2023) Kat:3, Licht: 0,219685,3,3,5,04,15,3,1,0,0,1,0,0,0,0
"POINT (10.897373053000024 48.359891214000072)",Unfall 219686 (2023) Kat:3, Licht: 0,219686,3,7,0,04,17,3,0,0,1,0,0,0,0,0
"POINT (10.905095028000062 48.381760003000068)",Unfall 219787 (2023) Kat:3, Licht: 0,219787,3,5,1,04,17,1,0,0,1,0,0,0,0,1
"POINT (10.897799703000032 48.371164198000031)",Unfall 219788 (2023) Kat:3, Licht: 2,219788,3,7,0,04,00,1,0,2,1,0,0,0,0,0
"POINT (10.920466486000066 48.384022179000056)",Unfall 219846 (2023) Kat:3, Licht: 0,219846,3,2,4,04,16,7,0,0,1,1,0,0,0,0
"POINT (10.938279710000074 48.371504777000041)",Unfall 219848 (2023) Kat:3, Licht: 0,219848,3,3,5,04,10,7,0,0,1,1,0,0,0,0
"POINT (10.853758135000021 48.336966241000027)",Unfall 219849 (2023) Kat:3, Licht: 0,219849,3,1,0,04,10,7,0,0,1,0,0,0,0,0
"POINT (10.901504864000060 48.352284384000029)",Unfall 219850 (2023) Kat:2, Licht: 0,219850,2,3,5,04,14,7,0,0,1,1,0,0,0,0
"POINT (10.882463115000064 48.378590172000031)",Unfall 219852 (2023) Kat:3, Licht: 2,219852,3,6,4,04,21,7,0,2,1,1,0,0,0,0
"POINT (10.913151380000045 48.389111710000066)",Unfall 219879 (2023) Kat:3, Licht: 0,219879,3,5,1,04,09,1,0,0,0,1,0,0,0,1
"POINT (10.890707261000045 48.331153996000069)",Unfall 219995 (2023) Kat:2, Licht: 0,219995,2,3,5,05,18,5,0,0,0,1,0,0,0,0
"POINT (10.846671052000033 48.383496215000036)",Unfall 219997 (2023) Kat:3, Licht: 1,219997,3,1,0,05,20,5,0,1,1,0,0,0,0,0
"POINT (10.908528869000065 48.354906235000044)",Unfall 219998 (2023) Kat:3, Licht: 0,219998,3,1,5,05,17,5,0,0,1,1,0,0,0,0
"POINT (10.898812110000051 48.336574238000026)",Unfall 219999 (2023) Kat:3, Licht: 0,219999,3,3,5,05,17,5,0,0,0,1,0,0,0,1
"POINT (10.867919015000041 48.398288665000052)",Unfall 220071 (2023) Kat:3, Licht: 0,220071,3,6,4,05,17,4,0,0,1,0,0,0,0,0
"POINT (10.946322111000029 48.361403242000051)",Unfall 220072 (2023) Kat:3, Licht: 0,220072,3,7,6,05,16,4,0,0,0,1,1,0,0,0
"POINT (10.919280408000077 48.392242846000045)",Unfall 220073 (2023) Kat:3, Licht: 0,220073,3,5,1,05,14,4,0,0,1,1,0,0,0,0
"POINT (10.900662863000036 48.370671040000047)",Unfall 220094 (2023) Kat:3, Licht: 0,220094,3,2,3,05,09,4,0,0,1,1,0,0,0,0
"POINT (10.914230977000045 48.377770430000055)",Unfall 220131 (2023) Kat:3, Licht: 0,220131,3,1,0,05,18,3,0,0,1,0,0,0,0,0
"POINT (10.886883412000032 48.378010263000078)",Unfall 220134 (2023) Kat:3, Licht: 0,220134,3,1,0,05,13,3,0,0,1,0,0,0,0,0
"POINT (10.914228505000040 48.377764616000036)",Unfall 220135 (2023) Kat:3, Licht: 2,220135,3,3,5,05,23,3,0,2,1,1,0,0,0,0
"POINT (10.889876658000048 48.310443383000063)",Unfall 220136 (2023) Kat:3, Licht: 0,220136,3,1,0,05,10,3,0,0,1,0,0,0,0,0
"POINT (10.881983425000044 48.343299801000057)",Unfall 220137 (2023) Kat:3, Licht: 0,220137,3,1,4,05,13,3,0,0,1,1,0,0,0,0
"POINT (10.915125371000045 48.362507742000048)",Unfall 220198 (2023) Kat:3, Licht: 0,220198,3,3,5,05,16,2,0,0,1,1,0,0,0,0
"POINT (10.904268587000047 48.365066197000033)",Unfall 220199 (2023) Kat:2, Licht: 0,220199,2,3,5,05,13,2,0,0,1,1,0,0,0,0
"POINT (10.898253654000030 48.368255796000028)",Unfall 220200 (2023) Kat:3, Licht: 0,220200,3,4,6,05,16,2,0,0,0,0,1,0,0,1
"POINT (10.897851107000065 48.370492514000034)",Unfall 220201 (2023) Kat:3, Licht: 0,220201,3,2,4,05,14,2,0,0,1,1,0,0,0,0
"POINT (10.880362288000072 48.382809508000037)",Unfall 220286 (2023) Kat:3, Licht: 0,220286,3,6,3,05,18,1,0,0,0,1,0,1,0,0
"POINT (10.915977263000059 48.381045270000072)",Unfall 220344 (2023) Kat:3, Licht: 0,220344,3,4,6,05,20,7,0,0,0,1,1,0,0,0
"POINT (10.915044670000043 48.365114463000054)",Unfall 220345 (2023) Kat:3, Licht: 0,220345,3,3,5,05,14,7,0,0,1,0,0,0,0,1
"POINT (10.867310865000036 48.341771077000033)",Unfall 220346 (2023) Kat:3, Licht: 2,220346,3,1,0,05,01,7,0,2,1,0,0,0,0,0
"POINT (10.910352522000039 48.308174029000043)",Unfall 220347 (2023) Kat:3, Licht: 0,220347,3,2,2,05,18,7,0,0,1,1,0,0,0,0
"POINT (10.909604701000035 48.370948892000058)",Unfall 220348 (2023) Kat:3, Licht: 2,220348,3,4,6,05,22,7,0,2,1,0,1,0,0,0
"POINT (10.944050672000060 48.340811988000041)",Unfall 220401 (2023) Kat:3, Licht: 0,220401,3,3,6,05,17,6,0,0,0,1,1,0,0,0
"POINT (10.918328290000034 48.380794534000074)",Unfall 220466 (2023) Kat:3, Licht: 0,220466,3,3,5,05,19,5,0,0,0,1,0,0,0,0
"POINT (10.875919412000030 48.346219159000043)",Unfall 220467 (2023) Kat:3, Licht: 2,220467,3,1,0,05,02,5,1,2,0,0,0,0,0,1
"POINT (10.886351441000045 48.368133534000037)",Unfall 220540 (2023) Kat:3, Licht: 0,220540,3,7,8,05,07,4,0,0,1,0,0,0,0,0
"POINT (10.892979343000036 48.377161336000029)",Unfall 220541 (2023) Kat:3, Licht: 1,220541,3,3,5,05,04,4,0,1,1,1,0,0,0,0
"POINT (10.897805484000060 48.370676452000055)",Unfall 220542 (2023) Kat:3, Licht: 0,220542,3,7,0,05,14,4,0,0,1,0,0,0,0,0
"POINT (10.861478419000036 48.318765988000052)",Unfall 220606 (2023) Kat:2, Licht: 0,220606,2,2,6,05,17,3,1,0,0,1,1,0,0,0
"POINT (10.893765007000070 48.364981262000072)",Unfall 220607 (2023) Kat:3, Licht: 0,220607,3,3,0,05,09,3,0,0,0,1,0,0,0,1
"POINT (10.922178241000040 48.378977584000040)",Unfall 220652 (2023) Kat:3, Licht: 0,220652,3,1,0,05,11,2,0,0,1,0,0,0,0,0
"POINT (10.948894979000045 48.355531534000079)",Unfall 220703 (2023) Kat:2, Licht: 0,220703,2,4,6,05,18,1,0,0,0,1,1,0,0,0
"POINT (10.845217305000062 48.388849847000074)",Unfall 220782 (2023) Kat:3, Licht: 2,220782,3,6,2,05,12,6,0,2,0,1,0,0,0,0
"POINT (10.866240600000026 48.380763531000071)",Unfall 220836 (2023) Kat:3, Licht: 0,220836,3,6,2,05,16,5,1,0,0,1,0,0,0,0
"POINT (10.905185805000031 48.307995711000046)",Unfall 220837 (2023) Kat:3, Licht: 0,220837,3,3,5,05,13,5,1,0,0,1,0,0,0,0
"POINT (10.878936344000067 48.379871675000061)",Unfall 221005 (2023) Kat:3, Licht: 0,221005,3,2,5,06,19,4,0,0,0,1,0,0,0,1
"POINT (10.874276754000050 48.381278828000063)",Unfall 221006 (2023) Kat:3, Licht: 0,221006,3,5,2,06,14,4,0,0,1,1,0,0,0,0
"POINT (10.895936545000040 48.403789294000035)",Unfall 221007 (2023) Kat:2, Licht: 0,221007,2,1,0,06,11,4,0,0,1,0,0,0,0,0
"POINT (10.928396119000070 48.377708582000025)",Unfall 221008 (2023) Kat:3, Licht: 0,221008,3,7,0,06,07,4,0,0,1,0,0,0,0,1
"POINT (10.885168087000068 48.354979660000026)",Unfall 221009 (2023) Kat:3, Licht: 0,221009,3,1,0,06,17,4,0,0,1,0,0,0,0,0
"POINT (10.881144011000060 48.365688301000034)",Unfall 221010 (2023) Kat:3, Licht: 0,221010,3,1,0,06,19,4,0,0,1,0,0,0,0,0
"POINT (10.874207388000059 48.387390907000054)",Unfall 221135 (2023) Kat:3, Licht: 0,221135,3,7,0,06,19,2,0,0,0,1,0,0,0,1
"POINT (10.908813364000025 48.305246038000064)",Unfall 221136 (2023) Kat:3, Licht: 0,221136,3,1,0,06,16,2,0,0,1,0,0,0,0,0
"POINT (10.897581327000069 48.371752458000060)",Unfall 221137 (2023) Kat:3, Licht: 0,221137,3,7,0,06,18,2,1,0,1,0,0,0,0,0
"POINT (10.891685604000031 48.369186325000044)",Unfall 221138 (2023) Kat:3, Licht: 0,221138,3,1,0,06,06,2,0,0,1,0,0,0,0,0
"POINT (10.900903454000058 48.377215373000070)",Unfall 221139 (2023) Kat:3, Licht: 0,221139,3,7,0,06,18,2,1,0,1,0,0,0,0,0
"POINT (10.915257810000071 48.390674588000081)",Unfall 221265 (2023) Kat:3, Licht: 0,221265,3,5,3,06,10,7,0,0,0,1,0,1,0,0
"POINT (10.900648185000023 48.370670608000069)",Unfall 221266 (2023) Kat:3, Licht: 2,221266,3,1,0,06,22,7,0,2,1,0,0,0,0,0
"POINT (10.874682813000049 48.365209275000041)",Unfall 221350 (2023) Kat:3, Licht: 0,221350,3,3,5,06,18,6,0,0,0,0,0,1,0,1
"POINT (10.948995792000062 48.343740698000033)",Unfall 221352 (2023) Kat:2, Licht: 0,221352,2,3,5,06,15,6,0,0,1,1,0,0,0,0
"POINT (10.873876491000033 48.363761799000031)",Unfall 221353 (2023) Kat:3, Licht: 0,221353,3,1,0,06,07,6,0,0,1,0,0,0,0,0
"POINT (10.900499467000031 48.349095594000062)",Unfall 221354 (2023) Kat:3, Licht: 0,221354,3,3,0,06,08,6,0,0,1,0,0,1,0,0
"POINT (10.896665492000068 48.373301129000026)",Unfall 221355 (2023) Kat:3, Licht: 1,221355,3,4,6,06,21,6,0,1,1,0,1,0,0,0
"POINT (10.901163601000064 48.371678664000058)",Unfall 221356 (2023) Kat:2, Licht: 0,221356,2,7,0,06,14,6,0,0,1,0,0,0,0,0
"POINT (10.863671468000064 48.372579637000058)",Unfall 221442 (2023) Kat:3, Licht: 0,221442,3,6,2,06,12,5,0,0,0,1,0,0,0,0
"POINT (10.871484231000068 48.363064562000034)",Unfall 221443 (2023) Kat:3, Licht: 0,221443,3,1,0,06,10,5,0,0,1,0,0,0,0,0
"POINT (10.872648405000064 48.358472754000047)",Unfall 221444 (2023) Kat:3, Licht: 0,221444,3,7,0,06,16,5,0,0,1,0,1,0,0,0
"POINT (10.858757539000067 48.364901384000063)",Unfall 221445 (2023) Kat:3, Licht: 0,221445,3,1,0,06,08,5,0,0,1,0,0,0,0,0
"POINT (10.939732278000065 48.362822851000033)",Unfall 221446 (2023) Kat:3, Licht: 0,221446,3,2,2,06,08,5,0,0,1,0,0,0,0,0
"POINT (10.908169507000025 48.367487230000052)",Unfall 221447 (2023) Kat:2, Licht: 2,221447,2,1,8,06,23,5,0,2,0,0,0,0,0,1
"POINT (10.897022458000038 48.396913881000046)",Unfall 221648 (2023) Kat:3, Licht: 0,221648,3,1,0,05,19,3,0,0,0,1,0,1,0,0
"POINT (10.890946555000028 48.315661370000043)",Unfall 221649 (2023) Kat:3, Licht: 0,221649,3,1,5,05,10,3,0,0,1,1,0,0,0,0
"POINT (10.884367353000073 48.345424987000058)",Unfall 221650 (2023) Kat:3, Licht: 0,221650,3,3,1,05,13,3,0,0,0,1,0,0,0,0
"POINT (10.904939588000047 48.303857625000035)",Unfall 221651 (2023) Kat:3, Licht: 0,221651,3,1,6,05,17,3,0,0,0,1,1,0,0,0
"POINT (10.888503078000042 48.377718615000049)",Unfall 221652 (2023) Kat:3, Licht: 0,221652,3,7,0,05,09,3,0,0,1,0,0,0,0,0
"POINT (10.936846430000060 48.402728524000054)",Unfall 221686 (2023) Kat:3, Licht: 0,221686,3,5,1,06,14,6,0,0,0,0,0,0,1,1
"POINT (10.924978808000049 48.358362980000038)",Unfall 221729 (2023) Kat:3, Licht: 0,221729,3,3,0,05,12,2,0,0,0,1,0,1,0,0
"POINT (10.886883386000022 48.372792082000046)",Unfall 221730 (2023) Kat:3, Licht: 0,221730,3,7,0,05,20,2,0,0,1,0,0,0,0,0
"POINT (10.907237954000038 48.374870702000067)",Unfall 221731 (2023) Kat:3, Licht: 0,221731,3,7,0,05,20,2,0,0,1,0,0,0,0,0
"POINT (10.926604379000025 48.376008992000038)",Unfall 221782 (2023) Kat:3, Licht: 2,221782,3,1,0,05,21,2,0,2,1,0,0,0,0,0
"POINT (10.870044639000071 48.374443904000032)",Unfall 221805 (2023) Kat:3, Licht: 2,221805,3,1,1,05,21,1,0,2,0,1,0,0,0,0
"POINT (10.880663717000061 48.378412830000059)",Unfall 221806 (2023) Kat:3, Licht: 2,221806,3,1,0,05,00,1,0,2,1,0,0,0,0,0
"POINT (10.951065170000049 48.349200181000072)",Unfall 221807 (2023) Kat:3, Licht: 0,221807,3,1,0,05,17,1,0,0,1,0,0,0,0,0
"POINT (10.870696500000065 48.365269605000037)",Unfall 221893 (2023) Kat:3, Licht: 0,221893,3,3,5,05,18,7,0,0,1,1,0,0,0,0
"POINT (10.863932554000030 48.364949761000048)",Unfall 221894 (2023) Kat:3, Licht: 0,221894,3,6,3,05,16,7,0,0,1,1,0,0,0,0
"POINT (10.895883324000067 48.370156243000054)",Unfall 221895 (2023) Kat:3, Licht: 0,221895,3,4,6,05,17,7,0,0,1,0,1,0,0,0
"POINT (10.892484413000034 48.367200593000064)",Unfall 221985 (2023) Kat:3, Licht: 0,221985,3,1,0,05,15,6,0,0,1,0,0,0,0,0
"POINT (10.870234600000060 48.385685701000057)",Unfall 221989 (2023) Kat:3, Licht: 0,221989,3,2,5,05,12,6,0,0,1,0,0,1,0,0
"POINT (10.891187895000030 48.297895822000044)",Unfall 221990 (2023) Kat:3, Licht: 0,221990,3,1,0,05,16,6,0,0,0,0,0,0,0,1
"POINT (10.902218074000075 48.356761130000052)",Unfall 222031 (2023) Kat:3, Licht: 0,222031,3,1,4,06,14,3,0,0,1,0,1,0,0,0
"POINT (10.899239428000044 48.327783212000043)",Unfall 222032 (2023) Kat:3, Licht: 0,222032,3,3,5,06,11,3,0,0,1,1,0,0,0,0
"POINT (10.894586728000036 48.369921588000068)",Unfall 222033 (2023) Kat:3, Licht: 0,222033,3,7,0,06,19,3,0,0,1,0,0,0,0,0
"POINT (10.892297498000062 48.362750964000043)",Unfall 222034 (2023) Kat:3, Licht: 0,222034,3,7,0,06,08,3,1,0,0,0,0,1,0,0
"POINT (10.850209921000044 48.377520571000048)",Unfall 222122 (2023) Kat:3, Licht: 0,222122,3,6,1,06,14,2,0,0,0,1,0,0,0,0
"POINT (10.875321003000067 48.398700082000062)",Unfall 222123 (2023) Kat:3, Licht: 0,222123,3,6,2,06,17,2,0,0,0,1,0,0,0,1
"POINT (10.881774965000034 48.365857363000032)",Unfall 222124 (2023) Kat:3, Licht: 0,222124,3,2,6,06,13,2,0,0,0,1,0,0,0,1
"POINT (10.891290187000038 48.356325118000029)",Unfall 222125 (2023) Kat:3, Licht: 0,222125,3,1,3,06,13,2,0,0,1,1,0,0,0,0
"POINT (10.873917362000043 48.363727641000025)",Unfall 222206 (2023) Kat:3, Licht: 2,222206,3,1,0,06,21,1,0,2,1,0,0,0,0,0
"POINT (10.865740132000042 48.362936141000034)",Unfall 222207 (2023) Kat:3, Licht: 0,222207,3,1,0,06,12,1,0,0,1,0,0,0,0,0
"POINT (10.924619305000022 48.375941262000026)",Unfall 222208 (2023) Kat:2, Licht: 0,222208,2,1,0,06,17,1,0,0,1,0,0,0,0,0
"POINT (10.828173638000067 48.335746817000029)",Unfall 222209 (2023) Kat:3, Licht: 0,222209,3,1,0,06,18,1,0,0,1,0,0,0,0,0
"POINT (10.881753804000027 48.365850813000066)",Unfall 222210 (2023) Kat:3, Licht: 0,222210,3,1,0,06,14,1,0,0,1,0,0,0,0,0
"POINT (10.935832328000060 48.377996976000077)",Unfall 222271 (2023) Kat:2, Licht: 0,222271,2,3,5,06,15,2,0,0,0,1,0,1,0,0
"POINT (10.909884965000060 48.404952862000073)",Unfall 222282 (2023) Kat:3, Licht: 0,222282,3,1,0,06,20,7,0,0,1,0,0,0,0,0
"POINT (10.916120830000068 48.387729963000027)",Unfall 222283 (2023) Kat:3, Licht: 0,222283,3,3,5,06,19,7,0,0,0,1,0,1,0,0
"POINT (10.894891615000063 48.347693341000081)",Unfall 222284 (2023) Kat:3, Licht: 0,222284,3,3,5,06,13,7,0,0,1,0,0,0,0,1
"POINT (10.889512684000067 48.377290880000032)",Unfall 222285 (2023) Kat:3, Licht: 0,222285,3,7,0,06,11,7,0,0,1,0,0,0,0,0
"POINT (10.888611446000027 48.354115057000058)",Unfall 222365 (2023) Kat:3, Licht: 0,222365,3,2,4,06,18,6,0,0,1,1,0,0,0,0
"POINT (10.870187996000027 48.371116878000066)",Unfall 222367 (2023) Kat:3, Licht: 0,222367,3,2,4,06,15,6,0,0,0,1,0,1,0,0
"POINT (10.821682214000077 48.323579893000044)",Unfall 222368 (2023) Kat:3, Licht: 0,222368,3,1,5,06,18,6,0,0,1,1,0,0,0,0
"POINT (10.903077992000021 48.369900056000063)",Unfall 222369 (2023) Kat:3, Licht: 2,222369,3,7,0,06,21,6,0,2,1,0,0,0,0,0
"POINT (10.893377643000065 48.364990463000026)",Unfall 222370 (2023) Kat:3, Licht: 0,222370,3,7,0,06,14,6,0,0,0,0,0,1,0,0
"POINT (10.932627490000073 48.380283377000069)",Unfall 222397 (2023) Kat:3, Licht: 0,222397,3,6,2,06,10,6,0,0,0,1,0,0,0,0
"POINT (10.857006700000056 48.372191522000037)",Unfall 222460 (2023) Kat:2, Licht: 0,222460,2,4,6,06,12,5,0,0,0,1,1,0,0,0
"POINT (10.879736597000033 48.365085814000054)",Unfall 222461 (2023) Kat:3, Licht: 0,222461,3,1,0,06,06,5,0,0,1,0,0,0,0,0
"POINT (10.916970169000024 48.386321495000061)",Unfall 222544 (2023) Kat:2, Licht: 0,222544,2,6,3,06,13,4,0,0,1,1,0,0,0,0
"POINT (10.906582712000045 48.366926891000048)",Unfall 222545 (2023) Kat:3, Licht: 0,222545,3,3,6,06,15,4,0,0,1,0,1,0,0,0
"POINT (10.915330984000036 48.376734645000056)",Unfall 222643 (2023) Kat:3, Licht: 0,222643,3,3,5,06,12,3,0,0,1,1,0,0,0,0
"POINT (10.915180694000071 48.391347612000061)",Unfall 222644 (2023) Kat:3, Licht: 0,222644,3,6,3,06,20,3,0,0,0,0,0,1,1,0
"POINT (10.916857076000042 48.352648355000042)",Unfall 222645 (2023) Kat:3, Licht: 0,222645,3,1,5,06,19,3,0,0,1,1,0,0,0,0
"POINT (10.917030434000026 48.368831952000050)",Unfall 222646 (2023) Kat:3, Licht: 0,222646,3,7,0,06,12,3,0,0,0,0,1,0,1,0
"POINT (10.883101841000041 48.362562701000058)",Unfall 222647 (2023) Kat:2, Licht: 0,222647,2,1,1,06,18,3,0,0,0,1,0,0,0,0
"POINT (10.896396036000056 48.355672467000034)",Unfall 222648 (2023) Kat:3, Licht: 0,222648,3,1,0,06,07,3,0,0,1,0,0,0,0,0
"POINT (10.888540456000044 48.377804349000030)",Unfall 222649 (2023) Kat:3, Licht: 0,222649,3,2,5,06,07,3,0,0,0,1,0,1,0,0
"POINT (10.895552321000025 48.375223358000028)",Unfall 222650 (2023) Kat:3, Licht: 0,222650,3,4,6,06,10,3,0,0,0,1,1,0,0,0
"POINT (10.907858970000063 48.360905903000059)",Unfall 222690 (2023) Kat:3, Licht: 0,222690,3,7,1,06,15,4,0,0,1,1,0,0,0,0
"POINT (10.869694484000036 48.356920866000053)",Unfall 222777 (2023) Kat:2, Licht: 0,222777,2,3,5,06,07,2,0,0,1,1,0,0,0,0
"POINT (10.914640796000072 48.378775811000025)",Unfall 222778 (2023) Kat:3, Licht: 0,222778,3,5,1,06,08,2,0,0,1,1,0,0,0,0
"POINT (10.901852294000037 48.361911409000072)",Unfall 222856 (2023) Kat:2, Licht: 0,222856,2,7,0,06,18,1,0,0,1,0,0,0,0,0
"POINT (10.858504015000051 48.397219669000037)",Unfall 222909 (2023) Kat:3, Licht: 0,222909,3,3,5,06,10,4,0,0,1,1,0,0,0,0
"POINT (10.878920880000067 48.370839165000064)",Unfall 222924 (2023) Kat:2, Licht: 0,222924,2,3,5,06,11,7,0,0,1,1,0,0,0,0
"POINT (10.917148342000075 48.347813716000076)",Unfall 222925 (2023) Kat:3, Licht: 0,222925,3,4,6,06,13,7,0,0,0,1,1,0,0,0
"POINT (10.859165880000035 48.384953312000050)",Unfall 223077 (2023) Kat:3, Licht: 0,223077,3,1,8,06,19,5,1,0,0,1,0,0,0,1
"POINT (10.927736093000021 48.381089380000049)",Unfall 223078 (2023) Kat:3, Licht: 0,223078,3,1,0,06,13,5,0,0,1,0,0,0,0,0
"POINT (10.904604683000059 48.370072805000063)",Unfall 223079 (2023) Kat:3, Licht: 2,223079,3,1,8,06,22,5,0,2,0,0,0,0,0,1
"POINT (10.880480653000063 48.383748514000047)",Unfall 223147 (2023) Kat:2, Licht: 0,223147,2,1,0,07,15,1,0,0,1,0,0,0,0,0
"POINT (10.916194316000031 48.393891537000059)",Unfall 223148 (2023) Kat:3, Licht: 0,223148,3,6,4,07,05,1,0,0,0,1,0,0,0,0
"POINT (10.875287216000061 48.364098597000066)",Unfall 223199 (2023) Kat:3, Licht: 2,223199,3,1,0,07,02,7,0,2,1,0,0,0,0,0
"POINT (10.882961745000046 48.338769936000062)",Unfall 223200 (2023) Kat:2, Licht: 0,223200,2,3,5,07,11,7,0,0,1,1,0,0,0,0
"POINT (10.899122643000055 48.330481556000052)",Unfall 223201 (2023) Kat:3, Licht: 0,223201,3,1,0,07,18,7,0,0,0,0,0,1,0,0
"POINT (10.894614698000055 48.376798416000042)",Unfall 223202 (2023) Kat:3, Licht: 0,223202,3,4,6,07,17,7,0,0,0,1,1,0,0,0
"POINT (10.878327736000074 48.358055969000077)",Unfall 223274 (2023) Kat:3, Licht: 0,223274,3,1,0,06,13,6,0,0,1,0,1,0,0,0
"POINT (10.911860113000046 48.306227505000038)",Unfall 223275 (2023) Kat:3, Licht: 0,223275,3,1,0,06,17,6,0,0,1,0,0,0,0,0
"POINT (10.902218074000075 48.356761130000052)",Unfall 223276 (2023) Kat:3, Licht: 0,223276,3,5,0,06,16,6,0,0,1,1,0,0,0,0
"POINT (10.899231243000031 48.330537177000053)",Unfall 223277 (2023) Kat:3, Licht: 0,223277,3,3,5,06,13,6,0,0,1,0,0,0,0,1
"POINT (10.887910925000028 48.354429199000037)",Unfall 223278 (2023) Kat:3, Licht: 0,223278,3,1,0,06,14,6,1,0,0,0,0,1,0,0
"POINT (10.889713405000066 48.371402423000063)",Unfall 223279 (2023) Kat:3, Licht: 0,223279,3,3,6,06,10,6,1,0,0,0,1,0,0,1
"POINT (10.895883427000058 48.374560085000041)",Unfall 223280 (2023) Kat:3, Licht: 0,223280,3,7,0,06,08,6,0,0,0,0,1,0,1,0
"POINT (10.894078488000048 48.377151174000062)",Unfall 223281 (2023) Kat:3, Licht: 0,223281,3,7,0,06,08,6,0,0,1,1,0,0,0,0
"POINT (10.857979230000069 48.365372657000080)",Unfall 223358 (2023) Kat:3, Licht: 0,223358,3,2,3,06,20,5,0,0,1,0,0,0,0,0
"POINT (10.879570405000038 48.368427871000051)",Unfall 223359 (2023) Kat:2, Licht: 2,223359,2,1,0,06,23,5,1,2,1,0,0,0,0,0
"POINT (10.881641079000076 48.392092834000039)",Unfall 223361 (2023) Kat:3, Licht: 1,223361,3,5,2,06,05,5,0,1,0,1,0,0,0,0
"POINT (10.907061666000061 48.380295027000045)",Unfall 223362 (2023) Kat:3, Licht: 0,223362,3,7,0,06,10,5,0,0,1,1,0,0,0,0
"POINT (10.936060956000063 48.378060527000059)",Unfall 223363 (2023) Kat:3, Licht: 0,223363,3,7,0,06,15,5,0,0,1,0,0,0,0,0