WKT,Name,OBJECTID,UKATEGORIE,UTYP1,UART,UMONAT,USTUNDE,UWOCHENTAG,STRZUSTAND,ULICHTVERH,ISTRAD,ISTPKW,ISTFUSS,ISTKRAD,ISTGKFZ,ISTSONSTIG
"POINT (10.911083216000065 48.364150210000048)",Unfall 223364 (2023) Kat:3, Licht: 0,223364,3,1,0,06,13,5,0,0,1,0,0,0,0,0
"POINT (10.895127415000047 48.370064597000066)",Unfall 223365 (2023) Kat:3, Licht: 0,223365,3,6,2,06,15,5,0,0,0,1,0,1,0,0
"POINT (10.897658638000053 48.350938888000030)",Unfall 223485 (2023) Kat:3, Licht: 0,223485,3,3,6,06,10,4,0,0,0,1,1,0,0,0
"POINT (10.868674605000024 48.342061947000047)",Unfall 223486 (2023) Kat:3, Licht: 0,223486,3,3,6,06,18,4,0,0,0,1,1,0,0,0
"POINT (10.898263698000051 48.369396480000034)",Unfall 223487 (2023) Kat:3, Licht: 0,223487,3,7,0,06,14,4,0,0,1,0,0,0,0,0
"POINT (10.898021988000039 48.296229127000061)",Unfall 223561 (2023) Kat:3, Licht: 0,223561,3,4,6,06,20,3,0,0,0,1,1,0,0,0
"POINT (10.870298384000023 48.380673826000077)",Unfall 223564 (2023) Kat:3, Licht: 0,223564,3,6,2,06,16,3,0,0,1,1,0,0,0,0
"POINT (10.874781683000037 48.348164771000029)",Unfall 223565 (2023) Kat:3, Licht: 0,223565,3,1,0,06,19,3,0,0,1,0,0,0,0,0
"POINT (10.852775445000077 48.379819571000041)",Unfall 223566 (2023) Kat:3, Licht: 0,223566,3,7,0,06,17,3,0,0,1,0,0,0,0,0
"POINT (10.915425539000069 48.395306186000028)",Unfall 223641 (2023) Kat:3, Licht: 0,223641,3,1,0,06,21,2,1,0,1,0,0,0,0,0
"POINT (10.885645270000055 48.367590106000080)",Unfall 223642 (2023) Kat:3, Licht: 0,223642,3,6,2,06,13,2,0,0,0,1,0,0,0,0
"POINT (10.871156962000043 48.362977093000040)",Unfall 223710 (2023) Kat:3, Licht: 0,223710,3,4,6,06,12,1,0,0,0,1,1,0,0,0
"POINT (10.926631622000059 48.375991002000035)",Unfall 223711 (2023) Kat:3, Licht: 0,223711,3,3,5,06,18,1,0,0,1,1,0,0,0,0
"POINT (10.903121052000074 48.304114290000030)",Unfall 223712 (2023) Kat:2, Licht: 0,223712,2,3,4,06,18,1,0,0,0,1,0,1,0,0
"POINT (10.922532961000059 48.378727553000033)",Unfall 223812 (2023) Kat:3, Licht: 0,223812,3,2,0,06,14,7,0,0,0,1,0,0,0,1
"POINT (10.915749664000032 48.367660868000030)",Unfall 223813 (2023) Kat:3, Licht: 0,223813,3,1,1,06,14,7,0,0,0,1,0,1,0,0
"POINT (10.906745285000056 48.370201030000032)",Unfall 223898 (2023) Kat:3, Licht: 0,223898,3,6,3,06,15,6,0,0,1,1,0,0,0,0
"POINT (10.871338217000073 48.357030929000075)",Unfall 223964 (2023) Kat:3, Licht: 0,223964,3,7,0,06,15,1,0,0,1,0,1,0,0,0
"POINT (10.917154827000047 48.382836983000061)",Unfall 223965 (2023) Kat:2, Licht: 0,223965,2,3,5,06,12,5,0,0,0,1,0,1,0,0
"POINT (10.907428980000077 48.317264074000036)",Unfall 223966 (2023) Kat:3, Licht: 0,223966,3,3,5,06,08,5,0,0,0,1,0,0,0,0
"POINT (10.877391945000056 48.380313023000042)",Unfall 223967 (2023) Kat:3, Licht: 2,223967,3,3,5,06,00,5,0,2,1,1,0,0,0,0
"POINT (10.894595689000028 48.370007180000073)",Unfall 223968 (2023) Kat:2, Licht: 0,223968,2,2,5,06,12,5,0,0,0,1,0,1,0,0
"POINT (10.904765953000037 48.369892660000062)",Unfall 223969 (2023) Kat:3, Licht: 0,223969,3,6,0,06,17,5,0,0,1,1,0,0,0,0
"POINT (10.915442068000061 48.395373954000036)",Unfall 224061 (2023) Kat:3, Licht: 0,224061,3,1,0,06,11,4,0,0,0,0,0,1,0,0
"POINT (10.905526584000029 48.370164348000060)",Unfall 224062 (2023) Kat:3, Licht: 0,224062,3,6,2,06,12,4,0,0,0,1,0,0,0,0
"POINT (10.897888651000073 48.359809152000025)",Unfall 224090 (2023) Kat:2, Licht: 0,224090,2,3,5,06,18,3,0,0,1,0,0,0,0,0
"POINT (10.900399583000024 48.393070489000081)",Unfall 224133 (2023) Kat:3, Licht: 0,224133,3,2,4,07,07,6,0,0,0,1,0,0,0,0
"POINT (10.883325874000036 48.354173592000052)",Unfall 224134 (2023) Kat:3, Licht: 0,224134,3,1,1,07,19,6,0,0,0,1,0,1,0,0
"POINT (10.880548645000033 48.368528653000055)",Unfall 224212 (2023) Kat:3, Licht: 0,224212,3,1,0,07,07,5,1,0,0,0,0,0,0,1
"POINT (10.922269175000054 48.375765746000070)",Unfall 224213 (2023) Kat:3, Licht: 0,224213,3,3,5,07,17,5,0,0,0,1,0,0,0,0
"POINT (10.896979453000029 48.357179468000027)",Unfall 224214 (2023) Kat:3, Licht: 0,224214,3,7,0,07,16,5,0,0,1,0,0,0,0,0
"POINT (10.914263382000058 48.377846654000052)",Unfall 224234 (2023) Kat:3, Licht: 0,224234,3,6,2,07,16,5,0,0,0,1,0,0,0,0
"POINT (10.922917021000046 48.393030269000064)",Unfall 224292 (2023) Kat:2, Licht: 0,224292,2,1,0,07,08,4,1,0,1,0,0,0,0,0
"POINT (10.901013082000077 48.370601243000067)",Unfall 224293 (2023) Kat:3, Licht: 2,224293,3,7,7,07,01,4,1,2,1,0,0,0,0,0
"POINT (10.865033375000053 48.384164288000079)",Unfall 224384 (2023) Kat:3, Licht: 0,224384,3,3,5,07,16,3,0,0,0,1,0,1,0,0
"POINT (10.880112984000050 48.379097384000033)",Unfall 224385 (2023) Kat:3, Licht: 1,224385,3,5,0,07,22,3,0,1,0,1,0,0,0,0
"POINT (10.936017887000048 48.362388683000063)",Unfall 224386 (2023) Kat:2, Licht: 0,224386,2,3,5,07,21,3,0,0,1,0,0,0,0,0
"POINT (10.902685596000026 48.358703917000071)",Unfall 224387 (2023) Kat:3, Licht: 0,224387,3,3,6,07,07,3,0,0,0,1,1,0,0,0
"POINT (10.909280053000032 48.339549461000047)",Unfall 224388 (2023) Kat:3, Licht: 0,224388,3,7,0,07,10,3,0,0,1,0,0,0,0,1
"POINT (10.904952261000062 48.324830729000041)",Unfall 224481 (2023) Kat:2, Licht: 0,224481,2,1,7,07,08,2,0,0,1,0,0,0,0,0
"POINT (10.882179561000044 48.346280058000048)",Unfall 224482 (2023) Kat:3, Licht: 0,224482,3,2,5,07,17,2,0,0,0,1,0,0,0,0
"POINT (10.937387000000058 48.343874198000037)",Unfall 224564 (2023) Kat:3, Licht: 0,224564,3,1,0,07,08,1,0,0,1,0,0,0,0,0
"POINT (10.897688655000024 48.386833596000031)",Unfall 224565 (2023) Kat:2, Licht: 0,224565,2,7,0,07,13,1,0,0,0,0,0,1,0,0
"POINT (10.884300565000046 48.374044689000073)",Unfall 224566 (2023) Kat:2, Licht: 0,224566,2,2,0,07,11,1,0,0,0,1,0,1,0,0
"POINT (10.878180576000034 48.369879720000029)",Unfall 224645 (2023) Kat:3, Licht: 2,224645,3,6,3,07,21,7,0,2,0,1,0,0,0,0
"POINT (10.853118643000073 48.372570971000073)",Unfall 224646 (2023) Kat:3, Licht: 0,224646,3,3,4,07,16,7,0,0,1,1,0,0,0,0
"POINT (10.890428581000037 48.360671452000076)",Unfall 224647 (2023) Kat:3, Licht: 0,224647,3,7,0,07,17,7,0,0,1,0,0,0,0,0
"POINT (10.896999138000069 48.373129650000067)",Unfall 224648 (2023) Kat:3, Licht: 0,224648,3,7,0,07,13,7,1,0,0,0,0,1,0,0
"POINT (10.898219079000057 48.363070565000044)",Unfall 224649 (2023) Kat:3, Licht: 0,224649,3,7,7,07,14,7,0,0,1,0,0,0,0,0
"POINT (10.902247956000053 48.370596058000046)",Unfall 224650 (2023) Kat:3, Licht: 0,224650,3,7,0,07,12,7,0,0,0,1,0,0,0,1
"POINT (10.904470799000023 48.327808097000059)",Unfall 224745 (2023) Kat:3, Licht: 0,224745,3,1,5,07,17,6,0,0,0,1,0,0,0,0
"POINT (10.943547264000074 48.363626391000025)",Unfall 224866 (2023) Kat:3, Licht: 0,224866,3,3,0,07,07,5,0,0,0,1,0,0,0,1
"POINT (10.885448688000054 48.358615649000058)",Unfall 224867 (2023) Kat:3, Licht: 0,224867,3,1,0,07,17,5,0,0,1,0,0,0,0,0
"POINT (10.876477407000039 48.334736709000026)",Unfall 224868 (2023) Kat:3, Licht: 0,224868,3,3,5,07,14,5,0,0,1,0,0,0,0,0
"POINT (10.907904644000041 48.370364465000080)",Unfall 224869 (2023) Kat:3, Licht: 0,224869,3,2,3,07,17,5,0,0,0,1,0,0,0,1
"POINT (10.899313313000050 48.365532966000046)",Unfall 224885 (2023) Kat:3, Licht: 0,224885,3,7,0,07,17,4,1,0,1,0,0,0,0,0
"POINT (10.841380717000050 48.381739341000070)",Unfall 224958 (2023) Kat:3, Licht: 0,224958,3,6,5,07,17,4,0,0,1,1,0,0,0,0
"POINT (10.934619740000073 48.396306525000057)",Unfall 224959 (2023) Kat:3, Licht: 0,224959,3,3,5,07,18,4,0,0,0,1,0,0,0,0
"POINT (10.885813927000072 48.391552294000064)",Unfall 224960 (2023) Kat:3, Licht: 0,224960,3,6,2,07,19,4,0,0,0,1,0,0,0,0
"POINT (10.881811768000034 48.394363939000073)",Unfall 224961 (2023) Kat:3, Licht: 0,224961,3,6,2,07,13,4,0,0,0,1,0,1,0,0
"POINT (10.915331455000057 48.354820369000038)",Unfall 224962 (2023) Kat:3, Licht: 0,224962,3,3,5,07,16,4,0,0,0,1,0,0,0,0
"POINT (10.890983400000039 48.371492235000062)",Unfall 224963 (2023) Kat:3, Licht: 0,224963,3,7,0,07,08,4,1,0,1,0,0,0,0,0
"POINT (10.857453396000039 48.380231986000069)",Unfall 225052 (2023) Kat:3, Licht: 0,225052,3,3,5,07,16,3,0,0,0,1,0,0,0,1
"POINT (10.876432681000040 48.379091989000074)",Unfall 225057 (2023) Kat:3, Licht: 0,225057,3,3,5,07,08,3,0,0,1,1,0,0,0,0
"POINT (10.918186927000022 48.371240872000044)",Unfall 225058 (2023) Kat:3, Licht: 0,225058,3,1,0,07,06,3,1,0,0,0,0,1,0,0
"POINT (10.886474512000063 48.371435232000067)",Unfall 225059 (2023) Kat:3, Licht: 0,225059,3,6,0,07,12,3,0,0,0,1,0,1,0,0
"POINT (10.872875052000040 48.363445334000062)",Unfall 225159 (2023) Kat:3, Licht: 0,225159,3,1,0,07,12,2,0,0,1,0,0,0,0,0
"POINT (10.881373193000059 48.388649195000028)",Unfall 225160 (2023) Kat:3, Licht: 0,225160,3,4,6,07,16,2,0,0,0,1,1,0,0,0
"POINT (10.879572544000041 48.380453390000071)",Unfall 225162 (2023) Kat:3, Licht: 0,225162,3,3,5,07,19,2,0,0,0,1,0,0,0,0
"POINT (10.915312789000041 48.394876745000033)",Unfall 225163 (2023) Kat:3, Licht: 0,225163,3,3,5,07,16,2,0,0,1,1,0,0,0,0
"POINT (10.885805377000054 48.345235682000066)",Unfall 225164 (2023) Kat:3, Licht: 0,225164,3,3,5,07,15,2,0,0,0,1,0,0,0,1
"POINT (10.894583523000051 48.370004434000066)",Unfall 225165 (2023) Kat:3, Licht: 0,225165,3,6,2,07,16,2,0,0,1,1,0,0,0,0
"POINT (10.864879330000065 48.380856621000078)",Unfall 225216 (2023) Kat:3, Licht: 0,225216,3,2,5,07,08,4,0,0,1,1,0,0,0,0
"POINT (10.856033564000029 48.376241939000067)",Unfall 225217 (2023) Kat:3, Licht: 0,225217,3,3,5,07,11,4,0,0,1,1,0,0,0,0
"POINT (10.853336009000031 48.379843524000080)",Unfall 225218 (2023) Kat:3, Licht: 0,225218,3,1,0,07,16,4,1,0,1,0,0,0,0,0
"POINT (10.890723340000022 48.370771152000032)",Unfall 225219 (2023) Kat:3, Licht: 0,225219,3,2,5,07,13,4,1,0,1,1,0,0,0,0
"POINT (10.871759990000044 48.346857473000057)",Unfall 225274 (2023) Kat:3, Licht: 0,225274,3,1,3,07,17,3,1,0,0,1,0,0,0,0
"POINT (10.880598283000040 48.364428087000078)",Unfall 225275 (2023) Kat:3, Licht: 0,225275,3,1,5,07,08,3,0,0,0,1,1,0,0,0
"POINT (10.944666842000061 48.360665942000026)",Unfall 225330 (2023) Kat:2, Licht: 0,225330,2,6,4,07,08,2,0,0,1,1,0,0,0,0
"POINT (10.910542163000059 48.317194929000038)",Unfall 225331 (2023) Kat:3, Licht: 0,225331,3,1,0,07,17,2,1,0,1,0,1,0,0,0
"POINT (10.888961003000077 48.359573253000065)",Unfall 225332 (2023) Kat:3, Licht: 0,225332,3,1,3,07,08,2,1,0,0,1,0,1,0,0
"POINT (10.908595242000047 48.360955166000053)",Unfall 225333 (2023) Kat:3, Licht: 0,225333,3,1,0,07,19,2,1,0,0,0,0,0,0,1
"POINT (10.901892781000072 48.364232931000060)",Unfall 225334 (2023) Kat:3, Licht: 0,225334,3,5,1,07,11,2,0,0,1,1,0,0,0,0
"POINT (10.901464337000050 48.369613428000036)",Unfall 225335 (2023) Kat:3, Licht: 0,225335,3,7,0,07,12,2,0,0,0,0,1,0,0,1
"POINT (10.893853122000053 48.367513033000080)",Unfall 225336 (2023) Kat:3, Licht: 0,225336,3,3,6,07,16,2,0,0,0,1,1,0,0,0
"POINT (10.904469781000046 48.327933653000059)",Unfall 225467 (2023) Kat:3, Licht: 0,225467,3,3,5,07,17,7,0,0,0,1,0,0,0,0
"POINT (10.887282046000053 48.385029025000051)",Unfall 225469 (2023) Kat:3, Licht: 0,225469,3,7,0,07,10,7,0,0,1,0,0,0,0,0
"POINT (10.900130264000040 48.362875788000053)",Unfall 225470 (2023) Kat:3, Licht: 0,225470,3,7,0,07,14,7,0,0,1,1,0,0,0,0
"POINT (10.865444399000069 48.344567427000072)",Unfall 225549 (2023) Kat:3, Licht: 1,225549,3,1,4,07,21,6,0,1,1,0,0,0,0,0
"POINT (10.876781493000067 48.370417552000049)",Unfall 225669 (2023) Kat:3, Licht: 0,225669,3,6,2,07,16,5,0,0,0,1,0,0,0,1
"POINT (10.917582316000050 48.380949433000069)",Unfall 225670 (2023) Kat:3, Licht: 0,225670,3,1,0,07,13,5,0,0,1,0,0,0,0,0
"POINT (10.893495586000029 48.364451605000056)",Unfall 225672 (2023) Kat:3, Licht: 0,225672,3,7,3,07,13,5,0,0,0,1,0,0,0,1
"POINT (10.865736601000037 48.367119129000059)",Unfall 225784 (2023) Kat:3, Licht: 0,225784,3,6,4,07,12,4,0,0,0,1,0,0,0,0
"POINT (10.924981462000062 48.399076944000058)",Unfall 225785 (2023) Kat:2, Licht: 0,225785,2,3,5,07,17,4,0,0,0,1,0,1,0,0
"POINT (10.934619740000073 48.396306525000057)",Unfall 225786 (2023) Kat:3, Licht: 0,225786,3,3,5,07,13,4,0,0,0,1,0,0,0,0
"POINT (10.935833491000039 48.377993020000076)",Unfall 225787 (2023) Kat:3, Licht: 0,225787,3,2,3,07,12,4,0,0,1,1,0,0,0,0
"POINT (10.901008764000039 48.370637017000035)",Unfall 225788 (2023) Kat:3, Licht: 2,225788,3,7,0,07,21,4,0,2,1,0,0,0,0,0
"POINT (10.898674817000028 48.358226438000031)",Unfall 225789 (2023) Kat:3, Licht: 0,225789,3,3,5,07,10,4,0,0,0,1,0,0,0,0
"POINT (10.897865945000035 48.370445818000064)",Unfall 225790 (2023) Kat:3, Licht: 0,225790,3,6,3,07,18,4,0,0,1,0,0,1,0,0
"POINT (10.870296342000074 48.381114928000045)",Unfall 225903 (2023) Kat:3, Licht: 0,225903,3,1,0,07,15,3,0,0,0,0,0,1,0,0
"POINT (10.886077172000057 48.358317095000075)",Unfall 225904 (2023) Kat:3, Licht: 0,225904,3,1,2,07,16,3,0,0,1,1,0,0,0,0
"POINT (10.902563435000047 48.352230333000080)",Unfall 225905 (2023) Kat:2, Licht: 0,225905,2,1,0,07,11,3,0,0,0,0,0,0,0,1
"POINT (10.920891686000061 48.361843250000049)",Unfall 226018 (2023) Kat:3, Licht: 0,226018,3,7,4,07,16,2,0,0,1,0,1,0,0,0
"POINT (10.901117012000043 48.376669246000063)",Unfall 226019 (2023) Kat:3, Licht: 0,226019,3,7,0,07,10,2,0,0,1,0,0,0,0,0
"POINT (10.854437642000050 48.377110641000058)",Unfall 226112 (2023) Kat:3, Licht: 0,226112,3,3,5,07,16,3,0,0,1,1,0,0,0,0
"POINT (10.910866817000056 48.311343126000054)",Unfall 226182 (2023) Kat:3, Licht: 2,226182,3,1,0,07,23,7,0,2,1,0,0,0,0,0
"POINT (10.891452603000062 48.353352046000055)",Unfall 226183 (2023) Kat:3, Licht: 2,226183,3,1,0,07,00,7,0,2,0,0,0,0,0,1
"POINT (10.890664424000022 48.366181117000053)",Unfall 226184 (2023) Kat:3, Licht: 0,226184,3,6,2,07,12,7,0,0,0,1,0,0,0,0
"POINT (10.900777743000049 48.370674415000053)",Unfall 226185 (2023) Kat:2, Licht: 0,226185,2,7,0,07,18,7,0,0,1,0,0,0,0,0
"POINT (10.884349883000027 48.374059907000060)",Unfall 226186 (2023) Kat:3, Licht: 0,226186,3,7,0,07,09,7,0,0,0,0,0,0,0,1
"POINT (10.885926695000023 48.348048309000035)",Unfall 226218 (2023) Kat:3, Licht: 0,226218,3,1,5,07,17,6,1,0,0,1,0,0,0,0
"POINT (10.866922136000028 48.370846011000026)",Unfall 226317 (2023) Kat:3, Licht: 2,226317,3,3,5,08,01,7,0,2,1,0,0,0,0,0
"POINT (10.880988879000029 48.380099819000066)",Unfall 226379 (2023) Kat:3, Licht: 0,226379,3,3,5,08,17,6,0,0,0,1,0,0,0,1
"POINT (10.872566223000035 48.368204084000070)",Unfall 226449 (2023) Kat:3, Licht: 0,226449,3,3,5,08,19,5,0,0,0,1,0,0,0,0
"POINT (10.938193883000054 48.359015599000031)",Unfall 226451 (2023) Kat:3, Licht: 0,226451,3,5,1,08,19,5,0,0,1,1,0,0,0,0
"POINT (10.898126490000038 48.370561033000058)",Unfall 226452 (2023) Kat:3, Licht: 0,226452,3,7,0,08,10,5,0,0,1,0,0,0,0,0
"POINT (10.890730832000031 48.314930329000049)",Unfall 226521 (2023) Kat:3, Licht: 0,226521,3,6,2,08,12,4,1,0,0,1,0,0,0,0
"POINT (10.885764584000071 48.373466876000066)",Unfall 226524 (2023) Kat:2, Licht: 0,226524,2,7,0,08,18,4,0,0,1,0,0,0,0,0
"POINT (10.895265852000023 48.340197989000046)",Unfall 226525 (2023) Kat:3, Licht: 0,226525,3,1,8,08,19,4,0,0,1,0,0,0,0,0
"POINT (10.885917602000063 48.347812075000036)",Unfall 226526 (2023) Kat:3, Licht: 0,226526,3,3,5,08,14,4,0,0,0,1,0,0,1,0
"POINT (10.889622498000051 48.360434714000064)",Unfall 226527 (2023) Kat:3, Licht: 0,226527,3,1,2,08,09,4,0,0,0,1,0,0,0,0
"POINT (10.894586239000034 48.369923251000046)",Unfall 226528 (2023) Kat:3, Licht: 2,226528,3,7,0,08,01,4,1,2,1,0,0,0,0,0
"POINT (10.937503247000052 48.343268523000063)",Unfall 226579 (2023) Kat:3, Licht: 0,226579,3,7,6,08,15,3,0,0,1,0,1,0,0,0
"POINT (10.898591356000054 48.359803158000034)",Unfall 226618 (2023) Kat:3, Licht: 0,226618,3,3,5,08,16,2,0,0,0,1,0,0,0,1
"POINT (10.888472428000057 48.369242668000027)",Unfall 226619 (2023) Kat:3, Licht: 0,226619,3,3,5,08,11,2,0,0,0,1,0,0,0,0
"POINT (10.868832267000073 48.362293224000041)",Unfall 226652 (2023) Kat:3, Licht: 0,226652,3,1,0,08,18,1,1,0,0,0,0,1,0,0
"POINT (10.909711491000053 48.370984302000068)",Unfall 226653 (2023) Kat:3, Licht: 0,226653,3,6,2,08,19,1,1,0,0,1,0,0,0,0
"POINT (10.872791981000034 48.387702569000055)",Unfall 226730 (2023) Kat:3, Licht: 0,226730,3,1,0,08,07,6,0,0,1,0,0,0,0,0
"POINT (10.915566283000032 48.378021828000044)",Unfall 226731 (2023) Kat:2, Licht: 0,226731,2,1,0,08,12,6,0,0,1,0,0,0,0,0
"POINT (10.875891211000067 48.337767687000053)",Unfall 226732 (2023) Kat:3, Licht: 0,226732,3,2,3,08,16,6,0,0,1,1,0,0,0,0
"POINT (10.885778648000041 48.371840695000060)",Unfall 226733 (2023) Kat:3, Licht: 0,226733,3,5,1,08,13,6,0,0,1,1,0,0,0,0
"POINT (10.890954035000050 48.370585569000070)",Unfall 226734 (2023) Kat:3, Licht: 0,226734,3,3,5,08,15,6,0,0,1,1,0,0,0,0
"POINT (10.851872019000041 48.379772785000057)",Unfall 226793 (2023) Kat:3, Licht: 0,226793,3,1,0,08,16,5,0,0,1,0,0,0,0,0
"POINT (10.870148838000034 48.372799184000030)",Unfall 226794 (2023) Kat:3, Licht: 0,226794,3,3,5,08,15,5,0,0,1,1,0,0,0,0
"POINT (10.911005571000032 48.311675680000064)",Unfall 226795 (2023) Kat:3, Licht: 0,226795,3,1,0,08,15,5,1,0,1,0,0,0,0,1
"POINT (10.888382496000077 48.358873999000082)",Unfall 226796 (2023) Kat:3, Licht: 2,226796,3,1,1,08,00,5,1,2,0,1,0,0,0,0
"POINT (10.901578548000032 48.369713246000060)",Unfall 226798 (2023) Kat:3, Licht: 0,226798,3,4,6,08,08,5,0,0,0,1,1,0,0,0
"POINT (10.915530705000037 48.364308493000067)",Unfall 226865 (2023) Kat:3, Licht: 0,226865,3,1,0,08,07,4,0,0,1,1,0,0,0,0
"POINT (10.900531355000055 48.349663327000030)",Unfall 226866 (2023) Kat:3, Licht: 0,226866,3,1,5,08,08,4,0,0,1,1,0,0,0,0
"POINT (10.899255943000071 48.370900488000075)",Unfall 226867 (2023) Kat:3, Licht: 0,226867,3,7,0,08,16,4,1,0,1,0,0,0,0,0
"POINT (10.901979153000070 48.364072818000068)",Unfall 226868 (2023) Kat:3, Licht: 0,226868,3,5,1,08,13,4,0,0,1,1,0,0,0,0
"POINT (10.915014395000071 48.379660699000056)",Unfall 226918 (2023) Kat:3, Licht: 0,226918,3,5,1,08,09,3,0,0,1,1,0,0,0,0
"POINT (10.892891652000060 48.377178476000040)",Unfall 226926 (2023) Kat:3, Licht: 0,226926,3,6,2,08,13,6,0,0,0,1,0,0,0,0
"POINT (10.885558271000036 48.385786288000077)",Unfall 226977 (2023) Kat:2, Licht: 1,226977,2,6,5,07,06,2,0,1,1,0,0,0,0,0
"POINT (10.875301250000064 48.398605279000037)",Unfall 226979 (2023) Kat:3, Licht: 0,226979,3,3,5,07,15,2,0,0,1,1,0,0,0,0
"POINT (10.924963565000041 48.357301215000064)",Unfall 227095 (2023) Kat:3, Licht: 0,227095,3,1,0,07,07,7,0,0,1,0,0,0,0,0
"POINT (10.870012377000023 48.372009414000047)",Unfall 227164 (2023) Kat:3, Licht: 0,227164,3,2,5,07,06,6,0,0,1,1,0,0,0,0
"POINT (10.875280152000073 48.364096642000050)",Unfall 227165 (2023) Kat:3, Licht: 0,227165,3,6,0,07,14,6,0,0,1,0,0,0,0,0
"POINT (10.858125588000064 48.357516179000072)",Unfall 227166 (2023) Kat:3, Licht: 0,227166,3,6,0,07,08,6,0,0,1,0,0,0,0,0
"POINT (10.856393937000064 48.393814009000039)",Unfall 227167 (2023) Kat:3, Licht: 0,227167,3,3,5,07,12,6,0,0,1,1,0,0,0,0
"POINT (10.927534006000030 48.381264101000056)",Unfall 227168 (2023) Kat:3, Licht: 0,227168,3,1,0,07,12,6,1,0,1,0,0,0,0,0
"POINT (10.902921482000067 48.364637974000061)",Unfall 227169 (2023) Kat:2, Licht: 0,227169,2,3,5,07,13,6,0,0,1,1,0,0,0,0
"POINT (10.873954358000049 48.363737902000025)",Unfall 227170 (2023) Kat:3, Licht: 0,227170,3,7,0,07,20,6,1,0,1,0,0,0,0,0
"POINT (10.900721457000031 48.392798919000029)",Unfall 227189 (2023) Kat:3, Licht: 0,227189,3,7,0,07,09,2,0,0,1,0,0,0,0,0
"POINT (10.854849374000025 48.378870212000038)",Unfall 227261 (2023) Kat:3, Licht: 0,227261,3,6,6,07,17,5,1,0,0,1,1,0,0,0
"POINT (10.874889367000037 48.381252530000040)",Unfall 227263 (2023) Kat:3, Licht: 0,227263,3,4,6,07,12,5,0,0,0,1,1,0,0,0
"POINT (10.885458001000075 48.343871361000026)",Unfall 227265 (2023) Kat:3, Licht: 0,227265,3,3,5,07,18,5,1,0,0,1,0,0,0,0
"POINT (10.915186971000026 48.379974340000047)",Unfall 227266 (2023) Kat:3, Licht: 0,227266,3,1,0,08,08,7,0,0,1,0,0,0,0,0
"POINT (10.894700466000074 48.364296612000032)",Unfall 227267 (2023) Kat:3, Licht: 0,227267,3,3,5,07,07,5,1,0,0,1,0,1,0,0
"POINT (10.898328524000021 48.367238995000037)",Unfall 227268 (2023) Kat:3, Licht: 0,227268,3,7,0,07,18,5,1,0,1,0,0,0,0,0
"POINT (10.907058899000049 48.346567613000047)",Unfall 227298 (2023) Kat:3, Licht: 0,227298,3,1,1,08,14,3,1,0,0,1,0,0,0,0
"POINT (10.898731247000057 48.361524081000027)",Unfall 227364 (2023) Kat:3, Licht: 2,227364,3,5,1,08,01,1,0,2,0,1,0,0,0,0
"POINT (10.899901977000070 48.296789376000049)",Unfall 227384 (2023) Kat:3, Licht: 0,227384,3,1,0,08,16,7,1,0,0,0,0,1,0,0
"POINT (10.879567735000023 48.380454666000048)",Unfall 227385 (2023) Kat:3, Licht: 0,227385,3,3,5,08,14,7,0,0,1,1,0,0,0,0
"POINT (10.885496347000071 48.358529444000055)",Unfall 227386 (2023) Kat:3, Licht: 0,227386,3,1,6,08,10,7,0,0,1,0,1,0,0,0
"POINT (10.869722229000047 48.382267607000074)",Unfall 227487 (2023) Kat:3, Licht: 2,227487,3,2,3,08,23,5,1,2,1,1,0,0,0,0
"POINT (10.880554657000062 48.384328271000072)",Unfall 227488 (2023) Kat:3, Licht: 2,227488,3,1,0,08,22,5,1,2,0,0,0,1,0,0
"POINT (10.894475191000026 48.355432480000047)",Unfall 227489 (2023) Kat:3, Licht: 0,227489,3,7,1,08,10,5,0,0,1,1,0,0,0,0
"POINT (10.885461986000053 48.343879435000076)",Unfall 227490 (2023) Kat:3, Licht: 0,227490,3,3,5,08,13,5,0,0,1,1,0,0,0,0
"POINT (10.883938767000075 48.366821055000059)",Unfall 227491 (2023) Kat:3, Licht: 0,227491,3,7,0,08,13,5,0,0,0,0,0,0,0,1
"POINT (10.906999826000060 48.386286514000062)",Unfall 227548 (2023) Kat:3, Licht: 0,227548,3,1,0,08,11,4,0,0,0,0,0,1,0,0
"POINT (10.899894402000029 48.369515090000050)",Unfall 227577 (2023) Kat:3, Licht: 0,227577,3,7,0,08,17,2,1,0,1,0,0,0,0,0
"POINT (10.877211151000040 48.365867640000033)",Unfall 227607 (2023) Kat:3, Licht: 0,227607,3,3,5,08,11,3,0,0,1,1,0,0,0,0
"POINT (10.881118198000024 48.380052658000068)",Unfall 227608 (2023) Kat:3, Licht: 0,227608,3,3,5,08,19,3,0,0,0,1,0,1,0,0
"POINT (10.885449891000064 48.343854925000073)",Unfall 227609 (2023) Kat:3, Licht: 0,227609,3,1,7,08,12,3,0,0,1,0,0,0,0,0
"POINT (10.889753160000055 48.360351374000061)",Unfall 227659 (2023) Kat:3, Licht: 0,227659,3,2,5,08,15,3,1,0,0,1,0,0,0,0
"POINT (10.870481747000042 48.359970137000062)",Unfall 227756 (2023) Kat:3, Licht: 0,227756,3,3,6,08,05,1,0,0,0,1,1,0,0,0