WKT,Name,OBJECTID,UKATEGORIE,UTYP1,UART,UMONAT,USTUNDE,UWOCHENTAG,STRZUSTAND,ULICHTVERH,ISTRAD,ISTPKW,ISTFUSS,ISTKRAD,ISTGKFZ,ISTSONSTIG
"POINT (10.878978489000076 48.370714100000043)",Unfall 227757 (2023) Kat:3, Licht: 2,227757,3,1,0,08,03,1,0,2,1,0,0,0,0,0
"POINT (10.879461393000042 48.337708460000044)",Unfall 227818 (2023) Kat:3, Licht: 0,227818,3,1,4,08,13,7,0,0,0,1,0,1,0,0
"POINT (10.929831199000034 48.357264536000059)",Unfall 227892 (2023) Kat:3, Licht: 2,227892,3,1,0,08,20,6,0,2,1,0,0,0,0,0
"POINT (10.877156280000065 48.348357327000031)",Unfall 227893 (2023) Kat:3, Licht: 0,227893,3,1,5,08,11,6,0,0,0,1,0,0,0,1
"POINT (10.881672693000041 48.365838080000060)",Unfall 227894 (2023) Kat:3, Licht: 1,227894,3,1,4,08,20,6,0,1,0,1,0,0,0,0
"POINT (10.864569921000054 48.360509341000068)",Unfall 227977 (2023) Kat:3, Licht: 0,227977,3,4,6,08,19,5,1,0,1,0,1,0,0,0
"POINT (10.885542452000038 48.373625400000037)",Unfall 227979 (2023) Kat:3, Licht: 0,227979,3,3,5,08,17,5,0,0,1,1,0,0,0,0
"POINT (10.893177939000054 48.365716657000064)",Unfall 227980 (2023) Kat:3, Licht: 0,227980,3,6,2,08,16,5,0,0,1,1,0,0,0,0
"POINT (10.874563436000074 48.343325458000038)",Unfall 228052 (2023) Kat:3, Licht: 0,228052,3,1,2,08,11,5,0,0,0,1,0,0,0,0
"POINT (10.881678020000038 48.392699423000067)",Unfall 228073 (2023) Kat:3, Licht: 0,228073,3,6,3,08,13,4,0,0,0,1,0,0,0,1
"POINT (10.872664992000068 48.334587294000073)",Unfall 228074 (2023) Kat:3, Licht: 0,228074,3,1,2,08,17,4,0,0,0,1,0,0,0,0
"POINT (10.923806732000060 48.375288479000062)",Unfall 228162 (2023) Kat:3, Licht: 2,228162,3,3,5,08,22,2,1,2,0,1,0,0,0,0
"POINT (10.926617775000068 48.382162955000069)",Unfall 228168 (2023) Kat:3, Licht: 1,228168,3,1,0,08,06,3,0,1,1,0,0,0,0,0
"POINT (10.899422072000050 48.302178058000038)",Unfall 228169 (2023) Kat:3, Licht: 2,228169,3,1,0,08,20,3,0,2,1,0,0,0,0,0
"POINT (10.834612691000075 48.386172162000037)",Unfall 228225 (2023) Kat:3, Licht: 0,228225,3,7,0,08,14,2,0,0,1,0,0,0,0,0
"POINT (10.915910665000069 48.380966373000035)",Unfall 228226 (2023) Kat:1, Licht: 0,228226,1,4,6,08,16,2,0,0,0,0,1,0,0,1
"POINT (10.902790353000057 48.313937167000063)",Unfall 228227 (2023) Kat:3, Licht: 0,228227,3,1,0,08,14,2,0,0,0,1,0,0,0,0
"POINT (10.858432189000041 48.385026994000043)",Unfall 228317 (2023) Kat:3, Licht: 0,228317,3,6,2,08,15,1,0,0,0,1,0,0,0,0
"POINT (10.871723782000061 48.343270295000082)",Unfall 228319 (2023) Kat:1, Licht: 0,228319,1,1,0,08,09,1,0,0,1,1,0,0,0,0
"POINT (10.903220292000071 48.370896667000068)",Unfall 228320 (2023) Kat:3, Licht: 0,228320,3,1,4,08,14,1,0,0,0,1,0,1,0,0
"POINT (10.877848730000039 48.364055776000043)",Unfall 228364 (2023) Kat:3, Licht: 0,228364,3,5,1,09,16,3,0,0,1,1,0,0,0,0
"POINT (10.880617155000039 48.398124790000054)",Unfall 228365 (2023) Kat:3, Licht: 0,228365,3,6,5,09,17,3,0,0,1,1,0,0,0,0
"POINT (10.942316541000025 48.380358636000039)",Unfall 228439 (2023) Kat:3, Licht: 0,228439,3,3,0,09,18,2,0,0,0,1,0,0,0,0
"POINT (10.934659426000053 48.390910425000072)",Unfall 228440 (2023) Kat:3, Licht: 0,228440,3,2,5,09,14,2,0,0,0,1,0,1,0,0
"POINT (10.884939284000041 48.360912699000039)",Unfall 228441 (2023) Kat:3, Licht: 0,228441,3,1,0,09,13,2,0,0,1,0,0,0,0,0
"POINT (10.908070775000056 48.353106256000046)",Unfall 228442 (2023) Kat:2, Licht: 0,228442,2,7,0,09,07,2,0,0,1,0,1,0,0,0
"POINT (10.906764679000048 48.370203701000037)",Unfall 228443 (2023) Kat:3, Licht: 0,228443,3,3,5,09,18,2,0,0,1,0,0,0,0,0
"POINT (10.893349788000023 48.368760925000061)",Unfall 228444 (2023) Kat:3, Licht: 0,228444,3,6,2,09,12,2,0,0,0,1,0,0,0,0
"POINT (10.881883390000041 48.365890926000077)",Unfall 228522 (2023) Kat:3, Licht: 0,228522,3,1,0,09,08,1,0,0,1,0,0,0,0,0
"POINT (10.915473804000044 48.395517576000032)",Unfall 228525 (2023) Kat:3, Licht: 0,228525,3,1,0,09,16,1,0,0,1,0,0,0,0,0
"POINT (10.916693833000068 48.372176571000068)",Unfall 228526 (2023) Kat:3, Licht: 0,228526,3,1,0,09,16,1,0,0,1,0,0,0,0,0
"POINT (10.893683624000062 48.377445000000080)",Unfall 228527 (2023) Kat:3, Licht: 2,228527,3,7,0,09,23,1,0,2,0,0,0,0,0,1
"POINT (10.906405845000052 48.371018922000076)",Unfall 228600 (2023) Kat:3, Licht: 0,228600,3,7,6,09,17,7,0,0,0,1,1,0,0,0
"POINT (10.870139904000041 48.371983357000033)",Unfall 228678 (2023) Kat:3, Licht: 2,228678,3,1,7,09,23,6,0,2,0,0,0,0,0,1
"POINT (10.868072095000059 48.338254835000043)",Unfall 228679 (2023) Kat:3, Licht: 0,228679,3,1,0,09,15,6,0,0,1,0,0,0,0,0
"POINT (10.870250007000038 48.371843727000055)",Unfall 228763 (2023) Kat:3, Licht: 2,228763,3,1,0,09,03,5,0,2,0,0,0,1,0,0
"POINT (10.927983301000040 48.380775726000081)",Unfall 228764 (2023) Kat:2, Licht: 0,228764,2,1,0,09,12,5,0,0,1,0,0,0,0,0
"POINT (10.872957940000049 48.349252212000067)",Unfall 228765 (2023) Kat:3, Licht: 0,228765,3,1,0,09,18,5,0,0,1,0,0,0,0,0
"POINT (10.882408712000029 48.340487047000067)",Unfall 228766 (2023) Kat:2, Licht: 0,228766,2,1,1,09,07,5,0,0,0,1,0,1,0,1
"POINT (10.896370400000023 48.374192267000069)",Unfall 228767 (2023) Kat:3, Licht: 2,228767,3,2,6,09,22,5,0,2,0,1,1,0,0,0
"POINT (10.852845215000059 48.340234513000041)",Unfall 228789 (2023) Kat:3, Licht: 0,228789,3,1,0,09,17,6,0,0,1,0,0,0,0,0
"POINT (10.882198142000050 48.378766582000026)",Unfall 228815 (2023) Kat:3, Licht: 0,228815,3,6,2,09,14,7,0,0,0,1,0,1,0,0
"POINT (10.905476893000071 48.387860644000057)",Unfall 228831 (2023) Kat:3, Licht: 0,228831,3,2,5,09,15,5,0,0,1,1,0,0,0,0
"POINT (10.878943583000023 48.370835879000026)",Unfall 228856 (2023) Kat:3, Licht: 0,228856,3,3,5,09,19,4,0,0,1,1,0,0,0,0
"POINT (10.881508219000068 48.390615494000031)",Unfall 228857 (2023) Kat:3, Licht: 0,228857,3,2,3,09,15,4,0,0,1,1,0,0,0,0
"POINT (10.873610535000068 48.381001685000058)",Unfall 228858 (2023) Kat:3, Licht: 0,228858,3,4,0,09,08,4,0,0,0,0,1,0,0,1
"POINT (10.906264295000028 48.380853597000055)",Unfall 228859 (2023) Kat:3, Licht: 0,228859,3,1,0,09,17,4,0,0,1,0,0,0,0,0
"POINT (10.947022415000049 48.359835038000028)",Unfall 228860 (2023) Kat:2, Licht: 0,228860,2,3,5,09,09,4,0,0,1,0,0,0,0,0
"POINT (10.820390516000032 48.314480933000027)",Unfall 228861 (2023) Kat:3, Licht: 0,228861,3,2,4,09,10,4,0,0,1,1,0,0,0,0
"POINT (10.895607194000036 48.370109246000027)",Unfall 228943 (2023) Kat:3, Licht: 0,228943,3,3,5,09,07,5,0,0,0,1,0,0,0,0
"POINT (10.868418436000070 48.371642482000027)",Unfall 228957 (2023) Kat:3, Licht: 0,228957,3,6,3,09,16,3,0,0,0,1,0,1,0,0
"POINT (10.876090268000041 48.383057645000065)",Unfall 228958 (2023) Kat:3, Licht: 1,228958,3,4,6,09,20,3,0,1,1,0,1,0,0,0
"POINT (10.895036100000027 48.376514725000050)",Unfall 228959 (2023) Kat:3, Licht: 0,228959,3,1,0,09,07,3,0,0,1,0,0,0,0,0
"POINT (10.884227471000031 48.374023590000036)",Unfall 228960 (2023) Kat:3, Licht: 1,228960,3,7,2,09,20,3,0,1,0,1,0,1,0,0
"POINT (10.883207447000075 48.376193699000055)",Unfall 228961 (2023) Kat:3, Licht: 0,228961,3,7,0,09,07,3,0,0,1,0,0,0,0,0
"POINT (10.874769568000033 48.363957095000046)",Unfall 229049 (2023) Kat:3, Licht: 0,229049,3,1,0,09,17,2,0,0,1,0,0,0,0,0
"POINT (10.863966795000067 48.365106615000059)",Unfall 229050 (2023) Kat:3, Licht: 0,229050,3,6,0,09,19,2,0,0,1,0,0,0,0,0
"POINT (10.909874089000027 48.404802560000064)",Unfall 229051 (2023) Kat:3, Licht: 0,229051,3,2,5,09,19,2,0,0,1,1,0,0,0,0
"POINT (10.885378994000064 48.372525311000061)",Unfall 229052 (2023) Kat:3, Licht: 2,229052,3,1,3,09,22,2,0,2,0,1,0,1,0,0
"POINT (10.893601583000077 48.368046678000042)",Unfall 229053 (2023) Kat:3, Licht: 0,229053,3,7,0,09,13,2,0,0,0,0,0,0,0,1
"POINT (10.878923867000026 48.370838732000038)",Unfall 229074 (2023) Kat:3, Licht: 0,229074,3,3,5,09,16,7,0,0,0,1,0,0,0,1
"POINT (10.870134094000036 48.376023340000074)",Unfall 229136 (2023) Kat:3, Licht: 1,229136,3,2,2,09,20,1,0,1,0,1,0,0,0,0
"POINT (10.944386112000075 48.353979641000080)",Unfall 229137 (2023) Kat:3, Licht: 0,229137,3,2,0,09,11,1,0,0,0,1,0,1,0,0
"POINT (10.877272700000049 48.348874357000057)",Unfall 229184 (2023) Kat:3, Licht: 0,229184,3,1,0,09,16,2,0,0,1,0,0,0,0,0
"POINT (10.873273177000044 48.385350840000058)",Unfall 229192 (2023) Kat:3, Licht: 0,229192,3,3,5,09,14,7,0,0,0,1,0,1,0,0
"POINT (10.913971560000050 48.387937869000041)",Unfall 229193 (2023) Kat:3, Licht: 0,229193,3,1,0,09,10,7,0,0,1,0,0,0,0,0
"POINT (10.885987382000053 48.349754437000058)",Unfall 229194 (2023) Kat:3, Licht: 0,229194,3,1,0,09,11,3,0,0,1,0,0,0,0,0
"POINT (10.885917201000041 48.347794366000073)",Unfall 229195 (2023) Kat:3, Licht: 0,229195,3,1,0,09,10,7,0,0,1,0,0,0,0,0
"POINT (10.878952546000050 48.370834581000054)",Unfall 229276 (2023) Kat:3, Licht: 0,229276,3,2,3,09,17,6,0,0,1,1,0,0,0,0
"POINT (10.866521395000063 48.360394659000065)",Unfall 229277 (2023) Kat:3, Licht: 0,229277,3,1,0,09,12,6,0,0,1,0,0,0,0,0
"POINT (10.873165649000043 48.353069028000050)",Unfall 229278 (2023) Kat:3, Licht: 0,229278,3,1,8,09,16,6,0,0,1,0,0,0,0,0
"POINT (10.896727701000032 48.348619664000068)",Unfall 229279 (2023) Kat:3, Licht: 2,229279,3,1,0,09,23,6,0,2,0,0,0,1,0,1
"POINT (10.881657922000045 48.365867634000040)",Unfall 229280 (2023) Kat:3, Licht: 0,229280,3,1,0,09,17,6,0,0,0,0,0,1,0,0
"POINT (10.882912217000069 48.377576543000032)",Unfall 229328 (2023) Kat:3, Licht: 0,229328,3,6,2,09,13,7,0,0,0,1,0,0,0,0
"POINT (10.893665089000024 48.377436474000035)",Unfall 229351 (2023) Kat:3, Licht: 0,229351,3,2,3,08,07,5,1,0,1,1,0,0,0,0
"POINT (10.857516301000032 48.375357858000029)",Unfall 229388 (2023) Kat:2, Licht: 0,229388,2,7,0,08,13,4,0,0,0,0,0,1,0,0
"POINT (10.880988192000075 48.380489055000055)",Unfall 229389 (2023) Kat:2, Licht: 0,229389,2,4,6,08,18,4,0,0,0,1,1,0,0,0
"POINT (10.870191708000050 48.381287854000050)",Unfall 229417 (2023) Kat:3, Licht: 0,229417,3,2,4,09,15,3,0,0,0,1,0,0,0,0
"POINT (10.908529538000039 48.326143383000044)",Unfall 229418 (2023) Kat:3, Licht: 0,229418,3,1,0,09,08,3,0,0,1,0,0,0,0,0
"POINT (10.920826155000043 48.388961534000032)",Unfall 229483 (2023) Kat:3, Licht: 2,229483,3,2,3,09,19,2,0,2,1,0,0,0,0,1
"POINT (10.913741880000032 48.376743217000069)",Unfall 229484 (2023) Kat:3, Licht: 0,229484,3,6,2,09,15,2,0,0,0,1,0,0,0,0
"POINT (10.897853745000077 48.359388769000077)",Unfall 229485 (2023) Kat:3, Licht: 0,229485,3,3,5,09,07,2,0,0,1,0,0,0,0,0
"POINT (10.891710748000037 48.318636737000077)",Unfall 229597 (2023) Kat:3, Licht: 0,229597,3,3,5,09,18,7,0,0,0,1,0,1,0,0
"POINT (10.900177074000055 48.370691933000046)",Unfall 229643 (2023) Kat:3, Licht: 0,229643,3,1,0,09,14,6,1,0,0,0,0,1,0,0
"POINT (10.934743960000048 48.390815567000061)",Unfall 229717 (2023) Kat:3, Licht: 0,229717,3,2,5,09,15,5,0,0,1,0,0,0,0,1
"POINT (10.917845684000042 48.380931365000038)",Unfall 229718 (2023) Kat:3, Licht: 0,229718,3,1,0,09,18,5,0,0,1,0,0,0,0,0
"POINT (10.894643720000033 48.366510036000079)",Unfall 229719 (2023) Kat:3, Licht: 0,229719,3,4,6,09,15,5,0,0,1,0,1,0,0,0
"POINT (10.900170670000023 48.370694828000069)",Unfall 229720 (2023) Kat:3, Licht: 0,229720,3,1,0,09,12,5,0,0,0,0,0,0,0,1
"POINT (10.880285066000056 48.401303596000048)",Unfall 229812 (2023) Kat:3, Licht: 0,229812,3,2,5,09,17,4,0,0,1,1,0,0,0,0
"POINT (10.864548651000064 48.342414595000037)",Unfall 229813 (2023) Kat:3, Licht: 0,229813,3,3,5,09,14,4,0,0,1,1,0,0,0,0
"POINT (10.917291472000045 48.382724252000060)",Unfall 229814 (2023) Kat:3, Licht: 0,229814,3,1,1,09,10,4,0,0,0,1,0,0,1,0
"POINT (10.896261175000063 48.336531564000040)",Unfall 229815 (2023) Kat:3, Licht: 0,229815,3,1,5,09,07,4,0,0,0,1,0,1,0,0
"POINT (10.885697033000042 48.344395001000066)",Unfall 229816 (2023) Kat:3, Licht: 0,229816,3,1,2,09,12,4,0,0,0,1,0,1,0,0
"POINT (10.904745977000061 48.370281617000046)",Unfall 229817 (2023) Kat:2, Licht: 0,229817,2,4,6,09,12,4,0,0,0,1,1,0,0,0
"POINT (10.896441730000049 48.361572591000026)",Unfall 229818 (2023) Kat:3, Licht: 0,229818,3,6,1,09,16,4,0,0,0,1,0,1,0,0
"POINT (10.864870684000039 48.382458855000039)",Unfall 229898 (2023) Kat:3, Licht: 0,229898,3,3,5,09,17,3,0,0,0,1,0,0,0,1
"POINT (10.902088678000041 48.334819584000059)",Unfall 229899 (2023) Kat:3, Licht: 0,229899,3,3,5,09,14,3,0,0,1,1,0,0,0,0
"POINT (10.911198048000074 48.369483483000067)",Unfall 229900 (2023) Kat:3, Licht: 0,229900,3,1,0,09,17,3,0,0,0,0,0,1,0,0
"POINT (10.899272193000058 48.330536472000063)",Unfall 229901 (2023) Kat:3, Licht: 0,229901,3,1,4,09,16,3,0,0,1,1,0,0,0,0
"POINT (10.895965489000048 48.370168502000070)",Unfall 229902 (2023) Kat:3, Licht: 1,229902,3,4,6,09,06,3,0,1,1,0,1,0,0,0
"POINT (10.910172916000022 48.371717334000039)",Unfall 229903 (2023) Kat:3, Licht: 0,229903,3,7,0,09,12,3,0,0,1,0,0,0,0,0
"POINT (10.881752616000028 48.365850446000081)",Unfall 229972 (2023) Kat:3, Licht: 0,229972,3,4,6,09,15,2,0,0,0,1,1,0,0,0
"POINT (10.890080309000041 48.370212674000072)",Unfall 229973 (2023) Kat:3, Licht: 0,229973,3,3,5,09,09,2,0,0,0,1,0,0,0,0
"POINT (10.897737314000040 48.371364236000034)",Unfall 230019 (2023) Kat:3, Licht: 0,230019,3,1,0,09,18,1,0,0,1,0,0,0,0,0
"POINT (10.880611105000071 48.384915067000065)",Unfall 230046 (2023) Kat:3, Licht: 2,230046,3,3,5,09,22,1,0,2,0,1,0,0,0,0
"POINT (10.890488964000042 48.360704365000061)",Unfall 230047 (2023) Kat:3, Licht: 2,230047,3,7,0,09,01,1,0,2,1,0,0,0,0,0
"POINT (10.853322555000034 48.379842953000036)",Unfall 230127 (2023) Kat:3, Licht: 0,230127,3,5,1,09,15,7,0,0,1,1,0,0,0,0
"POINT (10.914352226000062 48.378055403000076)",Unfall 230128 (2023) Kat:3, Licht: 0,230128,3,7,0,09,12,7,0,0,0,0,1,0,0,1
"POINT (10.891950878000046 48.362414827000066)",Unfall 230159 (2023) Kat:3, Licht: 0,230159,3,3,4,09,17,3,0,0,1,1,0,0,0,0
"POINT (10.852295054000024 48.385615428000051)",Unfall 230222 (2023) Kat:3, Licht: 0,230222,3,6,2,09,14,6,0,0,0,1,0,1,0,0
"POINT (10.855482431000041 48.372302690000026)",Unfall 230226 (2023) Kat:2, Licht: 0,230226,2,3,6,09,17,6,0,0,1,0,1,0,0,0
"POINT (10.876049387000023 48.370572612000046)",Unfall 230227 (2023) Kat:3, Licht: 0,230227,3,7,6,09,14,6,0,0,0,0,1,0,0,1
"POINT (10.909097806000034 48.339589198000056)",Unfall 230228 (2023) Kat:3, Licht: 0,230228,3,1,8,09,15,6,0,0,1,0,0,0,0,0
"POINT (10.880548786000077 48.352906735000033)",Unfall 230229 (2023) Kat:3, Licht: 0,230229,3,1,5,09,12,6,0,0,0,1,0,1,0,0
"POINT (10.899661434000052 48.364661917000035)",Unfall 230230 (2023) Kat:3, Licht: 2,230230,3,7,6,09,22,6,0,2,0,1,1,0,0,0
"POINT (10.909773267000048 48.361090768000054)",Unfall 230318 (2023) Kat:3, Licht: 0,230318,3,1,0,09,10,5,0,0,1,0,0,0,0,0
"POINT (10.871362861000023 48.363032082000075)",Unfall 230388 (2023) Kat:3, Licht: 2,230388,3,4,6,09,22,4,1,2,0,1,1,0,0,0
"POINT (10.875379458000054 48.394862717000080)",Unfall 230389 (2023) Kat:3, Licht: 0,230389,3,6,3,09,13,4,0,0,1,1,0,0,0,0
"POINT (10.915214446000050 48.391057332000059)",Unfall 230390 (2023) Kat:3, Licht: 0,230390,3,6,2,09,10,4,0,0,0,1,0,1,0,0
"POINT (10.914501889000064 48.377905463000047)",Unfall 230391 (2023) Kat:3, Licht: 0,230391,3,3,5,09,08,4,0,0,1,1,0,0,0,0
"POINT (10.887468273000025 48.357807554000033)",Unfall 230393 (2023) Kat:3, Licht: 0,230393,3,1,3,09,16,4,0,0,1,1,0,0,0,0
"POINT (10.896542075000070 48.366757881000069)",Unfall 230394 (2023) Kat:3, Licht: 2,230394,3,7,0,09,22,4,1,2,1,0,0,0,0,0
"POINT (10.885568054000032 48.373648230000072)",Unfall 230395 (2023) Kat:3, Licht: 0,230395,3,3,5,09,17,4,1,0,1,1,0,0,0,0
"POINT (10.899142978000043 48.363647030000038)",Unfall 230493 (2023) Kat:3, Licht: 0,230493,3,1,0,10,17,3,0,0,1,0,0,0,0,0
"POINT (10.868100458000072 48.367812099000048)",Unfall 230495 (2023) Kat:3, Licht: 0,230495,3,3,0,10,14,3,0,0,0,1,0,1,0,0
"POINT (10.876839983000025 48.383544755000059)",Unfall 230496 (2023) Kat:3, Licht: 0,230496,3,1,0,10,16,3,0,0,0,0,0,1,0,0
"POINT (10.915915282000071 48.388109698000051)",Unfall 230497 (2023) Kat:2, Licht: 0,230497,2,6,2,10,11,3,0,0,0,1,0,1,0,0
"POINT (10.882550289000051 48.337804689000052)",Unfall 230498 (2023) Kat:3, Licht: 0,230498,3,1,1,10,11,3,0,0,0,1,0,1,0,0
"POINT (10.891002408000077 48.360921778000034)",Unfall 230499 (2023) Kat:3, Licht: 1,230499,3,1,1,10,18,3,0,1,0,1,0,1,0,0
"POINT (10.888966415000027 48.365173336000055)",Unfall 230500 (2023) Kat:3, Licht: 0,230500,3,2,3,10,12,3,0,0,1,1,0,0,0,0
"POINT (10.881372744000032 48.379196330000070)",Unfall 230568 (2023) Kat:3, Licht: 1,230568,3,7,0,10,18,2,1,1,0,0,0,1,0,1
"POINT (10.891072207000036 48.366232903000025)",Unfall 230569 (2023) Kat:3, Licht: 0,230569,3,3,5,10,14,2,0,0,1,1,0,0,0,0
"POINT (10.896152747000031 48.374238777000073)",Unfall 230657 (2023) Kat:3, Licht: 0,230657,3,1,5,10,11,7,0,0,0,1,0,0,0,1
"POINT (10.880480784000042 48.367325560000040)",Unfall 230715 (2023) Kat:3, Licht: 0,230715,3,6,2,10,11,6,0,0,0,1,0,0,0,0
"POINT (10.877860022000050 48.349811460000069)",Unfall 230716 (2023) Kat:3, Licht: 0,230716,3,1,0,10,14,6,0,0,1,0,0,0,0,0
"POINT (10.847637442000064 48.385220096000069)",Unfall 230786 (2023) Kat:3, Licht: 0,230786,3,3,5,10,07,5,0,0,1,1,0,0,0,0
"POINT (10.882233899000028 48.380059939000034)",Unfall 230787 (2023) Kat:3, Licht: 0,230787,3,3,5,10,13,5,0,0,1,1,0,0,0,0
"POINT (10.865354763000028 48.362978126000030)",Unfall 230861 (2023) Kat:3, Licht: 0,230861,3,1,0,10,08,4,0,0,1,0,0,0,0,0
"POINT (10.869761667000034 48.371923596000045)",Unfall 230863 (2023) Kat:2, Licht: 0,230863,2,4,6,10,10,4,0,0,0,1,1,0,0,0
"POINT (10.874240598000029 48.381473009000047)",Unfall 230865 (2023) Kat:3, Licht: 0,230865,3,7,0,10,18,4,0,0,0,0,0,0,0,1
"POINT (10.915625994000038 48.395590011000081)",Unfall 230866 (2023) Kat:3, Licht: 0,230866,3,2,5,10,11,4,0,0,1,1,0,0,0,0
"POINT (10.864834879000057 48.381392429000073)",Unfall 230929 (2023) Kat:3, Licht: 0,230929,3,3,5,10,16,3,0,0,0,1,0,0,0,0
"POINT (10.914374390000035 48.360199855000076)",Unfall 230930 (2023) Kat:3, Licht: 0,230930,3,7,1,10,17,3,0,0,1,1,0,0,0,0
"POINT (10.870905150000056 48.362909795000064)",Unfall 230997 (2023) Kat:1, Licht: 0,230997,1,4,6,10,12,2,0,0,0,1,1,0,0,0
"POINT (10.871798730000023 48.356649238000045)",Unfall 230998 (2023) Kat:2, Licht: 0,230998,2,6,4,10,14,3,0,0,1,0,0,0,0,0
"POINT (10.902538361000040 48.352225597000029)",Unfall 230999 (2023) Kat:3, Licht: 0,230999,3,2,4,10,08,2,0,0,1,1,0,0,0,0
"POINT (10.856360934000065 48.385243131000038)",Unfall 231046 (2023) Kat:3, Licht: 0,231046,3,3,0,10,16,4,0,0,1,1,0,0,0,0
"POINT (10.883866107000074 48.361039281000046)",Unfall 231095 (2023) Kat:3, Licht: 1,231095,3,1,1,10,18,1,0,1,1,1,0,0,0,0
"POINT (10.882290861000058 48.373973344000035)",Unfall 231096 (2023) Kat:3, Licht: 0,231096,3,7,0,10,14,1,0,0,1,0,0,0,0,0
"POINT (10.915218661000040 48.391021079000041)",Unfall 231163 (2023) Kat:3, Licht: 0,231163,3,3,5,09,12,7,0,0,1,1,0,0,0,0
"POINT (10.892391200000077 48.369671519000065)",Unfall 231164 (2023) Kat:3, Licht: 0,231164,3,7,8,09,15,7,0,0,1,0,0,0,0,0
"POINT (10.915722109000058 48.360784624000075)",Unfall 231228 (2023) Kat:3, Licht: 2,231228,3,1,0,09,21,6,0,2,0,0,0,0,0,1
"POINT (10.857993428000043 48.395714632000079)",Unfall 231229 (2023) Kat:3, Licht: 0,231229,3,3,5,09,13,6,0,0,0,1,0,1,0,0
"POINT (10.900834811000038 48.369719807000081)",Unfall 231231 (2023) Kat:3, Licht: 0,231231,3,3,5,09,18,6,0,0,1,1,0,0,0,0
"POINT (10.879602211000076 48.365616623000051)",Unfall 231341 (2023) Kat:3, Licht: 0,231341,3,6,2,09,16,5,0,0,0,1,0,0,0,0
"POINT (10.881474237000077 48.379150320000065)",Unfall 231342 (2023) Kat:3, Licht: 0,231342,3,4,5,09,12,5,0,0,1,1,1,0,0,0
"POINT (10.908051822000061 48.309275621000040)",Unfall 231343 (2023) Kat:3, Licht: 0,231343,3,1,8,09,10,5,0,0,1,0,0,0,0,0
"POINT (10.891016328000035 48.315656388000036)",Unfall 231344 (2023) Kat:3, Licht: 0,231344,3,2,6,09,12,5,0,0,0,1,1,0,0,0
"POINT (10.890482791000068 48.379868689000034)",Unfall 231345 (2023) Kat:3, Licht: 2,231345,3,1,0,09,22,5,0,2,1,0,0,0,0,0
"POINT (10.907790266000063 48.370351193000033)",Unfall 231346 (2023) Kat:3, Licht: 0,231346,3,6,3,09,16,5,0,0,1,1,0,0,0,0
"POINT (10.899748651000039 48.364399611000067)",Unfall 231347 (2023) Kat:3, Licht: 2,231347,3,4,6,09,23,5,0,2,0,1,1,0,0,0
"POINT (10.861418100000037 48.356851694000056)",Unfall 231440 (2023) Kat:3, Licht: 0,231440,3,6,2,09,09,4,0,0,0,1,0,1,0,0
"POINT (10.885602556000038 48.373678996000081)",Unfall 231441 (2023) Kat:3, Licht: 2,231441,3,3,3,09,04,4,0,2,1,1,0,0,0,0
"POINT (10.900553874000025 48.349296461000051)",Unfall 231508 (2023) Kat:3, Licht: 0,231508,3,2,0,09,17,3,0,0,1,1,0,0,0,0
"POINT (10.896253677000061 48.362845510000056)",Unfall 231547 (2023) Kat:3, Licht: 0,231547,3,1,0,10,07,6,1,0,1,0,0,0,0,0
"POINT (10.902336714000057 48.355426661000081)",Unfall 231548 (2023) Kat:3, Licht: 2,231548,3,2,5,10,06,6,1,2,1,1,0,0,0,0
"POINT (10.900879190000069 48.377288281000062)",Unfall 231549 (2023) Kat:3, Licht: 0,231549,3,2,3,10,16,6,0,0,1,1,0,0,0,0
"POINT (10.909046981000074 48.398340846000053)",Unfall 231611 (2023) Kat:2, Licht: 0,231611,2,3,5,10,16,5,0,0,1,1,0,0,0,0
"POINT (10.898714907000056 48.361294085000054)",Unfall 231612 (2023) Kat:3, Licht: 0,231612,3,6,4,10,08,5,1,0,1,0,0,0,0,1
"POINT (10.869932618000064 48.381901364000043)",Unfall 231679 (2023) Kat:2, Licht: 2,231679,2,4,6,10,19,4,1,2,0,0,1,1,0,0
"POINT (10.864835151000023 48.381391230000077)",Unfall 231680 (2023) Kat:3, Licht: 0,231680,3,3,5,10,07,4,0,0,0,1,0,0,0,0
"POINT (10.937044792000052 48.375080894000064)",Unfall 231681 (2023) Kat:3, Licht: 0,231681,3,3,5,10,17,4,1,0,0,1,0,0,0,0
"POINT (10.897110011000052 48.357391566000047)",Unfall 231682 (2023) Kat:3, Licht: 1,231682,3,3,5,10,18,4,0,1,1,1,0,0,0,0
"POINT (10.896728246000066 48.352832724000052)",Unfall 231753 (2023) Kat:3, Licht: 0,231753,3,1,6,10,11,3,0,0,0,0,1,0,1,0
"POINT (10.890810567000074 48.333105258000046)",Unfall 231754 (2023) Kat:3, Licht: 0,231754,3,3,5,10,18,3,1,0,1,1,0,0,0,0
"POINT (10.901465875000042 48.392079649000038)",Unfall 231815 (2023) Kat:2, Licht: 2,231815,2,1,0,10,19,2,0,2,0,0,0,0,0,1