WKT,Name,OBJECTID,UKATEGORIE,UTYP1,UART,UMONAT,USTUNDE,UWOCHENTAG,STRZUSTAND,ULICHTVERH,ISTRAD,ISTPKW,ISTFUSS,ISTKRAD,ISTGKFZ,ISTSONSTIG
"POINT (10.893819666000070 48.336770006000052)",Unfall 231817 (2023) Kat:3, Licht: 0,231817,3,2,3,10,16,2,1,0,0,1,0,0,0,0
"POINT (10.873246603000041 48.363545939000062)",Unfall 231904 (2023) Kat:3, Licht: 0,231904,3,1,0,10,12,7,0,0,1,0,0,0,0,0
"POINT (10.881371568000077 48.388628846000074)",Unfall 231905 (2023) Kat:3, Licht: 0,231905,3,3,5,10,17,7,1,0,0,1,0,1,0,0
"POINT (10.941622720000055 48.361434647000067)",Unfall 231906 (2023) Kat:3, Licht: 0,231906,3,1,0,10,11,7,0,0,1,0,0,0,0,0
"POINT (10.881371519000027 48.388628238000081)",Unfall 231962 (2023) Kat:3, Licht: 0,231962,3,6,3,10,11,6,0,0,0,1,0,1,0,0
"POINT (10.895464020000077 48.364320217000056)",Unfall 231963 (2023) Kat:3, Licht: 0,231963,3,3,0,10,08,6,0,0,1,1,0,0,0,0
"POINT (10.889044083000044 48.371445307000045)",Unfall 231964 (2023) Kat:3, Licht: 2,231964,3,2,6,10,22,6,1,2,0,1,1,0,0,0
"POINT (10.875006915000029 48.350372282000080)",Unfall 232015 (2023) Kat:3, Licht: 0,232015,3,1,2,10,14,5,1,0,0,1,0,0,0,0
"POINT (10.854217402000074 48.379881657000055)",Unfall 232074 (2023) Kat:3, Licht: 0,232074,3,1,0,10,12,4,0,0,1,0,0,0,0,0
"POINT (10.896635342000025 48.407633630000078)",Unfall 232075 (2023) Kat:3, Licht: 0,232075,3,3,5,10,09,4,0,0,0,1,0,0,0,0
"POINT (10.885805886000071 48.345244654000055)",Unfall 232076 (2023) Kat:3, Licht: 1,232076,3,3,0,10,18,4,0,1,0,1,1,0,0,0
"POINT (10.900126855000053 48.359598887000061)",Unfall 232077 (2023) Kat:3, Licht: 0,232077,3,6,3,10,17,4,1,0,1,0,1,0,0,0
"POINT (10.897858840000026 48.370468176000031)",Unfall 232078 (2023) Kat:3, Licht: 0,232078,3,7,0,10,08,4,0,0,1,0,0,0,0,0
"POINT (10.891845428000067 48.362061177000044)",Unfall 232079 (2023) Kat:3, Licht: 2,232079,3,1,0,10,00,4,0,2,0,0,0,0,0,1
"POINT (10.893680422000045 48.377443527000025)",Unfall 232086 (2023) Kat:3, Licht: 0,232086,3,2,4,10,15,4,0,0,0,1,0,0,0,0
"POINT (10.907385491000070 48.311843326000030)",Unfall 232110 (2023) Kat:3, Licht: 0,232110,3,1,2,10,11,6,0,0,1,1,0,0,0,0
"POINT (10.929748093000057 48.397241114000053)",Unfall 232131 (2023) Kat:3, Licht: 0,232131,3,3,5,10,13,7,0,0,0,1,0,0,0,0
"POINT (10.913948878000042 48.399212557000055)",Unfall 232151 (2023) Kat:2, Licht: 0,232151,2,3,5,10,10,3,0,0,0,1,0,1,0,0
"POINT (10.874497429000030 48.365418898000030)",Unfall 232213 (2023) Kat:3, Licht: 0,232213,3,1,0,10,12,2,0,0,1,0,0,0,0,0
"POINT (10.858284182000034 48.389291614000058)",Unfall 232215 (2023) Kat:3, Licht: 0,232215,3,6,3,10,14,2,0,0,1,1,0,0,0,0
"POINT (10.914707773000032 48.356764840000039)",Unfall 232216 (2023) Kat:3, Licht: 0,232216,3,3,0,10,07,2,0,0,1,0,1,0,0,0
"POINT (10.877903743000047 48.342059173000052)",Unfall 232217 (2023) Kat:3, Licht: 0,232217,3,1,1,10,09,2,0,0,1,1,0,0,0,0
"POINT (10.887371018000067 48.327962642000045)",Unfall 232218 (2023) Kat:3, Licht: 0,232218,3,1,0,10,17,2,0,0,1,0,0,0,0,0
"POINT (10.900557959000025 48.349661350000076)",Unfall 232219 (2023) Kat:3, Licht: 0,232219,3,1,5,10,14,2,0,0,1,1,0,0,0,0
"POINT (10.906207082000037 48.359404074000054)",Unfall 232220 (2023) Kat:3, Licht: 0,232220,3,1,1,10,11,2,0,0,0,1,0,0,0,0
"POINT (10.915530331000070 48.396188694000045)",Unfall 232221 (2023) Kat:3, Licht: 0,232221,3,7,0,10,12,2,0,0,1,0,0,0,0,0
"POINT (10.928772505000040 48.372678431000054)",Unfall 232273 (2023) Kat:2, Licht: 2,232273,2,1,0,10,19,1,0,2,1,0,0,0,0,0
"POINT (10.898013373000026 48.369983871000045)",Unfall 232322 (2023) Kat:3, Licht: 0,232322,3,1,0,10,13,7,1,0,0,0,0,0,0,1
"POINT (10.935557087000063 48.388478545000055)",Unfall 232381 (2023) Kat:3, Licht: 0,232381,3,3,5,10,13,6,0,0,1,1,0,0,0,0
"POINT (10.873193389000051 48.352978888000052)",Unfall 232382 (2023) Kat:2, Licht: 0,232382,2,1,0,10,15,6,0,0,1,0,0,0,0,0
"POINT (10.908138489000066 48.367521634000070)",Unfall 232383 (2023) Kat:3, Licht: 0,232383,3,3,5,10,17,6,0,0,1,1,0,0,0,0
"POINT (10.866491565000047 48.359364876000029)",Unfall 232384 (2023) Kat:3, Licht: 2,232384,3,2,4,10,22,6,0,2,1,1,0,0,0,0
"POINT (10.877575726000032 48.364731941000059)",Unfall 232387 (2023) Kat:3, Licht: 0,232387,3,3,5,10,11,6,0,0,1,1,0,0,0,0
"POINT (10.915186971000026 48.379974340000047)",Unfall 232473 (2023) Kat:2, Licht: 0,232473,2,6,3,10,14,5,0,0,1,1,0,0,0,1
"POINT (10.881407320000051 48.389363943000035)",Unfall 232580 (2023) Kat:3, Licht: 0,232580,3,2,3,10,07,4,0,0,1,1,0,0,0,0
"POINT (10.872176931000070 48.348210297000037)",Unfall 232684 (2023) Kat:3, Licht: 0,232684,3,3,5,11,14,5,1,0,1,1,0,0,0,0
"POINT (10.865960780000023 48.308724113000039)",Unfall 232685 (2023) Kat:3, Licht: 0,232685,3,3,5,11,07,5,0,0,1,1,0,0,0,0
"POINT (10.896601612000040 48.332773150000037)",Unfall 232686 (2023) Kat:3, Licht: 2,232686,3,1,6,11,20,5,1,2,0,1,1,0,0,0
"POINT (10.844850351000048 48.387511978000077)",Unfall 232752 (2023) Kat:3, Licht: 2,232752,3,6,2,11,18,4,0,2,0,1,0,0,0,0
"POINT (10.881356194000034 48.322164903000044)",Unfall 232753 (2023) Kat:2, Licht: 2,232753,2,1,7,11,06,4,0,2,1,0,0,0,0,0
"POINT (10.902451264000035 48.358848856000066)",Unfall 232754 (2023) Kat:3, Licht: 1,232754,3,6,0,11,16,4,1,1,0,1,0,1,0,0
"POINT (10.928370492000056 48.386608767000041)",Unfall 232809 (2023) Kat:3, Licht: 2,232809,3,3,5,11,18,3,1,2,0,1,0,0,0,1
"POINT (10.869963646000031 48.372019371000079)",Unfall 232855 (2023) Kat:3, Licht: 0,232855,3,2,4,11,14,2,1,0,0,1,0,0,0,0
"POINT (10.893869475000031 48.309197221000034)",Unfall 232856 (2023) Kat:3, Licht: 0,232856,3,3,5,11,08,2,1,0,0,1,0,0,0,0
"POINT (10.901463455000055 48.369694633000051)",Unfall 232857 (2023) Kat:3, Licht: 2,232857,3,1,0,11,19,2,1,2,0,0,0,0,0,1
"POINT (10.899050104000025 48.337820487000045)",Unfall 232890 (2023) Kat:3, Licht: 0,232890,3,1,0,11,11,6,1,0,1,0,0,0,0,0
"POINT (10.878859494000039 48.368960538000067)",Unfall 232911 (2023) Kat:3, Licht: 2,232911,3,3,5,11,19,1,1,2,0,1,0,0,0,0
"POINT (10.896342160000074 48.321055363000028)",Unfall 232946 (2023) Kat:3, Licht: 2,232946,3,2,6,11,18,7,0,2,0,1,1,0,0,0
"POINT (10.904332759000056 48.369875861000025)",Unfall 232986 (2023) Kat:3, Licht: 2,232986,3,1,0,11,23,6,0,2,0,0,0,0,0,1
"POINT (10.897964120000040 48.351786215000061)",Unfall 232987 (2023) Kat:3, Licht: 2,232987,3,1,8,11,01,6,0,2,0,0,0,0,0,1
"POINT (10.849220091000063 48.385867570000073)",Unfall 233043 (2023) Kat:3, Licht: 2,233043,3,6,2,11,17,5,0,2,0,1,0,0,0,0
"POINT (10.914668895000034 48.378669007000042)",Unfall 233044 (2023) Kat:3, Licht: 2,233044,3,6,2,11,18,5,0,2,0,1,0,0,0,1
"POINT (10.892586872000038 48.366953729000045)",Unfall 233045 (2023) Kat:3, Licht: 0,233045,3,6,3,11,12,5,0,0,0,1,0,1,0,0
"POINT (10.875907868000070 48.386010268000064)",Unfall 233089 (2023) Kat:3, Licht: 0,233089,3,7,0,11,11,4,0,0,1,1,0,0,0,0
"POINT (10.929748366000069 48.400072401000045)",Unfall 233090 (2023) Kat:3, Licht: 1,233090,3,3,5,11,06,4,0,1,1,1,0,0,0,0
"POINT (10.871461702000033 48.355361903000073)",Unfall 233151 (2023) Kat:3, Licht: 0,233151,3,1,0,11,13,3,1,0,0,0,0,1,0,0
"POINT (10.860015447000023 48.365419662000079)",Unfall 233208 (2023) Kat:3, Licht: 0,233208,3,6,1,11,08,2,0,0,0,1,0,0,0,0
"POINT (10.901117570000054 48.398817574000077)",Unfall 233209 (2023) Kat:3, Licht: 2,233209,3,6,2,11,17,2,0,2,1,1,0,0,0,0
"POINT (10.904209438000066 48.387428339000053)",Unfall 233210 (2023) Kat:3, Licht: 0,233210,3,3,0,11,07,2,0,0,1,1,0,0,0,0
"POINT (10.903372033000039 48.387160360000053)",Unfall 233211 (2023) Kat:3, Licht: 2,233211,3,5,1,11,21,2,0,2,1,1,0,0,0,0
"POINT (10.864546356000062 48.380605821000074)",Unfall 233276 (2023) Kat:3, Licht: 2,233276,3,1,1,11,20,7,1,2,0,1,0,0,0,0
"POINT (10.938057854000022 48.353222590000030)",Unfall 233277 (2023) Kat:2, Licht: 0,233277,2,6,6,11,14,7,0,0,1,0,1,0,0,0
"POINT (10.909846056000049 48.371174625000037)",Unfall 233278 (2023) Kat:3, Licht: 0,233278,3,4,6,11,13,7,0,0,0,1,1,0,0,0
"POINT (10.889120785000046 48.378504349000082)",Unfall 233285 (2023) Kat:3, Licht: 0,233285,3,4,6,11,08,2,0,0,1,0,1,0,0,0
"POINT (10.870059482000045 48.365812124000058)",Unfall 233334 (2023) Kat:3, Licht: 2,233334,3,6,1,11,17,6,1,2,0,1,0,0,0,0
"POINT (10.858027397000058 48.354257468000071)",Unfall 233335 (2023) Kat:3, Licht: 0,233335,3,6,2,11,14,6,0,0,0,1,0,0,0,0
"POINT (10.861950518000071 48.365300713000067)",Unfall 233336 (2023) Kat:2, Licht: 0,233336,2,1,0,11,12,6,1,0,0,0,0,1,0,0
"POINT (10.895564375000049 48.375173052000036)",Unfall 233337 (2023) Kat:3, Licht: 1,233337,3,4,6,11,17,6,0,1,1,0,1,0,0,0
"POINT (10.893526647000044 48.365003517000048)",Unfall 233338 (2023) Kat:3, Licht: 2,233338,3,2,4,11,17,6,1,2,0,1,0,0,0,0
"POINT (10.879632429000026 48.379557139000042)",Unfall 233463 (2023) Kat:3, Licht: 0,233463,3,3,5,10,14,3,1,0,0,1,0,1,0,0
"POINT (10.885915388000058 48.347714376000056)",Unfall 233464 (2023) Kat:3, Licht: 2,233464,3,1,5,10,19,3,1,2,0,1,0,1,0,0
"POINT (10.911240110000051 48.372846880000054)",Unfall 233517 (2023) Kat:3, Licht: 0,233517,3,3,5,10,15,2,0,0,1,1,0,0,0,0
"POINT (10.895786207000071 48.370140365000054)",Unfall 233587 (2023) Kat:3, Licht: 2,233587,3,2,4,10,19,1,0,2,0,1,0,0,0,0
"POINT (10.866269803000023 48.365015534000065)",Unfall 233632 (2023) Kat:3, Licht: 0,233632,3,3,5,10,12,7,0,0,0,1,0,0,0,0
"POINT (10.910045579000041 48.307763625000064)",Unfall 233633 (2023) Kat:3, Licht: 0,233633,3,2,5,10,12,7,0,0,1,1,0,0,0,0
"POINT (10.922873481000067 48.362180112000033)",Unfall 233634 (2023) Kat:3, Licht: 0,233634,3,2,5,10,09,7,0,0,1,1,0,0,0,0
"POINT (10.898210506000055 48.367736496000077)",Unfall 233669 (2023) Kat:3, Licht: 0,233669,3,5,1,12,08,6,0,0,0,0,0,0,0,1
"POINT (10.897671653000032 48.367119144000071)",Unfall 233701 (2023) Kat:3, Licht: 2,233701,3,7,0,12,20,5,1,2,1,0,0,0,0,0
"POINT (10.872941547000039 48.349255124000081)",Unfall 233747 (2023) Kat:3, Licht: 1,233747,3,3,5,12,07,4,1,1,0,1,0,0,0,0
"POINT (10.885928343000046 48.348075714000061)",Unfall 233748 (2023) Kat:3, Licht: 0,233748,3,1,2,12,11,4,0,0,0,1,0,0,0,0
"POINT (10.898967321000043 48.375551411000060)",Unfall 233749 (2023) Kat:3, Licht: 0,233749,3,7,1,12,07,4,0,0,1,1,0,0,0,0
"POINT (10.872640099000023 48.363381715000060)",Unfall 233777 (2023) Kat:3, Licht: 2,233777,3,6,1,12,16,3,1,2,0,1,0,0,0,0
"POINT (10.874940489000039 48.370972473000052)",Unfall 233778 (2023) Kat:3, Licht: 2,233778,3,4,6,12,16,3,0,2,0,1,1,0,0,0
"POINT (10.903870408000046 48.384970168000052)",Unfall 233779 (2023) Kat:3, Licht: 0,233779,3,5,0,12,09,3,1,0,1,0,0,0,0,1
"POINT (10.886951842000030 48.375763835000043)",Unfall 233863 (2023) Kat:3, Licht: 0,233863,3,6,6,12,14,7,0,0,0,1,1,0,0,0
"POINT (10.894569328000046 48.369980805000068)",Unfall 233885 (2023) Kat:3, Licht: 2,233885,3,6,6,12,22,6,1,2,0,1,1,0,0,0
"POINT (10.886751300000071 48.375484408000034)",Unfall 233886 (2023) Kat:3, Licht: 2,233886,3,2,6,12,17,6,0,2,0,1,1,0,0,0
"POINT (10.896664387000044 48.292962612000053)",Unfall 233918 (2023) Kat:3, Licht: 0,233918,3,1,6,12,14,5,2,0,0,1,1,0,0,0
"POINT (10.863447275000055 48.381220404000032)",Unfall 233967 (2023) Kat:3, Licht: 0,233967,3,3,5,12,10,4,2,0,0,1,0,0,0,0
"POINT (10.820997806000037 48.315419428000041)",Unfall 233968 (2023) Kat:3, Licht: 0,233968,3,7,0,12,12,4,2,0,0,0,0,0,0,1
"POINT (10.882342983000058 48.364259425000057)",Unfall 234003 (2023) Kat:3, Licht: 2,234003,3,1,2,12,22,3,2,2,0,1,0,0,0,0
"POINT (10.890280358000041 48.370418821000044)",Unfall 234004 (2023) Kat:3, Licht: 2,234004,3,1,0,12,17,3,1,2,0,0,0,1,0,0
"POINT (10.855924104000053 48.391603403000033)",Unfall 234110 (2023) Kat:3, Licht: 0,234110,3,7,2,12,13,3,1,0,0,1,0,0,0,0
"POINT (10.880656480000027 48.385372488000030)",Unfall 234111 (2023) Kat:3, Licht: 2,234111,3,7,6,12,16,6,2,2,0,1,1,0,0,0
"POINT (10.873433365000039 48.337032972000031)",Unfall 234112 (2023) Kat:3, Licht: 0,234112,3,1,0,12,10,6,1,0,1,1,0,0,0,0
"POINT (10.909421999000074 48.370369091000043)",Unfall 234113 (2023) Kat:3, Licht: 0,234113,3,6,2,12,14,6,1,0,0,1,1,0,0,0
"POINT (10.885711040000047 48.382541112000069)",Unfall 234141 (2023) Kat:3, Licht: 1,234141,3,7,0,12,07,5,1,1,1,0,0,0,0,0
"POINT (10.861069004000058 48.355243529000063)",Unfall 234183 (2023) Kat:3, Licht: 2,234183,3,3,5,11,16,5,1,2,1,1,0,0,0,0
"POINT (10.882993170000077 48.373971342000061)",Unfall 234184 (2023) Kat:3, Licht: 2,234184,3,3,5,11,17,5,1,2,1,1,0,0,0,0
"POINT (10.879268246000038 48.379047027000070)",Unfall 234206 (2023) Kat:3, Licht: 2,234206,3,4,6,11,20,5,1,2,0,1,1,0,0,0
"POINT (10.874581847000059 48.343236616000070)",Unfall 234222 (2023) Kat:3, Licht: 1,234222,3,1,0,11,16,4,1,1,0,0,0,0,0,1
"POINT (10.923757354000031 48.375289306000070)",Unfall 234271 (2023) Kat:3, Licht: 0,234271,3,3,5,11,15,3,1,0,0,1,0,0,0,0
"POINT (10.889711257000044 48.360378131000061)",Unfall 234272 (2023) Kat:3, Licht: 2,234272,3,1,5,11,20,3,1,2,1,1,0,0,0,0
"POINT (10.863928019000070 48.362094451000075)",Unfall 234326 (2023) Kat:3, Licht: 0,234326,3,3,5,11,12,2,0,0,1,1,0,0,0,0
"POINT (10.880548846000067 48.384277048000058)",Unfall 234327 (2023) Kat:3, Licht: 2,234327,3,3,3,11,21,2,2,2,0,1,0,0,0,1
"POINT (10.872962790000031 48.381441487000075)",Unfall 234328 (2023) Kat:3, Licht: 2,234328,3,6,2,11,18,2,1,2,0,1,0,0,0,0
"POINT (10.879391309000027 48.351452682000058)",Unfall 234329 (2023) Kat:3, Licht: 0,234329,3,1,3,11,12,2,0,0,0,1,0,0,0,1
"POINT (10.892959084000040 48.360200698000028)",Unfall 234330 (2023) Kat:3, Licht: 2,234330,3,3,5,11,18,2,1,2,1,1,0,0,0,0
"POINT (10.885809545000029 48.379483315000073)",Unfall 234331 (2023) Kat:3, Licht: 0,234331,3,3,5,11,12,2,0,0,0,1,0,0,0,0
"POINT (10.900378370000055 48.347075688000075)",Unfall 234369 (2023) Kat:3, Licht: 0,234369,3,1,2,11,15,1,1,0,1,0,0,0,0,0
"POINT (10.879008246000069 48.370784513000046)",Unfall 234404 (2023) Kat:3, Licht: 2,234404,3,3,5,11,18,7,1,2,0,1,0,0,0,0
"POINT (10.893771691000040 48.364922951000040)",Unfall 234405 (2023) Kat:3, Licht: 2,234405,3,2,3,11,22,7,1,2,1,1,0,0,0,0
"POINT (10.878802274000066 48.403383632000043)",Unfall 234433 (2023) Kat:3, Licht: 1,234433,3,3,4,11,15,2,1,1,0,1,0,0,0,0
"POINT (10.875123702000053 48.381173189000037)",Unfall 234446 (2023) Kat:3, Licht: 1,234446,3,6,3,11,15,6,1,1,0,1,0,0,0,1
"POINT (10.921056261000047 48.388426329000026)",Unfall 234447 (2023) Kat:3, Licht: 2,234447,3,3,5,11,17,6,0,2,1,1,0,0,0,0
"POINT (10.903053848000070 48.386111818000074)",Unfall 234448 (2023) Kat:3, Licht: 1,234448,3,6,4,11,07,6,1,1,1,1,0,0,0,0
"POINT (10.897126512000057 48.366968993000057)",Unfall 234449 (2023) Kat:3, Licht: 0,234449,3,7,0,11,13,6,1,0,1,0,0,0,0,0
"POINT (10.856507350000072 48.373441791000062)",Unfall 234506 (2023) Kat:3, Licht: 2,234506,3,6,2,11,19,5,1,2,0,1,0,0,0,0
"POINT (10.903927336000038 48.365755421000074)",Unfall 234507 (2023) Kat:3, Licht: 0,234507,3,1,5,11,13,5,0,0,1,0,0,0,0,0
"POINT (10.881651489000035 48.365820447000033)",Unfall 234508 (2023) Kat:3, Licht: 0,234508,3,1,1,11,15,5,0,0,0,1,0,0,0,0
"POINT (10.897486979000064 48.371965769000042)",Unfall 234509 (2023) Kat:3, Licht: 2,234509,3,7,0,11,18,5,0,2,1,0,0,0,0,0
"POINT (10.886821701000031 48.376036055000043)",Unfall 234510 (2023) Kat:3, Licht: 0,234510,3,1,0,11,08,5,1,0,1,0,0,0,0,0
"POINT (10.917939929000056 48.390391447000070)",Unfall 234557 (2023) Kat:3, Licht: 2,234557,3,6,4,11,18,4,0,2,1,1,0,0,0,0
"POINT (10.933042210000053 48.392668802000060)",Unfall 234558 (2023) Kat:3, Licht: 0,234558,3,3,5,11,16,4,0,0,0,1,0,0,0,0
"POINT (10.852747737000072 48.379818131000036)",Unfall 234599 (2023) Kat:3, Licht: 2,234599,3,1,0,11,19,3,1,2,1,0,0,0,0,0
"POINT (10.877860022000050 48.349811460000069)",Unfall 234600 (2023) Kat:3, Licht: 0,234600,3,3,5,11,12,3,1,0,1,1,0,0,0,0
"POINT (10.901407250000034 48.300346178000041)",Unfall 234601 (2023) Kat:3, Licht: 0,234601,3,1,2,11,08,3,0,0,0,1,0,0,0,0
"POINT (10.909456031000047 48.370326550000073)",Unfall 234602 (2023) Kat:3, Licht: 0,234602,3,2,3,11,10,3,0,0,1,1,0,0,0,0
"POINT (10.885986370000069 48.349897072000033)",Unfall 234621 (2023) Kat:3, Licht: 1,234621,3,1,2,11,17,5,1,1,0,1,0,0,0,0
"POINT (10.882550274000039 48.337803612000073)",Unfall 234713 (2023) Kat:3, Licht: 0,234713,3,3,4,11,13,7,0,0,1,1,0,0,0,0
"POINT (10.944595375000063 48.344485174000056)",Unfall 234714 (2023) Kat:3, Licht: 0,234714,3,2,3,11,11,3,1,0,1,1,0,0,0,0
"POINT (10.895340064000038 48.325302763000082)",Unfall 234715 (2023) Kat:3, Licht: 2,234715,3,3,5,11,21,7,1,2,0,1,0,0,0,1
"POINT (10.902393753000069 48.336826566000070)",Unfall 235366 (2023) Kat:3, Licht: 2,235366,3,4,6,12,18,5,0,2,0,1,1,0,0,0
"POINT (10.856317467000054 48.385161861000029)",Unfall 235387 (2023) Kat:3, Licht: 0,235387,3,2,3,12,15,4,0,0,1,1,0,0,0,0
"POINT (10.891893189000029 48.362133241000038)",Unfall 235388 (2023) Kat:3, Licht: 0,235388,3,6,3,12,13,4,0,0,1,0,0,0,0,0
"POINT (10.882844910000074 48.377729940000052)",Unfall 235428 (2023) Kat:3, Licht: 2,235428,3,4,0,12,01,1,0,2,0,1,1,0,0,0
"POINT (10.888540456000044 48.377804349000030)",Unfall 235429 (2023) Kat:3, Licht: 1,235429,3,3,5,12,07,1,0,1,1,1,0,0,0,0
"POINT (10.853753808000022 48.378072748000079)",Unfall 235451 (2023) Kat:3, Licht: 0,235451,3,6,3,12,12,7,1,0,1,1,0,0,0,0
"POINT (10.903330544000028 48.304115789000036)",Unfall 235487 (2023) Kat:3, Licht: 1,235487,3,2,4,12,17,6,1,1,0,1,0,0,0,0
"POINT (10.884633549000057 48.341962483000032)",Unfall 235488 (2023) Kat:3, Licht: 0,235488,3,3,5,12,12,6,1,0,1,1,0,0,0,0
"POINT (10.903101878000030 48.370421728000053)",Unfall 235549 (2023) Kat:3, Licht: 0,235549,3,7,0,12,14,5,0,0,0,1,0,0,0,1
"POINT (10.845123753000053 48.388495624000029)",Unfall 235639 (2023) Kat:3, Licht: 2,235639,3,6,2,12,13,3,0,2,0,1,0,0,0,1
"POINT (10.897409817000039 48.360620302000029)",Unfall 235640 (2023) Kat:3, Licht: 2,235640,3,4,6,12,17,3,0,2,0,1,1,0,0,0
"POINT (10.904616714000042 48.370201879000035)",Unfall 235659 (2023) Kat:3, Licht: 1,235659,3,2,4,12,16,7,1,1,0,1,0,0,0,0
"POINT (10.881382398000028 48.388764445000049)",Unfall 235698 (2023) Kat:3, Licht: 0,235698,3,7,6,12,12,2,0,0,0,0,1,0,0,1
"POINT (10.883006024000053 48.346067126000037)",Unfall 235699 (2023) Kat:3, Licht: 1,235699,3,1,2,12,07,2,0,1,0,1,0,0,0,0
"POINT (10.874657886000023 48.350388932000044)",Unfall 235803 (2023) Kat:3, Licht: 2,235803,3,3,5,12,18,7,1,2,1,1,0,0,0,0
"POINT (10.886576279000053 48.366909410000062)",Unfall 235804 (2023) Kat:3, Licht: 2,235804,3,7,0,12,00,7,0,2,0,0,0,0,0,1
"POINT (10.873528873000055 48.346906407000063)",Unfall 266798 (2023) Kat:3, Licht: 2,266798,3,1,0,01,00,4,2,2,1,0,0,0,0,0
"POINT (10.870925483000065 48.366131409000047)",Unfall 266844 (2023) Kat:3, Licht: 0,266844,3,4,6,03,16,6,0,0,1,0,1,0,0,0
"POINT (10.874183660000028 48.362698995000073)",Unfall 266848 (2023) Kat:2, Licht: 0,266848,2,7,0,03,10,4,0,0,1,0,1,0,0,0
"POINT (10.918800019000059 48.368143125000074)",Unfall 266881 (2023) Kat:3, Licht: 0,266881,3,2,3,03,16,5,1,0,1,1,0,0,0,0
"POINT (10.906205565000050 48.382856297000046)",Unfall 266921 (2023) Kat:3, Licht: 2,266921,3,1,0,04,00,1,1,2,1,0,0,0,0,0
"POINT (10.859699753000029 48.395727168000064)",Unfall 266943 (2023) Kat:3, Licht: 0,266943,3,1,0,05,13,3,0,0,1,0,0,0,0,0
"POINT (10.916534664000039 48.394226999000068)",Unfall 266959 (2023) Kat:3, Licht: 0,266959,3,1,0,05,15,6,0,0,1,0,0,0,0,0
"POINT (10.883537984000043 48.337592238000070)",Unfall 266981 (2023) Kat:3, Licht: 0,266981,3,1,4,05,13,4,0,0,1,0,0,0,0,0
"POINT (10.927781892000041 48.374132279000037)",Unfall 267046 (2023) Kat:2, Licht: 0,267046,2,7,0,05,18,3,0,0,1,0,0,0,0,0
"POINT (10.914734993000025 48.376547457000072)",Unfall 267118 (2023) Kat:3, Licht: 0,267118,3,7,0,05,19,3,0,0,1,0,0,0,0,0
"POINT (10.937834506000058 48.354551162000064)",Unfall 267159 (2023) Kat:3, Licht: 0,267159,3,1,0,06,17,7,0,0,1,0,0,0,0,0
"POINT (10.908348089000071 48.327832721000050)",Unfall 267327 (2023) Kat:3, Licht: 0,267327,3,3,5,06,07,4,0,0,1,1,0,0,0,0
"POINT (10.935824095000044 48.355154814000059)",Unfall 267339 (2023) Kat:3, Licht: 0,267339,3,2,4,06,08,5,0,0,1,0,0,0,0,0
"POINT (10.807127700000024 48.336566257000072)",Unfall 267351 (2023) Kat:3, Licht: 0,267351,3,1,0,06,11,6,1,0,1,0,0,0,0,0
"POINT (10.853507377000028 48.337101926000059)",Unfall 267374 (2023) Kat:3, Licht: 0,267374,3,1,2,06,13,1,0,0,1,0,0,0,0,0
"POINT (10.902685601000030 48.384417289000055)",Unfall 267398 (2023) Kat:3, Licht: 0,267398,3,7,0,06,14,4,0,0,1,0,1,0,0,0
"POINT (10.928505919000031 48.305788069000073)",Unfall 267407 (2023) Kat:3, Licht: 0,267407,3,3,0,06,13,5,0,0,1,0,0,0,0,0
"POINT (10.907921963000035 48.385486494000077)",Unfall 267621 (2023) Kat:2, Licht: 0,267621,2,7,7,07,12,1,0,0,1,0,0,0,0,0
"POINT (10.945584312000051 48.329258369000058)",Unfall 267718 (2023) Kat:3, Licht: 2,267718,3,7,0,08,22,6,0,2,1,0,0,0,0,0
"POINT (10.937797398000043 48.355579800000044)",Unfall 267746 (2023) Kat:3, Licht: 0,267746,3,7,0,08,12,1,0,0,1,0,1,0,0,0
"POINT (10.855069590000028 48.309445307000033)",Unfall 267758 (2023) Kat:3, Licht: 2,267758,3,1,0,08,21,2,0,2,1,0,0,0,0,0
"POINT (10.932640020000065 48.352182251000045)",Unfall 267774 (2023) Kat:3, Licht: 0,267774,3,1,0,08,17,3,0,0,1,0,0,0,0,0
"POINT (10.878258648000042 48.364184131000059)",Unfall 267935 (2023) Kat:3, Licht: 0,267935,3,1,0,09,14,5,0,0,1,0,0,0,0,0
"POINT (10.858258235000051 48.301065648000076)",Unfall 268014 (2023) Kat:3, Licht: 1,268014,3,7,0,09,19,6,0,1,1,0,0,0,0,1
"POINT (10.934107478000044 48.344855716000041)",Unfall 268060 (2023) Kat:2, Licht: 0,268060,2,3,5,09,10,4,0,0,1,0,0,0,0,0
"POINT (10.864804281000033 48.376338290000035)",Unfall 268068 (2023) Kat:3, Licht: 0,268068,3,7,0,09,06,5,0,0,1,0,1,0,0,0
"POINT (10.899214761000053 48.389505440000050)",Unfall 268109 (2023) Kat:3, Licht: 0,268109,3,1,0,09,13,5,0,0,1,0,0,0,0,0
"POINT (10.899122561000070 48.389673847000040)",Unfall 268114 (2023) Kat:2, Licht: 0,268114,2,3,5,09,18,6,0,0,1,0,0,0,0,0
"POINT (10.882119612000054 48.304991675000053)",Unfall 268179 (2023) Kat:2, Licht: 1,268179,2,1,0,10,17,7,0,1,1,0,1,0,0,0