WKT,Name,OBJECTID,UKATEGORIE,UTYP1,UART,UMONAT,USTUNDE,UWOCHENTAG,STRZUSTAND,ULICHTVERH,ISTRAD,ISTPKW,ISTFUSS,ISTKRAD,ISTGKFZ,ISTSONSTIG
"POINT (10.946445169000071 48.359199245000070)",Unfall 268221 (2023) Kat:3, Licht: 0,268221,3,1,0,10,07,3,1,0,1,0,0,0,0,0
"POINT (10.877415397000050 48.361056579000035)",Unfall 268246 (2023) Kat:2, Licht: 0,268246,2,4,6,10,14,7,0,0,1,0,1,0,0,0
"POINT (10.864744274000032 48.395993215000033)",Unfall 268254 (2023) Kat:2, Licht: 0,268254,2,1,0,11,13,7,1,0,1,0,0,0,0,0
"POINT (10.928350005000027 48.355170317000045)",Unfall 268275 (2023) Kat:3, Licht: 2,268275,3,1,0,11,04,7,1,2,1,0,0,0,0,0
"POINT (10.859694172000047 48.386940712000069)",Unfall 268309 (2023) Kat:3, Licht: 0,268309,3,1,0,12,15,4,0,0,1,0,0,0,0,0
"POINT (10.916817251000055 48.410994406000043)",Unfall 268312 (2023) Kat:3, Licht: 2,268312,3,7,7,12,06,6,1,2,1,0,0,0,0,0
"POINT (10.841926319000038 48.285655474000066)",Unfall 268317 (2023) Kat:2, Licht: 0,268317,2,1,7,12,13,4,0,0,1,0,0,0,0,0
"POINT (10.849280441000076 48.374420117000057)",Unfall 98156 (2024) Kat:3, Licht: 0,98156,3,6,2,01,13,6,0,0,0,1,0,0,0,0
"POINT (10.910036526000056 48.364313628000048)",Unfall 98390 (2024) Kat:3, Licht: 2,98390,3,1,2,01,22,2,1,2,0,1,0,0,0,0
"POINT (10.878181975000075 48.386846288000072)",Unfall 98459 (2024) Kat:3, Licht: 0,98459,3,3,5,01,13,1,1,0,1,1,0,0,0,0
"POINT (10.903470184000071 48.350775368000029)",Unfall 98550 (2024) Kat:3, Licht: 0,98550,3,1,8,01,13,6,0,0,0,1,0,0,0,0
"POINT (10.882045703000074 48.310133835000045)",Unfall 98718 (2024) Kat:3, Licht: 2,98718,3,6,2,01,21,2,0,2,0,1,0,0,0,0
"POINT (10.948143178000066 48.365772676000063)",Unfall 98741 (2024) Kat:3, Licht: 1,98741,3,3,5,01,07,5,0,1,1,1,0,0,0,0
"POINT (10.897018569000068 48.380235883000068)",Unfall 99220 (2024) Kat:3, Licht: 0,99220,3,6,3,02,11,5,0,0,1,1,0,0,0,0
"POINT (10.944157836000045 48.383195226000055)",Unfall 99291 (2024) Kat:3, Licht: 0,99291,3,2,5,02,07,3,0,0,1,1,0,0,0,0
"POINT (10.906156950000025 48.309551813000041)",Unfall 99292 (2024) Kat:3, Licht: 1,99292,3,1,2,02,17,3,0,1,0,1,0,0,0,0
"POINT (10.887395470000058 48.333327440000062)",Unfall 99742 (2024) Kat:3, Licht: 1,99742,3,6,2,02,17,5,1,1,0,1,0,0,0,0
"POINT (10.856757097000070 48.352606610000066)",Unfall 99797 (2024) Kat:3, Licht: 0,99797,3,6,3,01,08,4,0,0,0,1,0,0,0,0
"POINT (10.856413254000074 48.373451327000055)",Unfall 99799 (2024) Kat:3, Licht: 2,99799,3,6,2,01,18,4,1,2,0,1,0,0,0,0
"POINT (10.866691246000073 48.389960346000066)",Unfall 99840 (2024) Kat:3, Licht: 0,99840,3,3,5,02,15,6,1,0,0,1,0,0,0,1
"POINT (10.925824157000022 48.372955592000039)",Unfall 99851 (2024) Kat:3, Licht: 2,99851,3,6,2,01,18,3,0,2,0,1,0,0,0,0
"POINT (10.937724806000062 48.371027375000040)",Unfall 99913 (2024) Kat:3, Licht: 0,99913,3,5,2,01,08,2,0,0,0,1,0,0,0,0
"POINT (10.917243513000074 48.264716682000028)",Unfall 99970 (2024) Kat:3, Licht: 0,99970,3,2,2,01,14,1,0,0,0,1,0,0,0,0
"POINT (10.888224423000054 48.335242773000061)",Unfall 99972 (2024) Kat:3, Licht: 2,99972,3,6,2,02,19,4,1,2,0,1,0,0,0,0
"POINT (10.907623981000029 48.385763504000067)",Unfall 100001 (2024) Kat:3, Licht: 1,100001,3,2,5,01,18,7,0,1,0,1,0,0,0,0
"POINT (10.931855844000040 48.381260791000045)",Unfall 100047 (2024) Kat:3, Licht: 0,100047,3,2,2,01,14,6,1,0,0,1,0,0,0,0
"POINT (10.905256975000043 48.345360320000054)",Unfall 100379 (2024) Kat:3, Licht: 0,100379,3,1,3,01,16,7,0,0,0,1,0,0,0,0
"POINT (10.932762997000054 48.358808485000054)",Unfall 100438 (2024) Kat:3, Licht: 0,100438,3,1,4,01,09,6,1,0,0,1,0,0,0,0
"POINT (10.904399978000072 48.347950071000071)",Unfall 100439 (2024) Kat:3, Licht: 0,100439,3,3,5,01,09,6,0,0,1,0,0,0,0,1
"POINT (10.902175047000071 48.381790321000040)",Unfall 100441 (2024) Kat:3, Licht: 2,100441,3,6,1,01,21,6,0,2,0,1,0,0,0,0
"POINT (10.842102485000055 48.386381777000054)",Unfall 100585 (2024) Kat:3, Licht: 0,100585,3,4,6,01,13,4,1,0,0,1,1,0,0,0
"POINT (10.936513057000070 48.388962240000069)",Unfall 100587 (2024) Kat:3, Licht: 1,100587,3,6,2,01,07,4,2,1,0,1,0,0,0,0
"POINT (10.916598845000067 48.366831198000057)",Unfall 100588 (2024) Kat:3, Licht: 2,100588,3,2,6,01,19,4,1,2,0,1,1,0,0,0
"POINT (10.896120419000056 48.380912244000058)",Unfall 100589 (2024) Kat:3, Licht: 2,100589,3,6,2,01,21,4,1,2,0,1,0,0,0,0
"POINT (10.855339301000072 48.311267653000073)",Unfall 100742 (2024) Kat:3, Licht: 2,100742,3,1,8,01,21,2,2,2,0,1,0,0,0,0
"POINT (10.893938989000048 48.382508534000067)",Unfall 100793 (2024) Kat:2, Licht: 2,100793,2,1,8,03,00,6,0,2,0,1,0,0,0,0
"POINT (10.861930461000043 48.309208323000064)",Unfall 101085 (2024) Kat:3, Licht: 0,101085,3,1,8,03,08,6,0,0,0,1,0,0,0,0
"POINT (10.905991802000074 48.379510636000077)",Unfall 101086 (2024) Kat:3, Licht: 0,101086,3,3,5,03,10,6,0,0,1,1,0,0,0,0
"POINT (10.861236894000058 48.389441248000026)",Unfall 101147 (2024) Kat:3, Licht: 0,101147,3,6,2,03,17,5,0,0,0,1,0,0,0,0
"POINT (10.880606630000045 48.385669615000040)",Unfall 101148 (2024) Kat:3, Licht: 0,101148,3,2,3,03,15,5,0,0,1,1,0,0,0,0
"POINT (10.942423762000033 48.354881806000037)",Unfall 101271 (2024) Kat:3, Licht: 2,101271,3,6,2,03,19,3,0,2,0,1,0,0,0,0
"POINT (10.888062593000029 48.334523143000069)",Unfall 101330 (2024) Kat:3, Licht: 0,101330,3,1,9,03,10,2,0,0,0,1,0,0,0,0
"POINT (10.941673674000072 48.354915588000040)",Unfall 101331 (2024) Kat:1, Licht: 0,101331,1,3,5,03,16,2,1,0,0,0,0,0,0,1
"POINT (10.871967719000054 48.347873076000042)",Unfall 101513 (2024) Kat:3, Licht: 0,101513,3,6,2,03,16,5,0,0,0,1,0,0,0,1
"POINT (10.870018424000023 48.344747059000042)",Unfall 101516 (2024) Kat:3, Licht: 0,101516,3,1,0,03,15,5,0,0,1,0,0,0,0,0
"POINT (10.910301642000036 48.423075318000031)",Unfall 101547 (2024) Kat:2, Licht: 0,101547,2,3,5,03,14,7,1,0,0,1,0,0,0,0
"POINT (10.858886775000030 48.385176378000040)",Unfall 101583 (2024) Kat:3, Licht: 0,101583,3,6,2,03,10,4,0,0,0,1,0,0,0,0
"POINT (10.937116182000068 48.387950457000045)",Unfall 101782 (2024) Kat:3, Licht: 0,101782,3,1,2,03,14,7,0,0,0,1,0,0,0,0
"POINT (10.904216095000038 48.380963582000049)",Unfall 101851 (2024) Kat:3, Licht: 0,101851,3,2,5,03,14,6,0,0,0,1,0,0,0,0
"POINT (10.905952531000025 48.343181123000079)",Unfall 101928 (2024) Kat:3, Licht: 0,101928,3,2,5,03,07,5,0,0,1,1,0,0,0,0
"POINT (10.920134708000035 48.413445121000052)",Unfall 102038 (2024) Kat:3, Licht: 0,102038,3,3,5,03,17,3,1,0,0,1,0,0,0,0
"POINT (10.940941685000041 48.354987495000046)",Unfall 102100 (2024) Kat:3, Licht: 0,102100,3,6,2,03,10,2,0,0,0,1,0,0,0,0
"POINT (10.905183259000069 48.412403621000067)",Unfall 102355 (2024) Kat:3, Licht: 0,102355,3,3,3,02,08,5,0,0,0,1,0,0,1,1
"POINT (10.928157895000027 48.375202527000056)",Unfall 102466 (2024) Kat:3, Licht: 2,102466,3,3,5,03,19,6,1,2,0,1,0,0,0,0
"POINT (10.860063901000046 48.386630377000074)",Unfall 102598 (2024) Kat:3, Licht: 2,102598,3,7,2,02,00,7,0,2,0,1,0,0,0,0
"POINT (10.856079582000064 48.373662175000050)",Unfall 102657 (2024) Kat:3, Licht: 0,102657,3,6,2,03,14,3,0,0,0,1,0,0,0,1
"POINT (10.945730761000050 48.355075842000076)",Unfall 102777 (2024) Kat:3, Licht: 0,102777,3,5,3,03,15,3,0,0,1,1,0,0,0,0
"POINT (10.955184878000068 48.340994756000043)",Unfall 102875 (2024) Kat:2, Licht: 0,102875,2,6,4,02,10,2,0,0,0,1,0,0,0,0
"POINT (10.920247102000076 48.409821783000041)",Unfall 102877 (2024) Kat:3, Licht: 0,102877,3,6,2,02,16,2,0,0,0,1,0,1,0,0
"POINT (10.936388714000032 48.388825314000030)",Unfall 102878 (2024) Kat:3, Licht: 2,102878,3,2,4,02,18,2,0,2,0,1,0,0,0,0
"POINT (10.938494746000060 48.355123835000029)",Unfall 102981 (2024) Kat:3, Licht: 0,102981,3,6,2,02,17,7,0,0,1,0,0,0,0,0
"POINT (10.920235613000045 48.397075574000041)",Unfall 103027 (2024) Kat:3, Licht: 0,103027,3,3,5,04,18,2,0,0,0,1,0,0,0,0
"POINT (10.885827015000075 48.385637641000073)",Unfall 103073 (2024) Kat:3, Licht: 2,103073,3,6,3,04,03,1,0,2,0,1,0,0,0,0
"POINT (10.887399304000041 48.385139672000037)",Unfall 103157 (2024) Kat:3, Licht: 2,103157,3,4,6,04,06,7,0,2,0,1,1,0,0,0
"POINT (10.952901341000029 48.352578268000059)",Unfall 103158 (2024) Kat:3, Licht: 0,103158,3,6,3,04,14,7,0,0,1,0,0,0,0,0
"POINT (10.901709249000021 48.308392164000054)",Unfall 103358 (2024) Kat:3, Licht: 0,103358,3,3,5,04,11,5,0,0,0,1,0,0,0,0
"POINT (10.920112438000046 48.396943310000040)",Unfall 103427 (2024) Kat:3, Licht: 0,103427,3,5,1,04,11,4,0,0,0,1,0,0,0,0
"POINT (10.911947205000047 48.376024011000027)",Unfall 103543 (2024) Kat:3, Licht: 0,103543,3,2,3,04,17,2,0,0,1,1,0,0,0,0
"POINT (10.904695507000042 48.352617092000060)",Unfall 103638 (2024) Kat:2, Licht: 0,103638,2,1,8,04,14,1,0,0,0,0,0,1,0,0
"POINT (10.909063473000060 48.319155851000062)",Unfall 103721 (2024) Kat:3, Licht: 0,103721,3,1,5,04,14,7,0,0,1,1,0,0,0,0
"POINT (10.893711340000038 48.382533299000045)",Unfall 103805 (2024) Kat:3, Licht: 0,103805,3,6,2,04,09,5,0,0,0,1,0,0,1,0
"POINT (10.908545458000049 48.354900011000041)",Unfall 103913 (2024) Kat:3, Licht: 0,103913,3,1,5,04,17,5,1,0,0,1,0,0,0,0
"POINT (10.882308550000062 48.385723070000040)",Unfall 103948 (2024) Kat:3, Licht: 0,103948,3,6,1,04,17,2,0,0,0,1,0,0,0,0
"POINT (10.920321180000030 48.407349541000031)",Unfall 103981 (2024) Kat:3, Licht: 0,103981,3,6,2,04,16,4,1,0,0,1,0,0,0,1
"POINT (10.908504602000050 48.354862449000052)",Unfall 104039 (2024) Kat:3, Licht: 2,104039,3,1,2,04,22,3,0,2,0,1,0,0,0,0
"POINT (10.933039266000037 48.355200184000068)",Unfall 104101 (2024) Kat:3, Licht: 2,104101,3,1,0,04,03,2,0,2,0,0,0,1,0,0
"POINT (10.902144339000074 48.381737987000065)",Unfall 104105 (2024) Kat:3, Licht: 1,104105,3,3,5,04,17,7,0,1,1,1,0,0,0,0
"POINT (10.918630184000051 48.355434701000036)",Unfall 104219 (2024) Kat:3, Licht: 0,104219,3,3,5,05,15,7,0,0,0,1,0,0,0,0
"POINT (10.948906002000058 48.383908126000051)",Unfall 104271 (2024) Kat:3, Licht: 0,104271,3,3,5,05,13,6,0,0,1,1,0,0,0,0
"POINT (10.908644899000024 48.354999034000059)",Unfall 104351 (2024) Kat:3, Licht: 0,104351,3,1,1,05,18,5,0,0,0,1,0,0,0,0
"POINT (10.947759139000027 48.355164959000035)",Unfall 104431 (2024) Kat:3, Licht: 2,104431,3,1,2,05,20,4,1,2,0,1,0,0,0,0
"POINT (10.900859647000061 48.413111530000037)",Unfall 104542 (2024) Kat:3, Licht: 0,104542,3,7,2,05,12,2,0,0,0,1,0,0,0,0
"POINT (10.851270922000026 48.299117828000078)",Unfall 104611 (2024) Kat:3, Licht: 1,104611,3,1,0,05,20,1,0,1,1,0,0,0,0,0
"POINT (10.925956218000067 48.367716134000034)",Unfall 104612 (2024) Kat:3, Licht: 0,104612,3,1,0,05,07,1,0,0,1,0,0,0,0,0
"POINT (10.890366025000048 48.383428710000032)",Unfall 104706 (2024) Kat:3, Licht: 0,104706,3,6,2,05,06,6,0,0,1,0,0,0,0,0
"POINT (10.893975375000025 48.337786214000062)",Unfall 104758 (2024) Kat:3, Licht: 0,104758,3,1,2,05,07,5,0,0,0,1,0,0,0,0
"POINT (10.902582624000047 48.382494870000073)",Unfall 104759 (2024) Kat:3, Licht: 0,104759,3,1,0,05,16,5,1,0,1,0,0,0,0,0
"POINT (10.909812198000054 48.388851268000053)",Unfall 104841 (2024) Kat:3, Licht: 0,104841,3,6,3,05,16,4,0,0,1,0,0,0,0,0
"POINT (10.929129394000029 48.377314718000036)",Unfall 105110 (2024) Kat:3, Licht: 0,105110,3,3,5,04,18,1,0,0,1,1,0,0,0,0
"POINT (10.954420526000035 48.344344033000027)",Unfall 105195 (2024) Kat:3, Licht: 0,105195,3,2,3,04,15,7,0,0,0,1,0,1,0,0
"POINT (10.855702355000062 48.372379765000062)",Unfall 105281 (2024) Kat:3, Licht: 0,105281,3,6,2,04,13,6,0,0,0,1,0,0,0,1
"POINT (10.857351066000035 48.378537661000053)",Unfall 105520 (2024) Kat:3, Licht: 0,105520,3,6,2,04,15,2,0,0,0,1,0,0,1,0
"POINT (10.855894248000027 48.372538312000074)",Unfall 105521 (2024) Kat:3, Licht: 0,105521,3,1,9,04,10,2,0,0,0,0,0,0,0,1
"POINT (10.880056322000030 48.385702811000044)",Unfall 105522 (2024) Kat:1, Licht: 2,105522,1,4,6,04,00,2,1,2,0,0,1,0,0,1
"POINT (10.904645495000068 48.347169200000053)",Unfall 105701 (2024) Kat:3, Licht: 0,105701,3,2,6,04,07,6,1,0,0,1,1,0,0,0
"POINT (10.886788266000053 48.330031987000041)",Unfall 105762 (2024) Kat:3, Licht: 0,105762,3,6,2,04,16,5,1,0,0,1,0,0,1,0
"POINT (10.930517033000058 48.374029227000051)",Unfall 105766 (2024) Kat:3, Licht: 0,105766,3,3,1,04,17,5,1,0,0,1,0,0,0,0
"POINT (10.902144339000074 48.381737987000065)",Unfall 105767 (2024) Kat:3, Licht: 0,105767,3,3,5,04,14,5,1,0,0,1,0,0,0,1
"POINT (10.908252066000045 48.354644622000080)",Unfall 105868 (2024) Kat:3, Licht: 0,105868,3,6,2,04,14,4,1,0,0,1,0,0,1,0
"POINT (10.936472799000057 48.388725868000051)",Unfall 105870 (2024) Kat:2, Licht: 1,105870,2,2,0,04,05,4,1,1,0,1,1,0,0,0
"POINT (10.902139361000025 48.381736456000056)",Unfall 105871 (2024) Kat:3, Licht: 0,105871,3,3,5,04,11,4,0,0,1,1,0,0,0,0
"POINT (10.899142964000021 48.337519848000056)",Unfall 106061 (2024) Kat:3, Licht: 0,106061,3,1,2,06,12,1,0,0,0,1,0,0,0,0
"POINT (10.944293907000031 48.354998246000036)",Unfall 106116 (2024) Kat:3, Licht: 0,106116,3,2,3,06,19,7,0,0,1,1,0,0,0,0
"POINT (10.920276799000021 48.397122787000058)",Unfall 106215 (2024) Kat:2, Licht: 0,106215,2,3,5,06,17,5,0,0,0,1,0,0,0,0
"POINT (10.899062927000045 48.337641548000079)",Unfall 106348 (2024) Kat:3, Licht: 0,106348,3,2,3,06,17,3,0,0,0,1,0,1,0,0
"POINT (10.859939372000042 48.386659465000037)",Unfall 106405 (2024) Kat:3, Licht: 0,106405,3,6,2,06,10,2,0,0,0,1,0,0,0,1
"POINT (10.927419825000072 48.355175828000029)",Unfall 106470 (2024) Kat:2, Licht: 0,106470,2,1,0,06,11,1,0,0,1,0,0,0,0,0
"POINT (10.884684947000039 48.385727597000027)",Unfall 106683 (2024) Kat:3, Licht: 1,106683,3,1,0,06,20,5,0,1,0,0,0,0,0,1
"POINT (10.861502904000076 48.390145074000031)",Unfall 106769 (2024) Kat:3, Licht: 0,106769,3,6,2,06,16,4,0,0,0,1,0,0,0,0
"POINT (10.937502207000023 48.389510618000031)",Unfall 106770 (2024) Kat:3, Licht: 0,106770,3,1,2,06,19,4,0,0,0,1,0,0,0,1
"POINT (10.868236352000054 48.348638935000054)",Unfall 106797 (2024) Kat:3, Licht: 0,106797,3,3,3,06,12,6,0,0,0,1,0,0,1,0
"POINT (10.934032134000063 48.381918833000043)",Unfall 106827 (2024) Kat:3, Licht: 0,106827,3,3,5,06,10,3,0,0,1,1,0,0,0,0
"POINT (10.898816606000025 48.379720083000052)",Unfall 106829 (2024) Kat:3, Licht: 0,106829,3,6,2,06,12,3,0,0,0,1,0,0,0,0
"POINT (10.905947757000035 48.343196817000035)",Unfall 106894 (2024) Kat:3, Licht: 0,106894,3,2,5,06,12,3,0,0,1,1,0,0,0,0
"POINT (10.905609728000059 48.382787403000066)",Unfall 107178 (2024) Kat:3, Licht: 0,107178,3,4,6,05,18,4,0,0,0,1,1,0,0,0
"POINT (10.882431109000038 48.385727724000049)",Unfall 107180 (2024) Kat:3, Licht: 0,107180,3,5,1,05,10,4,0,0,0,1,0,0,0,0
"POINT (10.916253916000073 48.366820935000078)",Unfall 107181 (2024) Kat:3, Licht: 0,107181,3,2,3,05,13,4,0,0,1,1,0,0,0,0
"POINT (10.890419248000057 48.383415394000053)",Unfall 107261 (2024) Kat:3, Licht: 0,107261,3,7,0,05,17,3,0,0,0,0,0,1,0,0
"POINT (10.920267494000029 48.397112119000042)",Unfall 107458 (2024) Kat:3, Licht: 0,107458,3,3,5,05,14,7,0,0,0,1,0,0,0,0
"POINT (10.910291190000066 48.357671011000036)",Unfall 107520 (2024) Kat:3, Licht: 0,107520,3,1,0,05,17,6,0,0,0,0,0,1,0,0
"POINT (10.915385621000041 48.393720826000049)",Unfall 107521 (2024) Kat:3, Licht: 0,107521,3,3,5,05,10,6,0,0,0,1,0,0,0,0
"POINT (10.952343247000044 48.355436137000027)",Unfall 107702 (2024) Kat:3, Licht: 2,107702,3,2,3,05,22,3,1,2,1,1,0,0,0,0
"POINT (10.885830271000032 48.310035696000057)",Unfall 107758 (2024) Kat:3, Licht: 0,107758,3,2,5,05,07,3,0,0,0,1,0,0,0,1
"POINT (10.954546259000040 48.343777958000032)",Unfall 107778 (2024) Kat:3, Licht: 0,107778,3,7,0,05,19,2,0,0,0,0,0,1,0,0
"POINT (10.897026078000067 48.424484934000077)",Unfall 107779 (2024) Kat:3, Licht: 0,107779,3,3,5,05,15,2,0,0,1,1,0,0,0,0
"POINT (10.934733419000054 48.355165153000030)",Unfall 107780 (2024) Kat:3, Licht: 0,107780,3,1,0,05,11,2,0,0,1,0,0,0,0,0
"POINT (10.901907710000046 48.381665221000048)",Unfall 107781 (2024) Kat:3, Licht: 0,107781,3,7,0,05,13,2,0,0,1,0,0,0,0,0
"POINT (10.936269511000035 48.382922020000080)",Unfall 107883 (2024) Kat:3, Licht: 0,107883,3,6,3,05,13,1,0,0,0,1,0,0,0,0
"POINT (10.907890913000074 48.333844504000069)",Unfall 107944 (2024) Kat:3, Licht: 2,107944,3,1,1,05,04,7,0,2,0,1,1,0,0,0
"POINT (10.908529902000055 48.354885709000030)",Unfall 108078 (2024) Kat:3, Licht: 0,108078,3,1,2,05,16,2,0,0,0,1,0,0,0,0
"POINT (10.864861948000055 48.390253588000064)",Unfall 108303 (2024) Kat:3, Licht: 0,108303,3,3,5,05,15,3,0,0,0,1,0,0,0,0
"POINT (10.924882092000075 48.369290926000076)",Unfall 108304 (2024) Kat:3, Licht: 0,108304,3,1,0,05,10,3,0,0,1,0,0,0,0,0
"POINT (10.865539696000042 48.390135161000046)",Unfall 108354 (2024) Kat:3, Licht: 0,108354,3,6,1,05,09,4,0,0,0,1,0,0,0,1
"POINT (10.938360804000069 48.355124210000042)",Unfall 108837 (2024) Kat:3, Licht: 0,108837,3,3,5,06,14,5,0,0,1,1,0,0,0,0
"POINT (10.861371532000021 48.318834909000032)",Unfall 108838 (2024) Kat:3, Licht: 0,108838,3,3,5,06,07,5,0,0,1,1,0,0,0,0
"POINT (10.901695237000069 48.308393693000028)",Unfall 108839 (2024) Kat:3, Licht: 0,108839,3,3,5,06,13,5,0,0,1,1,0,0,0,0
"POINT (10.905129708000061 48.412259328000061)",Unfall 108925 (2024) Kat:3, Licht: 0,108925,3,6,2,06,08,4,0,0,0,1,0,0,0,0
"POINT (10.906626577000054 48.340967355000032)",Unfall 108931 (2024) Kat:3, Licht: 0,108931,3,7,0,06,09,4,0,0,1,0,0,0,0,0
"POINT (10.944391198000062 48.355003943000042)",Unfall 109016 (2024) Kat:3, Licht: 0,109016,3,4,6,06,15,3,0,0,0,1,1,0,0,0
"POINT (10.866285773000072 48.396759554000027)",Unfall 109120 (2024) Kat:3, Licht: 0,109120,3,7,8,06,16,2,0,0,0,1,0,0,0,0
"POINT (10.916268670000022 48.355820921000031)",Unfall 109125 (2024) Kat:3, Licht: 0,109125,3,3,5,06,07,2,0,0,0,1,0,0,0,1
"POINT (10.855930485000044 48.373497351000026)",Unfall 109213 (2024) Kat:3, Licht: 1,109213,3,1,9,06,21,1,0,1,0,1,0,0,0,0
"POINT (10.927849693000041 48.374859885000035)",Unfall 109214 (2024) Kat:3, Licht: 0,109214,3,6,2,06,13,1,0,0,0,1,0,0,0,0
"POINT (10.849736836000034 48.379832015000034)",Unfall 109363 (2024) Kat:2, Licht: 0,109363,2,1,0,06,18,6,1,0,0,0,0,1,0,0
"POINT (10.856074581000030 48.352895799000066)",Unfall 109452 (2024) Kat:3, Licht: 0,109452,3,6,2,06,12,5,0,0,0,1,0,0,0,0
"POINT (10.937123500000041 48.381728961000078)",Unfall 109455 (2024) Kat:3, Licht: 0,109455,3,3,0,06,05,5,0,0,1,1,0,0,0,0
"POINT (10.887470659000030 48.385096298000065)",Unfall 109456 (2024) Kat:3, Licht: 0,109456,3,1,0,06,19,5,0,0,0,0,0,1,0,0
"POINT (10.926246950000063 48.373318287000075)",Unfall 109559 (2024) Kat:3, Licht: 0,109559,3,6,0,06,16,4,0,0,0,0,0,1,0,0
"POINT (10.883997207000050 48.310685782000064)",Unfall 109670 (2024) Kat:3, Licht: 0,109670,3,6,2,06,07,3,0,0,0,1,0,0,0,0
"POINT (10.882088883000051 48.310218740000039)",Unfall 109673 (2024) Kat:2, Licht: 0,109673,2,1,5,06,18,3,0,0,0,1,0,1,0,0
"POINT (10.896982747000038 48.380262841000047)",Unfall 109674 (2024) Kat:2, Licht: 0,109674,2,7,6,06,18,3,0,0,0,0,1,0,0,1
"POINT (10.902484144000027 48.381767841000055)",Unfall 109797 (2024) Kat:3, Licht: 0,109797,3,3,0,06,18,2,0,0,0,1,0,0,0,1
"POINT (10.852291099000070 48.373765382000045)",Unfall 109961 (2024) Kat:3, Licht: 0,109961,3,1,8,07,19,5,0,0,0,0,0,0,0,1
"POINT (10.914961674000040 48.393678914000077)",Unfall 110050 (2024) Kat:3, Licht: 0,110050,3,1,0,07,20,4,0,0,0,0,0,1,0,0
"POINT (10.904976403000035 48.346173887000077)",Unfall 110051 (2024) Kat:3, Licht: 0,110051,3,1,0,07,12,4,0,0,1,0,0,0,0,0
"POINT (10.938145298000052 48.355125554000040)",Unfall 110131 (2024) Kat:3, Licht: 0,110131,3,1,0,07,18,3,0,0,1,0,0,0,0,0
"POINT (10.918274018000034 48.355495829000063)",Unfall 110206 (2024) Kat:3, Licht: 0,110206,3,2,4,07,18,3,0,0,0,1,0,1,0,0
"POINT (10.948213526000075 48.365739064000081)",Unfall 110209 (2024) Kat:3, Licht: 0,110209,3,3,5,07,16,2,0,0,1,1,0,0,0,0
"POINT (10.897739307000052 48.379716554000026)",Unfall 110389 (2024) Kat:3, Licht: 0,110389,3,2,5,07,16,7,0,0,0,1,0,0,0,0
"POINT (10.907537140000045 48.385554364000029)",Unfall 110470 (2024) Kat:3, Licht: 0,110470,3,3,5,07,16,6,0,0,1,1,0,0,0,0
"POINT (10.878873817000056 48.298687273000041)",Unfall 110550 (2024) Kat:3, Licht: 0,110550,3,6,2,07,15,5,0,0,0,1,0,0,0,0
"POINT (10.873312286000044 48.411026523000032)",Unfall 110632 (2024) Kat:3, Licht: 0,110632,3,6,2,07,13,4,0,0,0,1,0,0,0,0
"POINT (10.882912267000052 48.309148696000079)",Unfall 110704 (2024) Kat:3, Licht: 2,110704,3,1,9,07,01,7,1,2,0,1,0,0,0,0
"POINT (10.898525934000077 48.379480612000066)",Unfall 110737 (2024) Kat:3, Licht: 0,110737,3,2,3,07,16,3,0,0,0,1,0,1,0,0
"POINT (10.919446077000032 48.355293976000041)",Unfall 110843 (2024) Kat:3, Licht: 0,110843,3,1,2,07,16,2,0,0,0,1,0,0,0,0
"POINT (10.902653848000057 48.381896433000065)",Unfall 110844 (2024) Kat:3, Licht: 0,110844,3,6,3,07,08,2,0,0,1,0,0,0,0,1
"POINT (10.887361143000021 48.385162869000055)",Unfall 111110 (2024) Kat:3, Licht: 0,111110,3,6,2,07,16,6,0,0,0,1,0,0,0,0
"POINT (10.937485661000039 48.387496991000035)",Unfall 111114 (2024) Kat:3, Licht: 0,111114,3,6,3,07,17,6,0,0,0,1,0,1,0,0
"POINT (10.920268659000044 48.397113455000067)",Unfall 111115 (2024) Kat:3, Licht: 0,111115,3,3,5,07,06,6,0,0,0,1,0,0,0,0
"POINT (10.938479916000063 48.355123861000038)",Unfall 111220 (2024) Kat:3, Licht: 0,111220,3,2,3,07,08,5,0,0,1,1,0,0,0,0
"POINT (10.917896965000068 48.373439692000034)",Unfall 111279 (2024) Kat:3, Licht: 0,111279,3,3,5,07,06,7,0,0,1,1,0,0,0,0
"POINT (10.882079468000029 48.310218963000068)",Unfall 111337 (2024) Kat:3, Licht: 0,111337,3,2,5,07,19,4,1,0,0,1,0,1,0,0
"POINT (10.881998637000038 48.305567119000045)",Unfall 111505 (2024) Kat:3, Licht: 0,111505,3,6,2,07,06,2,0,0,0,1,0,0,0,0
"POINT (10.904104896000035 48.380940641000052)",Unfall 111507 (2024) Kat:3, Licht: 0,111507,3,4,6,07,14,2,0,0,0,1,1,0,0,0
"POINT (10.905546979000064 48.344468900000038)",Unfall 111539 (2024) Kat:3, Licht: 0,111539,3,1,3,07,13,3,0,0,1,0,0,0,0,1
"POINT (10.902021674000025 48.382540461000076)",Unfall 111585 (2024) Kat:3, Licht: 0,111585,3,1,9,06,17,1,1,0,0,0,0,1,0,0
"POINT (10.887565120000033 48.342843464000055)",Unfall 111627 (2024) Kat:3, Licht: 0,111627,3,6,2,07,13,7,0,0,0,1,0,0,0,0