WKT,Name,OBJECTID,UKATEGORIE,UTYP1,UART,UMONAT,USTUNDE,UWOCHENTAG,STRZUSTAND,ULICHTVERH,ISTRAD,ISTPKW,ISTFUSS,ISTKRAD,ISTGKFZ,ISTSONSTIG
"POINT (10.928756637000049 48.379722404000063)",Unfall 111742 (2024) Kat:3, Licht: 0,111742,3,6,0,08,17,6,0,0,1,0,0,0,0,0
"POINT (10.889439107000044 48.340067377000025)",Unfall 111802 (2024) Kat:3, Licht: 0,111802,3,6,3,08,14,5,0,0,0,1,0,0,0,0
"POINT (10.906414241000050 48.310003072000029)",Unfall 111936 (2024) Kat:3, Licht: 2,111936,3,1,0,08,22,3,0,2,1,0,0,0,0,0
"POINT (10.928974878000076 48.380017781000049)",Unfall 112065 (2024) Kat:3, Licht: 2,112065,3,1,9,08,02,1,0,2,0,1,0,0,0,0
"POINT (10.895893704000059 48.413597269000036)",Unfall 112232 (2024) Kat:3, Licht: 0,112232,3,7,8,08,14,6,0,0,0,1,0,0,0,0
"POINT (10.861350102000074 48.318790756000055)",Unfall 112235 (2024) Kat:3, Licht: 0,112235,3,3,5,08,09,6,0,0,1,1,0,0,0,0
"POINT (10.891977185000030 48.383071804000053)",Unfall 112236 (2024) Kat:3, Licht: 0,112236,3,7,0,08,11,6,0,0,0,0,0,1,0,0
"POINT (10.936414077000052 48.388795317000074)",Unfall 112298 (2024) Kat:3, Licht: 0,112298,3,3,5,08,07,5,1,0,0,1,0,0,0,0
"POINT (10.908556515000043 48.354911022000067)",Unfall 112359 (2024) Kat:3, Licht: 0,112359,3,1,2,08,15,4,0,0,0,1,0,0,0,0
"POINT (10.853100855000037 48.354406405000077)",Unfall 112435 (2024) Kat:3, Licht: 0,112435,3,6,2,08,11,3,0,0,0,1,0,0,0,0
"POINT (10.904361958000038 48.351756709000028)",Unfall 112437 (2024) Kat:3, Licht: 0,112437,3,1,8,08,10,3,0,0,0,0,0,1,0,0
"POINT (10.901316235000024 48.424194917000079)",Unfall 112641 (2024) Kat:3, Licht: 0,112641,3,3,5,08,13,7,0,0,1,1,0,0,0,0
"POINT (10.919956963000061 48.421196150000071)",Unfall 112642 (2024) Kat:3, Licht: 2,112642,3,6,2,08,02,7,1,2,0,1,0,0,0,0
"POINT (10.945885977000046 48.394144620000077)",Unfall 112706 (2024) Kat:3, Licht: 0,112706,3,3,5,08,11,6,0,0,1,1,0,0,0,0
"POINT (10.924990787000070 48.369096680000041)",Unfall 112750 (2024) Kat:3, Licht: 2,112750,3,2,8,08,05,1,0,2,0,1,0,0,0,0
"POINT (10.889179344000070 48.340792278000038)",Unfall 112880 (2024) Kat:3, Licht: 0,112880,3,3,3,07,07,4,0,0,0,1,0,0,0,0
"POINT (10.955955348000032 48.337798798000051)",Unfall 112882 (2024) Kat:3, Licht: 0,112882,3,6,2,07,09,4,0,0,0,1,0,0,0,0
"POINT (10.898542441000075 48.379486228000076)",Unfall 112883 (2024) Kat:1, Licht: 0,112883,1,3,3,07,18,4,0,0,1,1,0,0,0,0
"POINT (10.901907710000046 48.381665221000048)",Unfall 112985 (2024) Kat:3, Licht: 2,112985,3,7,0,07,01,3,0,2,1,0,0,0,0,0
"POINT (10.927449006000074 48.374409943000046)",Unfall 113108 (2024) Kat:2, Licht: 0,113108,2,1,2,07,16,2,0,0,0,1,0,0,0,0
"POINT (10.915238170000066 48.393841927000040)",Unfall 113281 (2024) Kat:3, Licht: 0,113281,3,6,3,07,09,7,0,0,0,1,0,0,0,0
"POINT (10.898919429000046 48.337651205000043)",Unfall 113282 (2024) Kat:3, Licht: 0,113282,3,2,5,07,11,7,0,0,1,1,0,0,0,0
"POINT (10.920214578000071 48.397052987000052)",Unfall 113290 (2024) Kat:2, Licht: 0,113290,2,2,5,08,18,5,0,0,0,1,0,0,0,0
"POINT (10.868845728000053 48.308680781000078)",Unfall 113384 (2024) Kat:3, Licht: 0,113384,3,2,4,07,12,6,0,0,0,1,0,0,0,1
"POINT (10.860519948000046 48.317365481000081)",Unfall 113415 (2024) Kat:3, Licht: 0,113415,3,2,3,08,10,5,0,0,1,1,0,0,0,0
"POINT (10.890355976000023 48.424744766000060)",Unfall 113682 (2024) Kat:3, Licht: 0,113682,3,1,9,07,19,3,1,0,1,0,0,0,0,0
"POINT (10.952496758000052 48.355232171000068)",Unfall 113683 (2024) Kat:3, Licht: 0,113683,3,1,2,07,08,3,0,0,0,1,0,0,0,0
"POINT (10.915301759000045 48.374605708000047)",Unfall 113684 (2024) Kat:3, Licht: 0,113684,3,1,4,07,07,3,0,0,0,1,0,0,0,0
"POINT (10.908335408000028 48.354710440000076)",Unfall 113792 (2024) Kat:3, Licht: 0,113792,3,6,3,07,20,2,0,0,0,1,0,0,0,0
"POINT (10.918643986000063 48.355432320000034)",Unfall 113793 (2024) Kat:2, Licht: 1,113793,2,1,0,07,20,2,0,1,0,0,0,0,0,1
"POINT (10.948135580000042 48.355198257000040)",Unfall 113794 (2024) Kat:3, Licht: 0,113794,3,3,5,07,16,2,0,0,1,1,0,0,0,0
"POINT (10.888105259000042 48.334617447000028)",Unfall 113914 (2024) Kat:3, Licht: 0,113914,3,6,3,07,11,1,0,0,0,1,0,0,0,0
"POINT (10.929128989000048 48.377316370000074)",Unfall 113919 (2024) Kat:3, Licht: 2,113919,3,1,0,07,01,1,0,2,1,0,0,0,0,0
"POINT (10.949106040000061 48.355186578000030)",Unfall 114023 (2024) Kat:3, Licht: 0,114023,3,1,2,07,09,7,0,0,0,1,0,0,0,0
"POINT (10.881979900000033 48.326307408000048)",Unfall 114147 (2024) Kat:3, Licht: 0,114147,3,1,0,07,21,6,0,0,1,0,0,0,0,0
"POINT (10.880049723000070 48.301259986000048)",Unfall 114314 (2024) Kat:2, Licht: 0,114314,2,6,3,09,15,1,0,0,0,0,0,1,0,1
"POINT (10.940635448000023 48.382451279000065)",Unfall 114458 (2024) Kat:3, Licht: 0,114458,3,3,5,08,17,6,0,0,1,1,0,0,0,0
"POINT (10.936389568000038 48.388897615000076)",Unfall 114459 (2024) Kat:3, Licht: 0,114459,3,6,2,08,16,6,0,0,0,1,0,0,0,0
"POINT (10.916647334000061 48.366850543000055)",Unfall 114788 (2024) Kat:3, Licht: 0,114788,3,2,6,08,06,2,0,0,0,1,1,0,0,0
"POINT (10.904651640000054 48.347148045000040)",Unfall 114789 (2024) Kat:3, Licht: 0,114789,3,2,5,08,16,2,0,0,1,1,0,0,0,0
"POINT (10.881717227000024 48.305338024000037)",Unfall 114985 (2024) Kat:3, Licht: 2,114985,3,1,8,08,23,6,0,2,0,1,0,0,0,0
"POINT (10.917976971000030 48.367478430000062)",Unfall 114986 (2024) Kat:3, Licht: 0,114986,3,6,2,08,16,6,0,0,0,1,0,0,0,0
"POINT (10.857233421000046 48.378279178000071)",Unfall 115078 (2024) Kat:3, Licht: 0,115078,3,6,2,08,08,5,0,0,0,1,0,0,0,0
"POINT (10.879654457000072 48.300400674000059)",Unfall 115156 (2024) Kat:3, Licht: 0,115156,3,6,2,08,12,4,0,0,0,1,0,0,0,0
"POINT (10.941097806000073 48.354971368000065)",Unfall 115228 (2024) Kat:3, Licht: 0,115228,3,6,3,08,17,3,0,0,1,1,0,0,0,0
"POINT (10.872840976000077 48.347246558000052)",Unfall 115422 (2024) Kat:3, Licht: 2,115422,3,1,8,09,21,6,0,2,0,1,0,0,0,0
"POINT (10.849976286000071 48.379633909000063)",Unfall 115486 (2024) Kat:3, Licht: 0,115486,3,1,0,09,10,5,1,0,0,0,0,1,0,0
"POINT (10.896841106000068 48.325170098000058)",Unfall 115487 (2024) Kat:3, Licht: 0,115487,3,1,2,09,08,5,1,0,0,1,0,0,0,0
"POINT (10.902408419000039 48.381639253000060)",Unfall 115488 (2024) Kat:3, Licht: 0,115488,3,3,5,09,16,5,1,0,1,1,0,0,0,0
"POINT (10.902432282000063 48.381616602000065)",Unfall 115489 (2024) Kat:3, Licht: 0,115489,3,6,2,09,16,5,1,0,0,1,0,0,0,0
"POINT (10.904410035000069 48.327871230000028)",Unfall 115608 (2024) Kat:2, Licht: 0,115608,2,4,6,09,08,3,0,0,0,1,1,0,0,0
"POINT (10.925927676000072 48.372903780000058)",Unfall 115775 (2024) Kat:3, Licht: 0,115775,3,1,0,09,18,7,0,0,1,0,0,0,0,0
"POINT (10.902488597000058 48.381769015000032)",Unfall 115865 (2024) Kat:3, Licht: 0,115865,3,3,5,09,17,6,0,0,1,1,0,0,0,0
"POINT (10.904057608000073 48.380909082000073)",Unfall 115866 (2024) Kat:3, Licht: 0,115866,3,6,2,09,18,6,0,0,0,1,0,0,0,0
"POINT (10.850001933000044 48.379614230000072)",Unfall 115960 (2024) Kat:3, Licht: 0,115960,3,1,0,09,10,5,1,0,1,0,0,0,0,0
"POINT (10.864044174000071 48.338730352000027)",Unfall 116048 (2024) Kat:2, Licht: 0,116048,2,2,3,09,17,4,0,0,1,1,0,0,0,0
"POINT (10.920102493000059 48.355184080000072)",Unfall 116135 (2024) Kat:3, Licht: 0,116135,3,6,4,09,18,3,0,0,1,0,0,0,0,0
"POINT (10.860806620000062 48.350982985000030)",Unfall 116195 (2024) Kat:3, Licht: 0,116195,3,6,2,09,07,2,1,0,0,1,0,0,0,0
"POINT (10.904631300000062 48.347214396000027)",Unfall 116296 (2024) Kat:3, Licht: 0,116296,3,1,9,09,09,7,1,0,0,1,0,0,0,0
"POINT (10.909570802000076 48.317445508000048)",Unfall 116298 (2024) Kat:3, Licht: 0,116298,3,1,1,09,09,7,1,0,0,1,0,0,0,0
"POINT (10.890693446000057 48.414185501000077)",Unfall 116758 (2024) Kat:3, Licht: 2,116758,3,1,3,09,22,1,1,2,0,1,0,0,0,0
"POINT (10.920215059000043 48.397053505000031)",Unfall 116760 (2024) Kat:3, Licht: 1,116760,3,2,5,09,19,1,1,1,0,1,0,0,0,0
"POINT (10.910772450000024 48.364917780000042)",Unfall 116761 (2024) Kat:3, Licht: 0,116761,3,3,5,09,15,1,0,0,1,0,0,0,0,0
"POINT (10.900549567000041 48.381085285000040)",Unfall 116762 (2024) Kat:3, Licht: 0,116762,3,7,3,09,09,1,0,0,0,1,0,1,0,0
"POINT (10.843582110000057 48.385485768000080)",Unfall 116868 (2024) Kat:3, Licht: 0,116868,3,3,5,09,17,7,0,0,1,1,0,0,0,0
"POINT (10.882409272000075 48.385727403000033)",Unfall 116965 (2024) Kat:3, Licht: 0,116965,3,2,5,09,18,6,0,0,0,1,0,0,0,0
"POINT (10.869252560000064 48.389764616000036)",Unfall 116966 (2024) Kat:3, Licht: 0,116966,3,3,5,09,10,6,0,0,1,0,0,0,0,0
"POINT (10.868099779000033 48.338865500000054)",Unfall 116967 (2024) Kat:2, Licht: 0,116967,2,5,1,09,10,6,0,0,1,1,0,0,0,0
"POINT (10.903588863000039 48.350895794000053)",Unfall 116968 (2024) Kat:3, Licht: 0,116968,3,1,2,09,17,6,0,0,0,1,0,0,0,0
"POINT (10.873839575000034 48.409572260000061)",Unfall 117063 (2024) Kat:3, Licht: 0,117063,3,6,3,09,09,5,0,0,0,1,0,0,1,0
"POINT (10.904995623000048 48.382638212000074)",Unfall 117066 (2024) Kat:3, Licht: 0,117066,3,6,0,09,17,5,0,0,0,1,0,0,0,1
"POINT (10.910136355000077 48.357744531000037)",Unfall 117067 (2024) Kat:3, Licht: 0,117067,3,3,5,09,12,5,0,0,1,0,0,0,0,0
"POINT (10.919968641000025 48.420882169000038)",Unfall 117152 (2024) Kat:3, Licht: 0,117152,3,3,5,09,06,4,0,0,1,0,0,0,1,0
"POINT (10.927418777000071 48.355175860000031)",Unfall 117153 (2024) Kat:3, Licht: 0,117153,3,3,5,09,11,4,0,0,1,1,0,0,0,0
"POINT (10.905362742000023 48.353173660000039)",Unfall 117155 (2024) Kat:3, Licht: 0,117155,3,1,2,09,14,4,0,0,0,1,0,0,0,0
"POINT (10.909884459000068 48.364334313000029)",Unfall 117190 (2024) Kat:3, Licht: 1,117190,3,2,4,09,06,2,1,1,1,1,0,0,0,0
"POINT (10.862206490000062 48.392272212000080)",Unfall 117249 (2024) Kat:3, Licht: 0,117249,3,6,2,11,08,5,0,0,0,1,0,0,0,0
"POINT (10.951141125000049 48.355353403000038)",Unfall 117373 (2024) Kat:3, Licht: 0,117373,3,6,2,11,15,2,0,0,0,1,0,0,0,0
"POINT (10.882280296000033 48.385721854000053)",Unfall 117529 (2024) Kat:3, Licht: 0,117529,3,1,8,10,16,5,0,0,0,1,0,0,0,0
"POINT (10.902103522000061 48.381887465000034)",Unfall 117701 (2024) Kat:3, Licht: 1,117701,3,6,1,10,18,2,0,1,0,1,0,0,0,0
"POINT (10.910251613000071 48.357689808000032)",Unfall 117758 (2024) Kat:3, Licht: 2,117758,3,2,4,10,20,1,0,2,0,1,0,0,0,0
"POINT (10.882062477000034 48.310219364000034)",Unfall 117797 (2024) Kat:2, Licht: 2,117797,2,2,5,10,19,7,0,2,0,1,0,0,0,0
"POINT (10.907884091000028 48.333934579000072)",Unfall 117798 (2024) Kat:3, Licht: 2,117798,3,3,0,10,18,7,0,2,1,1,0,0,0,0
"POINT (10.885478969000076 48.385686372000066)",Unfall 117912 (2024) Kat:3, Licht: 0,117912,3,2,3,10,09,5,0,0,1,1,0,0,0,0
"POINT (10.907654184000023 48.385825304000036)",Unfall 117913 (2024) Kat:3, Licht: 2,117913,3,7,5,10,18,5,0,2,0,0,0,0,0,1
"POINT (10.895990253000036 48.381011781000041)",Unfall 117989 (2024) Kat:3, Licht: 0,117989,3,2,4,10,13,4,0,0,1,1,0,0,0,0
"POINT (10.856404459000032 48.373452213000064)",Unfall 118287 (2024) Kat:3, Licht: 2,118287,3,2,4,10,20,6,1,2,0,1,0,0,0,0
"POINT (10.848888752000050 48.374515086000031)",Unfall 118288 (2024) Kat:3, Licht: 0,118288,3,6,2,10,16,6,1,0,0,1,0,0,0,0
"POINT (10.909777814000051 48.364171205000048)",Unfall 118289 (2024) Kat:3, Licht: 0,118289,3,4,6,10,13,6,0,0,1,0,1,0,0,0
"POINT (10.866834967000045 48.331449374000044)",Unfall 118375 (2024) Kat:3, Licht: 0,118375,3,7,0,10,16,5,0,0,1,0,0,0,0,0
"POINT (10.872822649000057 48.388922210000032)",Unfall 118458 (2024) Kat:3, Licht: 0,118458,3,6,2,10,16,4,0,0,0,1,0,1,0,0
"POINT (10.901955325000074 48.381616416000043)",Unfall 118459 (2024) Kat:3, Licht: 0,118459,3,4,6,10,07,4,0,0,0,1,1,0,0,0
"POINT (10.956185023000046 48.336568982000074)",Unfall 118592 (2024) Kat:3, Licht: 0,118592,3,6,2,10,07,2,0,0,0,1,0,0,0,0
"POINT (10.890616286000068 48.309602887000040)",Unfall 118593 (2024) Kat:3, Licht: 0,118593,3,3,5,10,13,2,0,0,1,1,0,0,0,0
"POINT (10.869427431000076 48.398542656000075)",Unfall 118700 (2024) Kat:3, Licht: 0,118700,3,6,2,10,14,7,0,0,0,1,0,0,0,0
"POINT (10.917347113000062 48.264728674000025)",Unfall 118701 (2024) Kat:3, Licht: 0,118701,3,6,2,10,14,7,0,0,0,1,0,0,0,0
"POINT (10.925838623000061 48.372968027000070)",Unfall 118702 (2024) Kat:3, Licht: 2,118702,3,6,3,10,20,7,1,2,0,1,0,0,1,0
"POINT (10.868081492000044 48.338318463000064)",Unfall 118937 (2024) Kat:3, Licht: 2,118937,3,2,5,10,20,4,0,2,0,1,0,1,0,0
"POINT (10.928827098000056 48.376289769000039)",Unfall 119144 (2024) Kat:3, Licht: 0,119144,3,6,3,10,15,1,0,0,0,1,0,0,0,0
"POINT (10.911181121000027 48.357167154000081)",Unfall 119381 (2024) Kat:3, Licht: 0,119381,3,1,0,10,16,2,0,0,0,0,0,1,0,0
"POINT (10.867826128000047 48.397278701000062)",Unfall 119410 (2024) Kat:3, Licht: 2,119410,3,6,2,10,17,3,0,2,0,1,0,1,0,0
"POINT (10.904124673000069 48.380953840000075)",Unfall 119423 (2024) Kat:3, Licht: 0,119423,3,3,5,10,17,4,0,0,0,1,0,0,0,0
"POINT (10.932022720000077 48.407958142000041)",Unfall 119504 (2024) Kat:3, Licht: 0,119504,3,6,2,10,12,3,0,0,0,1,0,0,0,0
"POINT (10.916440337000040 48.366770717000065)",Unfall 119507 (2024) Kat:3, Licht: 0,119507,3,3,0,10,07,3,0,0,0,1,0,0,0,0
"POINT (10.910378900000069 48.411392237000030)",Unfall 119609 (2024) Kat:3, Licht: 0,119609,3,6,2,09,14,2,0,0,0,1,0,0,0,0
"POINT (10.904000959000030 48.382319576000043)",Unfall 119659 (2024) Kat:2, Licht: 2,119659,2,6,2,10,04,3,1,2,0,1,1,1,0,0
"POINT (10.905057567000028 48.345959823000044)",Unfall 119676 (2024) Kat:3, Licht: 1,119676,3,2,4,10,06,2,1,1,1,1,0,0,0,0
"POINT (10.849164981000058 48.374327181000069)",Unfall 119828 (2024) Kat:3, Licht: 0,119828,3,6,2,11,07,5,1,0,0,1,0,0,0,0
"POINT (10.857600374000071 48.378867496000055)",Unfall 119956 (2024) Kat:3, Licht: 0,119956,3,6,3,11,07,3,1,0,0,1,0,0,1,0
"POINT (10.948185164000051 48.365752615000076)",Unfall 119959 (2024) Kat:3, Licht: 2,119959,3,3,5,11,05,3,1,2,1,1,0,0,0,0
"POINT (10.885592671000040 48.310050930000045)",Unfall 119960 (2024) Kat:3, Licht: 2,119960,3,3,5,11,07,3,1,2,0,1,0,0,0,0
"POINT (10.862762197000052 48.393756957000051)",Unfall 120020 (2024) Kat:3, Licht: 1,120020,3,6,2,11,06,2,0,1,0,1,0,0,0,1
"POINT (10.905842945000074 48.343530186000066)",Unfall 120196 (2024) Kat:3, Licht: 0,120196,3,6,2,11,12,7,0,0,0,1,0,0,0,0
"POINT (10.912170256000024 48.374182882000071)",Unfall 120337 (2024) Kat:3, Licht: 0,120337,3,3,5,11,12,4,0,0,0,1,0,0,0,1
"POINT (10.921264803000042 48.409924988000057)",Unfall 120399 (2024) Kat:3, Licht: 0,120399,3,1,9,11,13,3,1,0,0,1,0,0,0,0
"POINT (10.902996749000067 48.308248516000049)",Unfall 120404 (2024) Kat:3, Licht: 0,120404,3,3,5,11,08,3,1,0,0,1,0,0,0,0
"POINT (10.933939726000062 48.381892043000050)",Unfall 120476 (2024) Kat:3, Licht: 2,120476,3,7,0,11,06,2,1,2,1,0,0,0,0,0
"POINT (10.852693951000049 48.373825008000040)",Unfall 120545 (2024) Kat:3, Licht: 2,120545,3,6,2,11,20,1,1,2,0,1,0,0,0,0
"POINT (10.948178652000024 48.365755727000078)",Unfall 120624 (2024) Kat:3, Licht: 2,120624,3,3,5,11,05,6,0,2,1,1,0,0,0,0
"POINT (10.880053369000052 48.301267911000082)",Unfall 120683 (2024) Kat:3, Licht: 2,120683,3,6,2,11,16,5,0,2,0,1,0,0,0,1
"POINT (10.860768630000052 48.350997953000046)",Unfall 120819 (2024) Kat:3, Licht: 1,120819,3,6,2,11,17,3,0,1,0,1,0,0,0,0
"POINT (10.903376406000064 48.350612285000068)",Unfall 120914 (2024) Kat:3, Licht: 2,120914,3,6,2,11,19,6,1,2,0,1,0,0,0,0
"POINT (10.952552830000059 48.354958950000025)",Unfall 121426 (2024) Kat:3, Licht: 2,121426,3,3,6,12,18,7,0,2,0,1,1,0,0,0
"POINT (10.870757278000042 48.309180746000038)",Unfall 121427 (2024) Kat:3, Licht: 1,121427,3,1,8,12,16,7,0,1,0,1,0,0,0,0
"POINT (10.927954999000065 48.375327921000064)",Unfall 121532 (2024) Kat:3, Licht: 2,121532,3,3,5,12,23,3,0,2,0,1,0,0,0,1
"POINT (10.931726801000025 48.360004874000026)",Unfall 121610 (2024) Kat:3, Licht: 0,121610,3,3,5,12,13,1,1,0,1,1,0,0,0,0
"POINT (10.880515315000025 48.345697195000071)",Unfall 121682 (2024) Kat:3, Licht: 2,121682,3,6,2,12,16,6,1,2,0,1,0,0,0,0
"POINT (10.886017333000041 48.315343672000040)",Unfall 121815 (2024) Kat:3, Licht: 1,121815,3,6,2,12,07,4,0,1,0,1,0,0,0,0
"POINT (10.928950457000042 48.408312385000045)",Unfall 121816 (2024) Kat:3, Licht: 1,121816,3,6,3,12,16,4,0,1,0,1,0,0,1,0
"POINT (10.899210336000067 48.380039145000069)",Unfall 121863 (2024) Kat:3, Licht: 0,121863,3,6,2,12,07,3,0,0,0,1,0,0,0,0
"POINT (10.906487985000069 48.379118760000040)",Unfall 121864 (2024) Kat:3, Licht: 0,121864,3,7,0,12,09,3,0,0,0,0,0,1,0,0
"POINT (10.854684582000061 48.309114321000038)",Unfall 121928 (2024) Kat:3, Licht: 0,121928,3,6,2,12,14,2,0,0,0,1,0,1,0,0
"POINT (10.854882404000023 48.369815408000079)",Unfall 122109 (2024) Kat:3, Licht: 0,122109,3,6,2,12,15,5,0,0,0,1,0,0,0,0
"POINT (10.909854957000050 48.364292180000064)",Unfall 122110 (2024) Kat:3, Licht: 0,122110,3,1,2,12,10,5,0,0,0,1,0,0,0,0
"POINT (10.861446063000074 48.318988461000060)",Unfall 122111 (2024) Kat:3, Licht: 0,122111,3,6,2,12,11,5,0,0,0,1,0,0,0,0
"POINT (10.855692995000027 48.352959118000058)",Unfall 122323 (2024) Kat:3, Licht: 0,122323,3,6,2,12,08,2,0,0,0,1,0,0,0,0
"POINT (10.942478108000046 48.354882660000044)",Unfall 122432 (2024) Kat:3, Licht: 2,122432,3,5,1,12,20,7,1,2,0,1,0,0,0,1
"POINT (10.868068977000064 48.338240903000042)",Unfall 122490 (2024) Kat:3, Licht: 1,122490,3,2,6,12,07,6,1,1,0,1,1,0,0,0
"POINT (10.907374035000032 48.337484571000061)",Unfall 122567 (2024) Kat:3, Licht: 2,122567,3,6,2,12,19,5,0,2,0,1,0,0,0,0
"POINT (10.907529675000035 48.386146358000076)",Unfall 122701 (2024) Kat:3, Licht: 1,122701,3,6,2,12,07,3,0,1,0,1,0,0,0,0
"POINT (10.894339291000051 48.382309669000051)",Unfall 122702 (2024) Kat:3, Licht: 1,122702,3,6,2,12,16,3,0,1,0,1,0,0,0,0
"POINT (10.894556372000068 48.337768121000067)",Unfall 122793 (2024) Kat:3, Licht: 0,122793,3,6,2,12,10,4,0,0,0,1,0,0,0,0
"POINT (10.902111985000033 48.381728038000062)",Unfall 122870 (2024) Kat:3, Licht: 2,122870,3,3,5,12,06,4,0,2,1,1,0,0,0,0
"POINT (10.936924965000060 48.388174970000080)",Unfall 122938 (2024) Kat:3, Licht: 2,122938,3,2,3,12,21,7,0,2,1,1,0,0,0,0
"POINT (10.887615908000043 48.368870848000029)",Unfall 212517 (2024) Kat:2, Licht: 2,212517,2,6,2,01,21,6,0,2,0,1,0,0,0,0
"POINT (10.858810810000023 48.384984018000068)",Unfall 212550 (2024) Kat:2, Licht: 2,212550,2,7,0,01,17,5,0,2,1,1,0,0,0,0
"POINT (10.870208202000072 48.378539491000026)",Unfall 212585 (2024) Kat:3, Licht: 2,212585,3,2,6,01,17,4,2,2,0,1,1,0,0,0
"POINT (10.878113790000043 48.380152737000060)",Unfall 212621 (2024) Kat:3, Licht: 0,212621,3,4,6,01,14,3,0,0,0,0,1,0,1,0
"POINT (10.897729073000050 48.357102430000054)",Unfall 212622 (2024) Kat:3, Licht: 0,212622,3,5,1,01,15,3,0,0,1,1,0,0,0,0
"POINT (10.913922048000074 48.377060817000029)",Unfall 212650 (2024) Kat:3, Licht: 2,212650,3,2,5,01,18,2,0,2,0,1,0,0,0,1
"POINT (10.896893430000034 48.310337582000045)",Unfall 212651 (2024) Kat:2, Licht: 2,212651,2,1,0,01,21,2,2,2,1,0,0,0,0,0
"POINT (10.883558766000021 48.378908436000074)",Unfall 212652 (2024) Kat:3, Licht: 0,212652,3,4,6,01,14,2,1,0,0,1,1,0,0,0
"POINT (10.904154375000076 48.306255331000045)",Unfall 212691 (2024) Kat:3, Licht: 2,212691,3,1,0,01,05,7,1,2,0,0,0,0,0,1
"POINT (10.867230175000032 48.362348547000067)",Unfall 212714 (2024) Kat:3, Licht: 0,212714,3,3,5,01,11,6,0,0,0,1,0,0,0,0
"POINT (10.885928343000046 48.348075714000061)",Unfall 212715 (2024) Kat:3, Licht: 0,212715,3,1,8,01,13,6,0,0,0,1,0,1,0,0
"POINT (10.901549696000075 48.373218129000065)",Unfall 212762 (2024) Kat:3, Licht: 2,212762,3,4,6,01,17,4,1,2,0,1,1,0,0,0
"POINT (10.880461597000021 48.379351043000042)",Unfall 213542 (2024) Kat:2, Licht: 2,213542,2,6,0,02,19,2,0,2,0,1,0,0,0,1
"POINT (10.913900415000057 48.377014851000069)",Unfall 213543 (2024) Kat:3, Licht: 2,213543,3,7,0,02,19,2,0,2,1,0,0,0,0,1
"POINT (10.889028388000042 48.379405062000046)",Unfall 213544 (2024) Kat:3, Licht: 0,213544,3,4,6,02,16,2,0,0,0,1,1,0,0,0
"POINT (10.889915266000060 48.370157559000063)",Unfall 213562 (2024) Kat:3, Licht: 2,213562,3,6,2,02,00,1,0,2,0,1,0,0,0,0
"POINT (10.910223926000072 48.308155204000059)",Unfall 213576 (2024) Kat:3, Licht: 0,213576,3,5,6,02,09,7,0,0,0,1,1,0,0,0
"POINT (10.860055920000036 48.365419463000080)",Unfall 213633 (2024) Kat:2, Licht: 1,213633,2,4,6,02,07,5,1,1,0,1,1,0,0,0
"POINT (10.868476760000021 48.400105814000028)",Unfall 213634 (2024) Kat:3, Licht: 0,213634,3,6,2,02,12,5,0,0,0,1,0,0,0,0
"POINT (10.903207679000047 48.312006496000038)",Unfall 213635 (2024) Kat:3, Licht: 0,213635,3,2,0,02,13,5,1,0,1,0,0,0,0,0
"POINT (10.893203431000074 48.372837796000056)",Unfall 213661 (2024) Kat:3, Licht: 0,213661,3,4,6,02,07,4,0,0,0,1,1,0,0,0
"POINT (10.898073714000077 48.352526226000066)",Unfall 213705 (2024) Kat:3, Licht: 0,213705,3,1,6,02,13,3,0,0,1,0,1,0,0,0
"POINT (10.868197814000041 48.365128546000051)",Unfall 213726 (2024) Kat:3, Licht: 0,213726,3,3,5,02,13,2,0,0,0,1,0,0,0,0
"POINT (10.879856096000026 48.390172807000056)",Unfall 213727 (2024) Kat:3, Licht: 0,213727,3,1,0,02,12,2,0,0,1,0,0,0,0,0
"POINT (10.921682523000072 48.387777433000053)",Unfall 213728 (2024) Kat:3, Licht: 0,213728,3,7,0,02,12,2,0,0,0,0,0,0,0,1
"POINT (10.871358687000054 48.357033766000029)",Unfall 213760 (2024) Kat:3, Licht: 0,213760,3,7,5,02,12,1,0,0,0,1,0,0,0,0
"POINT (10.893985580000049 48.366669634000061)",Unfall 213778 (2024) Kat:3, Licht: 0,213778,3,3,0,02,11,7,0,0,1,0,0,0,0,0
"POINT (10.882502760000023 48.363896817000068)",Unfall 213779 (2024) Kat:3, Licht: 0,213779,3,1,2,02,11,7,0,0,0,1,0,0,0,0
"POINT (10.910602973000039 48.364118373000053)",Unfall 213780 (2024) Kat:3, Licht: 0,213780,3,1,0,02,12,7,0,0,1,0,0,0,0,0
"POINT (10.898803685000075 48.366596145000074)",Unfall 213781 (2024) Kat:3, Licht: 0,213781,3,4,6,02,13,7,0,0,1,0,1,0,0,0
"POINT (10.915364126000043 48.395069026000044)",Unfall 213826 (2024) Kat:3, Licht: 2,213826,3,4,6,02,19,6,0,2,0,1,1,0,0,0
"POINT (10.903910610000025 48.387330961000032)",Unfall 213852 (2024) Kat:3, Licht: 0,213852,3,6,4,02,08,5,1,0,1,1,0,0,0,0