WKT,Name,OBJECTID,UKATEGORIE,UTYP1,UART,UMONAT,USTUNDE,UWOCHENTAG,STRZUSTAND,ULICHTVERH,ISTRAD,ISTPKW,ISTFUSS,ISTKRAD,ISTGKFZ,ISTSONSTIG
"POINT (10.903581127000052 48.372935511000037)",Unfall 213853 (2024) Kat:3, Licht: 0,213853,3,3,5,02,08,5,1,0,1,1,0,0,0,0
"POINT (10.881006117000027 48.380545483000049)",Unfall 213891 (2024) Kat:3, Licht: 0,213891,3,3,5,01,08,4,0,0,0,1,0,0,0,0
"POINT (10.890006296000024 48.370223654000029)",Unfall 213892 (2024) Kat:3, Licht: 2,213892,3,3,5,01,02,4,0,2,0,1,0,0,0,0
"POINT (10.870462565000025 48.385707965000051)",Unfall 213925 (2024) Kat:3, Licht: 2,213925,3,1,0,01,21,3,0,2,0,0,0,0,0,1
"POINT (10.894228918000067 48.294377890000078)",Unfall 213926 (2024) Kat:3, Licht: 0,213926,3,2,0,01,16,3,0,0,1,0,0,0,0,0
"POINT (10.881162936000067 48.379902909000066)",Unfall 213927 (2024) Kat:3, Licht: 0,213927,3,5,3,01,16,3,0,0,1,1,0,0,0,0
"POINT (10.901006534000032 48.370655496000040)",Unfall 213968 (2024) Kat:3, Licht: 2,213968,3,2,4,01,18,2,0,2,1,1,0,0,0,0
"POINT (10.879711824000026 48.365247764000060)",Unfall 213992 (2024) Kat:3, Licht: 0,213992,3,3,5,02,10,6,0,0,1,1,0,0,0,0
"POINT (10.891312749000065 48.317110219000028)",Unfall 214049 (2024) Kat:3, Licht: 0,214049,3,6,2,01,14,7,0,0,0,1,0,0,0,0
"POINT (10.950323126000058 48.339459127000055)",Unfall 214050 (2024) Kat:3, Licht: 0,214050,3,2,6,01,10,7,1,0,0,1,1,0,0,0
"POINT (10.914942535000023 48.356467010000074)",Unfall 214051 (2024) Kat:3, Licht: 0,214051,3,3,5,01,16,7,0,0,1,0,0,0,0,0
"POINT (10.893712342000072 48.365001349000067)",Unfall 214052 (2024) Kat:3, Licht: 2,214052,3,7,6,01,02,7,0,2,0,1,1,0,0,0
"POINT (10.912476528000070 48.374692985000081)",Unfall 214053 (2024) Kat:3, Licht: 0,214053,3,7,8,01,14,7,0,0,1,0,0,0,0,0
"POINT (10.868839204000039 48.399455871000043)",Unfall 214091 (2024) Kat:3, Licht: 2,214091,3,3,5,02,21,5,0,2,0,1,0,0,0,0
"POINT (10.890249848000053 48.368473164000079)",Unfall 214094 (2024) Kat:3, Licht: 2,214094,3,1,0,01,20,6,1,2,1,0,0,0,0,0
"POINT (10.901391451000052 48.361958896000033)",Unfall 214095 (2024) Kat:3, Licht: 2,214095,3,1,0,01,00,6,0,2,1,0,0,0,0,0
"POINT (10.856621462000021 48.373430146000032)",Unfall 214208 (2024) Kat:3, Licht: 0,214208,3,6,2,01,19,3,0,0,0,1,0,0,0,0
"POINT (10.878558593000037 48.379989124000076)",Unfall 214266 (2024) Kat:3, Licht: 0,214266,3,4,6,01,16,2,1,0,0,1,1,0,0,0
"POINT (10.878569800000037 48.380046923000066)",Unfall 214267 (2024) Kat:3, Licht: 0,214267,3,6,3,01,09,2,0,0,1,0,0,0,0,0
"POINT (10.884174096000038 48.394244196000045)",Unfall 214292 (2024) Kat:3, Licht: 1,214292,3,3,5,01,19,1,0,1,0,1,0,0,0,0
"POINT (10.896083367000074 48.374351829000034)",Unfall 214293 (2024) Kat:3, Licht: 0,214293,3,6,2,01,10,1,0,0,0,1,0,0,0,0
"POINT (10.894564910000042 48.346030017000032)",Unfall 214336 (2024) Kat:2, Licht: 0,214336,2,1,6,01,15,6,0,0,0,1,1,0,0,0
"POINT (10.898283680000077 48.376938345000042)",Unfall 214337 (2024) Kat:3, Licht: 1,214337,3,2,6,01,07,6,1,1,0,1,1,0,0,0
"POINT (10.900182153000060 48.370657230000063)",Unfall 214348 (2024) Kat:3, Licht: 0,214348,3,6,3,02,13,3,0,0,1,1,0,0,0,0
"POINT (10.851695653000036 48.385664498000040)",Unfall 214414 (2024) Kat:3, Licht: 2,214414,3,2,4,01,17,4,0,2,0,1,0,0,0,1
"POINT (10.868086489000063 48.365827517000071)",Unfall 214435 (2024) Kat:3, Licht: 2,214435,3,1,0,01,05,3,2,2,0,0,0,1,0,0
"POINT (10.868793000000039 48.372063517000072)",Unfall 214436 (2024) Kat:3, Licht: 0,214436,3,6,2,01,16,3,1,0,0,1,0,0,0,0
"POINT (10.898812303000057 48.336575371000038)",Unfall 214437 (2024) Kat:3, Licht: 0,214437,3,3,5,01,15,3,0,0,0,1,0,0,0,0
"POINT (10.901266626000051 48.367689142000074)",Unfall 214486 (2024) Kat:3, Licht: 0,214486,3,7,0,01,12,2,0,0,1,0,0,0,0,0
"POINT (10.902451143000064 48.366117783000050)",Unfall 214544 (2024) Kat:3, Licht: 0,214544,3,6,1,01,09,7,0,0,1,1,0,0,0,0
"POINT (10.890117780000026 48.370303286000080)",Unfall 214545 (2024) Kat:3, Licht: 2,214545,3,3,5,01,01,7,2,2,0,1,0,0,0,0
"POINT (10.877386371000057 48.361804679000045)",Unfall 214592 (2024) Kat:3, Licht: 0,214592,3,3,5,03,16,3,1,0,0,1,0,1,0,0
"POINT (10.898524690000045 48.297154798000065)",Unfall 214593 (2024) Kat:3, Licht: 0,214593,3,3,3,03,15,3,1,0,0,1,0,0,0,0
"POINT (10.909992689000035 48.371462175000033)",Unfall 214647 (2024) Kat:3, Licht: 0,214647,3,6,2,03,07,2,0,0,0,1,0,0,0,0
"POINT (10.916147661000025 48.368007510000041)",Unfall 214683 (2024) Kat:3, Licht: 2,214683,3,1,0,03,04,1,0,2,0,0,0,1,0,0
"POINT (10.894047578000027 48.338976622000075)",Unfall 214715 (2024) Kat:3, Licht: 0,214715,3,1,6,03,16,7,0,0,0,1,1,0,0,0
"POINT (10.913977669000076 48.394778957000028)",Unfall 214733 (2024) Kat:3, Licht: 1,214733,3,3,5,03,18,7,0,1,1,0,0,0,0,0
"POINT (10.873884169000064 48.340537438000069)",Unfall 214758 (2024) Kat:3, Licht: 0,214758,3,1,0,03,12,6,0,0,0,0,0,0,0,1
"POINT (10.883288085000061 48.375562014000081)",Unfall 214794 (2024) Kat:3, Licht: 0,214794,3,7,6,03,08,5,0,0,1,0,1,0,0,0
"POINT (10.875506715000029 48.364096275000065)",Unfall 214820 (2024) Kat:3, Licht: 0,214820,3,6,2,03,16,4,1,0,0,1,0,0,0,0
"POINT (10.865119611000068 48.358392073000061)",Unfall 214848 (2024) Kat:3, Licht: 2,214848,3,3,5,03,19,1,1,2,0,1,0,0,0,0
"POINT (10.870033968000030 48.372806479000076)",Unfall 214861 (2024) Kat:3, Licht: 0,214861,3,3,5,03,14,3,0,0,0,1,0,0,0,0
"POINT (10.898427473000027 48.370577837000042)",Unfall 214898 (2024) Kat:3, Licht: 0,214898,3,1,0,03,11,2,0,0,1,0,0,0,0,0
"POINT (10.910146034000036 48.403953223000030)",Unfall 214900 (2024) Kat:2, Licht: 0,214900,2,6,3,03,08,2,0,0,1,0,0,0,0,0
"POINT (10.868741922000027 48.342056201000048)",Unfall 214901 (2024) Kat:3, Licht: 2,214901,3,1,5,03,18,2,1,2,0,1,0,0,0,1
"POINT (10.896103339000035 48.374335178000081)",Unfall 214902 (2024) Kat:3, Licht: 2,214902,3,4,6,03,18,2,0,2,0,1,1,0,0,0
"POINT (10.889008184000033 48.367779968000036)",Unfall 214903 (2024) Kat:3, Licht: 0,214903,3,6,3,03,08,2,0,0,1,0,0,1,0,0
"POINT (10.908687064000048 48.354850462000059)",Unfall 214927 (2024) Kat:3, Licht: 0,214927,3,1,0,03,14,1,0,0,1,1,0,0,0,0
"POINT (10.905238086000054 48.307265217000065)",Unfall 214977 (2024) Kat:3, Licht: 2,214977,3,1,8,03,03,7,0,2,1,0,0,0,0,0
"POINT (10.868745691000072 48.342055878000053)",Unfall 214978 (2024) Kat:2, Licht: 2,214978,2,3,6,03,19,7,0,2,0,1,1,0,0,0
"POINT (10.915513016000034 48.364322535000042)",Unfall 215054 (2024) Kat:3, Licht: 0,215054,3,1,5,02,08,5,0,0,1,1,0,0,0,0
"POINT (10.865797822000047 48.372491060000073)",Unfall 215122 (2024) Kat:3, Licht: 2,215122,3,6,2,02,19,3,0,2,0,1,0,0,0,0
"POINT (10.901653517000057 48.300318910000044)",Unfall 215123 (2024) Kat:3, Licht: 1,215123,3,2,1,02,18,3,0,1,0,1,0,0,0,0
"POINT (10.878963731000056 48.350967982000043)",Unfall 215124 (2024) Kat:3, Licht: 0,215124,3,1,4,02,14,3,0,0,1,0,0,0,0,0
"POINT (10.892168139000034 48.367981807000035)",Unfall 215125 (2024) Kat:3, Licht: 2,215125,3,6,4,02,06,3,0,2,0,1,0,0,0,0
"POINT (10.903644686000064 48.366056602000072)",Unfall 215126 (2024) Kat:3, Licht: 0,215126,3,6,6,02,07,3,0,0,1,0,1,0,0,0
"POINT (10.911866054000029 48.386569920000056)",Unfall 215154 (2024) Kat:3, Licht: 0,215154,3,5,1,02,16,2,0,0,1,1,0,0,0,0
"POINT (10.924364375000039 48.319574969000030)",Unfall 215190 (2024) Kat:3, Licht: 0,215190,3,1,0,02,12,1,0,0,1,0,0,0,0,0
"POINT (10.881257733000041 48.379213547000063)",Unfall 215247 (2024) Kat:3, Licht: 1,215247,3,2,3,02,18,6,0,1,1,1,0,0,0,0
"POINT (10.894576261000054 48.369028636000053)",Unfall 215248 (2024) Kat:3, Licht: 0,215248,3,7,1,02,11,6,0,0,1,1,0,0,0,0
"POINT (10.852925240000047 48.379826221000030)",Unfall 215292 (2024) Kat:3, Licht: 0,215292,3,1,0,02,07,5,1,0,1,0,0,0,0,0
"POINT (10.916935782000053 48.378893274000063)",Unfall 215293 (2024) Kat:3, Licht: 1,215293,3,5,1,02,18,5,0,1,1,1,0,0,0,0
"POINT (10.887307794000037 48.366088182000055)",Unfall 215294 (2024) Kat:3, Licht: 0,215294,3,4,6,02,07,5,1,0,0,1,1,0,0,0
"POINT (10.900929605000044 48.370678883000039)",Unfall 215295 (2024) Kat:3, Licht: 2,215295,3,2,3,02,21,5,1,2,1,1,0,0,0,0
"POINT (10.891433820000032 48.366282446000071)",Unfall 215296 (2024) Kat:3, Licht: 2,215296,3,7,0,02,00,5,0,2,1,0,0,0,0,0
"POINT (10.875004839000042 48.370907208000062)",Unfall 215349 (2024) Kat:3, Licht: 0,215349,3,6,2,02,15,4,0,0,0,1,0,0,0,1
"POINT (10.883667313000046 48.369872590000057)",Unfall 215350 (2024) Kat:3, Licht: 0,215350,3,7,3,02,08,4,0,0,1,1,0,0,0,0
"POINT (10.853480920000038 48.372534687000041)",Unfall 215390 (2024) Kat:3, Licht: 0,215390,3,5,1,02,08,3,1,0,1,1,0,0,0,0
"POINT (10.944516633000035 48.349611932000073)",Unfall 215391 (2024) Kat:3, Licht: 0,215391,3,5,1,02,15,3,0,0,0,1,0,0,0,0
"POINT (10.898734457000046 48.336595419000048)",Unfall 215437 (2024) Kat:3, Licht: 0,215437,3,2,5,02,17,2,0,0,1,1,0,0,0,0
"POINT (10.898217330000023 48.368047808000028)",Unfall 215438 (2024) Kat:3, Licht: 2,215438,3,7,0,02,18,2,0,2,1,0,0,0,0,0
"POINT (10.886341296000069 48.376364518000059)",Unfall 215464 (2024) Kat:3, Licht: 0,215464,3,6,0,04,17,4,0,0,1,0,1,0,0,0
"POINT (10.850790213000039 48.379729494000060)",Unfall 215479 (2024) Kat:3, Licht: 2,215479,3,7,6,02,02,1,0,2,0,1,1,0,0,0
"POINT (10.915073928000027 48.379776071000038)",Unfall 215480 (2024) Kat:2, Licht: 2,215480,2,5,5,02,19,1,0,2,1,1,0,0,0,0
"POINT (10.872067692000030 48.365314656000066)",Unfall 215507 (2024) Kat:3, Licht: 0,215507,3,3,5,02,09,7,0,0,0,1,0,0,0,0
"POINT (10.848767454000040 48.336607602000072)",Unfall 215508 (2024) Kat:3, Licht: 0,215508,3,2,5,02,16,7,0,0,1,1,0,0,0,0
"POINT (10.878162467000038 48.381416773000069)",Unfall 215539 (2024) Kat:3, Licht: 0,215539,3,3,5,02,07,6,0,0,1,0,0,0,0,0
"POINT (10.888477821000038 48.377777713000057)",Unfall 215540 (2024) Kat:3, Licht: 0,215540,3,6,2,02,13,6,0,0,1,1,0,0,0,0
"POINT (10.899861235000060 48.369513111000060)",Unfall 215541 (2024) Kat:3, Licht: 2,215541,3,1,0,02,02,6,0,2,1,0,0,0,0,0
"POINT (10.948032138000030 48.355850586000031)",Unfall 215618 (2024) Kat:3, Licht: 0,215618,3,3,5,02,10,4,0,0,0,1,0,0,0,0
"POINT (10.883205872000076 48.376205751000043)",Unfall 215686 (2024) Kat:3, Licht: 2,215686,3,7,0,04,23,5,0,2,1,0,0,0,0,0
"POINT (10.820873601000073 48.314410488000078)",Unfall 215724 (2024) Kat:2, Licht: 0,215724,2,1,9,04,15,4,1,0,0,1,0,0,0,0
"POINT (10.846702423000067 48.392744068000070)",Unfall 215761 (2024) Kat:3, Licht: 2,215761,3,1,0,04,21,3,0,2,0,0,0,1,0,0
"POINT (10.904982568000037 48.370271330000037)",Unfall 215762 (2024) Kat:3, Licht: 0,215762,3,7,6,04,14,3,0,0,0,0,1,0,0,1
"POINT (10.893554988000062 48.365006764000043)",Unfall 215817 (2024) Kat:3, Licht: 0,215817,3,3,5,03,12,1,0,0,0,1,0,0,0,0
"POINT (10.853552153000066 48.352627140000038)",Unfall 215854 (2024) Kat:3, Licht: 0,215854,3,3,5,03,12,7,0,0,1,1,0,0,0,0
"POINT (10.914663780000069 48.378844693000076)",Unfall 215855 (2024) Kat:3, Licht: 0,215855,3,7,0,03,12,7,0,0,0,1,0,0,0,1
"POINT (10.886580763000040 48.366904460000057)",Unfall 215856 (2024) Kat:3, Licht: 0,215856,3,7,0,03,17,7,0,0,1,0,0,0,0,0
"POINT (10.871858799000051 48.398878215000082)",Unfall 215877 (2024) Kat:3, Licht: 0,215877,3,6,1,04,10,5,0,0,0,1,0,0,1,0
"POINT (10.877922736000073 48.370045439000080)",Unfall 215887 (2024) Kat:3, Licht: 1,215887,3,6,0,04,05,4,0,1,0,1,0,0,0,0
"POINT (10.922443765000025 48.378802836000034)",Unfall 215938 (2024) Kat:3, Licht: 0,215938,3,1,0,03,09,5,0,0,1,0,0,0,0,0
"POINT (10.896573230000058 48.356226884000080)",Unfall 215982 (2024) Kat:2, Licht: 2,215982,2,1,0,03,23,4,1,2,1,0,0,0,0,0
"POINT (10.870305163000069 48.380851341000039)",Unfall 216026 (2024) Kat:3, Licht: 0,216026,3,1,0,03,08,3,0,0,0,0,0,1,0,0
"POINT (10.875140687000055 48.379976759000044)",Unfall 216027 (2024) Kat:3, Licht: 0,216027,3,7,0,03,17,3,0,0,0,1,1,0,0,0
"POINT (10.879031498000074 48.343934616000070)",Unfall 216068 (2024) Kat:3, Licht: 0,216068,3,6,3,03,16,2,0,0,1,1,0,0,0,0
"POINT (10.871331331000022 48.371718459000078)",Unfall 216070 (2024) Kat:3, Licht: 0,216070,3,6,2,03,16,2,0,0,0,1,0,0,0,0
"POINT (10.867281010000056 48.362704462000067)",Unfall 216071 (2024) Kat:2, Licht: 0,216071,2,3,2,03,13,2,0,0,1,1,0,0,0,0
"POINT (10.847562731000039 48.379448703000037)",Unfall 216072 (2024) Kat:3, Licht: 0,216072,3,2,4,03,15,2,0,0,1,1,0,0,0,0
"POINT (10.864483303000043 48.372622639000042)",Unfall 216073 (2024) Kat:2, Licht: 0,216073,2,7,0,03,14,2,0,0,0,0,0,0,0,1
"POINT (10.870351030000052 48.371939807000047)",Unfall 216074 (2024) Kat:3, Licht: 0,216074,3,6,2,03,11,2,0,0,0,1,0,0,0,0
"POINT (10.880426979000049 48.392785351000043)",Unfall 216075 (2024) Kat:3, Licht: 0,216075,3,3,5,03,16,2,0,0,1,1,0,0,0,0
"POINT (10.885464221000063 48.385588811000048)",Unfall 216076 (2024) Kat:3, Licht: 0,216076,3,2,3,03,14,2,0,0,1,0,0,0,1,0
"POINT (10.912211042000024 48.373990679000030)",Unfall 216077 (2024) Kat:3, Licht: 0,216077,3,7,0,03,18,2,0,0,1,0,0,0,0,0
"POINT (10.901008907000062 48.370635837000066)",Unfall 216110 (2024) Kat:3, Licht: 2,216110,3,3,5,03,00,1,1,2,0,0,0,0,0,1
"POINT (10.903546735000077 48.304971085000034)",Unfall 216129 (2024) Kat:3, Licht: 0,216129,3,1,0,03,06,7,0,0,0,0,0,0,0,1
"POINT (10.858727192000060 48.384993077000047)",Unfall 216139 (2024) Kat:3, Licht: 0,216139,3,6,2,03,15,7,0,0,0,1,0,0,0,0
"POINT (10.880946137000024 48.353146700000082)",Unfall 216173 (2024) Kat:3, Licht: 0,216173,3,1,0,03,08,6,0,0,1,0,0,0,0,0
"POINT (10.909725146000028 48.370298432000027)",Unfall 216174 (2024) Kat:2, Licht: 0,216174,2,6,3,03,16,6,0,0,0,1,0,1,0,0
"POINT (10.883006485000067 48.369267211000079)",Unfall 216175 (2024) Kat:3, Licht: 0,216175,3,3,5,03,08,6,0,0,0,1,0,0,0,1
"POINT (10.898984240000061 48.337473484000043)",Unfall 216222 (2024) Kat:3, Licht: 0,216222,3,3,5,03,08,5,0,0,1,1,0,0,0,0
"POINT (10.878415846000053 48.370127210000078)",Unfall 216273 (2024) Kat:2, Licht: 0,216273,2,7,0,03,17,4,0,0,1,0,0,0,0,0
"POINT (10.870689405000064 48.332572095000046)",Unfall 216274 (2024) Kat:3, Licht: 0,216274,3,3,5,03,08,4,0,0,1,1,0,0,0,0
"POINT (10.929940142000021 48.397063933000027)",Unfall 216330 (2024) Kat:3, Licht: 0,216330,3,6,2,03,16,5,0,0,0,1,0,0,1,0
"POINT (10.860575271000073 48.373022833000050)",Unfall 216343 (2024) Kat:3, Licht: 0,216343,3,6,1,03,16,3,0,0,0,1,0,0,0,0
"POINT (10.937431312000058 48.343869285000039)",Unfall 216344 (2024) Kat:3, Licht: 0,216344,3,1,0,03,17,3,0,0,1,0,0,0,0,0
"POINT (10.885889951000024 48.347013069000070)",Unfall 216345 (2024) Kat:3, Licht: 0,216345,3,3,5,03,17,3,0,0,0,1,0,0,0,0
"POINT (10.871343536000040 48.381337345000077)",Unfall 216402 (2024) Kat:3, Licht: 0,216402,3,6,2,03,16,2,1,0,0,1,0,0,0,1
"POINT (10.892836968000040 48.371022534000076)",Unfall 216485 (2024) Kat:3, Licht: 0,216485,3,3,5,03,18,7,0,0,0,1,0,0,0,0
"POINT (10.869645236000054 48.381276378000052)",Unfall 216486 (2024) Kat:3, Licht: 0,216486,3,6,2,03,16,7,0,0,0,1,0,0,0,0
"POINT (10.910423502000071 48.379019139000036)",Unfall 216541 (2024) Kat:3, Licht: 0,216541,3,1,0,03,09,6,0,0,1,0,0,0,0,0
"POINT (10.934616981000033 48.396311823000076)",Unfall 216542 (2024) Kat:3, Licht: 0,216542,3,3,5,03,14,6,0,0,0,1,0,0,0,0
"POINT (10.891888640000047 48.362126379000074)",Unfall 216543 (2024) Kat:3, Licht: 0,216543,3,4,6,03,16,6,0,0,0,1,1,0,0,0
"POINT (10.933239634000074 48.387706196000067)",Unfall 216599 (2024) Kat:3, Licht: 0,216599,3,3,5,03,08,5,0,0,1,1,0,0,0,0
"POINT (10.917650398000035 48.380946710000046)",Unfall 216601 (2024) Kat:3, Licht: 0,216601,3,2,5,03,10,5,0,0,0,1,0,0,0,0
"POINT (10.915126199000042 48.362513851000074)",Unfall 216602 (2024) Kat:3, Licht: 0,216602,3,3,0,03,17,5,0,0,1,0,0,0,0,0
"POINT (10.899474421000036 48.367334610000057)",Unfall 216603 (2024) Kat:3, Licht: 0,216603,3,7,0,03,09,5,1,0,0,0,1,0,1,0
"POINT (10.901234611000064 48.366873626000029)",Unfall 216605 (2024) Kat:3, Licht: 0,216605,3,7,0,03,11,5,1,0,1,0,0,0,1,0
"POINT (10.901889842000060 48.364238745000080)",Unfall 216606 (2024) Kat:3, Licht: 0,216606,3,7,0,03,08,5,1,0,1,0,0,0,1,0
"POINT (10.901903461000074 48.364211798000042)",Unfall 216607 (2024) Kat:3, Licht: 0,216607,3,7,0,03,08,5,1,0,1,0,0,0,1,0
"POINT (10.899302646000024 48.366564281000080)",Unfall 216666 (2024) Kat:3, Licht: 0,216666,3,6,6,03,10,4,0,0,0,1,1,0,0,0
"POINT (10.897750428000052 48.371330394000040)",Unfall 216667 (2024) Kat:3, Licht: 0,216667,3,7,0,03,08,4,1,0,1,0,0,0,0,0
"POINT (10.871615165000037 48.358816844000046)",Unfall 216676 (2024) Kat:3, Licht: 0,216676,3,4,6,04,16,1,1,0,1,0,1,0,0,0
"POINT (10.916159520000065 48.379629487000045)",Unfall 216716 (2024) Kat:3, Licht: 0,216716,3,1,0,04,11,6,1,0,1,0,0,0,0,0
"POINT (10.904624808000051 48.370301709000046)",Unfall 216717 (2024) Kat:3, Licht: 0,216717,3,3,5,04,13,6,1,0,0,1,0,0,0,1
"POINT (10.879569496000045 48.337711146000061)",Unfall 216755 (2024) Kat:3, Licht: 0,216755,3,1,2,04,15,5,1,0,0,1,0,0,0,0
"POINT (10.885795015000042 48.345053387000064)",Unfall 216796 (2024) Kat:3, Licht: 0,216796,3,1,2,04,14,4,1,0,0,1,0,0,0,0
"POINT (10.893589829000064 48.364586003000056)",Unfall 216797 (2024) Kat:3, Licht: 0,216797,3,4,0,04,17,4,1,0,1,0,1,0,0,0
"POINT (10.880820926000069 48.386227118000079)",Unfall 216846 (2024) Kat:2, Licht: 0,216846,2,4,6,04,18,3,0,0,0,1,1,0,0,0
"POINT (10.898542979000069 48.376604940000050)",Unfall 216847 (2024) Kat:3, Licht: 0,216847,3,6,0,04,08,3,1,0,0,1,0,1,0,0
"POINT (10.917217002000029 48.390515578000077)",Unfall 216896 (2024) Kat:3, Licht: 0,216896,3,7,6,04,18,2,0,0,0,1,1,0,0,0
"POINT (10.919972571000073 48.380417448000060)",Unfall 216897 (2024) Kat:3, Licht: 0,216897,3,3,4,04,14,2,1,0,0,1,0,0,0,0
"POINT (10.952320879000069 48.355962026000043)",Unfall 216898 (2024) Kat:3, Licht: 0,216898,3,1,2,04,16,2,0,0,0,1,0,0,0,0
"POINT (10.875835034000033 48.370563839000056)",Unfall 216959 (2024) Kat:3, Licht: 0,216959,3,7,4,04,13,1,0,0,1,0,0,0,0,0
"POINT (10.907519301000036 48.396911230000057)",Unfall 216960 (2024) Kat:3, Licht: 0,216960,3,5,1,04,14,1,0,0,1,1,0,0,0,0
"POINT (10.908687064000048 48.354850462000059)",Unfall 216961 (2024) Kat:3, Licht: 0,216961,3,3,5,04,13,1,0,0,0,1,0,0,0,0
"POINT (10.884965483000030 48.370995095000069)",Unfall 216962 (2024) Kat:3, Licht: 0,216962,3,3,5,04,17,1,0,0,1,0,0,0,0,1
"POINT (10.899329896000040 48.365496339000060)",Unfall 216963 (2024) Kat:3, Licht: 0,216963,3,5,1,04,15,1,0,0,1,1,0,0,0,0
"POINT (10.897874238000043 48.359832301000040)",Unfall 216964 (2024) Kat:2, Licht: 0,216964,2,1,0,04,16,1,0,0,0,0,0,0,0,1
"POINT (10.863160464000032 48.378552574000025)",Unfall 217044 (2024) Kat:3, Licht: 0,217044,3,3,5,04,17,7,0,0,0,1,0,1,0,0
"POINT (10.875807268000074 48.370751114000029)",Unfall 217045 (2024) Kat:3, Licht: 2,217045,3,6,3,04,21,7,0,2,0,1,0,1,0,0
"POINT (10.880471389000036 48.382228099000031)",Unfall 217046 (2024) Kat:3, Licht: 2,217046,3,4,0,04,21,7,0,2,0,1,1,0,0,0
"POINT (10.887392998000053 48.372231762000069)",Unfall 217047 (2024) Kat:3, Licht: 0,217047,3,7,4,04,19,7,0,0,0,1,0,1,0,0
"POINT (10.890045643000065 48.370252024000081)",Unfall 217048 (2024) Kat:3, Licht: 2,217048,3,3,5,04,01,7,0,2,0,1,0,0,0,0
"POINT (10.907926519000057 48.370365828000047)",Unfall 217131 (2024) Kat:3, Licht: 0,217131,3,6,3,04,12,6,0,0,1,1,0,0,0,0
"POINT (10.890718408000055 48.314878521000026)",Unfall 217132 (2024) Kat:3, Licht: 0,217132,3,1,1,04,16,6,0,0,0,1,0,0,0,0
"POINT (10.882373881000035 48.366053988000033)",Unfall 217134 (2024) Kat:3, Licht: 0,217134,3,1,6,04,13,6,0,0,0,1,1,0,0,0
"POINT (10.825356196000030 48.333573162000050)",Unfall 217135 (2024) Kat:3, Licht: 0,217135,3,1,0,04,11,6,0,0,1,0,0,0,0,0
"POINT (10.899877253000056 48.377198319000058)",Unfall 217136 (2024) Kat:3, Licht: 0,217136,3,7,0,04,18,6,0,0,1,0,0,0,0,0
"POINT (10.892665505000025 48.353249700000049)",Unfall 217151 (2024) Kat:3, Licht: 0,217151,3,3,5,04,10,2,1,0,1,1,0,0,0,0
"POINT (10.854130949000023 48.336790615000041)",Unfall 217217 (2024) Kat:3, Licht: 2,217217,3,7,0,04,05,5,1,2,0,0,0,1,0,0
"POINT (10.879264913000043 48.344826676000025)",Unfall 217218 (2024) Kat:3, Licht: 0,217218,3,2,1,04,11,5,0,0,0,1,0,0,0,1
"POINT (10.928384288000075 48.373246120000033)",Unfall 217281 (2024) Kat:3, Licht: 0,217281,3,1,0,04,14,4,0,0,0,1,0,1,0,0
"POINT (10.901505151000038 48.352285040000027)",Unfall 217282 (2024) Kat:3, Licht: 0,217282,3,3,4,04,12,4,0,0,1,0,0,0,1,0
"POINT (10.892437240000049 48.360280476000071)",Unfall 217283 (2024) Kat:3, Licht: 0,217283,3,2,3,04,18,4,0,0,1,1,0,0,0,0
"POINT (10.916109991000042 48.362871361000032)",Unfall 217338 (2024) Kat:3, Licht: 0,217338,3,1,0,04,13,3,0,0,1,0,0,0,0,0
"POINT (10.892978786000072 48.369207663000054)",Unfall 217339 (2024) Kat:3, Licht: 0,217339,3,6,2,04,15,3,0,0,0,1,0,1,0,0
"POINT (10.888384580000036 48.373483194000073)",Unfall 217423 (2024) Kat:3, Licht: 0,217423,3,1,0,04,13,2,0,0,1,0,0,0,0,0
"POINT (10.864452513000060 48.362969981000049)",Unfall 217425 (2024) Kat:3, Licht: 0,217425,3,1,0,04,13,2,0,0,1,0,0,0,0,0
"POINT (10.917988323000031 48.380905999000049)",Unfall 217426 (2024) Kat:3, Licht: 0,217426,3,6,2,04,10,2,0,0,0,1,0,1,0,0
"POINT (10.894065244000046 48.364905124000074)",Unfall 217548 (2024) Kat:3, Licht: 0,217548,3,6,1,04,17,1,0,0,0,1,0,0,0,0
"POINT (10.881247387000030 48.387905154000066)",Unfall 217592 (2024) Kat:3, Licht: 0,217592,3,6,2,04,20,7,0,0,0,1,0,0,0,0
"POINT (10.931472187000054 48.371097040000052)",Unfall 217593 (2024) Kat:3, Licht: 0,217593,3,3,5,04,08,7,0,0,1,0,0,0,0,0
"POINT (10.913406505000069 48.376275016000079)",Unfall 217594 (2024) Kat:3, Licht: 0,217594,3,6,3,04,13,7,0,0,1,0,0,0,0,0
"POINT (10.875632995000046 48.350344109000048)",Unfall 217595 (2024) Kat:3, Licht: 0,217595,3,1,2,04,11,7,0,0,0,1,0,0,0,0
"POINT (10.887394659000051 48.385209980000070)",Unfall 217603 (2024) Kat:3, Licht: 0,217603,3,6,1,04,11,7,0,0,0,1,0,0,0,0
"POINT (10.904394079000042 48.363993108000045)",Unfall 217620 (2024) Kat:3, Licht: 0,217620,3,1,0,04,17,5,0,0,1,0,0,0,0,0
"POINT (10.868912475000059 48.382097123000051)",Unfall 217690 (2024) Kat:3, Licht: 0,217690,3,4,6,04,07,6,0,0,0,1,1,0,0,0