WKT,Name,OBJECTID,UKATEGORIE,UTYP1,UART,UMONAT,USTUNDE,UWOCHENTAG,STRZUSTAND,ULICHTVERH,ISTRAD,ISTPKW,ISTFUSS,ISTKRAD,ISTGKFZ,ISTSONSTIG
"POINT (10.851440731000025 48.385684826000045)",Unfall 217691 (2024) Kat:3, Licht: 0,217691,3,6,2,04,14,6,0,0,0,1,0,0,0,0
"POINT (10.881543041000043 48.391036465000070)",Unfall 217693 (2024) Kat:3, Licht: 0,217693,3,3,5,04,13,6,0,0,0,1,0,0,0,1
"POINT (10.916022715000054 48.387909353000055)",Unfall 217695 (2024) Kat:3, Licht: 0,217695,3,6,0,04,11,6,0,0,0,1,0,1,0,0
"POINT (10.952116553000053 48.339861496000026)",Unfall 217696 (2024) Kat:3, Licht: 0,217696,3,6,3,04,17,6,0,0,1,1,0,0,0,0
"POINT (10.904878531000065 48.336306514000057)",Unfall 217697 (2024) Kat:3, Licht: 0,217697,3,3,5,04,12,6,0,0,1,1,0,0,0,0
"POINT (10.890134017000037 48.312000280000063)",Unfall 217699 (2024) Kat:2, Licht: 0,217699,2,3,5,04,13,6,0,0,0,1,0,1,0,0
"POINT (10.898943813000074 48.370939667000073)",Unfall 217701 (2024) Kat:3, Licht: 0,217701,3,7,0,04,18,6,0,0,1,0,0,0,0,0
"POINT (10.864122273000021 48.365415476000067)",Unfall 217741 (2024) Kat:3, Licht: 2,217741,3,1,0,05,20,4,1,2,0,0,0,1,0,0
"POINT (10.893015137000077 48.403155143000049)",Unfall 217742 (2024) Kat:3, Licht: 0,217742,3,5,1,05,15,4,0,0,0,1,0,0,0,0
"POINT (10.879613140000060 48.379532228000073)",Unfall 217743 (2024) Kat:3, Licht: 0,217743,3,3,5,05,08,4,0,0,1,1,0,0,0,0
"POINT (10.904007498000055 48.363232889000074)",Unfall 217744 (2024) Kat:2, Licht: 0,217744,2,1,0,05,15,4,0,0,0,0,0,0,0,1
"POINT (10.901509864000047 48.352295826000045)",Unfall 217796 (2024) Kat:3, Licht: 0,217796,3,1,0,05,09,3,0,0,1,1,0,0,0,0
"POINT (10.897434787000066 48.365371960000061)",Unfall 217797 (2024) Kat:3, Licht: 0,217797,3,7,0,05,13,3,0,0,1,0,0,0,0,0
"POINT (10.906078773000047 48.359382361000030)",Unfall 217853 (2024) Kat:3, Licht: 0,217853,3,2,6,05,07,2,0,0,0,1,1,0,0,0
"POINT (10.886099147000039 48.351512613000068)",Unfall 217907 (2024) Kat:3, Licht: 1,217907,3,2,0,05,20,1,0,1,1,0,0,0,0,0
"POINT (10.863231211000027 48.370823550000068)",Unfall 217951 (2024) Kat:3, Licht: 2,217951,3,7,0,05,23,7,0,2,0,0,0,0,0,1
"POINT (10.870360636000044 48.379505262000066)",Unfall 218010 (2024) Kat:3, Licht: 0,218010,3,3,5,05,16,6,0,0,0,1,0,0,0,1
"POINT (10.912644432000036 48.386745247000079)",Unfall 218011 (2024) Kat:3, Licht: 0,218011,3,7,0,05,13,6,0,0,0,1,0,1,0,0
"POINT (10.882405463000055 48.385759848000077)",Unfall 218065 (2024) Kat:3, Licht: 0,218065,3,4,6,05,17,5,0,0,0,1,1,0,0,0
"POINT (10.924449257000049 48.377396848000046)",Unfall 218066 (2024) Kat:3, Licht: 0,218066,3,1,2,05,17,5,0,0,0,1,0,0,0,0
"POINT (10.897803503000034 48.371010530000035)",Unfall 218067 (2024) Kat:3, Licht: 0,218067,3,7,0,05,19,5,0,0,1,0,0,0,0,0
"POINT (10.882423384000049 48.378631936000033)",Unfall 218068 (2024) Kat:3, Licht: 0,218068,3,3,5,05,14,5,0,0,1,1,0,0,0,0
"POINT (10.905956300000071 48.368491088000042)",Unfall 218069 (2024) Kat:3, Licht: 0,218069,3,1,1,05,16,5,0,0,1,1,0,0,0,0
"POINT (10.930805858000042 48.377156724000031)",Unfall 218136 (2024) Kat:3, Licht: 0,218136,3,3,5,05,09,4,0,0,1,1,0,0,0,0
"POINT (10.915244177000034 48.397336650000057)",Unfall 218137 (2024) Kat:3, Licht: 0,218137,3,1,0,05,13,4,0,0,1,0,0,0,0,0
"POINT (10.889764023000055 48.309737139000049)",Unfall 218138 (2024) Kat:3, Licht: 0,218138,3,3,5,05,10,4,0,0,0,1,0,0,0,0
"POINT (10.896022297000059 48.318068417000063)",Unfall 218139 (2024) Kat:3, Licht: 0,218139,3,1,8,05,09,4,0,0,1,0,0,0,0,0
"POINT (10.892869271000052 48.371040187000062)",Unfall 218140 (2024) Kat:3, Licht: 0,218140,3,3,5,05,13,4,0,0,0,1,0,0,0,0
"POINT (10.897487908000073 48.371963764000043)",Unfall 218141 (2024) Kat:3, Licht: 0,218141,3,4,6,05,15,4,0,0,1,0,1,0,0,0
"POINT (10.923843490000024 48.379263605000062)",Unfall 218237 (2024) Kat:3, Licht: 0,218237,3,3,5,04,18,3,0,0,1,1,0,0,0,0
"POINT (10.902731594000045 48.313625148000028)",Unfall 218238 (2024) Kat:3, Licht: 0,218238,3,1,0,04,15,3,0,0,1,0,0,0,0,0
"POINT (10.894910088000074 48.347797187000026)",Unfall 218239 (2024) Kat:3, Licht: 0,218239,3,1,0,04,07,3,0,0,1,0,0,0,0,0
"POINT (10.894170159000055 48.369919137000068)",Unfall 218240 (2024) Kat:3, Licht: 2,218240,3,6,2,04,22,3,0,2,0,0,0,1,0,0
"POINT (10.899328577000063 48.368538086000058)",Unfall 218241 (2024) Kat:3, Licht: 0,218241,3,1,0,04,17,3,0,0,1,0,0,0,0,0
"POINT (10.932276358000024 48.375040172000070)",Unfall 218341 (2024) Kat:3, Licht: 0,218341,3,3,5,04,13,2,0,0,1,0,0,1,0,0
"POINT (10.901671640000075 48.300316714000076)",Unfall 218342 (2024) Kat:3, Licht: 0,218342,3,1,2,04,14,2,0,0,0,1,0,0,0,0
"POINT (10.882787083000039 48.338431032000074)",Unfall 218343 (2024) Kat:3, Licht: 0,218343,3,7,0,04,15,2,0,0,1,0,0,0,0,1
"POINT (10.908524019000026 48.367751798000029)",Unfall 218344 (2024) Kat:3, Licht: 0,218344,3,6,2,04,18,2,0,0,0,0,0,1,0,0
"POINT (10.885367302000077 48.355293143000040)",Unfall 218425 (2024) Kat:3, Licht: 0,218425,3,2,6,04,16,1,0,0,0,1,1,0,0,0
"POINT (10.908729696000023 48.381306261000077)",Unfall 218489 (2024) Kat:3, Licht: 0,218489,3,3,5,04,10,7,0,0,1,1,0,0,0,0
"POINT (10.908411490000049 48.321685896000076)",Unfall 218490 (2024) Kat:3, Licht: 0,218490,3,1,0,04,15,7,0,0,1,0,0,0,0,0
"POINT (10.854579742000055 48.379899169000055)",Unfall 218638 (2024) Kat:3, Licht: 1,218638,3,3,5,04,21,5,0,1,1,1,0,0,0,0
"POINT (10.878914904000055 48.370840029000078)",Unfall 218639 (2024) Kat:3, Licht: 0,218639,3,3,5,04,07,5,0,0,0,1,1,0,0,0
"POINT (10.880619206000063 48.385023317000048)",Unfall 218640 (2024) Kat:3, Licht: 0,218640,3,4,6,04,10,5,0,0,0,1,1,0,0,0
"POINT (10.886156487000051 48.351504093000074)",Unfall 218641 (2024) Kat:3, Licht: 0,218641,3,1,5,04,08,5,0,0,1,1,0,0,0,0
"POINT (10.866422704000058 48.401295459000039)",Unfall 218676 (2024) Kat:3, Licht: 0,218676,3,1,9,04,19,4,1,0,0,1,0,0,0,0
"POINT (10.874853335000068 48.370938505000026)",Unfall 218679 (2024) Kat:3, Licht: 0,218679,3,3,5,04,09,4,0,0,1,1,0,0,0,0
"POINT (10.919200849000049 48.397535730000072)",Unfall 218680 (2024) Kat:3, Licht: 2,218680,3,1,0,04,21,4,1,2,0,0,0,1,0,0
"POINT (10.893904463000069 48.338768044000062)",Unfall 218681 (2024) Kat:3, Licht: 0,218681,3,2,5,04,17,4,0,0,1,0,0,0,1,0
"POINT (10.899938078000048 48.359215589000030)",Unfall 218783 (2024) Kat:3, Licht: 0,218783,3,6,2,04,17,2,0,0,0,1,0,0,0,0
"POINT (10.913966675000040 48.377683583000078)",Unfall 218815 (2024) Kat:3, Licht: 0,218815,3,2,6,05,16,3,1,0,0,1,1,0,0,0
"POINT (10.831853638000041 48.339416646000075)",Unfall 218952 (2024) Kat:2, Licht: 0,218952,2,1,2,05,15,1,0,0,1,1,0,0,0,0
"POINT (10.908595484000045 48.339904312000044)",Unfall 218953 (2024) Kat:3, Licht: 0,218953,3,1,0,05,15,1,0,0,1,0,0,0,0,0
"POINT (10.867277373000036 48.362735730000054)",Unfall 219012 (2024) Kat:3, Licht: 0,219012,3,3,5,05,15,7,0,0,1,1,0,0,0,0
"POINT (10.901081165000051 48.392877143000078)",Unfall 219014 (2024) Kat:1, Licht: 0,219014,1,7,0,05,15,7,0,0,0,0,0,0,0,1
"POINT (10.890868220000073 48.315666816000032)",Unfall 219069 (2024) Kat:2, Licht: 0,219069,2,3,5,05,11,6,0,0,0,1,0,0,0,0
"POINT (10.857788690000064 48.397585644000060)",Unfall 219072 (2024) Kat:3, Licht: 0,219072,3,1,4,05,19,6,0,0,0,1,0,0,0,0
"POINT (10.880403943000033 48.392795357000068)",Unfall 219142 (2024) Kat:3, Licht: 0,219142,3,3,5,05,20,5,0,0,0,1,0,0,0,1
"POINT (10.873153986000034 48.353106930000081)",Unfall 219154 (2024) Kat:3, Licht: 0,219154,3,2,5,05,16,6,1,0,1,1,0,0,0,0
"POINT (10.893115174000059 48.315742881000062)",Unfall 219215 (2024) Kat:3, Licht: 0,219215,3,6,2,05,16,4,0,0,0,1,0,0,0,0
"POINT (10.855099572000029 48.377686711000081)",Unfall 219218 (2024) Kat:3, Licht: 0,219218,3,6,1,05,07,4,0,0,0,1,0,0,0,0
"POINT (10.898269046000053 48.302292364000039)",Unfall 219219 (2024) Kat:3, Licht: 0,219219,3,1,0,05,14,2,0,0,1,0,0,0,0,0
"POINT (10.875404674000038 48.381075824000050)",Unfall 219221 (2024) Kat:3, Licht: 0,219221,3,7,0,05,17,5,0,0,1,0,0,0,0,0
"POINT (10.874033622000070 48.339807350000058)",Unfall 219322 (2024) Kat:3, Licht: 0,219322,3,3,5,05,12,3,0,0,1,1,0,0,0,0
"POINT (10.862041994000037 48.334877545000040)",Unfall 219326 (2024) Kat:3, Licht: 0,219326,3,1,0,05,13,3,0,0,1,0,0,0,0,0
"POINT (10.872872939000047 48.349269946000049)",Unfall 219328 (2024) Kat:3, Licht: 0,219328,3,1,0,05,08,3,0,0,1,0,0,0,0,0
"POINT (10.892494409000051 48.367176511000025)",Unfall 219329 (2024) Kat:3, Licht: 0,219329,3,7,2,05,14,3,0,0,0,0,0,1,0,0
"POINT (10.915626306000036 48.380781962000071)",Unfall 219418 (2024) Kat:2, Licht: 0,219418,2,3,5,05,11,2,0,0,1,1,0,0,0,0
"POINT (10.874715254000023 48.343323840000039)",Unfall 219419 (2024) Kat:3, Licht: 0,219419,3,3,0,05,20,2,0,0,0,0,0,0,0,1
"POINT (10.864753166000071 48.372595510000053)",Unfall 219456 (2024) Kat:3, Licht: 0,219456,3,7,0,05,18,7,1,0,0,0,0,1,0,1
"POINT (10.861135086000047 48.340954550000049)",Unfall 219500 (2024) Kat:3, Licht: 0,219500,3,1,0,05,18,1,1,0,1,0,0,0,0,0
"POINT (10.848649262000038 48.379557852000062)",Unfall 219578 (2024) Kat:3, Licht: 0,219578,3,3,5,05,14,7,0,0,0,1,1,0,0,0
"POINT (10.889758275000077 48.309700259000067)",Unfall 219579 (2024) Kat:3, Licht: 0,219579,3,2,5,05,16,7,0,0,0,1,0,0,0,0
"POINT (10.869773666000071 48.369501038000067)",Unfall 219676 (2024) Kat:3, Licht: 0,219676,3,3,5,05,19,6,0,0,0,1,0,0,0,1
"POINT (10.883915258000059 48.397972298000070)",Unfall 219677 (2024) Kat:3, Licht: 2,219677,3,1,9,05,23,6,0,2,0,1,0,0,1,0
"POINT (10.878353934000074 48.350210470000036)",Unfall 219691 (2024) Kat:3, Licht: 0,219691,3,1,9,05,09,2,0,0,0,1,0,0,0,0
"POINT (10.913499689000048 48.386967063000043)",Unfall 219716 (2024) Kat:3, Licht: 0,219716,3,3,5,05,16,5,0,0,1,1,0,0,0,0
"POINT (10.900782965000076 48.370674569000073)",Unfall 219765 (2024) Kat:2, Licht: 0,219765,2,7,0,05,19,5,0,0,1,0,0,0,0,0
"POINT (10.943986367000036 48.355688147000080)",Unfall 219884 (2024) Kat:3, Licht: 0,219884,3,6,3,06,14,6,0,0,1,0,0,0,0,1
"POINT (10.902363522000030 48.352202432000070)",Unfall 219885 (2024) Kat:3, Licht: 0,219885,3,1,2,06,11,6,0,0,0,1,0,0,0,0
"POINT (10.881006199000069 48.380097857000067)",Unfall 219970 (2024) Kat:3, Licht: 0,219970,3,1,0,06,08,5,0,0,1,0,0,0,0,0
"POINT (10.872132433000047 48.398848015000056)",Unfall 219971 (2024) Kat:3, Licht: 0,219971,3,6,1,06,15,5,0,0,0,1,0,0,0,1
"POINT (10.930755684000076 48.372260718000064)",Unfall 219972 (2024) Kat:3, Licht: 1,219972,3,3,5,06,21,5,1,1,0,1,0,0,0,0
"POINT (10.886009264000052 48.352984944000070)",Unfall 219973 (2024) Kat:3, Licht: 0,219973,3,1,6,06,17,5,0,0,1,0,1,0,0,0
"POINT (10.890632061000076 48.378103607000071)",Unfall 219974 (2024) Kat:3, Licht: 0,219974,3,7,1,06,16,5,0,0,0,1,0,1,0,0
"POINT (10.856059526000024 48.376241899000036)",Unfall 220039 (2024) Kat:3, Licht: 0,220039,3,3,5,06,15,4,0,0,1,1,0,0,0,0
"POINT (10.896300743000040 48.370198996000056)",Unfall 220040 (2024) Kat:3, Licht: 2,220040,3,7,0,06,21,4,0,2,0,0,0,1,0,0
"POINT (10.885762241000066 48.345278698000072)",Unfall 220100 (2024) Kat:3, Licht: 0,220100,3,3,5,06,16,3,0,0,1,1,0,0,0,0
"POINT (10.843554277000067 48.386407665000036)",Unfall 220158 (2024) Kat:3, Licht: 0,220158,3,1,3,06,17,2,1,0,1,1,0,0,0,0
"POINT (10.876113871000030 48.393925143000047)",Unfall 220202 (2024) Kat:3, Licht: 0,220202,3,1,1,06,17,1,0,0,1,1,0,0,0,0
"POINT (10.902747374000057 48.313949806000039)",Unfall 220203 (2024) Kat:3, Licht: 0,220203,3,2,5,06,12,1,1,0,1,1,0,0,0,0
"POINT (10.858812500000056 48.365401244000054)",Unfall 220227 (2024) Kat:2, Licht: 0,220227,2,3,5,06,18,7,1,0,1,1,0,0,0,0
"POINT (10.944517249000057 48.350663716000042)",Unfall 220258 (2024) Kat:3, Licht: 2,220258,3,7,0,05,21,6,1,2,0,0,0,0,0,1
"POINT (10.914678098000024 48.378881135000029)",Unfall 220333 (2024) Kat:3, Licht: 0,220333,3,5,0,05,15,4,0,0,1,1,0,0,0,0
"POINT (10.888686069000073 48.370970572000033)",Unfall 220334 (2024) Kat:3, Licht: 0,220334,3,2,3,05,13,4,0,0,0,1,0,0,0,0
"POINT (10.915265994000038 48.397269459000029)",Unfall 220378 (2024) Kat:3, Licht: 0,220378,3,3,5,05,08,3,0,0,0,1,0,1,0,0
"POINT (10.868151603000058 48.365125938000062)",Unfall 220381 (2024) Kat:3, Licht: 0,220381,3,3,1,05,10,3,0,0,1,1,0,0,0,0
"POINT (10.897451809000074 48.367074224000078)",Unfall 220382 (2024) Kat:3, Licht: 0,220382,3,7,0,05,17,3,0,0,1,0,0,0,0,0
"POINT (10.902210425000021 48.356633163000026)",Unfall 220383 (2024) Kat:3, Licht: 0,220383,3,3,3,05,20,3,0,0,1,0,0,0,0,0
"POINT (10.898737192000056 48.360814172000062)",Unfall 220447 (2024) Kat:3, Licht: 0,220447,3,5,1,06,15,2,0,0,1,1,0,0,0,0
"POINT (10.914043421000031 48.377651732000061)",Unfall 220458 (2024) Kat:3, Licht: 0,220458,3,2,3,05,17,2,0,0,1,1,0,0,0,0
"POINT (10.885425926000039 48.355271619000064)",Unfall 220459 (2024) Kat:3, Licht: 0,220459,3,1,0,05,16,2,0,0,1,0,0,0,0,0
"POINT (10.893601583000077 48.368046678000042)",Unfall 220491 (2024) Kat:3, Licht: 2,220491,3,7,0,05,22,3,0,2,0,0,0,0,0,1
"POINT (10.868033116000049 48.367540696000049)",Unfall 220531 (2024) Kat:3, Licht: 2,220531,3,6,2,05,22,3,0,2,1,1,0,0,0,0
"POINT (10.880200385000023 48.384972821000076)",Unfall 220593 (2024) Kat:2, Licht: 0,220593,2,1,5,05,14,7,0,0,0,1,0,1,0,0
"POINT (10.882334234000041 48.382624087000067)",Unfall 220675 (2024) Kat:3, Licht: 0,220675,3,3,5,05,12,6,0,0,0,1,0,0,0,1
"POINT (10.911681858000065 48.379058381000050)",Unfall 220676 (2024) Kat:2, Licht: 0,220676,2,3,5,05,06,6,0,0,0,1,0,0,0,0
"POINT (10.895726167000021 48.370035324000071)",Unfall 220677 (2024) Kat:3, Licht: 0,220677,3,5,3,05,09,6,0,0,1,1,0,0,0,0
"POINT (10.910068798000054 48.371581635000041)",Unfall 220678 (2024) Kat:3, Licht: 0,220678,3,7,0,05,12,6,0,0,1,0,0,0,0,0
"POINT (10.868372743000066 48.372118326000077)",Unfall 220730 (2024) Kat:3, Licht: 0,220730,3,6,2,05,18,5,1,0,0,1,0,0,0,0
"POINT (10.880807751000077 48.381108210000036)",Unfall 220731 (2024) Kat:3, Licht: 0,220731,3,6,2,05,20,5,1,0,0,1,0,0,0,0
"POINT (10.898042414000031 48.352698844000031)",Unfall 220732 (2024) Kat:3, Licht: 0,220732,3,1,4,05,08,5,0,0,1,1,0,0,0,0
"POINT (10.929499758000077 48.363677971000072)",Unfall 220733 (2024) Kat:3, Licht: 0,220733,3,1,2,05,09,5,0,0,0,1,0,0,0,0
"POINT (10.885591227000077 48.373668894000048)",Unfall 220811 (2024) Kat:3, Licht: 0,220811,3,3,5,05,20,4,1,0,1,1,0,0,0,0
"POINT (10.878707192000036 48.378291002000026)",Unfall 220814 (2024) Kat:3, Licht: 0,220814,3,3,5,05,15,4,1,0,1,1,0,0,0,0
"POINT (10.876553976000025 48.360583028000065)",Unfall 220816 (2024) Kat:3, Licht: 2,220816,3,4,6,05,23,4,1,2,0,1,1,0,0,0
"POINT (10.916708005000032 48.386669100000063)",Unfall 220818 (2024) Kat:2, Licht: 0,220818,2,3,0,05,18,4,1,0,1,1,0,0,0,0
"POINT (10.885277849000033 48.355076377000046)",Unfall 220819 (2024) Kat:3, Licht: 0,220819,3,1,0,05,16,4,0,0,1,0,0,0,0,0
"POINT (10.888848111000073 48.376394884000035)",Unfall 220820 (2024) Kat:3, Licht: 0,220820,3,1,6,05,12,4,0,0,1,0,1,0,0,0
"POINT (10.920259785000042 48.392323969000074)",Unfall 220916 (2024) Kat:3, Licht: 0,220916,3,3,1,06,17,6,0,0,1,1,0,0,0,0
"POINT (10.879580653000062 48.365176408000082)",Unfall 220917 (2024) Kat:3, Licht: 0,220917,3,1,4,06,07,6,0,0,1,0,0,0,0,1
"POINT (10.878962654000077 48.379862756000080)",Unfall 221007 (2024) Kat:3, Licht: 0,221007,3,6,3,06,09,5,0,0,1,1,0,0,0,0
"POINT (10.903140473000065 48.385970027000042)",Unfall 221010 (2024) Kat:3, Licht: 0,221010,3,5,1,06,13,5,0,0,1,1,0,0,0,0
"POINT (10.885244914000054 48.354890643000033)",Unfall 221011 (2024) Kat:3, Licht: 1,221011,3,3,5,06,04,5,0,1,1,1,0,0,0,0
"POINT (10.915587174000052 48.355893577000074)",Unfall 221012 (2024) Kat:3, Licht: 0,221012,3,2,5,06,16,5,0,0,0,1,0,0,0,0
"POINT (10.884233886000061 48.374025213000039)",Unfall 221092 (2024) Kat:3, Licht: 0,221092,3,3,5,06,08,4,0,0,1,1,0,0,0,0
"POINT (10.910066698000037 48.386116814000047)",Unfall 221095 (2024) Kat:3, Licht: 0,221095,3,3,5,06,12,4,0,0,0,1,0,1,0,0
"POINT (10.905525376000071 48.360644077000075)",Unfall 221096 (2024) Kat:3, Licht: 0,221096,3,1,1,06,11,4,0,0,0,1,0,1,0,0
"POINT (10.904677427000024 48.307387254000048)",Unfall 221097 (2024) Kat:3, Licht: 0,221097,3,7,6,06,19,4,0,0,0,1,1,0,0,0
"POINT (10.899084283000036 48.332729673000074)",Unfall 221098 (2024) Kat:3, Licht: 0,221098,3,3,5,06,17,4,0,0,1,0,0,0,0,1
"POINT (10.900237551000032 48.342783993000069)",Unfall 221099 (2024) Kat:3, Licht: 0,221099,3,3,3,06,12,4,0,0,1,0,1,0,0,0
"POINT (10.906191000000035 48.387360831000080)",Unfall 221181 (2024) Kat:3, Licht: 0,221181,3,3,5,06,13,3,0,0,1,1,0,0,0,0
"POINT (10.915519738000057 48.364317199000027)",Unfall 221182 (2024) Kat:3, Licht: 0,221182,3,1,2,06,20,3,0,0,0,1,0,1,0,0
"POINT (10.909553855000070 48.354900660000055)",Unfall 221183 (2024) Kat:3, Licht: 0,221183,3,1,0,06,07,3,0,0,1,1,0,0,0,0
"POINT (10.910559971000055 48.372163931000046)",Unfall 221184 (2024) Kat:3, Licht: 0,221184,3,1,0,06,20,3,0,0,0,0,0,1,0,0
"POINT (10.880805816000077 48.379254414000059)",Unfall 221281 (2024) Kat:2, Licht: 2,221281,2,1,0,06,00,2,0,2,0,0,0,0,0,1
"POINT (10.881037595000066 48.380094299000064)",Unfall 221282 (2024) Kat:3, Licht: 0,221282,3,3,5,06,11,2,0,0,0,1,0,0,0,0
"POINT (10.915427681000040 48.378016800000069)",Unfall 221283 (2024) Kat:3, Licht: 0,221283,3,7,0,06,08,2,1,0,1,0,0,0,0,0
"POINT (10.905912439000076 48.359433801000080)",Unfall 221284 (2024) Kat:3, Licht: 0,221284,3,1,6,06,15,2,0,0,1,0,1,0,0,0
"POINT (10.903962768000042 48.365765046000035)",Unfall 221285 (2024) Kat:3, Licht: 0,221285,3,1,5,06,08,2,0,0,1,1,0,0,0,0
"POINT (10.906264394000061 48.335135425000033)",Unfall 221286 (2024) Kat:3, Licht: 0,221286,3,1,0,06,18,2,0,0,1,0,0,0,0,0
"POINT (10.888359872000024 48.365863556000079)",Unfall 221287 (2024) Kat:3, Licht: 0,221287,3,7,0,06,15,2,0,0,1,0,0,0,0,0
"POINT (10.882476555000039 48.378539102000047)",Unfall 221346 (2024) Kat:3, Licht: 0,221346,3,4,2,06,19,1,0,0,0,1,1,1,0,0
"POINT (10.868559283000025 48.376419596000062)",Unfall 221348 (2024) Kat:3, Licht: 0,221348,3,2,4,06,10,1,0,0,0,1,0,1,0,0
"POINT (10.912545193000028 48.383950491000064)",Unfall 221350 (2024) Kat:3, Licht: 0,221350,3,7,1,06,17,1,0,0,0,1,0,0,0,1
"POINT (10.886036882000042 48.358331725000028)",Unfall 221351 (2024) Kat:2, Licht: 0,221351,2,4,6,06,10,1,0,0,0,1,1,0,0,0
"POINT (10.902926054000034 48.314351124000041)",Unfall 221367 (2024) Kat:3, Licht: 0,221367,3,6,5,06,17,4,0,0,1,0,0,0,0,0
"POINT (10.929528531000074 48.385298602000034)",Unfall 221423 (2024) Kat:3, Licht: 0,221423,3,7,0,06,18,7,0,0,0,1,0,1,0,0
"POINT (10.886224840000068 48.380887175000055)",Unfall 221424 (2024) Kat:3, Licht: 0,221424,3,3,5,06,15,7,0,0,0,1,0,0,0,0
"POINT (10.888632020000045 48.365900452000062)",Unfall 221496 (2024) Kat:3, Licht: 0,221496,3,1,0,06,11,6,1,0,1,0,0,0,0,0
"POINT (10.930808494000075 48.377139187000068)",Unfall 221583 (2024) Kat:2, Licht: 0,221583,2,1,6,06,18,5,0,0,1,0,1,0,0,0
"POINT (10.897736013000042 48.360054295000054)",Unfall 221584 (2024) Kat:2, Licht: 0,221584,2,4,5,06,17,5,0,0,0,0,1,0,0,1
"POINT (10.865716107000026 48.372399191000056)",Unfall 221670 (2024) Kat:3, Licht: 0,221670,3,6,3,06,11,4,0,0,1,1,0,0,0,0
"POINT (10.891672274000030 48.318479809000053)",Unfall 221745 (2024) Kat:2, Licht: 0,221745,2,1,4,06,09,3,0,0,0,1,0,0,1,0
"POINT (10.877867263000041 48.363598750000051)",Unfall 221881 (2024) Kat:3, Licht: 0,221881,3,3,5,06,16,1,0,0,1,1,0,0,0,0
"POINT (10.878356139000061 48.369839542000079)",Unfall 221882 (2024) Kat:3, Licht: 0,221882,3,6,2,06,18,1,1,0,0,1,0,0,0,0
"POINT (10.926868282000044 48.372245904000067)",Unfall 221883 (2024) Kat:3, Licht: 0,221883,3,7,0,06,13,1,0,0,1,0,0,0,0,0
"POINT (10.867833023000060 48.370989205000058)",Unfall 221948 (2024) Kat:3, Licht: 0,221948,3,3,5,06,15,7,1,0,1,1,0,0,0,0
"POINT (10.938492077000035 48.362786658000061)",Unfall 221974 (2024) Kat:3, Licht: 0,221974,3,4,6,07,17,5,0,0,0,1,1,0,0,0
"POINT (10.895478955000044 48.327020193000067)",Unfall 221978 (2024) Kat:3, Licht: 0,221978,3,7,0,07,13,5,0,0,0,0,0,1,0,0
"POINT (10.885923679000030 48.367770901000029)",Unfall 221979 (2024) Kat:3, Licht: 0,221979,3,6,1,07,17,5,0,0,1,1,0,0,0,0
"POINT (10.887345139000047 48.372299268000063)",Unfall 221980 (2024) Kat:3, Licht: 0,221980,3,7,0,07,09,5,0,0,0,0,0,0,0,1
"POINT (10.901888758000041 48.366583493000064)",Unfall 222030 (2024) Kat:3, Licht: 0,222030,3,6,6,07,08,4,0,0,0,1,1,0,0,0
"POINT (10.891900515000032 48.365084136000064)",Unfall 222031 (2024) Kat:3, Licht: 0,222031,3,3,5,07,13,4,0,0,1,1,0,0,0,0
"POINT (10.896541023000054 48.357668583000077)",Unfall 222032 (2024) Kat:3, Licht: 0,222032,3,6,6,07,17,4,1,0,0,0,1,0,0,1
"POINT (10.902080150000074 48.305131091000078)",Unfall 222149 (2024) Kat:3, Licht: 0,222149,3,3,5,07,07,2,0,0,1,1,0,0,0,0
"POINT (10.895621776000041 48.351100752000036)",Unfall 222150 (2024) Kat:3, Licht: 0,222150,3,4,6,07,13,2,0,0,0,1,1,0,0,0
"POINT (10.902182968000034 48.370607419000066)",Unfall 222194 (2024) Kat:3, Licht: 2,222194,3,6,2,06,00,1,0,2,0,1,0,0,0,0
"POINT (10.868712988000027 48.308647493000080)",Unfall 222196 (2024) Kat:3, Licht: 0,222196,3,1,4,06,13,1,0,0,1,0,0,0,0,0
"POINT (10.903883680000035 48.358499058000064)",Unfall 222197 (2024) Kat:3, Licht: 0,222197,3,7,0,06,13,1,0,0,1,0,0,0,0,0
"POINT (10.880472860000054 48.367333620000068)",Unfall 222363 (2024) Kat:3, Licht: 0,222363,3,7,4,06,13,6,0,0,0,1,0,1,0,0
"POINT (10.907510155000068 48.359029685000053)",Unfall 222364 (2024) Kat:3, Licht: 0,222364,3,1,5,06,13,6,0,0,1,1,0,0,0,0
"POINT (10.902202900000077 48.356507290000081)",Unfall 222365 (2024) Kat:3, Licht: 0,222365,3,1,5,06,12,6,0,0,1,0,0,0,0,1
"POINT (10.893811830000061 48.367506460000072)",Unfall 222366 (2024) Kat:3, Licht: 0,222366,3,2,5,06,15,6,0,0,0,1,0,0,0,1
"POINT (10.895060942000043 48.364184024000053)",Unfall 222367 (2024) Kat:3, Licht: 0,222367,3,6,3,06,13,6,0,0,0,1,0,1,0,0
"POINT (10.891840068000022 48.362053089000028)",Unfall 222468 (2024) Kat:3, Licht: 2,222468,3,1,0,06,23,5,1,2,1,0,0,0,0,0