WKT,Name,OBJECTID,UKATEGORIE,UTYP1,UART,UMONAT,USTUNDE,UWOCHENTAG,STRZUSTAND,ULICHTVERH,ISTRAD,ISTPKW,ISTFUSS,ISTKRAD,ISTGKFZ,ISTSONSTIG
"POINT (10.880873968000060 48.387060246000033)",Unfall 222474 (2024) Kat:3, Licht: 0,222474,3,2,3,06,12,5,1,0,1,1,0,0,0,0
"POINT (10.922752934000073 48.362081538000041)",Unfall 222475 (2024) Kat:3, Licht: 0,222475,3,1,2,06,16,5,0,0,0,1,0,0,0,0
"POINT (10.886602824000022 48.378046337000058)",Unfall 222476 (2024) Kat:3, Licht: 0,222476,3,6,2,06,20,5,0,0,0,1,0,0,0,0
"POINT (10.884203387000071 48.374165583000035)",Unfall 222477 (2024) Kat:3, Licht: 0,222477,3,2,3,06,08,5,0,0,1,1,0,0,0,0
"POINT (10.907683635000069 48.360903307000058)",Unfall 222564 (2024) Kat:3, Licht: 0,222564,3,1,0,06,14,7,0,0,1,0,0,0,0,0
"POINT (10.869284606000065 48.381255171000078)",Unfall 222569 (2024) Kat:3, Licht: 0,222569,3,7,6,06,07,4,0,0,1,0,1,0,0,0
"POINT (10.919672700000035 48.380161078000071)",Unfall 222570 (2024) Kat:3, Licht: 0,222570,3,1,0,06,08,4,0,0,1,0,0,0,0,0
"POINT (10.934614149000026 48.396317262000025)",Unfall 222571 (2024) Kat:3, Licht: 0,222571,3,3,5,06,14,4,0,0,0,1,0,0,0,0
"POINT (10.909303016000024 48.370300077000081)",Unfall 222572 (2024) Kat:3, Licht: 0,222572,3,6,4,06,17,4,0,0,1,0,0,0,0,0
"POINT (10.916016736000074 48.371981190000042)",Unfall 222573 (2024) Kat:3, Licht: 0,222573,3,3,0,06,19,4,1,0,1,0,0,0,0,0
"POINT (10.900460300000077 48.369596794000074)",Unfall 222574 (2024) Kat:3, Licht: 0,222574,3,7,0,06,12,4,0,0,1,0,0,0,0,0
"POINT (10.905742493000048 48.360985729000049)",Unfall 222682 (2024) Kat:3, Licht: 0,222682,3,1,0,06,16,3,0,0,1,0,0,0,0,0
"POINT (10.915594070000054 48.354583733000027)",Unfall 222686 (2024) Kat:3, Licht: 0,222686,3,3,5,06,17,3,0,0,1,1,0,0,0,0
"POINT (10.872525906000021 48.368192006000072)",Unfall 222795 (2024) Kat:3, Licht: 0,222795,3,3,5,06,14,2,0,0,1,1,0,0,0,0
"POINT (10.889649578000046 48.367307688000039)",Unfall 222796 (2024) Kat:3, Licht: 0,222796,3,3,5,06,14,2,0,0,1,1,0,0,0,0
"POINT (10.897241732000055 48.379361049000067)",Unfall 222800 (2024) Kat:3, Licht: 0,222800,3,6,2,06,17,1,1,0,0,1,0,1,0,1
"POINT (10.890094211000076 48.370203817000061)",Unfall 222870 (2024) Kat:3, Licht: 2,222870,3,3,5,06,03,1,0,2,0,1,0,0,0,0
"POINT (10.902171177000071 48.355318308000051)",Unfall 222871 (2024) Kat:3, Licht: 0,222871,3,3,5,06,16,1,0,0,1,0,0,0,0,0
"POINT (10.902674091000051 48.365725134000058)",Unfall 222872 (2024) Kat:3, Licht: 2,222872,3,5,2,06,23,1,0,2,1,1,0,0,0,0
"POINT (10.881430920000071 48.389913615000069)",Unfall 222884 (2024) Kat:3, Licht: 0,222884,3,3,5,07,12,5,0,0,1,1,0,0,0,0
"POINT (10.900109723000071 48.370650147000049)",Unfall 222889 (2024) Kat:3, Licht: 0,222889,3,6,2,06,20,2,0,0,0,1,0,0,0,0
"POINT (10.871166496000058 48.380817992000061)",Unfall 222934 (2024) Kat:3, Licht: 2,222934,3,1,0,06,04,7,1,2,1,0,0,0,0,0
"POINT (10.870181194000054 48.378016623000065)",Unfall 222935 (2024) Kat:3, Licht: 0,222935,3,7,3,06,16,7,0,0,1,1,0,0,0,0
"POINT (10.916072257000053 48.387818410000079)",Unfall 222936 (2024) Kat:3, Licht: 2,222936,3,3,2,06,22,7,1,2,0,1,0,0,0,0
"POINT (10.892450507000035 48.360279391000063)",Unfall 222937 (2024) Kat:3, Licht: 0,222937,3,6,2,06,17,7,0,0,1,1,0,0,0,0
"POINT (10.847777724000025 48.385992527000042)",Unfall 223086 (2024) Kat:3, Licht: 0,223086,3,2,5,07,07,2,0,0,1,1,0,0,0,0
"POINT (10.881674767000050 48.393661217000044)",Unfall 223087 (2024) Kat:3, Licht: 0,223087,3,3,5,07,18,2,0,0,1,1,0,0,0,0
"POINT (10.900544657000069 48.349662339000076)",Unfall 223088 (2024) Kat:3, Licht: 0,223088,3,3,5,07,11,2,0,0,1,1,0,0,0,0
"POINT (10.884985771000061 48.373842160000038)",Unfall 223089 (2024) Kat:3, Licht: 0,223089,3,4,6,07,13,2,0,0,0,1,1,0,0,0
"POINT (10.873072478000040 48.363498791000040)",Unfall 223226 (2024) Kat:3, Licht: 0,223226,3,6,2,07,11,7,0,0,0,1,0,0,0,0
"POINT (10.916931717000068 48.391686316000062)",Unfall 223227 (2024) Kat:3, Licht: 0,223227,3,7,5,07,13,7,0,0,0,1,0,0,0,0
"POINT (10.895409308000069 48.350407882000070)",Unfall 223228 (2024) Kat:3, Licht: 2,223228,3,1,0,07,21,7,0,2,0,1,0,0,0,0
"POINT (10.893872078000072 48.364947220000033)",Unfall 223229 (2024) Kat:3, Licht: 0,223229,3,7,0,07,12,7,0,0,1,0,0,0,0,0
"POINT (10.864933852000036 48.354538501000036)",Unfall 223296 (2024) Kat:3, Licht: 0,223296,3,1,0,07,17,6,0,0,1,0,0,0,0,0
"POINT (10.900742807000029 48.350393319000034)",Unfall 223297 (2024) Kat:3, Licht: 0,223297,3,1,0,07,17,6,0,0,0,0,0,0,0,1
"POINT (10.907961102000058 48.362637838000069)",Unfall 223298 (2024) Kat:3, Licht: 0,223298,3,3,5,07,10,6,0,0,0,1,0,1,0,0
"POINT (10.894590202000074 48.369909764000056)",Unfall 223299 (2024) Kat:3, Licht: 0,223299,3,2,4,07,08,6,0,0,1,1,0,0,0,0
"POINT (10.880624689000058 48.385077031000037)",Unfall 223385 (2024) Kat:3, Licht: 2,223385,3,4,6,07,21,5,1,2,0,1,1,0,0,0
"POINT (10.859090032000040 48.373172572000044)",Unfall 223483 (2024) Kat:3, Licht: 0,223483,3,6,0,07,16,4,0,0,1,1,0,0,0,0
"POINT (10.895627416000025 48.351542883000036)",Unfall 223484 (2024) Kat:3, Licht: 0,223484,3,1,0,07,09,4,0,0,1,0,0,0,0,0
"POINT (10.880950349000045 48.373284866000063)",Unfall 223485 (2024) Kat:3, Licht: 0,223485,3,3,5,07,17,4,0,0,1,0,0,0,0,0
"POINT (10.882676835000041 48.337764925000045)",Unfall 223586 (2024) Kat:3, Licht: 0,223586,3,1,0,07,08,3,0,0,1,0,0,0,0,0
"POINT (10.859006098000066 48.384967129000074)",Unfall 223588 (2024) Kat:3, Licht: 0,223588,3,6,2,07,20,3,0,0,0,1,0,0,0,1
"POINT (10.873552248000067 48.337724309000066)",Unfall 223589 (2024) Kat:3, Licht: 0,223589,3,3,5,07,17,3,0,0,1,1,0,0,0,0
"POINT (10.885983133000025 48.349495382000043)",Unfall 223590 (2024) Kat:3, Licht: 0,223590,3,1,2,07,18,3,0,0,0,1,0,1,0,0
"POINT (10.889870870000038 48.377286470000058)",Unfall 223591 (2024) Kat:2, Licht: 0,223591,2,3,5,07,17,3,0,0,1,1,0,0,0,0
"POINT (10.908895953000069 48.366673883000033)",Unfall 223663 (2024) Kat:3, Licht: 0,223663,3,7,6,07,16,3,0,0,0,1,0,0,0,1
"POINT (10.896720657000060 48.370250662000046)",Unfall 223686 (2024) Kat:3, Licht: 0,223686,3,5,1,07,15,7,0,0,1,1,0,0,0,0
"POINT (10.874966318000077 48.370769049000046)",Unfall 223703 (2024) Kat:2, Licht: 2,223703,2,1,0,07,22,2,0,2,1,0,0,0,0,0
"POINT (10.879222748000075 48.378111785000044)",Unfall 223704 (2024) Kat:3, Licht: 0,223704,3,7,3,07,12,2,0,0,1,1,0,0,0,0
"POINT (10.943653156000039 48.356211577000067)",Unfall 223705 (2024) Kat:3, Licht: 1,223705,3,3,5,07,21,2,0,1,1,1,0,0,0,0
"POINT (10.908574018000024 48.320341317000043)",Unfall 223706 (2024) Kat:3, Licht: 0,223706,3,1,0,07,15,2,0,0,0,1,0,1,0,0
"POINT (10.889131865000024 48.365240038000081)",Unfall 223707 (2024) Kat:3, Licht: 0,223707,3,6,2,07,21,2,0,0,0,1,0,1,0,0
"POINT (10.894371145000036 48.366169562000039)",Unfall 223776 (2024) Kat:3, Licht: 2,223776,3,1,0,07,03,1,0,2,0,0,0,0,0,1
"POINT (10.872510809000062 48.368168313000069)",Unfall 223841 (2024) Kat:3, Licht: 0,223841,3,3,5,07,11,7,0,0,0,1,0,0,0,0
"POINT (10.920993023000051 48.388616315000036)",Unfall 223936 (2024) Kat:3, Licht: 0,223936,3,1,0,07,19,6,0,0,1,0,0,0,0,0
"POINT (10.915228443000046 48.364269150000041)",Unfall 223937 (2024) Kat:3, Licht: 0,223937,3,1,0,07,08,6,0,0,0,0,0,0,0,1
"POINT (10.882626167000069 48.366175836000082)",Unfall 223938 (2024) Kat:3, Licht: 0,223938,3,1,1,07,16,6,0,0,0,1,0,0,0,1
"POINT (10.888971598000069 48.357225356000072)",Unfall 223939 (2024) Kat:3, Licht: 0,223939,3,1,0,07,15,6,0,0,0,0,0,0,0,1
"POINT (10.888485940000066 48.360765499000081)",Unfall 223940 (2024) Kat:3, Licht: 2,223940,3,7,6,07,23,6,0,2,1,0,1,0,0,0
"POINT (10.944312120000063 48.339243855000063)",Unfall 223977 (2024) Kat:3, Licht: 0,223977,3,7,0,07,18,3,0,0,1,0,0,0,0,0
"POINT (10.856323476000057 48.385221396000077)",Unfall 224049 (2024) Kat:3, Licht: 0,224049,3,2,3,07,13,7,0,0,1,1,0,0,0,0
"POINT (10.897869994000075 48.298241620000056)",Unfall 224050 (2024) Kat:3, Licht: 0,224050,3,1,0,07,18,7,0,0,1,0,0,0,0,0
"POINT (10.884198301000026 48.374016215000040)",Unfall 224051 (2024) Kat:3, Licht: 0,224051,3,6,3,07,17,7,0,0,1,0,0,0,0,0
"POINT (10.815908522000029 48.313765393000040)",Unfall 224132 (2024) Kat:2, Licht: 0,224132,2,1,0,07,17,6,0,0,1,0,0,0,0,0
"POINT (10.912593037000022 48.375005109000028)",Unfall 224133 (2024) Kat:3, Licht: 0,224133,3,7,0,07,19,6,0,0,0,0,0,0,0,1
"POINT (10.934932659000026 48.384086530000047)",Unfall 224220 (2024) Kat:3, Licht: 0,224220,3,1,4,07,18,5,0,0,0,0,0,1,1,0
"POINT (10.876870883000038 48.334228457000052)",Unfall 224221 (2024) Kat:3, Licht: 0,224221,3,3,5,07,19,5,0,0,1,1,0,0,0,0
"POINT (10.881779156000050 48.393728217000046)",Unfall 224302 (2024) Kat:3, Licht: 0,224302,3,4,6,07,07,4,0,0,1,0,1,0,0,0
"POINT (10.901015383000072 48.370582175000038)",Unfall 224303 (2024) Kat:3, Licht: 0,224303,3,2,4,07,16,4,0,0,1,1,0,0,0,0
"POINT (10.844915230000026 48.387036331000047)",Unfall 224403 (2024) Kat:3, Licht: 0,224403,3,6,3,07,09,3,0,0,0,1,0,0,0,0
"POINT (10.948032122000029 48.355850841000063)",Unfall 224404 (2024) Kat:3, Licht: 0,224404,3,3,5,07,12,3,0,0,0,1,0,0,0,1
"POINT (10.916616774000033 48.386917691000065)",Unfall 224405 (2024) Kat:3, Licht: 0,224405,3,7,0,07,19,3,1,0,1,0,0,0,0,0
"POINT (10.897089727000036 48.379258122000067)",Unfall 224406 (2024) Kat:3, Licht: 0,224406,3,7,0,07,07,3,1,0,1,0,0,0,0,0
"POINT (10.900585352000064 48.298093378000033)",Unfall 224485 (2024) Kat:1, Licht: 0,224485,1,3,5,07,11,2,0,0,1,1,0,0,0,0
"POINT (10.885604028000046 48.373680308000075)",Unfall 224486 (2024) Kat:2, Licht: 0,224486,2,3,5,07,12,2,1,0,1,1,0,0,0,0
"POINT (10.897614889000067 48.367107546000057)",Unfall 224487 (2024) Kat:3, Licht: 0,224487,3,7,6,07,19,2,0,0,1,0,1,0,0,0
"POINT (10.934631344000024 48.390941936000047)",Unfall 224508 (2024) Kat:3, Licht: 0,224508,3,5,1,07,15,7,0,0,0,1,0,0,0,1
"POINT (10.921722010000053 48.379290594000054)",Unfall 224570 (2024) Kat:3, Licht: 1,224570,3,5,1,07,21,1,1,1,1,1,0,0,0,0
"POINT (10.898022683000022 48.351781374000041)",Unfall 224571 (2024) Kat:3, Licht: 0,224571,3,1,8,07,19,1,0,0,1,0,0,0,0,0
"POINT (10.915927661000069 48.362077817000056)",Unfall 224572 (2024) Kat:3, Licht: 0,224572,3,1,0,07,15,1,0,0,1,0,0,0,0,0
"POINT (10.902441365000072 48.361944345000040)",Unfall 224573 (2024) Kat:3, Licht: 2,224573,3,1,0,07,22,1,1,2,1,0,0,0,0,0
"POINT (10.901005435000059 48.370700381000063)",Unfall 224574 (2024) Kat:3, Licht: 0,224574,3,2,4,07,18,1,0,0,0,1,0,0,0,0
"POINT (10.881598162000046 48.370967514000029)",Unfall 224575 (2024) Kat:3, Licht: 0,224575,3,1,0,07,15,1,0,0,0,0,0,0,0,1
"POINT (10.868768093000028 48.339269810000076)",Unfall 224598 (2024) Kat:2, Licht: 0,224598,2,1,0,07,15,2,0,0,1,0,0,0,0,0
"POINT (10.876168756000027 48.393922042000042)",Unfall 224649 (2024) Kat:3, Licht: 2,224649,3,7,6,07,22,7,0,2,0,0,1,0,0,1
"POINT (10.925092199000062 48.385510059000069)",Unfall 224650 (2024) Kat:3, Licht: 0,224650,3,3,5,07,07,7,0,0,0,1,0,0,0,1
"POINT (10.914069029000075 48.376993567000056)",Unfall 224651 (2024) Kat:3, Licht: 2,224651,3,2,5,07,21,7,0,2,1,1,0,0,0,0
"POINT (10.849319547000050 48.314623616000063)",Unfall 224653 (2024) Kat:3, Licht: 2,224653,3,1,0,07,21,7,0,2,1,0,0,0,0,0
"POINT (10.885542260000022 48.385745568000061)",Unfall 224775 (2024) Kat:3, Licht: 0,224775,3,1,0,07,13,6,0,0,1,0,0,0,0,0
"POINT (10.874853335000068 48.370938505000026)",Unfall 224894 (2024) Kat:3, Licht: 0,224894,3,3,5,07,17,5,0,0,1,1,0,0,0,0
"POINT (10.827571796000029 48.321593077000045)",Unfall 224896 (2024) Kat:3, Licht: 0,224896,3,1,5,07,08,5,0,0,1,1,0,0,0,0
"POINT (10.899441532000026 48.339752824000072)",Unfall 224897 (2024) Kat:3, Licht: 0,224897,3,3,5,07,07,5,0,0,1,1,0,0,0,0
"POINT (10.893812210000021 48.367374740000059)",Unfall 224899 (2024) Kat:3, Licht: 0,224899,3,6,2,07,15,5,0,0,1,0,0,0,0,0
"POINT (10.901617332000058 48.369277243000056)",Unfall 224900 (2024) Kat:3, Licht: 0,224900,3,6,2,07,19,5,0,0,0,1,0,0,0,0
"POINT (10.897722605000070 48.371402189000037)",Unfall 225012 (2024) Kat:3, Licht: 0,225012,3,7,0,07,16,4,0,0,1,0,0,0,0,0
"POINT (10.879502169000034 48.365317851000043)",Unfall 225043 (2024) Kat:3, Licht: 0,225043,3,1,6,07,09,4,1,0,1,0,1,0,0,0
"POINT (10.906545358000074 48.366911088000052)",Unfall 225115 (2024) Kat:3, Licht: 0,225115,3,1,8,08,13,5,0,0,1,0,0,0,0,0
"POINT (10.845894085000054 48.386250861000065)",Unfall 225180 (2024) Kat:3, Licht: 0,225180,3,3,5,08,15,4,0,0,0,1,0,0,0,1
"POINT (10.937900688000070 48.378305436000062)",Unfall 225181 (2024) Kat:3, Licht: 0,225181,3,1,0,08,13,4,1,0,0,0,0,0,0,1
"POINT (10.891374569000050 48.353359601000079)",Unfall 225182 (2024) Kat:3, Licht: 0,225182,3,1,0,08,13,4,0,0,1,0,0,0,0,0
"POINT (10.821312951000039 48.316459856000051)",Unfall 225183 (2024) Kat:2, Licht: 0,225183,2,1,3,08,13,4,1,0,1,0,0,0,0,0
"POINT (10.897262819000048 48.354817562000051)",Unfall 225184 (2024) Kat:3, Licht: 0,225184,3,1,0,08,08,4,0,0,1,0,0,0,0,0
"POINT (10.902061807000052 48.304176605000066)",Unfall 225265 (2024) Kat:3, Licht: 0,225265,3,2,4,08,18,3,0,0,1,1,0,0,0,0
"POINT (10.899880317000054 48.359546484000077)",Unfall 225344 (2024) Kat:3, Licht: 0,225344,3,3,5,08,13,2,0,0,0,1,0,0,0,1
"POINT (10.878809172000047 48.403439093000031)",Unfall 225345 (2024) Kat:3, Licht: 0,225345,3,3,5,08,15,2,0,0,0,1,0,0,0,0
"POINT (10.896397943000068 48.355685379000079)",Unfall 225346 (2024) Kat:3, Licht: 0,225346,3,2,0,08,08,2,0,0,1,0,0,0,0,0
"POINT (10.909428972000057 48.302298623000070)",Unfall 225427 (2024) Kat:3, Licht: 0,225427,3,1,4,08,17,1,0,0,1,0,0,0,0,1
"POINT (10.914024067000071 48.399276164000071)",Unfall 225488 (2024) Kat:3, Licht: 0,225488,3,3,5,08,12,7,0,0,0,1,0,1,0,0
"POINT (10.920291816000031 48.392513121000036)",Unfall 225569 (2024) Kat:3, Licht: 0,225569,3,3,5,08,19,6,0,0,1,1,0,0,0,0
"POINT (10.890066515000058 48.370221464000053)",Unfall 225570 (2024) Kat:3, Licht: 2,225570,3,2,4,08,00,6,0,2,0,1,0,1,0,0
"POINT (10.914357579000068 48.361043239000026)",Unfall 225637 (2024) Kat:3, Licht: 0,225637,3,2,0,08,14,5,0,0,1,0,0,0,0,0
"POINT (10.899706576000028 48.340622687000064)",Unfall 225638 (2024) Kat:3, Licht: 0,225638,3,6,2,08,12,5,0,0,0,1,0,0,0,0
"POINT (10.898774891000073 48.336595781000028)",Unfall 225639 (2024) Kat:3, Licht: 0,225639,3,3,5,08,07,5,0,0,1,1,0,0,0,0
"POINT (10.883255767000037 48.375823836000052)",Unfall 225640 (2024) Kat:2, Licht: 0,225640,2,2,4,08,16,5,0,0,0,1,0,1,0,0
"POINT (10.888534533000040 48.372135478000075)",Unfall 225641 (2024) Kat:3, Licht: 0,225641,3,7,0,08,16,5,0,0,1,0,0,0,0,0
"POINT (10.881517214000041 48.390724225000042)",Unfall 225740 (2024) Kat:3, Licht: 0,225740,3,1,5,07,16,4,0,0,0,1,0,1,0,0
"POINT (10.894364466000070 48.366183451000040)",Unfall 225741 (2024) Kat:3, Licht: 0,225741,3,1,0,07,18,4,0,0,1,0,0,0,0,0
"POINT (10.934607163000067 48.396330671000044)",Unfall 225848 (2024) Kat:3, Licht: 0,225848,3,3,5,07,10,4,0,0,0,1,0,0,0,0
"POINT (10.875361095000073 48.364119048000077)",Unfall 225853 (2024) Kat:3, Licht: 0,225853,3,6,2,07,16,3,0,0,1,0,0,1,0,0
"POINT (10.927722591000077 48.413194292000071)",Unfall 225854 (2024) Kat:3, Licht: 0,225854,3,1,0,07,20,3,0,0,0,0,0,1,0,0
"POINT (10.929077262000021 48.354100219000031)",Unfall 225855 (2024) Kat:3, Licht: 0,225855,3,1,3,07,15,3,0,0,1,0,0,0,0,0
"POINT (10.894073750000075 48.367548148000026)",Unfall 225856 (2024) Kat:3, Licht: 0,225856,3,3,5,07,11,3,0,0,1,1,0,0,0,0
"POINT (10.890992442000027 48.370562045000042)",Unfall 225857 (2024) Kat:3, Licht: 2,225857,3,6,3,07,21,3,0,2,0,1,0,0,0,0
"POINT (10.900851659000068 48.377402107000080)",Unfall 225858 (2024) Kat:3, Licht: 0,225858,3,7,0,07,06,3,0,0,0,0,0,0,0,1
"POINT (10.893358557000056 48.316937644000063)",Unfall 225956 (2024) Kat:3, Licht: 0,225956,3,5,1,07,14,2,0,0,1,0,0,0,0,1
"POINT (10.892957704000025 48.360193042000049)",Unfall 225957 (2024) Kat:3, Licht: 0,225957,3,3,5,07,16,2,0,0,1,1,0,0,0,0
"POINT (10.879822335000028 48.365320732000043)",Unfall 225958 (2024) Kat:3, Licht: 0,225958,3,1,4,07,13,2,0,0,1,0,0,0,0,1
"POINT (10.868774074000044 48.342053456000031)",Unfall 225959 (2024) Kat:3, Licht: 0,225959,3,2,5,07,16,2,0,0,1,1,0,0,0,0
"POINT (10.892689803000053 48.360260925000034)",Unfall 226032 (2024) Kat:3, Licht: 0,226032,3,3,3,07,10,2,0,0,1,1,0,0,0,0
"POINT (10.909639291000076 48.370325622000053)",Unfall 226066 (2024) Kat:3, Licht: 0,226066,3,3,5,07,20,1,0,0,1,1,0,0,0,0
"POINT (10.868519215000049 48.369502576000059)",Unfall 226149 (2024) Kat:2, Licht: 0,226149,2,3,5,08,13,7,0,0,1,1,0,0,0,0
"POINT (10.950252776000070 48.338459448000037)",Unfall 226150 (2024) Kat:3, Licht: 0,226150,3,6,4,08,12,7,0,0,0,1,0,0,0,0
"POINT (10.825629191000075 48.334415782000065)",Unfall 226151 (2024) Kat:3, Licht: 0,226151,3,1,0,08,17,7,0,0,1,0,0,0,0,0
"POINT (10.904430456000057 48.365907910000033)",Unfall 226152 (2024) Kat:3, Licht: 0,226152,3,4,6,08,18,7,0,0,0,1,1,0,0,0
"POINT (10.901017399000068 48.370565467000063)",Unfall 226153 (2024) Kat:3, Licht: 2,226153,3,2,4,08,22,7,0,2,0,1,0,0,0,1
"POINT (10.901320105000025 48.364338824000072)",Unfall 226154 (2024) Kat:3, Licht: 0,226154,3,6,4,08,12,7,0,0,1,0,0,0,0,0
"POINT (10.893258812000056 48.364113944000053)",Unfall 226214 (2024) Kat:3, Licht: 0,226214,3,7,6,08,09,6,0,0,1,0,1,0,0,0
"POINT (10.920436453000036 48.367801818000032)",Unfall 226339 (2024) Kat:3, Licht: 0,226339,3,3,5,08,19,4,0,0,0,1,0,0,0,1
"POINT (10.876604015000055 48.398289201000068)",Unfall 226398 (2024) Kat:3, Licht: 0,226398,3,1,0,08,06,3,0,0,1,0,0,0,0,0
"POINT (10.882439310000052 48.378619892000074)",Unfall 226399 (2024) Kat:3, Licht: 0,226399,3,6,3,08,16,3,0,0,0,1,0,0,0,0
"POINT (10.895946233000075 48.370165629000041)",Unfall 226400 (2024) Kat:2, Licht: 0,226400,2,6,2,08,17,3,0,0,1,0,0,0,0,0
"POINT (10.897948545000077 48.370544799000072)",Unfall 226401 (2024) Kat:3, Licht: 0,226401,3,7,0,08,13,3,0,0,1,0,0,0,0,0
"POINT (10.881812484000022 48.394301061000078)",Unfall 226447 (2024) Kat:3, Licht: 0,226447,3,6,2,08,12,2,1,0,0,1,0,0,0,0
"POINT (10.868570936000026 48.400560325000072)",Unfall 226448 (2024) Kat:3, Licht: 0,226448,3,6,2,08,19,2,0,0,0,1,0,0,1,0
"POINT (10.852989990000026 48.379828902000042)",Unfall 226516 (2024) Kat:3, Licht: 0,226516,3,2,3,08,18,7,0,0,1,1,0,0,0,0
"POINT (10.867993585000022 48.398055868000029)",Unfall 226518 (2024) Kat:3, Licht: 0,226518,3,1,0,08,16,7,0,0,1,0,0,0,0,0
"POINT (10.874760409000032 48.382144344000039)",Unfall 226572 (2024) Kat:3, Licht: 2,226572,3,6,2,08,21,6,0,2,0,1,0,0,0,0
"POINT (10.887161923000065 48.357312487000058)",Unfall 226573 (2024) Kat:3, Licht: 0,226573,3,1,8,08,19,6,0,0,1,0,0,0,0,1
"POINT (10.893253648000041 48.368044290000057)",Unfall 226574 (2024) Kat:3, Licht: 0,226574,3,2,4,08,19,6,0,0,1,0,0,0,0,0
"POINT (10.874955870000065 48.356098146000079)",Unfall 226606 (2024) Kat:3, Licht: 2,226606,3,6,4,08,00,7,0,2,1,0,0,0,0,0
"POINT (10.880758783000033 48.385953794000045)",Unfall 226650 (2024) Kat:3, Licht: 0,226650,3,6,2,08,17,5,0,0,0,1,0,0,0,0
"POINT (10.909043730000064 48.350730931000044)",Unfall 226651 (2024) Kat:3, Licht: 2,226651,3,1,0,08,23,5,1,2,1,0,0,0,0,0
"POINT (10.886848308000026 48.378014776000043)",Unfall 226652 (2024) Kat:3, Licht: 0,226652,3,7,0,08,18,5,0,0,1,0,0,0,0,0
"POINT (10.875363826000068 48.364167990000055)",Unfall 226723 (2024) Kat:3, Licht: 0,226723,3,7,6,08,08,4,0,0,0,0,1,0,0,1
"POINT (10.833778037000059 48.335574785000063)",Unfall 226724 (2024) Kat:3, Licht: 0,226724,3,7,6,08,18,4,0,0,1,0,1,0,0,0
"POINT (10.886550891000070 48.354887754000060)",Unfall 226725 (2024) Kat:3, Licht: 0,226725,3,1,2,08,19,4,1,0,0,1,0,0,0,0
"POINT (10.870828754000058 48.368465580000077)",Unfall 226800 (2024) Kat:3, Licht: 2,226800,3,1,0,08,22,3,0,2,0,0,0,0,0,1
"POINT (10.878805493000073 48.403380837000043)",Unfall 226801 (2024) Kat:3, Licht: 0,226801,3,6,2,08,06,3,0,0,0,1,0,1,0,0
"POINT (10.900729812000066 48.350337779000029)",Unfall 226802 (2024) Kat:3, Licht: 0,226802,3,3,6,08,19,3,0,0,1,0,1,0,0,0
"POINT (10.870200143000034 48.371971048000034)",Unfall 226881 (2024) Kat:3, Licht: 0,226881,3,6,3,08,18,2,0,0,0,1,0,0,0,0
"POINT (10.938403278000067 48.378388479000080)",Unfall 226882 (2024) Kat:3, Licht: 0,226882,3,1,0,08,17,2,0,0,1,0,0,0,0,0
"POINT (10.885373155000025 48.355290995000075)",Unfall 226883 (2024) Kat:3, Licht: 0,226883,3,3,5,08,15,2,0,0,0,1,0,0,0,0
"POINT (10.900572938000039 48.349660237000080)",Unfall 226963 (2024) Kat:3, Licht: 0,226963,3,1,2,08,17,5,0,0,1,0,0,0,0,0
"POINT (10.925232742000048 48.320822695000061)",Unfall 226966 (2024) Kat:3, Licht: 0,226966,3,1,3,08,15,1,0,0,1,0,0,0,0,0
"POINT (10.900850250000076 48.377962720000028)",Unfall 226967 (2024) Kat:3, Licht: 0,226967,3,7,0,08,18,1,0,0,1,0,0,0,0,0
"POINT (10.884766081000066 48.378275586000029)",Unfall 227042 (2024) Kat:3, Licht: 1,227042,3,6,2,08,20,7,0,1,0,0,0,0,0,1
"POINT (10.912673180000070 48.386783863000062)",Unfall 227043 (2024) Kat:3, Licht: 0,227043,3,3,5,08,18,7,0,0,0,1,0,0,0,0
"POINT (10.877622495000026 48.341488925000078)",Unfall 227044 (2024) Kat:3, Licht: 0,227044,3,3,5,08,11,7,0,0,1,0,0,0,0,0
"POINT (10.882103014000052 48.373945100000071)",Unfall 227045 (2024) Kat:3, Licht: 0,227045,3,6,2,08,20,7,0,0,0,1,0,0,0,0
"POINT (10.881438265000043 48.389992990000053)",Unfall 227135 (2024) Kat:3, Licht: 2,227135,3,1,0,08,22,6,0,2,1,0,0,0,0,0
"POINT (10.874753583000029 48.382131311000080)",Unfall 227136 (2024) Kat:3, Licht: 0,227136,3,6,1,08,13,6,0,0,1,1,0,0,0,0
"POINT (10.895065556000077 48.370062370000028)",Unfall 227139 (2024) Kat:3, Licht: 0,227139,3,7,0,08,18,6,0,0,1,0,0,0,0,0
"POINT (10.896182993000025 48.423010750000060)",Unfall 227180 (2024) Kat:3, Licht: 0,227180,3,1,8,09,17,1,0,0,1,0,0,0,0,0
"POINT (10.885711426000057 48.345282128000065)",Unfall 227241 (2024) Kat:2, Licht: 0,227241,2,3,5,09,18,7,0,0,1,1,0,0,0,0
"POINT (10.881317168000066 48.359876428000064)",Unfall 227242 (2024) Kat:3, Licht: 0,227242,3,1,0,09,17,7,0,0,1,0,0,0,0,0
"POINT (10.917841179000050 48.349898027000052)",Unfall 227243 (2024) Kat:3, Licht: 0,227243,3,2,5,09,13,7,0,0,0,1,0,1,0,0