WKT,Name,OBJECTID,UKATEGORIE,UTYP1,UART,UMONAT,USTUNDE,UWOCHENTAG,STRZUSTAND,ULICHTVERH,ISTRAD,ISTPKW,ISTFUSS,ISTKRAD,ISTGKFZ,ISTSONSTIG
"POINT (10.897976926000069 48.370548235000058)",Unfall 227244 (2024) Kat:3, Licht: 0,227244,3,3,5,09,10,7,0,0,1,0,0,0,0,0
"POINT (10.893525579000027 48.368060589000038)",Unfall 227245 (2024) Kat:3, Licht: 0,227245,3,7,0,09,14,7,0,0,1,0,0,0,0,0
"POINT (10.946491752000043 48.344556952000062)",Unfall 227326 (2024) Kat:3, Licht: 0,227326,3,3,5,09,18,6,0,0,1,0,0,0,0,0
"POINT (10.899918252000077 48.359543331000054)",Unfall 227327 (2024) Kat:3, Licht: 0,227327,3,7,1,09,12,6,0,0,1,0,0,0,0,0
"POINT (10.891038290000040 48.329632279000066)",Unfall 227328 (2024) Kat:3, Licht: 0,227328,3,3,5,09,15,6,0,0,0,1,0,0,0,0
"POINT (10.887220148000040 48.368665152000062)",Unfall 227329 (2024) Kat:3, Licht: 0,227329,3,6,3,09,16,6,0,0,1,1,0,0,0,0
"POINT (10.881598025000073 48.398066655000036)",Unfall 227401 (2024) Kat:3, Licht: 0,227401,3,6,2,09,15,5,0,0,0,1,0,0,0,0
"POINT (10.880789356000037 48.386088267000048)",Unfall 227402 (2024) Kat:3, Licht: 0,227402,3,4,6,09,16,5,0,0,0,1,1,0,0,0
"POINT (10.873901430000046 48.337738071000047)",Unfall 227403 (2024) Kat:3, Licht: 0,227403,3,6,2,09,15,5,0,0,0,1,0,1,0,0
"POINT (10.889764679000052 48.309741353000049)",Unfall 227404 (2024) Kat:3, Licht: 2,227404,3,2,5,09,21,5,0,2,0,1,0,0,1,0
"POINT (10.900034461000075 48.370756423000046)",Unfall 227405 (2024) Kat:3, Licht: 2,227405,3,7,0,09,00,5,1,2,1,0,0,0,0,0
"POINT (10.884938136000073 48.373855750000075)",Unfall 227406 (2024) Kat:3, Licht: 2,227406,3,3,5,09,21,5,0,2,0,1,0,0,0,1
"POINT (10.894108575000075 48.366724681000051)",Unfall 227407 (2024) Kat:3, Licht: 0,227407,3,4,6,09,09,5,0,0,1,0,1,0,0,0
"POINT (10.873365553000042 48.381479680000041)",Unfall 227498 (2024) Kat:3, Licht: 0,227498,3,1,0,09,18,4,0,0,1,0,0,0,0,0
"POINT (10.888807412000062 48.359201814000073)",Unfall 227499 (2024) Kat:3, Licht: 0,227499,3,1,5,09,14,4,0,0,1,1,0,0,0,0
"POINT (10.907431601000042 48.345313503000057)",Unfall 227500 (2024) Kat:3, Licht: 2,227500,3,1,1,09,22,4,1,2,0,1,0,0,0,0
"POINT (10.885990719000063 48.350337208000042)",Unfall 227501 (2024) Kat:3, Licht: 0,227501,3,1,0,09,17,4,0,0,1,0,0,0,0,0
"POINT (10.892148731000077 48.366379577000032)",Unfall 227502 (2024) Kat:3, Licht: 0,227502,3,7,4,09,07,4,0,0,1,1,0,0,0,0
"POINT (10.915267643000050 48.380311569000071)",Unfall 227570 (2024) Kat:3, Licht: 0,227570,3,2,6,09,17,3,0,0,0,1,1,0,0,0
"POINT (10.847840941000072 48.317842196000072)",Unfall 227571 (2024) Kat:3, Licht: 0,227571,3,1,0,09,15,3,0,0,1,0,0,0,0,0
"POINT (10.902021304000073 48.334774046000064)",Unfall 227637 (2024) Kat:3, Licht: 2,227637,3,3,5,09,21,2,0,2,0,1,0,1,0,0
"POINT (10.878543273000048 48.370893814000055)",Unfall 227638 (2024) Kat:3, Licht: 2,227638,3,3,4,09,22,2,0,2,1,1,0,0,0,0
"POINT (10.886025637000046 48.351421698000081)",Unfall 227721 (2024) Kat:3, Licht: 1,227721,3,1,4,09,19,1,0,1,0,1,0,0,0,0
"POINT (10.891458440000065 48.372014095000054)",Unfall 227724 (2024) Kat:3, Licht: 0,227724,3,3,5,09,14,1,0,0,0,1,0,1,0,0
"POINT (10.900388314000054 48.346038730000032)",Unfall 227790 (2024) Kat:3, Licht: 0,227790,3,3,5,08,16,7,0,0,1,0,0,1,0,0
"POINT (10.903921786000069 48.365683732000036)",Unfall 227791 (2024) Kat:3, Licht: 0,227791,3,2,5,08,11,7,0,0,1,1,0,0,0,0
"POINT (10.910332782000069 48.308176041000081)",Unfall 227792 (2024) Kat:3, Licht: 0,227792,3,1,0,08,17,7,0,0,1,0,0,0,0,0
"POINT (10.897852274000059 48.370488836000050)",Unfall 227793 (2024) Kat:3, Licht: 0,227793,3,7,6,08,15,7,0,0,0,0,1,0,0,1
"POINT (10.900160616000051 48.362282694000044)",Unfall 227866 (2024) Kat:3, Licht: 0,227866,3,3,5,08,16,6,0,0,1,1,0,0,0,0
"POINT (10.948115781000070 48.342188596000028)",Unfall 227964 (2024) Kat:3, Licht: 0,227964,3,7,8,08,06,5,0,0,0,1,0,0,0,0
"POINT (10.895042812000042 48.364898668000080)",Unfall 227965 (2024) Kat:3, Licht: 2,227965,3,6,3,08,21,5,0,2,0,0,0,0,0,1
"POINT (10.880440949000047 48.360078652000027)",Unfall 228044 (2024) Kat:3, Licht: 0,228044,3,2,5,08,17,4,0,0,1,1,0,0,0,0
"POINT (10.901653014000033 48.300615589000074)",Unfall 228045 (2024) Kat:2, Licht: 2,228045,2,1,0,08,21,4,0,2,1,0,0,0,0,0
"POINT (10.890445696000029 48.368562162000046)",Unfall 228046 (2024) Kat:3, Licht: 0,228046,3,6,3,08,15,4,0,0,1,1,0,0,0,0
"POINT (10.896170830000074 48.320967394000036)",Unfall 228047 (2024) Kat:3, Licht: 0,228047,3,1,0,08,11,4,0,0,1,0,0,0,0,0
"POINT (10.886734433000072 48.382430297000042)",Unfall 228048 (2024) Kat:3, Licht: 0,228048,3,6,2,08,15,4,0,0,1,1,0,0,0,0
"POINT (10.881268213000055 48.379548835000037)",Unfall 228104 (2024) Kat:3, Licht: 2,228104,3,3,5,08,23,3,0,2,1,1,0,0,0,0
"POINT (10.920596496000030 48.389506777000065)",Unfall 228105 (2024) Kat:3, Licht: 0,228105,3,6,0,08,10,3,0,0,0,0,0,1,1,0
"POINT (10.881692262000058 48.347948322000036)",Unfall 228106 (2024) Kat:3, Licht: 0,228106,3,2,4,08,18,3,0,0,1,1,0,0,0,0
"POINT (10.885510382000064 48.378313172000048)",Unfall 228107 (2024) Kat:3, Licht: 0,228107,3,2,3,08,09,3,0,0,0,1,0,0,0,1
"POINT (10.868558877000055 48.376411974000064)",Unfall 228121 (2024) Kat:3, Licht: 0,228121,3,1,1,08,16,6,0,0,1,0,0,0,0,1
"POINT (10.910318661000076 48.315347503000055)",Unfall 228172 (2024) Kat:3, Licht: 0,228172,3,3,5,08,13,2,0,0,1,1,0,0,0,0
"POINT (10.856467208000026 48.373335973000053)",Unfall 228227 (2024) Kat:3, Licht: 0,228227,3,6,2,08,19,1,0,0,0,1,0,0,0,0
"POINT (10.897137917000066 48.310467978000077)",Unfall 228229 (2024) Kat:3, Licht: 0,228229,3,1,0,08,16,1,0,0,1,0,0,0,0,0
"POINT (10.863099266000063 48.378498292000074)",Unfall 228250 (2024) Kat:3, Licht: 0,228250,3,5,1,09,18,3,0,0,0,1,0,0,0,1
"POINT (10.937222215000077 48.397030735000044)",Unfall 228251 (2024) Kat:3, Licht: 0,228251,3,2,4,09,13,3,0,0,0,1,0,1,0,0
"POINT (10.923741996000047 48.385022480000032)",Unfall 228252 (2024) Kat:3, Licht: 0,228252,3,3,5,09,13,3,0,0,0,1,0,0,0,0
"POINT (10.909861175000060 48.309531486000026)",Unfall 228253 (2024) Kat:3, Licht: 0,228253,3,7,3,09,17,3,0,0,1,1,0,0,0,0
"POINT (10.894979426000077 48.370059269000080)",Unfall 228254 (2024) Kat:3, Licht: 0,228254,3,6,6,09,11,3,0,0,1,0,1,0,0,0
"POINT (10.891910733000032 48.362159714000029)",Unfall 228255 (2024) Kat:3, Licht: 0,228255,3,6,2,09,11,3,0,0,0,1,0,0,0,0
"POINT (10.868424712000035 48.362262609000027)",Unfall 228321 (2024) Kat:3, Licht: 0,228321,3,3,5,09,10,2,0,0,1,1,0,0,0,0
"POINT (10.910958824000033 48.339183971000068)",Unfall 228322 (2024) Kat:3, Licht: 0,228322,3,6,6,09,15,2,0,0,1,0,1,0,0,0
"POINT (10.925071897000066 48.356753374000050)",Unfall 228323 (2024) Kat:3, Licht: 0,228323,3,3,5,09,08,2,0,0,1,1,0,0,0,0
"POINT (10.903972891000024 48.371297167000080)",Unfall 228324 (2024) Kat:3, Licht: 0,228324,3,4,6,09,13,2,0,0,0,0,1,1,0,0
"POINT (10.890045874000066 48.370252188000052)",Unfall 228325 (2024) Kat:3, Licht: 2,228325,3,3,0,09,19,2,1,2,1,0,0,1,0,0
"POINT (10.861888053000030 48.372943346000056)",Unfall 228397 (2024) Kat:3, Licht: 0,228397,3,3,5,09,13,1,0,0,1,1,0,0,0,0
"POINT (10.880366936000030 48.382564829000046)",Unfall 228398 (2024) Kat:3, Licht: 2,228398,3,2,4,09,20,1,0,2,0,1,0,1,0,0
"POINT (10.894270073000030 48.360161321000078)",Unfall 228399 (2024) Kat:3, Licht: 2,228399,3,1,0,09,06,1,1,2,0,0,0,1,0,0
"POINT (10.902182461000052 48.359656080000036)",Unfall 228400 (2024) Kat:3, Licht: 0,228400,3,7,0,09,18,1,0,0,1,0,0,0,0,0
"POINT (10.860073089000025 48.360646837000047)",Unfall 228453 (2024) Kat:3, Licht: 1,228453,3,1,0,09,19,7,0,1,1,0,0,0,0,0
"POINT (10.886171325000021 48.382494656000063)",Unfall 228454 (2024) Kat:3, Licht: 0,228454,3,7,0,09,15,7,0,0,1,0,0,0,0,0
"POINT (10.849031215000025 48.314714171000048)",Unfall 228522 (2024) Kat:3, Licht: 0,228522,3,7,0,09,18,6,0,0,1,0,1,0,0,0
"POINT (10.872510809000062 48.368168313000069)",Unfall 228596 (2024) Kat:3, Licht: 0,228596,3,3,5,09,11,5,0,0,0,1,0,0,0,0
"POINT (10.880900214000064 48.380784784000070)",Unfall 228598 (2024) Kat:3, Licht: 1,228598,3,6,3,09,05,5,0,1,1,1,0,0,0,0
"POINT (10.891602500000033 48.369115606000037)",Unfall 228599 (2024) Kat:3, Licht: 0,228599,3,3,5,09,14,5,0,0,0,1,0,0,0,1
"POINT (10.892037498000036 48.368321257000048)",Unfall 228600 (2024) Kat:3, Licht: 0,228600,3,6,3,09,09,5,0,0,0,1,0,1,0,0
"POINT (10.897184699000036 48.366990809000072)",Unfall 228690 (2024) Kat:3, Licht: 0,228690,3,4,6,09,14,4,0,0,1,0,1,0,0,0
"POINT (10.940539315000024 48.356294466000065)",Unfall 228691 (2024) Kat:3, Licht: 0,228691,3,3,5,09,15,4,0,0,1,1,0,0,0,0
"POINT (10.870299559000046 48.379508278000060)",Unfall 228695 (2024) Kat:3, Licht: 0,228695,3,3,5,09,13,4,0,0,0,1,0,0,0,0
"POINT (10.849959329000058 48.382125646000077)",Unfall 228696 (2024) Kat:3, Licht: 0,228696,3,3,5,09,07,4,1,0,1,1,0,0,0,0
"POINT (10.881795786000055 48.395586768000044)",Unfall 228697 (2024) Kat:3, Licht: 1,228697,3,3,5,09,19,4,0,1,1,1,0,0,0,0
"POINT (10.879432791000056 48.393758956000056)",Unfall 228698 (2024) Kat:3, Licht: 0,228698,3,3,5,09,16,6,0,0,0,1,0,0,0,1
"POINT (10.912123946000065 48.378816432000065)",Unfall 228699 (2024) Kat:3, Licht: 0,228699,3,2,3,09,09,4,1,0,0,0,0,0,0,1
"POINT (10.887015866000070 48.377993233000041)",Unfall 228700 (2024) Kat:3, Licht: 0,228700,3,7,1,09,16,4,0,0,1,1,0,0,0,0
"POINT (10.950963891000072 48.380343855000035)",Unfall 228775 (2024) Kat:3, Licht: 0,228775,3,1,0,09,18,3,0,0,1,0,0,0,0,0
"POINT (10.892599594000046 48.369650857000067)",Unfall 228776 (2024) Kat:3, Licht: 0,228776,3,2,3,09,16,3,0,0,0,1,0,0,0,1
"POINT (10.879448902000036 48.351517641000044)",Unfall 228843 (2024) Kat:3, Licht: 0,228843,3,1,1,09,12,2,1,0,0,1,0,0,0,0
"POINT (10.896351606000053 48.374027725000076)",Unfall 228845 (2024) Kat:3, Licht: 0,228845,3,7,2,09,09,2,0,0,1,0,0,0,0,1
"POINT (10.909790599000075 48.370824414000026)",Unfall 228846 (2024) Kat:2, Licht: 1,228846,2,4,6,09,19,2,1,1,0,1,1,0,0,0
"POINT (10.843752704000053 48.386368182000069)",Unfall 228880 (2024) Kat:3, Licht: 0,228880,3,7,0,09,14,1,0,0,1,0,0,0,0,0
"POINT (10.898254855000062 48.355917770000076)",Unfall 228910 (2024) Kat:3, Licht: 0,228910,3,1,6,09,08,7,1,0,1,0,1,0,0,0
"POINT (10.915254783000023 48.397303986000054)",Unfall 228948 (2024) Kat:3, Licht: 0,228948,3,7,5,09,10,6,1,0,0,1,0,0,1,0
"POINT (10.877384909000057 48.340384022000080)",Unfall 228950 (2024) Kat:3, Licht: 0,228950,3,5,1,09,17,6,1,0,0,1,0,1,0,0
"POINT (10.885351184000058 48.355299061000039)",Unfall 228951 (2024) Kat:3, Licht: 2,228951,3,3,5,09,20,6,1,2,0,1,0,0,0,0
"POINT (10.871874711000032 48.363210197000058)",Unfall 229007 (2024) Kat:3, Licht: 0,229007,3,6,2,09,07,5,0,0,0,1,0,0,0,0
"POINT (10.868429800000058 48.362273444000039)",Unfall 229008 (2024) Kat:3, Licht: 0,229008,3,7,0,09,14,5,0,0,1,0,0,0,0,0
"POINT (10.875320578000071 48.345322507000049)",Unfall 229009 (2024) Kat:2, Licht: 0,229009,2,7,1,09,07,5,0,0,0,1,1,0,0,0
"POINT (10.868818018000070 48.399444342000038)",Unfall 229078 (2024) Kat:3, Licht: 0,229078,3,3,5,09,16,4,1,0,0,1,0,0,0,0
"POINT (10.895107319000033 48.340326233000042)",Unfall 229079 (2024) Kat:3, Licht: 0,229079,3,1,0,09,07,4,0,0,1,0,0,0,0,0
"POINT (10.852109820000067 48.379784969000070)",Unfall 229132 (2024) Kat:2, Licht: 0,229132,2,1,0,09,17,3,0,0,1,0,0,0,0,0
"POINT (10.915393819000030 48.390354515000070)",Unfall 229172 (2024) Kat:3, Licht: 0,229172,3,2,4,09,13,3,1,0,1,1,0,0,0,0
"POINT (10.931051497000055 48.395596931000057)",Unfall 229210 (2024) Kat:3, Licht: 0,229210,3,6,2,09,15,2,0,0,0,1,0,0,0,0
"POINT (10.874438744000031 48.381409835000056)",Unfall 229214 (2024) Kat:3, Licht: 0,229214,3,3,5,09,16,2,1,0,1,1,0,0,0,0
"POINT (10.923053800000048 48.396654147000049)",Unfall 229215 (2024) Kat:3, Licht: 0,229215,3,3,5,09,15,2,0,0,0,1,0,0,0,1
"POINT (10.890891741000075 48.315665208000041)",Unfall 229216 (2024) Kat:3, Licht: 0,229216,3,3,5,09,12,2,0,0,0,1,0,0,0,0
"POINT (10.927224451000029 48.355814147000046)",Unfall 229217 (2024) Kat:2, Licht: 0,229217,2,4,6,09,07,2,0,0,0,1,1,0,0,0
"POINT (10.890974788000051 48.315659354000047)",Unfall 229218 (2024) Kat:3, Licht: 2,229218,3,3,5,09,21,2,1,2,1,1,0,0,0,0
"POINT (10.901854974000059 48.356568242000037)",Unfall 229219 (2024) Kat:3, Licht: 0,229219,3,3,5,09,09,2,0,0,0,1,0,0,0,1
"POINT (10.950049051000065 48.356060097000068)",Unfall 229329 (2024) Kat:3, Licht: 0,229329,3,3,5,10,14,7,0,0,1,0,0,0,0,0
"POINT (10.896423073000051 48.362889402000064)",Unfall 229330 (2024) Kat:3, Licht: 0,229330,3,5,1,10,08,7,0,0,0,1,0,0,0,1
"POINT (10.864239133000069 48.365649440000027)",Unfall 229380 (2024) Kat:3, Licht: 1,229380,3,4,6,10,06,6,0,1,0,0,1,0,0,1
"POINT (10.900481296000066 48.370596718000058)",Unfall 229381 (2024) Kat:3, Licht: 0,229381,3,6,0,10,13,6,0,0,1,0,1,0,0,1
"POINT (10.903355123000040 48.370377066000060)",Unfall 229382 (2024) Kat:2, Licht: 0,229382,2,7,0,10,12,6,0,0,1,0,0,0,0,0
"POINT (10.881982546000074 48.365109476000043)",Unfall 229441 (2024) Kat:3, Licht: 0,229441,3,1,0,10,13,5,1,0,0,0,0,1,0,0
"POINT (10.916409691000069 48.318899807000037)",Unfall 229443 (2024) Kat:3, Licht: 0,229443,3,5,1,10,16,5,0,0,1,1,0,0,0,0
"POINT (10.873972513000069 48.380894225000077)",Unfall 229487 (2024) Kat:3, Licht: 0,229487,3,3,5,10,07,4,0,0,0,1,0,0,0,0
"POINT (10.878562289000058 48.392859454000074)",Unfall 229488 (2024) Kat:3, Licht: 0,229488,3,3,5,10,07,4,0,0,1,1,0,0,0,0
"POINT (10.924368204000075 48.352358478000042)",Unfall 229490 (2024) Kat:3, Licht: 1,229490,3,1,0,10,18,4,0,1,1,0,0,0,0,0
"POINT (10.894964740000034 48.370058305000043)",Unfall 229491 (2024) Kat:3, Licht: 0,229491,3,7,6,10,14,4,0,0,1,0,1,0,0,0
"POINT (10.879865669000026 48.383265523000034)",Unfall 229556 (2024) Kat:3, Licht: 1,229556,3,4,6,10,18,3,1,1,0,1,1,0,0,0
"POINT (10.881825329000037 48.365480136000031)",Unfall 229557 (2024) Kat:3, Licht: 0,229557,3,7,4,10,12,3,0,0,0,1,0,0,0,0
"POINT (10.900978559000066 48.364451889000065)",Unfall 229558 (2024) Kat:3, Licht: 0,229558,3,7,1,10,16,3,0,0,1,1,0,0,0,0
"POINT (10.885339939000062 48.393528021000066)",Unfall 229613 (2024) Kat:2, Licht: 0,229613,2,3,4,10,17,2,0,0,1,1,0,0,0,0
"POINT (10.941405572000065 48.358126755000058)",Unfall 229614 (2024) Kat:3, Licht: 0,229614,3,3,5,10,07,2,1,0,1,1,0,0,0,0
"POINT (10.909836086000041 48.364362808000067)",Unfall 229615 (2024) Kat:3, Licht: 0,229615,3,2,6,10,18,2,0,0,1,1,1,0,0,0
"POINT (10.928441262000035 48.377674853000030)",Unfall 229697 (2024) Kat:3, Licht: 0,229697,3,3,5,10,17,7,1,0,0,1,0,0,0,0
"POINT (10.898090110000055 48.369714109000029)",Unfall 229698 (2024) Kat:3, Licht: 0,229698,3,1,0,10,22,7,0,0,1,0,0,0,0,0
"POINT (10.881715190000023 48.379022542000030)",Unfall 229736 (2024) Kat:3, Licht: 2,229736,3,5,1,10,23,6,0,2,0,1,0,0,0,0
"POINT (10.879872061000071 48.404296933000069)",Unfall 229737 (2024) Kat:3, Licht: 0,229737,3,1,1,10,12,6,1,0,0,1,0,0,0,1
"POINT (10.915790499000025 48.380815802000029)",Unfall 229738 (2024) Kat:3, Licht: 0,229738,3,2,5,10,18,6,1,0,1,1,0,0,0,0
"POINT (10.903289218000054 48.304286043000047)",Unfall 229739 (2024) Kat:2, Licht: 0,229739,2,2,5,10,13,6,0,0,0,1,0,0,0,1
"POINT (10.867381931000068 48.348230038000054)",Unfall 229779 (2024) Kat:3, Licht: 2,229779,3,3,6,10,19,5,0,2,0,1,1,0,0,0
"POINT (10.919617945000027 48.359153916000025)",Unfall 229812 (2024) Kat:3, Licht: 0,229812,3,1,0,10,09,4,1,0,1,0,0,0,0,0
"POINT (10.888923584000054 48.365258280000035)",Unfall 229813 (2024) Kat:3, Licht: 0,229813,3,6,2,10,17,4,0,0,0,1,0,1,0,0
"POINT (10.909898521000059 48.370983549000073)",Unfall 229814 (2024) Kat:3, Licht: 2,229814,3,2,2,10,20,4,0,2,0,1,0,0,0,0
"POINT (10.868466214000023 48.371156748000033)",Unfall 229882 (2024) Kat:3, Licht: 0,229882,3,2,4,10,07,3,1,0,1,1,0,0,0,0
"POINT (10.868370278000043 48.372118611000076)",Unfall 229883 (2024) Kat:3, Licht: 1,229883,3,6,2,10,06,3,0,1,0,1,0,0,0,0
"POINT (10.878117512000074 48.369926829000065)",Unfall 229948 (2024) Kat:3, Licht: 0,229948,3,1,2,09,11,2,1,0,0,1,0,0,0,1
"POINT (10.904211273000044 48.330058158000043)",Unfall 229953 (2024) Kat:3, Licht: 0,229953,3,1,0,09,14,2,1,0,1,0,0,0,0,0
"POINT (10.898720960000048 48.336595297000031)",Unfall 229954 (2024) Kat:3, Licht: 0,229954,3,2,5,09,14,2,0,0,1,1,0,0,0,0
"POINT (10.910295743000063 48.371870869000077)",Unfall 229955 (2024) Kat:3, Licht: 2,229955,3,4,6,09,19,2,1,2,1,0,1,0,0,0
"POINT (10.891755523000029 48.368999728000063)",Unfall 229957 (2024) Kat:3, Licht: 0,229957,3,6,2,09,17,2,1,0,0,1,0,0,0,0
"POINT (10.893838767000034 48.369878222000068)",Unfall 230007 (2024) Kat:3, Licht: 2,230007,3,4,6,09,02,1,0,2,0,1,1,0,0,0
"POINT (10.885909512000069 48.347552393000058)",Unfall 230034 (2024) Kat:3, Licht: 0,230034,3,3,5,10,13,2,1,0,0,1,0,0,0,0
"POINT (10.858803996000063 48.355152761000056)",Unfall 230060 (2024) Kat:3, Licht: 0,230060,3,3,5,09,14,7,0,0,1,1,0,0,0,0
"POINT (10.860676730000023 48.365543633000073)",Unfall 230061 (2024) Kat:3, Licht: 0,230061,3,1,0,09,15,7,0,0,0,1,0,0,0,0
"POINT (10.906055375000051 48.360958327000048)",Unfall 230062 (2024) Kat:3, Licht: 0,230062,3,1,0,09,15,7,1,0,0,0,0,0,0,1
"POINT (10.868887259000076 48.362306606000061)",Unfall 230124 (2024) Kat:3, Licht: 0,230124,3,3,5,09,12,6,0,0,1,1,0,0,0,0
"POINT (10.930800729000055 48.377190848000055)",Unfall 230125 (2024) Kat:2, Licht: 0,230125,2,3,5,09,11,6,0,0,1,1,0,0,0,0
"POINT (10.938156954000021 48.372201664000045)",Unfall 230126 (2024) Kat:2, Licht: 0,230126,2,5,1,09,09,6,0,0,0,1,0,0,1,0
"POINT (10.893468917000064 48.368189766000057)",Unfall 230127 (2024) Kat:3, Licht: 0,230127,3,7,0,09,12,6,0,0,0,0,0,1,0,0
"POINT (10.900221867000027 48.370661115000075)",Unfall 230128 (2024) Kat:2, Licht: 2,230128,2,7,0,09,23,6,0,2,1,0,0,0,0,0
"POINT (10.874959070000045 48.370998936000035)",Unfall 230194 (2024) Kat:3, Licht: 0,230194,3,2,4,09,07,5,0,0,1,1,0,0,0,0
"POINT (10.915009971000075 48.393244131000074)",Unfall 230195 (2024) Kat:3, Licht: 0,230195,3,6,4,09,16,5,1,0,0,1,0,0,0,0
"POINT (10.926649713000074 48.397598640000069)",Unfall 230264 (2024) Kat:3, Licht: 0,230264,3,1,0,09,12,4,0,0,1,0,0,0,0,0
"POINT (10.897264287000041 48.331974721000051)",Unfall 230265 (2024) Kat:3, Licht: 0,230265,3,7,0,09,15,4,0,0,1,0,0,1,0,0
"POINT (10.904173389000050 48.377692224000043)",Unfall 230362 (2024) Kat:3, Licht: 0,230362,3,5,1,11,15,6,0,0,0,0,0,0,0,1
"POINT (10.853457761000072 48.379848689000028)",Unfall 230406 (2024) Kat:3, Licht: 0,230406,3,7,6,10,07,5,0,0,1,0,1,0,0,0
"POINT (10.922927520000030 48.357512711000027)",Unfall 230411 (2024) Kat:3, Licht: 2,230411,3,4,6,10,19,5,0,2,0,1,1,0,0,0
"POINT (10.894866391000050 48.321562689000075)",Unfall 230412 (2024) Kat:3, Licht: 2,230412,3,7,1,10,17,5,0,2,0,1,0,0,0,0
"POINT (10.859849125000039 48.373096536000048)",Unfall 230490 (2024) Kat:3, Licht: 0,230490,3,3,5,10,08,4,0,0,1,1,0,0,0,0
"POINT (10.894227251000075 48.313292461000060)",Unfall 230507 (2024) Kat:3, Licht: 0,230507,3,1,0,10,12,3,0,0,1,0,0,0,0,0
"POINT (10.890623587000050 48.331117012000050)",Unfall 230508 (2024) Kat:3, Licht: 0,230508,3,3,5,10,08,3,0,0,0,1,0,0,0,0
"POINT (10.898119624000060 48.359722104000070)",Unfall 230509 (2024) Kat:3, Licht: 2,230509,3,6,2,10,18,3,0,2,0,1,0,0,0,0
"POINT (10.857080107000058 48.373383787000080)",Unfall 230564 (2024) Kat:3, Licht: 0,230564,3,6,2,10,08,2,0,0,0,1,0,0,0,0
"POINT (10.898597971000072 48.355528134000053)",Unfall 230565 (2024) Kat:3, Licht: 0,230565,3,3,5,10,13,2,0,0,1,1,0,0,0,0
"POINT (10.900337676000049 48.298111256000027)",Unfall 230566 (2024) Kat:2, Licht: 2,230566,2,2,4,10,20,2,0,2,0,1,0,0,0,0
"POINT (10.897930074000044 48.359742626000070)",Unfall 230567 (2024) Kat:3, Licht: 0,230567,3,2,4,10,15,2,0,0,1,1,0,0,0,0
"POINT (10.889491311000029 48.368158439000069)",Unfall 230568 (2024) Kat:3, Licht: 2,230568,3,2,6,10,05,2,1,2,0,1,1,0,0,0
"POINT (10.851801716000068 48.341547315000071)",Unfall 230613 (2024) Kat:2, Licht: 0,230613,2,1,0,10,11,1,0,0,1,0,0,0,0,0
"POINT (10.902696981000076 48.340298828000073)",Unfall 230615 (2024) Kat:3, Licht: 0,230615,3,3,1,10,12,1,0,0,1,1,0,0,0,0
"POINT (10.900537391000057 48.369606619000081)",Unfall 230616 (2024) Kat:3, Licht: 0,230616,3,7,0,10,12,1,0,0,1,0,0,0,0,0
"POINT (10.880992757000058 48.335613039000066)",Unfall 230631 (2024) Kat:3, Licht: 0,230631,3,3,5,10,06,2,0,0,0,1,0,1,0,0
"POINT (10.886222884000063 48.358866287000069)",Unfall 230649 (2024) Kat:3, Licht: 0,230649,3,1,0,10,09,7,0,0,0,0,0,0,0,1
"POINT (10.873889723000048 48.363743734000082)",Unfall 230694 (2024) Kat:3, Licht: 0,230694,3,6,0,10,12,6,0,0,0,1,0,1,0,0
"POINT (10.911953783000058 48.319461069000056)",Unfall 230695 (2024) Kat:3, Licht: 0,230695,3,1,8,10,13,6,0,0,0,0,0,1,0,0
"POINT (10.843118531000073 48.329786672000068)",Unfall 230696 (2024) Kat:3, Licht: 0,230696,3,6,4,10,10,6,0,0,0,1,0,0,0,0
"POINT (10.874940489000039 48.370972473000052)",Unfall 230697 (2024) Kat:3, Licht: 0,230697,3,3,5,10,09,5,1,0,1,1,0,0,0,0
"POINT (10.883198335000031 48.371147275000055)",Unfall 230698 (2024) Kat:3, Licht: 0,230698,3,5,1,10,15,6,0,0,0,1,0,0,0,0
"POINT (10.868086283000025 48.397772263000036)",Unfall 230758 (2024) Kat:3, Licht: 1,230758,3,1,0,10,17,5,1,1,1,0,0,0,0,0
"POINT (10.915305380000063 48.394848991000060)",Unfall 230759 (2024) Kat:3, Licht: 0,230759,3,3,5,10,12,5,1,0,1,1,0,0,0,0
"POINT (10.905985425000040 48.360963863000052)",Unfall 230760 (2024) Kat:3, Licht: 0,230760,3,4,0,10,15,5,0,0,0,0,1,0,0,1
"POINT (10.922887564000064 48.359958909000056)",Unfall 230761 (2024) Kat:3, Licht: 0,230761,3,3,1,10,12,5,1,0,0,1,0,1,0,0
"POINT (10.878730079000036 48.379941606000045)",Unfall 230816 (2024) Kat:2, Licht: 0,230816,2,1,0,10,08,4,1,0,1,0,0,0,0,0
"POINT (10.900181760000066 48.341196752000030)",Unfall 230874 (2024) Kat:3, Licht: 1,230874,3,2,3,10,06,3,0,1,1,1,0,0,0,0
"POINT (10.889872888000070 48.370339191000028)",Unfall 230875 (2024) Kat:3, Licht: 1,230875,3,7,0,10,17,3,1,1,0,0,0,0,0,1