WKT,Name,OBJECTID,UKATEGORIE,UTYP1,UART,UMONAT,USTUNDE,UWOCHENTAG,STRZUSTAND,ULICHTVERH,ISTRAD,ISTPKW,ISTFUSS,ISTKRAD,ISTGKFZ,ISTSONSTIG
"POINT (10.898520272000042 48.394943281000053)",Unfall 230952 (2024) Kat:3, Licht: 0,230952,3,6,2,10,07,2,0,0,0,1,0,0,0,1
"POINT (10.938910432000057 48.362418647000027)",Unfall 230953 (2024) Kat:3, Licht: 1,230953,3,3,5,10,18,2,0,1,1,1,0,0,0,0
"POINT (10.913751770000033 48.363832629000058)",Unfall 230954 (2024) Kat:3, Licht: 0,230954,3,7,5,10,08,2,0,0,1,0,0,0,0,1
"POINT (10.885513269000057 48.355705472000068)",Unfall 230955 (2024) Kat:3, Licht: 0,230955,3,2,3,10,17,2,0,0,1,1,0,0,0,0
"POINT (10.889183983000066 48.370764067000039)",Unfall 230956 (2024) Kat:3, Licht: 2,230956,3,3,5,10,05,2,1,2,1,0,0,0,0,0
"POINT (10.911154850000059 48.378678150000042)",Unfall 230959 (2024) Kat:3, Licht: 0,230959,3,2,5,10,15,2,0,0,0,1,0,0,0,1
"POINT (10.880958374000045 48.373399368000037)",Unfall 231009 (2024) Kat:3, Licht: 0,231009,3,7,0,10,14,1,0,0,0,0,0,0,0,1
"POINT (10.921638119000022 48.376489267000068)",Unfall 231010 (2024) Kat:3, Licht: 0,231010,3,3,5,10,14,1,0,0,1,1,0,0,0,0
"POINT (10.869860350000067 48.345414153000036)",Unfall 231037 (2024) Kat:3, Licht: 0,231037,3,1,0,10,13,1,0,0,1,0,0,0,0,0
"POINT (10.924464590000071 48.319699391000029)",Unfall 231059 (2024) Kat:3, Licht: 0,231059,3,1,0,10,16,7,0,0,1,0,0,0,0,0
"POINT (10.890721109000026 48.379746300000079)",Unfall 231060 (2024) Kat:3, Licht: 0,231060,3,7,0,10,17,7,0,0,1,0,0,0,0,0
"POINT (10.902218603000051 48.370601189000070)",Unfall 231104 (2024) Kat:3, Licht: 0,231104,3,7,6,10,17,3,1,0,1,0,1,0,0,0
"POINT (10.905471361000025 48.387858723000079)",Unfall 231106 (2024) Kat:3, Licht: 2,231106,3,3,5,10,21,6,1,2,0,1,0,0,0,1
"POINT (10.892431770000030 48.360280923000062)",Unfall 231108 (2024) Kat:3, Licht: 0,231108,3,7,6,10,07,6,0,0,1,0,1,0,0,0
"POINT (10.900481260000049 48.370596182000043)",Unfall 231109 (2024) Kat:3, Licht: 0,231109,3,2,3,10,13,6,0,0,1,1,0,0,0,0
"POINT (10.861905774000036 48.373036680000041)",Unfall 231181 (2024) Kat:2, Licht: 0,231181,2,3,5,10,07,5,0,0,1,1,0,0,0,0
"POINT (10.853898784000023 48.384715767000046)",Unfall 231182 (2024) Kat:2, Licht: 0,231182,2,1,0,10,16,5,0,0,0,0,0,1,0,0
"POINT (10.885720702000071 48.345281501000045)",Unfall 231183 (2024) Kat:3, Licht: 2,231183,3,2,6,10,06,5,0,2,0,1,1,0,0,0
"POINT (10.897726680000062 48.371391674000051)",Unfall 231184 (2024) Kat:3, Licht: 0,231184,3,7,0,10,08,5,0,0,1,0,0,0,0,0
"POINT (10.919160934000047 48.396716262000041)",Unfall 231269 (2024) Kat:3, Licht: 1,231269,3,7,0,10,18,4,0,1,1,0,0,0,0,0
"POINT (10.901003450000076 48.370681056000080)",Unfall 231270 (2024) Kat:3, Licht: 0,231270,3,2,3,10,15,4,0,0,1,1,0,0,0,0
"POINT (10.844988176000072 48.388042100000064)",Unfall 231365 (2024) Kat:3, Licht: 2,231365,3,6,2,10,08,3,0,2,0,1,0,0,0,0
"POINT (10.870085587000062 48.381293853000045)",Unfall 231366 (2024) Kat:3, Licht: 0,231366,3,6,2,10,10,3,0,0,0,1,0,0,0,0
"POINT (10.868318009000063 48.371614967000028)",Unfall 231415 (2024) Kat:3, Licht: 0,231415,3,3,5,10,14,2,0,0,0,1,0,0,0,0
"POINT (10.910444456000050 48.360501536000072)",Unfall 231416 (2024) Kat:3, Licht: 0,231416,3,1,0,10,17,2,1,0,1,0,0,0,0,0
"POINT (10.903333142000065 48.375593922000064)",Unfall 231418 (2024) Kat:3, Licht: 0,231418,3,3,5,10,12,2,0,0,0,1,0,1,0,0
"POINT (10.901010025000062 48.370745084000077)",Unfall 231419 (2024) Kat:3, Licht: 0,231419,3,2,3,10,16,2,0,0,1,1,0,0,0,0
"POINT (10.890478557000051 48.372673081000073)",Unfall 231420 (2024) Kat:3, Licht: 0,231420,3,7,0,10,08,2,0,0,0,0,0,0,0,1
"POINT (10.895442070000058 48.376691419000053)",Unfall 231444 (2024) Kat:3, Licht: 1,231444,3,5,1,11,16,2,0,1,1,1,0,0,0,0
"POINT (10.902146935000076 48.375559869000028)",Unfall 231445 (2024) Kat:3, Licht: 0,231445,3,3,5,11,07,2,0,0,1,1,0,0,0,0
"POINT (10.886765580000031 48.378025412000056)",Unfall 231472 (2024) Kat:3, Licht: 0,231472,3,6,2,11,13,1,0,0,0,1,0,0,0,0
"POINT (10.905557001000034 48.360537639000029)",Unfall 231488 (2024) Kat:3, Licht: 0,231488,3,6,2,11,12,7,0,0,0,1,0,0,0,0
"POINT (10.881532220000054 48.390905650000036)",Unfall 231491 (2024) Kat:3, Licht: 2,231491,3,6,2,11,17,7,0,2,0,1,0,0,0,0
"POINT (10.898083157000030 48.369740334000028)",Unfall 231528 (2024) Kat:3, Licht: 1,231528,3,4,6,11,07,6,0,1,1,0,1,0,0,0
"POINT (10.920870691000061 48.380018305000078)",Unfall 231529 (2024) Kat:3, Licht: 0,231529,3,6,1,11,10,6,0,0,0,1,0,0,0,0
"POINT (10.903300523000041 48.374312674000066)",Unfall 231530 (2024) Kat:3, Licht: 0,231530,3,7,6,11,09,6,0,0,0,1,1,0,0,0
"POINT (10.933485229000041 48.393257981000033)",Unfall 231575 (2024) Kat:3, Licht: 2,231575,3,7,0,11,19,5,1,2,1,0,0,0,0,0
"POINT (10.894010660000049 48.364914930000054)",Unfall 231576 (2024) Kat:2, Licht: 0,231576,2,4,6,11,07,5,0,0,0,1,1,0,0,0
"POINT (10.881386169000052 48.388845644000071)",Unfall 231612 (2024) Kat:3, Licht: 1,231612,3,6,3,11,06,4,1,1,0,1,0,0,0,1
"POINT (10.916012466000041 48.362061580000045)",Unfall 231613 (2024) Kat:3, Licht: 2,231613,3,3,5,11,05,4,1,2,1,1,0,0,0,0
"POINT (10.901431749000039 48.373183269000037)",Unfall 231710 (2024) Kat:3, Licht: 0,231710,3,2,6,11,09,2,1,0,0,1,1,0,0,0
"POINT (10.934629330000064 48.396367167000051)",Unfall 231711 (2024) Kat:3, Licht: 2,231711,3,3,5,11,21,2,1,2,0,1,0,0,0,0
"POINT (10.881222384000068 48.379703913000071)",Unfall 231750 (2024) Kat:3, Licht: 2,231750,3,6,3,11,18,1,1,2,1,1,0,0,0,0
"POINT (10.934435854000071 48.367913426000030)",Unfall 231751 (2024) Kat:3, Licht: 2,231751,3,2,4,11,17,1,1,2,0,1,0,0,0,0
"POINT (10.881757116000074 48.366344456000036)",Unfall 231783 (2024) Kat:3, Licht: 0,231783,3,7,6,11,12,7,0,0,0,1,1,0,0,0
"POINT (10.887315625000042 48.368714906000037)",Unfall 231877 (2024) Kat:3, Licht: 0,231877,3,3,3,11,11,5,0,0,0,1,0,0,1,0
"POINT (10.891276456000071 48.366261065000060)",Unfall 231878 (2024) Kat:2, Licht: 0,231878,2,7,2,11,09,5,0,0,1,1,0,0,0,0
"POINT (10.907068074000051 48.386208047000025)",Unfall 231931 (2024) Kat:3, Licht: 0,231931,3,6,2,11,08,4,0,0,0,1,0,0,0,0
"POINT (10.918833600000028 48.383640297000056)",Unfall 231933 (2024) Kat:3, Licht: 2,231933,3,6,2,11,18,4,1,2,0,1,0,0,0,0
"POINT (10.914332554000055 48.361060328000065)",Unfall 231934 (2024) Kat:3, Licht: 2,231934,3,4,6,11,17,4,1,2,0,1,1,0,0,0
"POINT (10.892719065000051 48.353197620000060)",Unfall 231935 (2024) Kat:3, Licht: 2,231935,3,4,6,11,18,4,1,2,1,0,1,0,0,0
"POINT (10.902115125000023 48.354460662000065)",Unfall 231992 (2024) Kat:3, Licht: 2,231992,3,4,6,11,16,3,0,2,0,1,1,0,0,0
"POINT (10.896958073000064 48.370320822000053)",Unfall 231993 (2024) Kat:3, Licht: 0,231993,3,5,1,11,11,3,0,0,1,1,0,0,0,0
"POINT (10.898314076000077 48.367325201000028)",Unfall 231994 (2024) Kat:3, Licht: 0,231994,3,7,0,11,08,3,0,0,1,0,0,0,0,0
"POINT (10.887815374000070 48.371105935000060)",Unfall 232041 (2024) Kat:3, Licht: 2,232041,3,7,0,11,19,2,1,2,1,0,0,0,0,0
"POINT (10.899963799000034 48.359454301000028)",Unfall 232042 (2024) Kat:3, Licht: 2,232042,3,2,3,11,19,2,1,2,1,1,0,0,0,0
"POINT (10.896157745000039 48.374239469000031)",Unfall 232043 (2024) Kat:3, Licht: 1,232043,3,4,6,11,17,2,0,1,1,0,1,0,0,0
"POINT (10.899647077000054 48.364707012000054)",Unfall 232044 (2024) Kat:3, Licht: 2,232044,3,7,0,11,20,2,1,2,1,0,0,0,0,0
"POINT (10.882888012000024 48.369201945000043)",Unfall 232146 (2024) Kat:3, Licht: 0,232146,3,1,8,11,16,6,0,0,1,0,0,0,0,0
"POINT (10.890994223000064 48.360928680000029)",Unfall 232147 (2024) Kat:3, Licht: 0,232147,3,7,5,11,07,6,0,0,0,1,0,0,0,0
"POINT (10.875439715000027 48.364140923000036)",Unfall 232197 (2024) Kat:3, Licht: 0,232197,3,3,5,11,11,5,0,0,0,1,0,1,0,0
"POINT (10.863934116000053 48.372756357000071)",Unfall 232198 (2024) Kat:2, Licht: 0,232198,2,7,0,11,13,5,0,0,1,0,0,0,0,0
"POINT (10.871179135000034 48.398946563000038)",Unfall 232199 (2024) Kat:3, Licht: 0,232199,3,6,2,11,14,5,0,0,0,1,0,0,0,0
"POINT (10.881841999000073 48.353614938000078)",Unfall 232200 (2024) Kat:3, Licht: 0,232200,3,7,5,11,15,5,0,0,0,1,0,0,0,1
"POINT (10.892051885000058 48.367808907000040)",Unfall 232201 (2024) Kat:3, Licht: 2,232201,3,7,0,11,23,5,1,2,1,0,0,0,0,0
"POINT (10.892124550000062 48.367821669000080)",Unfall 232247 (2024) Kat:3, Licht: 2,232247,3,2,4,11,23,2,0,2,1,1,0,0,0,0
"POINT (10.868429800000058 48.362273444000039)",Unfall 232264 (2024) Kat:3, Licht: 1,232264,3,3,5,11,18,4,0,1,1,1,0,0,0,0
"POINT (10.903250600000035 48.376971289000039)",Unfall 232265 (2024) Kat:3, Licht: 0,232265,3,3,5,11,09,4,0,0,0,1,0,0,0,0
"POINT (10.885564797000029 48.355686193000054)",Unfall 232319 (2024) Kat:3, Licht: 0,232319,3,2,3,11,15,3,0,0,1,1,0,0,0,0
"POINT (10.898803405000024 48.369474766000053)",Unfall 232321 (2024) Kat:3, Licht: 2,232321,3,1,0,11,18,3,0,2,1,0,0,0,0,0
"POINT (10.893273134000026 48.368048170000066)",Unfall 232341 (2024) Kat:3, Licht: 0,232341,3,2,6,11,11,6,0,0,0,0,1,0,0,1
"POINT (10.874149951000049 48.363791601000059)",Unfall 232371 (2024) Kat:3, Licht: 0,232371,3,3,6,11,09,2,0,0,0,1,1,0,0,0
"POINT (10.881888129000060 48.379051071000049)",Unfall 232372 (2024) Kat:3, Licht: 0,232372,3,2,3,11,16,2,0,0,0,0,0,1,0,1
"POINT (10.933646228000043 48.378640951000079)",Unfall 232456 (2024) Kat:3, Licht: 0,232456,3,6,1,11,16,7,0,0,0,1,0,0,0,0
"POINT (10.878248618000043 48.343258191000075)",Unfall 232458 (2024) Kat:3, Licht: 0,232458,3,1,2,11,14,7,0,0,0,1,0,0,0,0
"POINT (10.879689266000071 48.365153879000047)",Unfall 232459 (2024) Kat:3, Licht: 2,232459,3,1,0,11,23,7,1,2,0,0,0,0,0,1
"POINT (10.879120742000055 48.371319237000080)",Unfall 232475 (2024) Kat:2, Licht: 0,232475,2,3,5,12,10,7,0,0,1,0,0,0,1,0
"POINT (10.868407207000075 48.371949321000045)",Unfall 232500 (2024) Kat:3, Licht: 1,232500,3,3,4,12,07,6,0,1,1,1,0,0,0,0
"POINT (10.875506490000021 48.386019658000066)",Unfall 232501 (2024) Kat:3, Licht: 0,232501,3,7,0,12,12,6,0,0,1,0,1,0,0,0
"POINT (10.899938813000063 48.366846397000074)",Unfall 232502 (2024) Kat:3, Licht: 2,232502,3,7,6,12,18,6,1,2,1,0,1,0,0,0
"POINT (10.890179741000054 48.368440348000036)",Unfall 232503 (2024) Kat:3, Licht: 0,232503,3,7,0,12,13,6,1,0,1,0,0,0,0,0
"POINT (10.863157688000058 48.365144376000046)",Unfall 232545 (2024) Kat:3, Licht: 2,232545,3,1,0,12,20,5,1,2,1,0,0,0,0,0
"POINT (10.906663602000037 48.359457251000038)",Unfall 232546 (2024) Kat:3, Licht: 2,232546,3,3,5,12,20,5,0,2,1,1,0,0,0,0
"POINT (10.895400838000057 48.320523800000046)",Unfall 232583 (2024) Kat:3, Licht: 0,232583,3,3,5,12,14,4,0,0,1,1,0,0,0,0
"POINT (10.893173919000048 48.360228709000069)",Unfall 232584 (2024) Kat:3, Licht: 0,232584,3,6,3,12,14,4,0,0,1,1,0,0,0,0
"POINT (10.904039144000023 48.365477693000059)",Unfall 232643 (2024) Kat:3, Licht: 0,232643,3,2,3,12,15,3,0,0,1,1,0,0,0,0
"POINT (10.885352622000028 48.355298534000042)",Unfall 232664 (2024) Kat:3, Licht: 0,232664,3,1,0,12,14,2,0,0,1,0,0,0,0,0
"POINT (10.865441510000039 48.341121690000080)",Unfall 232697 (2024) Kat:3, Licht: 0,232697,3,7,0,12,15,6,0,0,1,0,0,0,0,0
"POINT (10.878137998000057 48.364958526000066)",Unfall 232705 (2024) Kat:3, Licht: 2,232705,3,6,6,12,18,1,0,2,0,0,1,0,0,1
"POINT (10.897909237000022 48.359748271000058)",Unfall 232706 (2024) Kat:3, Licht: 2,232706,3,7,0,12,01,1,1,2,0,1,0,0,0,0
"POINT (10.871589418000042 48.363092712000025)",Unfall 232723 (2024) Kat:2, Licht: 2,232723,2,6,0,12,22,7,0,2,1,1,0,0,0,0
"POINT (10.901606610000044 48.375548640000034)",Unfall 232749 (2024) Kat:3, Licht: 0,232749,3,3,5,12,14,5,0,0,0,1,0,0,0,0
"POINT (10.858732744000065 48.380235651000078)",Unfall 232751 (2024) Kat:2, Licht: 2,232751,2,4,6,12,18,6,0,2,0,0,1,0,0,1
"POINT (10.942084644000033 48.344394151000074)",Unfall 232752 (2024) Kat:2, Licht: 0,232752,2,7,0,12,15,6,0,0,1,0,0,0,0,0
"POINT (10.904229945000054 48.365137903000061)",Unfall 232753 (2024) Kat:3, Licht: 2,232753,3,2,4,12,22,6,0,2,1,1,0,0,0,0
"POINT (10.878940595000074 48.370836311000062)",Unfall 232792 (2024) Kat:3, Licht: 0,232792,3,2,4,12,07,5,0,0,0,1,0,0,0,1
"POINT (10.888360238000075 48.358844817000033)",Unfall 232793 (2024) Kat:3, Licht: 2,232793,3,6,2,12,18,5,0,2,0,1,0,0,0,0
"POINT (10.917960475000029 48.383394899000052)",Unfall 232827 (2024) Kat:3, Licht: 2,232827,3,2,5,12,17,4,0,2,1,1,0,0,0,0
"POINT (10.880190450000043 48.352355278000061)",Unfall 232828 (2024) Kat:3, Licht: 2,232828,3,2,4,12,06,4,0,2,1,1,0,0,0,0
"POINT (10.901367619000041 48.369681343000082)",Unfall 232829 (2024) Kat:3, Licht: 0,232829,3,2,3,12,12,4,0,0,0,1,0,0,0,1
"POINT (10.903204364000032 48.311986536000063)",Unfall 232858 (2024) Kat:2, Licht: 2,232858,2,3,5,12,17,3,0,2,0,1,0,1,0,0
"POINT (10.904319274000045 48.369875550000074)",Unfall 232859 (2024) Kat:2, Licht: 1,232859,2,6,0,12,16,3,1,1,1,1,0,0,0,0
"POINT (10.864004626000053 48.362150751000058)",Unfall 232897 (2024) Kat:3, Licht: 0,232897,3,3,5,12,13,6,1,0,0,1,0,0,0,0
"POINT (10.888603498000066 48.354104197000026)",Unfall 232955 (2024) Kat:3, Licht: 2,232955,3,2,6,12,18,7,1,2,0,1,1,0,0,0
"POINT (10.875833838000062 48.351219630000060)",Unfall 232986 (2024) Kat:3, Licht: 0,232986,3,7,6,12,12,6,0,0,0,1,1,0,0,0
"POINT (10.914853502000028 48.379320555000049)",Unfall 232987 (2024) Kat:3, Licht: 0,232987,3,1,1,12,11,6,0,0,0,1,0,0,0,0
"POINT (10.930806088000054 48.377155190000053)",Unfall 232988 (2024) Kat:3, Licht: 1,232988,3,3,5,12,08,6,1,1,1,1,0,0,0,0
"POINT (10.887781479000068 48.357700861000069)",Unfall 232989 (2024) Kat:2, Licht: 2,232989,2,7,0,12,16,6,0,2,1,0,0,0,0,0
"POINT (10.898493817000031 48.367106680000063)",Unfall 232990 (2024) Kat:3, Licht: 0,232990,3,7,0,12,11,6,0,0,1,0,0,0,0,0
"POINT (10.879746650000072 48.365341518000037)",Unfall 232991 (2024) Kat:3, Licht: 0,232991,3,3,2,12,14,2,0,0,1,1,0,0,0,0
"POINT (10.883938254000043 48.373918326000080)",Unfall 232992 (2024) Kat:3, Licht: 0,232992,3,2,0,12,08,6,1,0,1,1,0,0,0,0
"POINT (10.859194036000076 48.313968433000070)",Unfall 233041 (2024) Kat:3, Licht: 0,233041,3,3,5,12,09,5,0,0,1,1,0,0,0,0
"POINT (10.900164778000033 48.362287770000080)",Unfall 233042 (2024) Kat:3, Licht: 0,233042,3,3,5,12,14,5,0,0,0,1,0,0,0,1
"POINT (10.864206552000041 48.372516572000052)",Unfall 233160 (2024) Kat:3, Licht: 0,233160,3,1,0,12,07,3,1,0,1,0,0,0,0,0
"POINT (10.898219007000023 48.368059621000043)",Unfall 233161 (2024) Kat:3, Licht: 2,233161,3,7,0,12,20,3,1,2,1,0,1,0,0,0
"POINT (10.897930074000044 48.359742626000070)",Unfall 233249 (2024) Kat:3, Licht: 0,233249,3,2,4,12,15,2,0,0,1,1,0,0,0,0
"POINT (10.881159926000066 48.379912981000075)",Unfall 233283 (2024) Kat:3, Licht: 2,233283,3,6,3,11,22,7,1,2,0,1,0,0,0,0
"POINT (10.868200811000065 48.357119022000063)",Unfall 233327 (2024) Kat:3, Licht: 2,233327,3,2,6,11,17,6,0,2,0,1,1,0,0,0
"POINT (10.869950006000067 48.371895412000072)",Unfall 233379 (2024) Kat:3, Licht: 0,233379,3,7,4,11,16,5,0,0,0,0,0,0,0,1
"POINT (10.892973403000042 48.360282620000078)",Unfall 233380 (2024) Kat:3, Licht: 2,233380,3,2,5,11,20,5,0,2,1,1,0,0,0,0
"POINT (10.897811023000031 48.370528190000073)",Unfall 233419 (2024) Kat:3, Licht: 0,233419,3,2,4,11,16,4,0,0,0,1,0,1,0,0
"POINT (10.854981554000062 48.399551017000078)",Unfall 233420 (2024) Kat:3, Licht: 0,233420,3,3,5,11,07,4,0,0,1,1,0,0,0,0
"POINT (10.877593026000056 48.378677459000073)",Unfall 233421 (2024) Kat:3, Licht: 1,233421,3,3,5,11,16,4,0,1,0,1,0,0,0,0
"POINT (10.944516709000027 48.347841644000027)",Unfall 233483 (2024) Kat:3, Licht: 2,233483,3,7,3,11,21,3,0,2,1,0,0,0,0,1
"POINT (10.928258413000037 48.397626539000044)",Unfall 233484 (2024) Kat:2, Licht: 2,233484,2,1,8,11,02,3,1,2,0,1,0,0,0,0
"POINT (10.905669348000060 48.346773892000044)",Unfall 233485 (2024) Kat:3, Licht: 0,233485,3,3,5,11,15,3,1,0,0,1,0,0,0,1
"POINT (10.867951812000058 48.342027457000029)",Unfall 233546 (2024) Kat:3, Licht: 2,233546,3,1,0,11,17,2,0,2,1,0,0,0,0,0
"POINT (10.870185239000023 48.371855519000064)",Unfall 234476 (2024) Kat:2, Licht: 2,234476,2,2,3,12,00,3,1,2,1,1,0,0,0,0
"POINT (10.881775167000058 48.348011918000054)",Unfall 234494 (2024) Kat:3, Licht: 2,234494,3,2,6,12,17,2,0,2,0,1,1,0,0,0
"POINT (10.890709587000060 48.370735294000042)",Unfall 234495 (2024) Kat:3, Licht: 2,234495,3,2,3,12,06,2,1,2,0,1,0,0,0,1
"POINT (10.859845251000024 48.407225989000040)",Unfall 234524 (2024) Kat:3, Licht: 2,234524,3,1,8,12,03,1,1,2,0,1,0,0,0,0
"POINT (10.858674405000045 48.391490288000057)",Unfall 234541 (2024) Kat:3, Licht: 2,234541,3,1,8,12,19,7,0,2,0,1,0,0,0,0
"POINT (10.889490789000035 48.371546765000062)",Unfall 234556 (2024) Kat:3, Licht: 0,234556,3,3,5,12,17,6,0,0,0,1,0,0,0,1
"POINT (10.878927749000070 48.370838170000070)",Unfall 234641 (2024) Kat:3, Licht: 2,234641,3,3,5,12,17,2,0,2,1,1,0,0,0,0
"POINT (10.868130219000022 48.357119567000041)",Unfall 234642 (2024) Kat:3, Licht: 2,234642,3,2,6,12,18,2,1,2,0,1,1,0,0,0
"POINT (10.895765719000053 48.370551457000033)",Unfall 234643 (2024) Kat:3, Licht: 0,234643,3,7,6,12,13,2,0,0,0,1,1,0,0,0
"POINT (10.901932041000066 48.370647973000075)",Unfall 234681 (2024) Kat:3, Licht: 0,234681,3,3,5,12,14,1,1,0,0,1,0,0,0,1
"POINT (10.898955566000041 48.334464081000078)",Unfall 266186 (2024) Kat:3, Licht: 0,266186,3,3,5,02,16,5,0,0,1,0,1,0,0,0
"POINT (10.878837221000026 48.362224851000065)",Unfall 266210 (2024) Kat:3, Licht: 0,266210,3,7,0,02,15,1,0,0,1,0,1,0,0,0
"POINT (10.879370365000057 48.345685443000036)",Unfall 266250 (2024) Kat:3, Licht: 2,266250,3,1,0,03,19,1,0,2,1,0,0,0,0,0
"POINT (10.879688108000039 48.376762751000058)",Unfall 266269 (2024) Kat:3, Licht: 0,266269,3,1,0,03,11,3,0,0,1,0,0,0,0,0
"POINT (10.916501142000072 48.375604370000076)",Unfall 266317 (2024) Kat:3, Licht: 0,266317,3,1,0,04,11,1,0,0,1,0,0,0,0,0
"POINT (10.916532422000046 48.394237993000047)",Unfall 266333 (2024) Kat:3, Licht: 0,266333,3,6,4,04,18,5,0,0,1,0,0,0,0,0
"POINT (10.926968735000059 48.374321522000059)",Unfall 266349 (2024) Kat:2, Licht: 2,266349,2,7,7,04,12,7,0,2,1,0,1,0,0,0
"POINT (10.879165802000045 48.345725583000046)",Unfall 266375 (2024) Kat:3, Licht: 0,266375,3,1,0,04,14,4,1,0,1,0,0,0,0,0
"POINT (10.919402230000060 48.396641820000070)",Unfall 266408 (2024) Kat:3, Licht: 0,266408,3,3,5,04,14,1,0,0,1,0,0,0,0,0
"POINT (10.865793809000024 48.349732469000060)",Unfall 266464 (2024) Kat:2, Licht: 0,266464,2,1,4,05,18,3,0,0,1,0,0,0,0,0
"POINT (10.864150893000044 48.350078480000036)",Unfall 266509 (2024) Kat:3, Licht: 2,266509,3,1,0,05,01,7,1,2,1,0,0,0,0,0
"POINT (10.835250340000073 48.326691339000035)",Unfall 266574 (2024) Kat:3, Licht: 0,266574,3,1,0,05,14,2,0,0,1,0,0,0,0,0
"POINT (10.889693369000042 48.413901989000067)",Unfall 266618 (2024) Kat:3, Licht: 1,266618,3,1,8,05,20,3,0,1,1,0,0,0,0,0
"POINT (10.905024070000024 48.330911409000066)",Unfall 266793 (2024) Kat:3, Licht: 0,266793,3,3,5,06,11,3,0,0,1,1,0,0,0,0
"POINT (10.907745113000033 48.364396906000081)",Unfall 266814 (2024) Kat:3, Licht: 2,266814,3,1,0,06,22,5,1,2,1,0,0,0,0,0
"POINT (10.901980125000023 48.358192588000065)",Unfall 266857 (2024) Kat:3, Licht: 0,266857,3,6,6,07,14,2,0,0,1,0,1,0,0,0
"POINT (10.865074541000070 48.396536921000063)",Unfall 266858 (2024) Kat:3, Licht: 0,266858,3,1,8,07,17,2,1,0,1,0,0,0,0,0
"POINT (10.839683530000059 48.383829725000055)",Unfall 266908 (2024) Kat:3, Licht: 0,266908,3,7,6,07,13,2,0,0,1,0,1,0,0,0
"POINT (10.851407312000049 48.305930435000050)",Unfall 266993 (2024) Kat:3, Licht: 0,266993,3,1,0,07,15,5,0,0,1,0,0,0,0,0
"POINT (10.937855440000021 48.355777711000030)",Unfall 267019 (2024) Kat:3, Licht: 2,267019,3,1,0,07,21,7,0,2,1,0,0,0,0,0
"POINT (10.848200833000021 48.374772585000073)",Unfall 267038 (2024) Kat:3, Licht: 0,267038,3,1,0,07,17,1,0,0,1,0,0,0,0,0
"POINT (10.900675017000026 48.359390284000028)",Unfall 267094 (2024) Kat:3, Licht: 0,267094,3,1,9,07,14,6,0,0,1,0,0,0,0,0
"POINT (10.858137136000039 48.360786523000058)",Unfall 267128 (2024) Kat:3, Licht: 0,267128,3,7,0,07,18,2,0,0,1,0,0,0,0,0
"POINT (10.919501389000061 48.396583107000026)",Unfall 267189 (2024) Kat:3, Licht: 0,267189,3,1,8,08,16,2,0,0,1,0,0,0,0,0
"POINT (10.919580120000035 48.396536491000063)",Unfall 267190 (2024) Kat:3, Licht: 0,267190,3,1,9,08,16,2,0,0,1,0,0,0,0,0
"POINT (10.825687347000041 48.335485727000048)",Unfall 267287 (2024) Kat:3, Licht: 0,267287,3,1,0,08,08,5,0,0,1,0,0,0,0,0
"POINT (10.879738919000033 48.376734899000041)",Unfall 267387 (2024) Kat:2, Licht: 0,267387,2,1,8,08,11,6,0,0,1,0,0,0,0,0
"POINT (10.923738844000070 48.338601206000078)",Unfall 267414 (2024) Kat:3, Licht: 0,267414,3,5,1,09,15,1,0,0,1,0,0,0,0,0
"POINT (10.929355949000069 48.369193883000037)",Unfall 267415 (2024) Kat:3, Licht: 0,267415,3,1,0,09,14,1,0,0,1,0,0,0,0,0
"POINT (10.932686922000073 48.352150960000074)",Unfall 267429 (2024) Kat:3, Licht: 0,267429,3,3,5,09,18,3,0,0,1,0,0,0,0,0
"POINT (10.899066440000070 48.389781005000032)",Unfall 267430 (2024) Kat:2, Licht: 0,267430,2,3,5,09,07,3,0,0,1,0,0,0,0,0
"POINT (10.911142878000021 48.346758427000054)",Unfall 267466 (2024) Kat:3, Licht: 0,267466,3,7,0,09,15,6,0,0,1,0,0,0,0,0
"POINT (10.831349125000031 48.335634678000076)",Unfall 267467 (2024) Kat:3, Licht: 0,267467,3,7,6,09,10,6,0,0,1,0,1,0,0,0
"POINT (10.888676682000039 48.305010538000033)",Unfall 267550 (2024) Kat:2, Licht: 1,267550,2,1,0,09,18,2,1,1,1,0,0,0,0,0
"POINT (10.877322861000039 48.388149035000026)",Unfall 267602 (2024) Kat:3, Licht: 0,267602,3,1,4,10,07,6,1,0,1,0,0,0,0,0
"POINT (10.914156607000052 48.376536155000053)",Unfall 267610 (2024) Kat:3, Licht: 0,267610,3,3,4,10,16,2,0,0,1,0,0,0,0,0
"POINT (10.821645304000072 48.310513077000053)",Unfall 267656 (2024) Kat:3, Licht: 0,267656,3,1,4,11,15,6,0,0,1,0,0,0,0,0
"POINT (10.905277183000067 48.361321053000040)",Unfall 267665 (2024) Kat:3, Licht: 2,267665,3,1,0,11,00,3,0,2,1,0,0,0,0,0
"POINT (10.886042450000048 48.344216167000070)",Unfall 267685 (2024) Kat:3, Licht: 2,267685,3,3,5,11,17,2,1,2,1,1,0,0,0,0
"POINT (10.927508855000042 48.327924240000073)",Unfall 267686 (2024) Kat:2, Licht: 2,267686,2,1,0,11,16,3,1,2,1,0,0,0,0,0